<?xml version="1.0" encoding="utf-8"?>
<COLLADA xmlns="http://www.collada.org/2005/11/COLLADASchema" version="1.4.1">
  <asset>
    <contributor>
      <author/>
      <authoring_tool>FBX COLLADA exporter</authoring_tool>
      <comments/>
    </contributor>
    <created>2023-08-02T21:57:24Z</created>
    <keywords/>
    <modified>2023-08-02T21:57:24Z</modified>
    <revision/>
    <subject/>
    <title/>
    <unit meter="0.010000" name="centimeter"/>
    <up_axis>Z_UP</up_axis>
  </asset>
  <library_materials>
    <material id="FBXASC0482FBXASC032-FBXASC032Default" name="FBXASC0482FBXASC032-FBXASC032Default">
      <instance_effect url="#FBXASC0482FBXASC032-FBXASC032Default-fx"/>
    </material>
  </library_materials>
  <library_effects>
    <effect id="FBXASC0482FBXASC032-FBXASC032Default-fx" name="FBXASC0482FBXASC032-FBXASC032Default">
      <profile_COMMON>
        <technique sid="standard">
          <phong>
            <emission>
              <color sid="emission">0.000000  0.000000 0.000000 1.000000</color>
            </emission>
            <ambient>
              <color sid="ambient">0.500000  0.500000 0.500000 1.000000</color>
            </ambient>
            <diffuse>
              <color sid="diffuse">0.500000  0.500000 0.500000 1.000000</color>
            </diffuse>
            <specular>
              <color sid="specular">2.000000  2.000000 2.000000 1.000000</color>
            </specular>
            <shininess>
              <float sid="shininess">1024.000000</float>
            </shininess>
            <transparency>
              <float sid="transparency">0.000000</float>
            </transparency>
          </phong>
        </technique>
      </profile_COMMON>
    </effect>
  </library_effects>
  <library_geometries>
    <geometry id="Wood-lib" name="WoodMesh">
      <mesh>
        <source id="Wood-POSITION">
          <float_array id="Wood-POSITION-array" count="432">49.9279 -116.7984 71 50 -116.8128 71.0721 49.9783 -116.8084 71.0211 49.2984 -117.42791 71 49.3128 -117.50001 71.0721 49.3085 -117.47829 71.0211 49.7435 -117.2435 71 49.7987 -117.2987 71.0721 49.7809 -117.2809 71.0211 49.2984 -117.42791 74 49.3128 -117.50001 73.9279 49.3085 -117.47829 73.9789 49.9279 -116.7984 74 50 -116.8128 73.9279 49.9783 -116.8084 73.9789 49.7435 -117.2435 74 49.7987 -117.2987 73.9279 49.7809 -117.2809 73.9789 49.2984 117.42791 71 49.3128 117.50001 71.0721 49.3085 117.47829 71.0211 49.9279 116.7984 71 50 116.8128 71.0721 49.9783 116.8084 71.0211 49.7435 117.2435 71 49.7987 117.2987 71.0721 49.7809 117.2809 71.0211 49.9279 116.7984 74 50 116.8128 73.9279 49.9783 116.8084 73.9789 49.2984 117.42791 74 49.3128 117.50001 73.9279 49.3085 117.47829 73.9789 49.7435 117.2435 74 49.7987 117.2987 73.9279 49.7809 117.2809 73.9789 0.2934 116.7984 71 0.2213 116.8128 71.0721 0.243 116.8084 71.0211 0.9229 117.42791 71 0.9085 117.50001 71.0721 0.9128 117.47829 71.0211 0.4778 117.2435 71 0.4226 117.2987 71.0721 0.4404 117.2809 71.0211 0.9229 117.42791 74 0.9085 117.50001 73.9279 0.9128 117.47829 73.9789 0.2934 116.7984 74 0.2213 116.8128 73.9279 0.243 116.8084 73.9789 0.4778 117.2435 74 0.4226 117.2987 73.9279 0.4404 117.2809 73.9789 0.9229 -117.42791 71 0.9085 -117.50001 71.0721 0.9128 -117.47829 71.0211 0.2934 -116.7984 71 0.2213 -116.8128 71.0721 0.243 -116.8084 71.0211 0.4778 -117.2435 71 0.4226 -117.2987 71.0721 0.4404 -117.2809 71.0211 0.2934 -116.7984 74 0.2213 -116.8128 73.9279 0.243 -116.8084 73.9789 0.9229 -117.42791 74 0.9085 -117.50001 73.9279 0.9128 -117.47829 73.9789 0.4778 -117.2435 74 0.4226 -117.2987 73.9279 0.4404 -117.2809 73.9789 -49.2984 -117.42791 71 -49.3128 -117.50001 71.0721 -49.3085 -117.47829 71.0211 -49.9279 -116.7984 71 -50 -116.8128 71.0721 -49.9783 -116.8084 71.0211 -49.7435 -117.2435 71 -49.7987 -117.2987 71.0721 -49.7809 -117.2809 71.0211 -49.9279 -116.7984 74 -50 -116.8128 73.9279 -49.9783 -116.8084 73.9789 -49.2984 -117.42791 74 -49.3128 -117.50001 73.9279 -49.3085 -117.47829 73.9789 -49.7435 -117.2435 74 -49.7987 -117.2987 73.9279 -49.7809 -117.2809 73.9789 -49.9279 116.7984 71 -50 116.8128 71.0721 -49.9783 116.8084 71.0211 -49.2984 117.42791 71 -49.3128 117.50001 71.0721 -49.3085 117.47829 71.0211 -49.7435 117.2435 71 -49.7987 117.2987 71.0721 -49.7809 117.2809 71.0211 -49.2984 117.42791 74 -49.3128 117.50001 73.9279 -49.3085 117.47829 73.9789 -49.9279 116.7984 74 -50 116.8128 73.9279 -49.9783 116.8084 73.9789 -49.7435 117.2435 74 -49.7987 117.2987 73.9279 -49.7809 117.2809 73.9789 -0.9229 117.42791 71 -0.9085 117.50001 71.0721 -0.9128 117.47829 71.0211 -0.2934 116.7984 71 -0.2213 116.8128 71.0721 -0.243 116.8084 71.0211 -0.4778 117.2435 71 -0.4226 117.2987 71.0721 -0.4404 117.2809 71.0211 -0.2934 116.7984 74 -0.2213 116.8128 73.9279 -0.243 116.8084 73.9789 -0.9229 117.42791 74 -0.9085 117.50001 73.9279 -0.9128 117.47829 73.9789 -0.4778 117.2435 74 -0.4226 117.2987 73.9279 -0.4404 117.2809 73.9789 -0.2934 -116.7984 71 -0.2213 -116.8128 71.0721 -0.243 -116.8084 71.0211 -0.9229 -117.42791 71 -0.9085 -117.50001 71.0721 -0.9128 -117.47829 71.0211 -0.4778 -117.2435 71 -0.4226 -117.2987 71.0721 -0.4404 -117.2809 71.0211 -0.9229 -117.42791 74 -0.9085 -117.50001 73.9279 -0.9128 -117.47829 73.9789 -0.2934 -116.7984 74 -0.2213 -116.8128 73.9279 -0.243 -116.8084 73.9789 -0.4778 -117.2435 74 -0.4226 -117.2987 73.9279 -0.4404 -117.2809 73.9789</float_array>
          <technique_common>
            <accessor source="#Wood-POSITION-array" count="144" stride="3">
              <param name="X" type="float"/>
              <param name="Y" type="float"/>
              <param name="Z" type="float"/>
            </accessor>
          </technique_common>
        </source>
        <source id="Wood-Normal0">
          <float_array id="Wood-Normal0-array" count="2520">0.92385 0.38275 0 0.92385 0.38275 0 0.92385 0.38275 0 0.92385 0.38275 0 0.92385 0.38275 0 0.92385 0.38275 0 0 0 1 0 0 1 0 0 1 0 0 1 0 0 1 0 0 1 0 0 1 0 0 1 0 0 1 0 0 1 0 0 1 0 0 1 0 0 1 0 0 1 0 0 1 0 0 1 0 0 1 0 0 1 0 0 1 0 0 1 0 0 1 0 0 1 0 0 1 0 0 1 0 0 1 0 0 1 0 0 1 0 0 1 0 0 1 0 0 1 0.92385 -0.38275 0 0.92385 -0.38275 0 0.92385 -0.38275 0 0.92385 -0.38275 0 0.92385 -0.38275 0 0.92385 -0.38275 0 -0.92385 0.38274 0 -0.92385 0.38274 0 -0.92385 0.38274 0 -0.92385 0.38274 0 -0.92385 0.38274 0 -0.92385 0.38274 0 0 0 -1 0 0 -1 0 0 -1 0 0 -1 0 0 -1 0 0 -1 0 0 -1 0 0 -1 0 0 -1 0 0 -1 0 0 -1 0 0 -1 0 0 -1 0 0 -1 0 0 -1 0 0 -1 0 0 -1 0 0 -1 0 0 -1 0 0 -1 0 0 -1 0 0 -1 0 0 -1 0 0 -1 0 0 -1 0 0 -1 0 0 -1 0 0 -1 0 0 -1 0 0 -1 1 0 0 1 0 0 1 0 0 1 0 0 1 0 0 1 0 0 -0.92385 -0.38274 0 -0.92385 -0.38274 0 -0.92385 -0.38274 0 -0.92385 -0.38274 0 -0.92385 -0.38274 0 -0.92385 -0.38274 0 -1 0 0 -1 0 0 -1 0 0 -1 0 0 -1 0 0 -1 0 0 0.35687 0.14785 0.92238 0.35687 0.14785 0.92238 0.35687 0.14785 0.92238 0.36544 0.15268 0.91823 0.36544 0.15268 0.91823 0.36544 0.15268 0.91823 0.84891 0.35466 0.39188 0.84891 0.35466 0.39188 0.84891 0.35466 0.39188 0.84057 0.34824 0.41494 0.84057 0.34824 0.41494 0.84057 0.34824 0.41494 0.36628 0.15174 -0.91805 0.36628 0.15174 -0.91805 0.36628 0.15174 -0.91805 0.35661 0.14898 -0.9223 0.35661 0.14898 -0.9223 0.35661 0.14898 -0.9223 0.83935 0.35066 -0.41536 0.83935 0.35066 -0.41536 0.83935 0.35066 -0.41536 0.84988 0.3521 -0.39208 0.84988 0.3521 -0.39208 0.84988 0.3521 -0.39208 0.1478 0.35672 -0.92244 0.1478 0.35672 -0.92244 0.1478 0.35672 -0.92244 0.1527 0.36542 -0.91823 0.1527 0.36542 -0.91823 0.1527 0.36542 -0.91823 0.35479 0.84906 -0.39143 0.35479 0.84906 -0.39143 0.35479 0.84906 -0.39143 0.34825 0.84056 -0.41495 0.34825 0.84056 -0.41495 0.34825 0.84056 -0.41495 0.15175 -0.36627 -0.91805 0.15175 -0.36627 -0.91805 0.15175 -0.36627 -0.91805 0.14895 -0.35646 -0.92236 0.14895 -0.35646 -0.92236 0.14895 -0.35646 -0.92236 0.35072 -0.83932 -0.41537 0.35072 -0.83932 -0.41537 0.35072 -0.83932 -0.41537 0.35218 -0.85005 -0.39164 0.35218 -0.85005 -0.39164 0.35218 -0.85005 -0.39164 0.36628 -0.15174 0.91805 0.36628 -0.15174 0.91805 0.36628 -0.15174 0.91805 0.35661 -0.14898 0.9223 0.35661 -0.14898 0.9223 0.35661 -0.14898 0.9223 0.83935 -0.35066 0.41536 0.83935 -0.35066 0.41536 0.83935 -0.35066 0.41536 0.84988 -0.3521 0.39208 0.84988 -0.3521 0.39208 0.84988 -0.3521 0.39208 0.35687 -0.14785 -0.92238 0.35687 -0.14785 -0.92238 0.35687 -0.14785 -0.92238 0.36544 -0.15268 -0.91823 0.36544 -0.15268 -0.91823 0.36544 -0.15268 -0.91823 0.84891 -0.35466 -0.39188 0.84891 -0.35466 -0.39188 0.84891 -0.35466 -0.39188 0.84057 -0.34824 -0.41494 0.84057 -0.34824 -0.41494 0.84057 -0.34824 -0.41494 -0.1478 -0.35673 -0.92244 -0.1478 -0.35673 -0.92244 -0.1478 -0.35673 -0.92244 -0.15269 -0.36542 -0.91823 -0.15269 -0.36542 -0.91823 -0.15269 -0.36542 -0.91823 -0.35479 -0.84906 -0.39144 -0.35479 -0.84906 -0.39144 -0.35479 -0.84906 -0.39144 -0.34825 -0.84056 -0.41495 -0.34825 -0.84056 -0.41495 -0.34825 -0.84056 -0.41495 -0.36627 -0.15174 -0.91805 -0.36627 -0.15174 -0.91805 -0.36627 -0.15174 -0.91805 -0.35661 -0.14898 -0.9223 -0.35661 -0.14898 -0.9223 -0.35661 -0.14898 -0.9223 -0.83935 -0.35066 -0.41537 -0.83935 -0.35066 -0.41537 -0.83935 -0.35066 -0.41537 -0.84989 -0.3521 -0.39205 -0.84989 -0.3521 -0.39205 -0.84989 -0.3521 -0.39205 -0.35687 -0.14785 0.92238 -0.35687 -0.14785 0.92238 -0.35687 -0.14785 0.92238 -0.36544 -0.15267 0.91823 -0.36544 -0.15267 0.91823 -0.36544 -0.15267 0.91823 -0.84892 -0.35466 0.39186 -0.84892 -0.35466 0.39186 -0.84892 -0.35466 0.39186 -0.84056 -0.34824 0.41495 -0.84056 -0.34824 0.41495 -0.84056 -0.34824 0.41495 -0.15175 0.36627 -0.91805 -0.15175 0.36627 -0.91805 -0.15175 0.36627 -0.91805 -0.14895 0.35646 -0.92236 -0.14895 0.35646 -0.92236 -0.14895 0.35646 -0.92236 -0.35072 0.83932 -0.41538 -0.35072 0.83932 -0.41538 -0.35072 0.83932 -0.41538 -0.35218 0.85005 -0.39164 -0.35218 0.85005 -0.39164 -0.35218 0.85005 -0.39164 -0.36627 0.15174 0.91805 -0.36627 0.15174 0.91805 -0.36627 0.15174 0.91805 -0.35661 0.14898 0.9223 -0.35661 0.14898 0.9223 -0.35661 0.14898 0.9223 -0.83935 0.35066 0.41537 -0.83935 0.35066 0.41537 -0.83935 0.35066 0.41537 -0.84989 0.3521 0.39205 -0.84989 0.3521 0.39205 -0.84989 0.3521 0.39205 -0.35687 0.14785 -0.92238 -0.35687 0.14785 -0.92238 -0.35687 0.14785 -0.92238 -0.36544 0.15267 -0.91823 -0.36544 0.15267 -0.91823 -0.36544 0.15267 -0.91823 -0.84892 0.35466 -0.39186 -0.84892 0.35466 -0.39186 -0.84892 0.35466 -0.39186 -0.84056 0.34824 -0.41495 -0.84056 0.34824 -0.41495 -0.84056 0.34824 -0.41495 -0.92015 0 -0.39156 -0.92015 0 -0.39156 -0.92015 0 -0.39156 -0.92015 0 -0.39156 -0.92015 0 -0.39156 -0.92015 0 -0.39156 -0.38622 0 -0.92241 -0.38622 0 -0.92241 -0.38622 0 -0.92241 -0.38622 0 -0.92241 -0.38622 0 -0.92241 -0.38622 0 -0.92241 0 0.92007 -0.39176 0 0.92007 -0.39176 0 0.92007 -0.39176 0 0.92007 -0.39176 0 0.92007 -0.39176 0 0.92007 -0.39176 0 0.38632 -0.92236 0 0.38632 -0.92236 0 0.38632 -0.92236 0 0.38632 -0.92236 0 0.38632 -0.92236 0 0.38632 -0.92236 0.92014 0 -0.39158 0.92014 0 -0.39158 0.92014 0 -0.39158 0.92014 0 -0.39158 0.92014 0 -0.39158 0.92014 0 -0.39158 0.38622 0 -0.92241 0.38622 0 -0.92241 0.38622 0 -0.92241 0.38622 0 -0.92241 0.38622 0 -0.92241 0.38622 0 -0.92241 0 -0.92007 -0.39176 0 -0.92007 -0.39176 0 -0.92007 -0.39176 0 -0.92007 -0.39176 0 -0.92007 -0.39176 0 -0.92007 -0.39176 0 -0.38632 -0.92236 0 -0.38632 -0.92236 0 -0.38632 -0.92236 0 -0.38632 -0.92236 0 -0.38632 -0.92236 0 -0.38632 -0.92236 0.38622 0 0.92241 0.38622 0 0.92241 0.38622 0 0.92241 0.38622 0 0.92241 0.38622 0 0.92241 0.38622 0 0.92241 0.92014 0 0.39158 0.92014 0 0.39158 0.92014 0 0.39158 0.92014 0 0.39158 0.92014 0 0.39158 0.92014 0 0.39158 -0.92015 0 0.39156 -0.92015 0 0.39156 -0.92015 0 0.39156 -0.92015 0 0.39156 -0.92015 0 0.39156 -0.92015 0 0.39156 -0.38622 0 0.92241 -0.38622 0 0.92241 -0.38622 0 0.92241 -0.38622 0 0.92241 -0.38622 0 0.92241 -0.38622 0 0.92241 -0.92385 -0.38275 0 -0.92385 -0.38275 0 -0.92385 -0.38275 0 -0.92385 -0.38275 0 -0.92385 -0.38275 0 -0.92385 -0.38275 0 0 0 1 0 0 1 0 0 1 0 0 1 0 0 1 0 0 1 0 0 1 0 0 1 0 0 1 0 0 1 0 0 1 0 0 1 0 0 1 0 0 1 0 0 1 0 0 1 0 0 1 0 0 1 0 0 1 0 0 1 0 0 1 0 0 1 0 0 1 0 0 1 0 0 1 0 0 1 0 0 1 0 0 1 0 0 1 0 0 1 -0.92385 0.38275 0 -0.92385 0.38275 0 -0.92385 0.38275 0 -0.92385 0.38275 0 -0.92385 0.38275 0 -0.92385 0.38275 0 -1 0 0 -1 0 0 -1 0 0 -1 0 0 -1 0 0 -1 0 0 0.92385 -0.38274 0 0.92385 -0.38274 0 0.92385 -0.38274 0 0.92385 -0.38274 0 0.92385 -0.38274 0 0.92385 -0.38274 0 0.92385 0.38274 0 0.92385 0.38274 0 0.92385 0.38274 0 0.92385 0.38274 0 0.92385 0.38274 0 0.92385 0.38274 0 1 0 0 1 0 0 1 0 0 1 0 0 1 0 0 1 0 0 -0.36628 -0.15174 -0.91805 -0.36628 -0.15174 -0.91805 -0.36628 -0.15174 -0.91805 -0.35661 -0.14898 -0.9223 -0.35661 -0.14898 -0.9223 -0.35661 -0.14898 -0.9223 -0.83935 -0.35066 -0.41536 -0.83935 -0.35066 -0.41536 -0.83935 -0.35066 -0.41536 -0.84988 -0.3521 -0.39208 -0.84988 -0.3521 -0.39208 -0.84988 -0.3521 -0.39208 -0.35687 -0.14785 0.92238 -0.35687 -0.14785 0.92238 -0.35687 -0.14785 0.92238 -0.36544 -0.15268 0.91823 -0.36544 -0.15268 0.91823 -0.36544 -0.15268 0.91823 -0.84891 -0.35466 0.39188 -0.84891 -0.35466 0.39188 -0.84891 -0.35466 0.39188 -0.84057 -0.34824 0.41494 -0.84057 -0.34824 0.41494 -0.84057 -0.34824 0.41494 -0.36628 0.15174 0.91805 -0.36628 0.15174 0.91805 -0.36628 0.15174 0.91805 -0.35661 0.14898 0.9223 -0.35661 0.14898 0.9223 -0.35661 0.14898 0.9223 -0.83935 0.35066 0.41536 -0.83935 0.35066 0.41536 -0.83935 0.35066 0.41536 -0.84988 0.3521 0.39208 -0.84988 0.3521 0.39208 -0.84988 0.3521 0.39208 -0.35687 0.14785 -0.92238 -0.35687 0.14785 -0.92238 -0.35687 0.14785 -0.92238 -0.36544 0.15268 -0.91823 -0.36544 0.15268 -0.91823 -0.36544 0.15268 -0.91823 -0.84891 0.35466 -0.39188 -0.84891 0.35466 -0.39188 -0.84891 0.35466 -0.39188 -0.84057 0.34824 -0.41494 -0.84057 0.34824 -0.41494 -0.84057 0.34824 -0.41494 0.36627 -0.15174 0.91805 0.36627 -0.15174 0.91805 0.36627 -0.15174 0.91805 0.35661 -0.14898 0.9223 0.35661 -0.14898 0.9223 0.35661 -0.14898 0.9223 0.83935 -0.35066 0.41537 0.83935 -0.35066 0.41537 0.83935 -0.35066 0.41537 0.84989 -0.3521 0.39205 0.84989 -0.3521 0.39205 0.84989 -0.3521 0.39205 0.35687 -0.14785 -0.92238 0.35687 -0.14785 -0.92238 0.35687 -0.14785 -0.92238 0.36544 -0.15267 -0.91823 0.36544 -0.15267 -0.91823 0.36544 -0.15267 -0.91823 0.84892 -0.35466 -0.39186 0.84892 -0.35466 -0.39186 0.84892 -0.35466 -0.39186 0.84056 -0.34824 -0.41495 0.84056 -0.34824 -0.41495 0.84056 -0.34824 -0.41495 0.36627 0.15174 -0.91805 0.36627 0.15174 -0.91805 0.36627 0.15174 -0.91805 0.35661 0.14898 -0.9223 0.35661 0.14898 -0.9223 0.35661 0.14898 -0.9223 0.83935 0.35066 -0.41537 0.83935 0.35066 -0.41537 0.83935 0.35066 -0.41537 0.84989 0.3521 -0.39205 0.84989 0.3521 -0.39205 0.84989 0.3521 -0.39205 0.35687 0.14785 0.92238 0.35687 0.14785 0.92238 0.35687 0.14785 0.92238 0.36544 0.15267 0.91823 0.36544 0.15267 0.91823 0.36544 0.15267 0.91823 0.84892 0.35466 0.39186 0.84892 0.35466 0.39186 0.84892 0.35466 0.39186 0.84056 0.34824 0.41495 0.84056 0.34824 0.41495 0.84056 0.34824 0.41495 -0.92014 0 -0.39158 -0.92014 0 -0.39158 -0.92014 0 -0.39158 -0.92014 0 -0.39158 -0.92014 0 -0.39158 -0.92014 0 -0.39158 -0.38622 0 -0.92241 -0.38622 0 -0.92241 -0.38622 0 -0.92241 -0.38622 0 -0.92241 -0.38622 0 -0.92241 -0.38622 0 -0.92241 0.92015 0 -0.39156 0.92015 0 -0.39156 0.92015 0 -0.39156 0.92015 0 -0.39156 0.92015 0 -0.39156 0.92015 0 -0.39156 0.38622 0 -0.92241 0.38622 0 -0.92241 0.38622 0 -0.92241 0.38622 0 -0.92241 0.38622 0 -0.92241 0.38622 0 -0.92241 -0.38622 0 0.92241 -0.38622 0 0.92241 -0.38622 0 0.92241 -0.38622 0 0.92241 -0.38622 0 0.92241 -0.38622 0 0.92241 -0.92014 0 0.39158 -0.92014 0 0.39158 -0.92014 0 0.39158 -0.92014 0 0.39158 -0.92014 0 0.39158 -0.92014 0 0.39158 0.92015 0 0.39156 0.92015 0 0.39156 0.92015 0 0.39156 0.92015 0 0.39156 0.92015 0 0.39156 0.92015 0 0.39156 0.38622 0 0.92241 0.38622 0 0.92241 0.38622 0 0.92241 0.38622 0 0.92241 0.38622 0 0.92241 0.38622 0 0.92241 0 0 -1 0 0 -1 0 0 -1 0 0 -1 0 0 -1 0 0 -1 0 0 -1 0 0 -1 0 0 -1 0 0 -1 0 0 -1 0 0 -1 0 0 -1 0 0 -1 0 0 -1 0 0 -1 0 0 -1 0 0 -1 0 0 -1 0 0 -1 0 0 -1 0 0 -1 0 0 -1 0 0 -1 0 0 -1 0 0 -1 0 0 -1 0 0 -1 0 0 -1 0 0 -1 0.38276 0.92385 0 0.38276 0.92385 0 0.38276 0.92385 0 0.38276 0.92385 0 0.38276 0.92385 0 0.38276 0.92385 0 -0.38275 0.92385 0 -0.38275 0.92385 0 -0.38275 0.92385 0 -0.38275 0.92385 0 -0.38275 0.92385 0 -0.38275 0.92385 0 0.38276 -0.92385 0 0.38276 -0.92385 0 0.38276 -0.92385 0 0.38276 -0.92385 0 0.38276 -0.92385 0 0.38276 -0.92385 0 0 1 0 0 1 0 0 1 0 0 1 0 0 1 0 0 1 0 0 -1 0 0 -1 0 0 -1 0 0 -1 0 0 -1 0 0 -1 0 -0.38275 -0.92385 0 -0.38275 -0.92385 0 -0.38275 -0.92385 0 -0.38275 -0.92385 0 -0.38275 -0.92385 0 -0.38275 -0.92385 0 0.15175 0.36627 0.91805 0.15175 0.36627 0.91805 0.15175 0.36627 0.91805 0.14895 0.35646 0.92236 0.14895 0.35646 0.92236 0.14895 0.35646 0.92236 0.35072 0.83932 0.41537 0.35072 0.83932 0.41537 0.35072 0.83932 0.41537 0.35218 0.85005 0.39164 0.35218 0.85005 0.39164 0.35218 0.85005 0.39164 0.1478 -0.35672 0.92244 0.1478 -0.35672 0.92244 0.1478 -0.35672 0.92244 0.1527 -0.36542 0.91823 0.1527 -0.36542 0.91823 0.1527 -0.36542 0.91823 0.35479 -0.84906 0.39143 0.35479 -0.84906 0.39143 0.35479 -0.84906 0.39143 0.34825 -0.84056 0.41495 0.34825 -0.84056 0.41495 0.34825 -0.84056 0.41495 -0.15175 -0.36627 0.91805 -0.15175 -0.36627 0.91805 -0.15175 -0.36627 0.91805 -0.14895 -0.35646 0.92236 -0.14895 -0.35646 0.92236 -0.14895 -0.35646 0.92236 -0.35072 -0.83932 0.41538 -0.35072 -0.83932 0.41538 -0.35072 -0.83932 0.41538 -0.35218 -0.85005 0.39164 -0.35218 -0.85005 0.39164 -0.35218 -0.85005 0.39164 -0.1478 0.35673 0.92244 -0.1478 0.35673 0.92244 -0.1478 0.35673 0.92244 -0.15269 0.36542 0.91823 -0.15269 0.36542 0.91823 -0.15269 0.36542 0.91823 -0.35479 0.84906 0.39144 -0.35479 0.84906 0.39144 -0.35479 0.84906 0.39144 -0.34825 0.84056 0.41495 -0.34825 0.84056 0.41495 -0.34825 0.84056 0.41495 0 -0.38632 0.92236 0 -0.38632 0.92236 0 -0.38632 0.92236 0 -0.38632 0.92236 0 -0.38632 0.92236 0 -0.38632 0.92236 0 -0.92007 0.39176 0 -0.92007 0.39176 0 -0.92007 0.39176 0 -0.92007 0.39176 0 -0.92007 0.39176 0 -0.92007 0.39176 0 0.92007 0.39176 0 0.92007 0.39176 0 0.92007 0.39176 0 0.92007 0.39176 0 0.92007 0.39176 0 0.92007 0.39176 0 0.38632 0.92236 0 0.38632 0.92236 0 0.38632 0.92236 0 0.38632 0.92236 0 0.38632 0.92236 0 0.38632 0.92236 0 -1 0 0 -1 0 0 -1 0 0 -1 0 0 -1 0 0 -1 0 0 1 0 0 1 0 0 1 0 0 1 0 0 1 0 0 1 0 -0.38276 0.92385 0 -0.38276 0.92385 0 -0.38276 0.92385 0 -0.38276 0.92385 0 -0.38276 0.92385 0 -0.38276 0.92385 0 0.38275 0.92385 0 0.38275 0.92385 0 0.38275 0.92385 0 0.38275 0.92385 0 0.38275 0.92385 0 0.38275 0.92385 0 0.38275 -0.92385 0 0.38275 -0.92385 0 0.38275 -0.92385 0 0.38275 -0.92385 0 0.38275 -0.92385 0 0.38275 -0.92385 0 -0.38276 -0.92385 0 -0.38276 -0.92385 0 -0.38276 -0.92385 0 -0.38276 -0.92385 0 -0.38276 -0.92385 0 -0.38276 -0.92385 0 -0.1478 -0.35672 -0.92244 -0.1478 -0.35672 -0.92244 -0.1478 -0.35672 -0.92244 -0.1527 -0.36542 -0.91823 -0.1527 -0.36542 -0.91823 -0.1527 -0.36542 -0.91823 -0.35479 -0.84906 -0.39143 -0.35479 -0.84906 -0.39143 -0.35479 -0.84906 -0.39143 -0.34825 -0.84056 -0.41495 -0.34825 -0.84056 -0.41495 -0.34825 -0.84056 -0.41495 -0.15175 -0.36627 0.91805 -0.15175 -0.36627 0.91805 -0.15175 -0.36627 0.91805 -0.14895 -0.35646 0.92236 -0.14895 -0.35646 0.92236 -0.14895 -0.35646 0.92236 -0.35072 -0.83932 0.41537 -0.35072 -0.83932 0.41537 -0.35072 -0.83932 0.41537 -0.35218 -0.85005 0.39164 -0.35218 -0.85005 0.39164 -0.35218 -0.85005 0.39164 -0.1478 0.35672 0.92244 -0.1478 0.35672 0.92244 -0.1478 0.35672 0.92244 -0.1527 0.36542 0.91823 -0.1527 0.36542 0.91823 -0.1527 0.36542 0.91823 -0.35479 0.84906 0.39143 -0.35479 0.84906 0.39143 -0.35479 0.84906 0.39143 -0.34825 0.84056 0.41495 -0.34825 0.84056 0.41495 -0.34825 0.84056 0.41495 -0.15175 0.36627 -0.91805 -0.15175 0.36627 -0.91805 -0.15175 0.36627 -0.91805 -0.14895 0.35646 -0.92236 -0.14895 0.35646 -0.92236 -0.14895 0.35646 -0.92236 -0.35072 0.83932 -0.41537 -0.35072 0.83932 -0.41537 -0.35072 0.83932 -0.41537 -0.35218 0.85005 -0.39164 -0.35218 0.85005 -0.39164 -0.35218 0.85005 -0.39164 0.1478 -0.35673 0.92244 0.1478 -0.35673 0.92244 0.1478 -0.35673 0.92244 0.15269 -0.36542 0.91823 0.15269 -0.36542 0.91823 0.15269 -0.36542 0.91823 0.35479 -0.84906 0.39144 0.35479 -0.84906 0.39144 0.35479 -0.84906 0.39144 0.34825 -0.84056 0.41495 0.34825 -0.84056 0.41495 0.34825 -0.84056 0.41495 0.15175 -0.36627 -0.91805 0.15175 -0.36627 -0.91805 0.15175 -0.36627 -0.91805 0.14895 -0.35646 -0.92236 0.14895 -0.35646 -0.92236 0.14895 -0.35646 -0.92236 0.35072 -0.83932 -0.41538 0.35072 -0.83932 -0.41538 0.35072 -0.83932 -0.41538 0.35218 -0.85005 -0.39164 0.35218 -0.85005 -0.39164 0.35218 -0.85005 -0.39164 0.1478 0.35673 -0.92244 0.1478 0.35673 -0.92244 0.1478 0.35673 -0.92244 0.15269 0.36542 -0.91823 0.15269 0.36542 -0.91823 0.15269 0.36542 -0.91823 0.35479 0.84906 -0.39144 0.35479 0.84906 -0.39144 0.35479 0.84906 -0.39144 0.34825 0.84056 -0.41495 0.34825 0.84056 -0.41495 0.34825 0.84056 -0.41495 0.15175 0.36627 0.91805 0.15175 0.36627 0.91805 0.15175 0.36627 0.91805 0.14895 0.35646 0.92236 0.14895 0.35646 0.92236 0.14895 0.35646 0.92236 0.35072 0.83932 0.41538 0.35072 0.83932 0.41538 0.35072 0.83932 0.41538 0.35218 0.85005 0.39164 0.35218 0.85005 0.39164 0.35218 0.85005 0.39164 0 0.92007 -0.39176 0 0.92007 -0.39176 0 0.92007 -0.39176 0 0.92007 -0.39176 0 0.92007 -0.39176 0 0.92007 -0.39176 0 0.38632 -0.92236 0 0.38632 -0.92236 0 0.38632 -0.92236 0 0.38632 -0.92236 0 0.38632 -0.92236 0 0.38632 -0.92236 0 -0.92007 -0.39176 0 -0.92007 -0.39176 0 -0.92007 -0.39176 0 -0.92007 -0.39176 0 -0.92007 -0.39176 0 -0.92007 -0.39176 0 -0.38632 -0.92236 0 -0.38632 -0.92236 0 -0.38632 -0.92236 0 -0.38632 -0.92236 0 -0.38632 -0.92236 0 -0.38632 -0.92236 0 -0.38632 0.92236 0 -0.38632 0.92236 0 -0.38632 0.92236 0 -0.38632 0.92236 0 -0.38632 0.92236 0 -0.38632 0.92236 0 -0.92007 0.39176 0 -0.92007 0.39176 0 -0.92007 0.39176 0 -0.92007 0.39176 0 -0.92007 0.39176 0 -0.92007 0.39176 0 0.92007 0.39176 0 0.92007 0.39176 0 0.92007 0.39176 0 0.92007 0.39176 0 0.92007 0.39176 0 0.92007 0.39176 0 0.38632 0.92236 0 0.38632 0.92236 0 0.38632 0.92236 0 0.38632 0.92236 0 0.38632 0.92236 0 0.38632 0.92236</float_array>
          <technique_common>
            <accessor source="#Wood-Normal0-array" count="840" stride="3">
              <param name="X" type="float"/>
              <param name="Y" type="float"/>
              <param name="Z" type="float"/>
            </accessor>
          </technique_common>
        </source>
        <source id="Wood-UV0">
          <float_array id="Wood-UV0-array" count="528">1.46612 0.70527 1.46611 0.67303 1.47171 0.67302 1.47178 0.7053 1.46602 0.59751 1.47075 0.5996 1.47271 0.60462 1.47241 1.15056 1.47045 1.15558 1.46572 1.15766 -1.01676 1.15613 -1.02163 1.15457 -1.02358 1.1492 -1.02329 0.6029 -1.02134 0.59752 -1.01645 0.59598 -1.02203 0.70672 -1.02205 0.67375 -1.01647 0.67414 -1.01645 0.70633 1.47145 1.23725 1.47138 1.26953 1.46578 1.26952 1.4658 1.23728 1.46567 -0.00176 1.47041 0.00031 1.47236 0.00534 1.47253 0.55121 1.47064 0.55624 1.46581 0.55834 -1.01645 0.55903 -1.02134 0.55749 -1.02328 0.55211 -1.02332 0.00607 -1.02142 0.00103 -1.01659 -0.00106 -1.02253 1.26683 -1.02231 1.23424 -1.01678 1.23467 -1.01688 1.26688 1.47155 0.59698 1.46607 0.59655 1.47172 0.59632 1.46611 0.5956 1.47176 0.59564 1.46581 0.56144 1.47064 0.55934 1.47113 0.55981 1.46597 0.5624 1.47153 0.56037 1.46612 0.56336 1.47253 0.55431 1.47311 0.55442 1.47368 0.55454 1.47161 0.56012 -1.02328 0.55521 -1.02134 0.56059 -1.02182 0.56104 -1.02388 0.55533 -1.02238 0.56139 -1.02447 0.55545 -1.02178 0.59657 -1.01647 0.59558 -1.02204 0.59554 -1.01646 0.59516 -1.01645 0.56213 -1.01646 0.56254 -1.02178 0.56155 -1.01646 0.56296 -1.02204 0.56257 -1.02142 0.00413 -1.02332 0.00917 -1.02389 0.00905 -1.02188 0.00369 -1.02447 0.00893 -1.0224 0.00336 -1.01659 0.00204 -1.01675 0.00107 -1.02231 0.0031 -1.01691 0.00012 -1.01678 1.15654 -1.02206 1.15552 -1.01678 1.15696 -1.02231 1.15653 1.47236 0.00844 1.47041 0.00341 1.47086 0.00297 1.47296 0.00832 1.47138 0.00262 1.47352 0.0082 1.47124 1.1582 1.47141 1.15886 1.46576 1.15862 1.47145 1.15954 1.4658 1.15957 1.46567 0.00134 1.46578 0.00073 1.47083 0.00293 1.4659 0.00012 1.47115 0.00238 1.56754 0.59931 1.56789 0.65221 1.55764 0.65085 1.55768 0.60061 -1.04207 1.1775 -1.04876 1.17476 -1.05155 1.1681 -1.05155 0.63463 -1.04877 0.62792 -1.04207 0.62514 1.5575 0.62514 1.56418 0.62788 1.56697 0.63454 1.56697 1.16801 1.5642 1.17472 1.5575 1.1775 -1.05207 0.65223 -1.05243 0.59933 -1.04217 0.60069 -1.04221 0.65093 1.56752 0.84684 1.56796 0.89987 1.55768 0.89851 1.55763 0.84815 -1.05205 0.89991 -1.05249 0.84688 -1.04221 0.84823 -1.04216 0.8986 1.55754 0.57059 1.56669 0.56936 1.56722 0.57034 1.55761 0.57164 1.56754 0.57141 1.55768 0.5727 1.567 0.62643 1.55756 0.62405 1.56756 0.62541 1.55764 0.62294 1.56789 0.6243 -1.05122 0.62638 -1.05174 0.62539 -1.04214 0.62409 -1.05207 0.62433 -1.04221 0.62303 -1.05154 0.5693 -1.04203 0.57059 -1.04209 0.57168 -1.05209 0.57033 -1.04217 0.57279 -1.05243 0.57143 1.56667 1.17626 1.5672 1.17724 1.55756 1.17855 1.56752 1.17831 1.55763 1.17962 1.56707 1.23347 1.55754 1.23219 1.55761 1.23109 1.56762 1.23245 1.55768 1.22998 1.56796 1.23134 -1.04203 1.23219 -1.0512 1.23343 -1.05173 1.23245 -1.04209 1.23114 -1.05205 1.23138 -1.04216 1.23007 -1.0516 1.17622 -1.04214 1.1786 -1.05215 1.17724 -1.04221 1.1797 -1.05249 1.17835 -1.04203 0.59384 -1.04871 0.5911 -1.0515 0.58444 -1.0515 0.05097 -1.04873 0.04427 -1.04203 0.04149 1.55754 0.04149 1.56423 0.04422 1.56702 0.05088 1.56702 0.58436 1.56425 0.59106 1.55754 0.59384 0.38373 1.39862 0.29653 1.39862 0.29653 1.38407 0.38373 1.38407 0.38373 -0.06513 0.29653 -0.06513 0.29653 -0.07968 0.38373 -0.07968 0.38373 1.38407 0.29653 1.38407 0.29653 1.39862 0.38373 1.39862 0.38373 -0.06513 0.29653 -0.06513 0.38373 -0.07968 0.29653 -0.07968 0.38593 1.38365 0.38593 1.39697 0.38528 1.39809 0.38528 1.38394 0.38593 1.39697 0.38593 1.38365 0.38528 1.38394 0.38528 1.39809 0.38593 -0.0647 0.38593 -0.07802 0.38528 -0.07914 0.38528 -0.065 0.38593 -0.07802 0.38593 -0.0647 0.38528 -0.065 0.38528 -0.07914 0.4559 0.04629 0.54013 0.04629 0.54013 1.47395 0.4559 1.47395 0.4559 1.47395 0.54013 1.47395 0.54013 0.04629 0.4559 0.04629 0.4559 1.48829 0.54013 1.48829 0.54013 0.03195 0.4559 0.03195 0.4559 0.03195 0.54013 0.03195 0.54013 1.48829 0.4559 1.48829 0.45377 1.48666 0.45377 1.47353 0.45439 1.47382 0.45439 1.48776 0.54225 1.47353 0.54225 1.48666 0.54163 1.48776 0.54163 1.47382 0.54225 1.48666 0.54225 1.47353 0.54163 1.47382 0.54163 1.48776 0.45377 1.47353 0.45377 1.48666 0.45439 1.48776 0.45439 1.47382 0.54225 0.03358 0.54225 0.04671 0.54163 0.04641 0.54163 0.03248 0.45377 0.04671 0.45377 0.03358 0.45439 0.03248 0.45439 0.04641 0.45377 0.03358 0.45377 0.04671 0.45439 0.04641 0.45439 0.03248 0.54225 0.04671 0.54225 0.03358 0.54163 0.03248 0.54163 0.04641</float_array>
          <technique_common>
            <accessor source="#Wood-UV0-array" count="264" stride="2">
              <param name="S" type="float"/>
              <param name="T" type="float"/>
            </accessor>
          </technique_common>
        </source>
        <vertices id="Wood-VERTEX">
          <input semantic="POSITION" source="#Wood-POSITION"/>
        </vertices>
        <triangles count="280" material="FBXASC0482FBXASC032-FBXASC032Default">
          <input semantic="VERTEX" offset="0" source="#Wood-VERTEX"/>
          <input semantic="NORMAL" offset="1" source="#Wood-Normal0"/>
          <input semantic="TEXCOORD" offset="2" set="0" source="#Wood-UV0"/>
          <p> 34 0 3 28 1 0 22 2 1 22 3 1 25 4 2 34 5 3 69 6 11 66 7 12 9 8 13 15 9 14 12 10 15 27 11 4 9 12 13 15 13 14 27 14 4 33 15 5 30 16 6 45 17 7 27 18 4 33 19 5 45 20 7 9 21 13 27 22 4 45 23 7 51 24 8 48 25 9 63 26 10 45 27 7 51 28 8 63 29 10 9 30 13 45 31 7 63 32 10 69 33 11 9 34 13 63 35 10 13 36 19 16 37 16 7 38 17 7 39 17 1 40 18 13 41 19 49 42 23 52 43 20 43 44 21 43 45 21 37 46 22 49 47 23 6 48 31 3 49 32 54 50 33 60 51 34 57 52 35 36 53 24 54 54 33 60 55 34 36 56 24 42 57 25 39 58 26 18 59 27 36 60 24 42 61 25 18 62 27 54 63 33 36 64 24 18 65 27 24 66 28 21 67 29 0 68 30 18 69 27 24 70 28 0 71 30 54 72 33 18 73 27 0 74 30 6 75 31 54 76 33 0 77 30 1 78 18 22 79 1 28 80 0 28 81 0 13 82 19 1 83 18 58 84 39 61 85 36 70 86 37 70 87 37 64 88 38 58 89 39 58 90 39 64 91 38 49 92 23 49 93 23 37 94 22 58 95 39 33 96 40 27 97 4 29 98 41 29 99 41 35 100 42 33 101 40 35 102 42 29 103 41 28 104 43 28 105 43 34 106 44 35 107 42 21 108 45 24 109 46 26 110 47 26 111 47 23 112 48 21 113 45 23 114 48 26 115 47 25 116 49 25 117 49 22 118 50 23 119 48 24 120 46 18 121 51 20 122 52 20 123 52 26 124 47 24 125 46 26 126 47 20 127 52 19 128 53 19 129 53 25 130 54 26 131 47 3 132 55 6 133 56 8 134 57 8 135 57 5 136 58 3 137 55 5 138 58 8 139 57 7 140 59 7 141 59 4 142 60 5 143 58 12 144 15 15 145 14 17 146 61 17 147 61 14 148 62 12 149 15 14 150 62 17 151 61 16 152 63 16 153 63 13 154 64 14 155 62 6 156 56 0 157 65 2 158 66 2 159 66 8 160 67 6 161 56 8 162 67 2 163 66 1 164 68 1 165 68 7 166 69 8 167 67 60 168 70 54 169 71 56 170 72 56 171 72 62 172 73 60 173 70 62 174 73 56 175 72 55 176 74 55 177 74 61 178 75 62 179 73 57 180 76 60 181 70 62 182 73 62 183 73 59 184 77 57 185 76 59 186 77 62 187 73 61 188 78 61 189 78 58 190 79 59 191 77 69 192 11 63 193 10 65 194 80 65 195 80 71 196 81 69 197 11 71 198 81 65 199 80 64 200 82 64 201 82 70 202 83 71 203 81 39 204 84 42 205 85 44 206 86 44 207 86 41 208 87 39 209 84 41 210 87 44 211 86 43 212 88 43 213 88 40 214 89 41 215 87 48 216 9 51 217 90 53 218 91 53 219 91 50 220 92 48 221 9 50 222 92 53 223 91 52 224 93 52 225 93 49 226 94 50 227 92 42 228 85 36 229 95 38 230 96 38 231 96 44 232 97 42 233 85 44 234 97 38 235 96 37 236 98 37 237 98 43 238 99 44 239 97 59 240 77 58 241 79 37 242 98 37 243 98 38 244 96 59 245 77 57 246 76 59 247 77 38 248 96 38 249 96 36 250 95 57 251 76 41 252 87 40 253 89 19 254 53 19 255 53 20 256 52 41 257 87 39 258 84 41 259 87 20 260 52 20 261 52 18 262 51 39 263 84 23 264 48 22 265 50 1 266 68 1 267 68 2 268 66 23 269 48 21 270 45 23 271 48 2 272 66 2 273 66 0 274 65 21 275 45 5 276 58 4 277 60 55 278 74 55 279 74 56 280 72 5 281 58 3 282 55 5 283 58 56 284 72 56 285 72 54 286 71 3 287 55 29 288 41 27 289 4 12 290 15 12 291 15 14 292 62 29 293 41 28 294 43 29 295 41 14 296 62 14 297 62 13 298 64 28 299 43 50 300 92 49 301 94 64 302 82 64 303 82 65 304 80 50 305 92 48 306 9 50 307 92 65 308 80 65 309 80 63 310 10 48 311 9 76 312 103 79 313 100 88 314 101 88 315 101 82 316 102 76 317 103 87 318 111 84 319 112 135 320 113 141 321 114 138 322 115 117 323 104 135 324 113 141 325 114 117 326 104 123 327 105 120 328 106 99 329 107 117 330 104 123 331 105 99 332 107 135 333 113 117 334 104 99 335 107 105 336 108 102 337 109 81 338 110 99 339 107 105 340 108 81 341 110 135 342 113 99 343 107 81 344 110 87 345 111 135 346 113 81 347 110 103 348 119 106 349 116 97 350 117 97 351 117 91 352 118 103 353 119 91 354 118 76 355 103 82 356 102 82 357 102 103 358 119 91 359 118 139 360 123 142 361 120 133 362 121 133 363 121 127 364 122 139 365 123 112 366 127 115 367 124 124 368 125 124 369 125 118 370 126 112 371 127 112 372 127 118 373 126 139 374 123 139 375 123 127 376 122 112 377 127 75 378 128 78 379 129 80 380 130 80 381 130 77 382 131 75 383 128 77 384 131 80 385 130 79 386 132 79 387 132 76 388 133 77 389 131 87 390 134 81 391 110 83 392 135 83 393 135 89 394 136 87 395 134 89 396 136 83 397 135 82 398 137 82 399 137 88 400 138 89 401 136 102 402 109 105 403 139 107 404 140 107 405 140 104 406 141 102 407 109 104 408 141 107 409 140 106 410 142 106 411 142 103 412 143 104 413 141 96 414 144 90 415 145 92 416 146 92 417 146 98 418 147 96 419 144 98 420 147 92 421 146 91 422 148 91 423 148 97 424 149 98 425 147 138 426 115 141 427 150 143 428 151 143 429 151 140 430 152 138 431 115 140 432 152 143 433 151 142 434 153 142 435 153 139 436 154 140 437 152 132 438 155 126 439 156 128 440 157 128 441 157 134 442 158 132 443 155 134 444 158 128 445 157 127 446 159 127 447 159 133 448 160 134 449 158 111 450 161 114 451 162 116 452 163 116 453 163 113 454 164 111 455 161 113 456 164 116 457 163 115 458 165 115 459 165 112 460 166 113 461 164 123 462 167 117 463 104 119 464 168 119 465 168 125 466 169 123 467 167 125 468 169 119 469 168 118 470 170 118 471 170 124 472 171 125 473 169 77 474 131 76 475 133 91 476 148 91 477 148 92 478 146 77 479 131 75 480 128 77 481 131 92 482 146 92 483 146 90 484 145 75 485 128 113 486 164 112 487 166 127 488 159 127 489 159 128 490 157 113 491 164 111 492 161 113 493 164 128 494 157 128 495 157 126 496 156 111 497 161 83 498 135 81 499 110 102 500 109 102 501 109 104 502 141 83 503 135 82 504 137 83 505 135 104 506 141 104 507 141 103 508 143 82 509 137 140 510 152 139 511 154 118 512 170 118 513 170 119 514 168 140 515 152 138 516 115 140 517 152 119 518 168 119 519 168 117 520 104 138 521 115 132 522 179 129 523 180 72 524 181 78 525 182 75 526 183 90 527 172 72 528 181 78 529 182 90 530 172 96 531 173 93 532 174 108 533 175 90 534 172 96 535 173 108 536 175 72 537 181 90 538 172 108 539 175 114 540 176 111 541 177 126 542 178 108 543 175 114 544 176 126 545 178 72 546 181 108 547 175 126 548 178 132 549 179 72 550 181 126 551 178 31 552 187 34 553 184 25 554 185 25 555 185 19 556 186 31 557 187 52 558 191 46 559 188 40 560 189 40 561 189 43 562 190 52 563 191 16 564 195 10 565 192 4 566 193 4 567 193 7 568 194 16 569 195 19 570 186 40 571 189 46 572 188 46 573 188 31 574 187 19 575 186 55 576 197 4 577 193 10 578 192 10 579 192 67 580 196 55 581 197 61 582 199 55 583 197 67 584 196 67 585 196 70 586 198 61 587 199 30 588 200 33 589 201 35 590 202 35 591 202 32 592 203 30 593 200 32 594 203 35 595 202 34 596 184 34 597 184 31 598 187 32 599 203 15 600 204 9 601 205 11 602 206 11 603 206 17 604 207 15 605 204 17 606 207 11 607 206 10 608 192 10 609 192 16 610 195 17 611 207 66 612 208 69 613 209 71 614 210 71 615 210 68 616 211 66 617 208 68 618 211 71 619 210 70 620 198 70 621 198 67 622 196 68 623 211 51 624 212 45 625 213 47 626 214 47 627 214 53 628 215 51 629 212 53 630 215 47 631 214 46 632 188 46 633 188 52 634 191 53 635 215 11 636 206 9 637 205 66 638 208 66 639 208 68 640 211 11 641 206 10 642 192 11 643 206 68 644 211 68 645 211 67 646 196 10 647 192 32 648 203 31 649 187 46 650 188 46 651 188 47 652 214 32 653 203 30 654 200 32 655 203 47 656 214 47 657 214 45 658 213 30 659 200 73 660 219 130 661 216 136 662 217 136 663 217 85 664 218 73 665 219 109 666 223 94 667 220 100 668 221 100 669 221 121 670 222 109 671 223 106 672 225 100 673 221 94 674 220 94 675 220 97 676 224 106 677 225 115 678 227 109 679 223 121 680 222 121 681 222 124 682 226 115 683 227 142 684 229 136 685 217 130 686 216 130 687 216 133 688 228 142 689 229 79 690 231 73 691 219 85 692 218 85 693 218 88 694 230 79 695 231 78 696 232 72 697 233 74 698 234 74 699 234 80 700 235 78 701 232 80 702 235 74 703 234 73 704 219 73 705 219 79 706 231 80 707 235 84 708 236 87 709 237 89 710 238 89 711 238 86 712 239 84 713 236 86 714 239 89 715 238 88 716 230 88 717 230 85 718 218 86 719 239 105 720 240 99 721 241 101 722 242 101 723 242 107 724 243 105 725 240 107 726 243 101 727 242 100 728 221 100 729 221 106 730 225 107 731 243 93 732 244 96 733 245 98 734 246 98 735 246 95 736 247 93 737 244 95 738 247 98 739 246 97 740 224 97 741 224 94 742 220 95 743 247 141 744 248 135 745 249 137 746 250 137 747 250 143 748 251 141 749 248 143 750 251 137 751 250 136 752 217 136 753 217 142 754 229 143 755 251 129 756 252 132 757 253 134 758 254 134 759 254 131 760 255 129 761 252 131 762 255 134 763 254 133 764 228 133 765 228 130 766 216 131 767 255 114 768 256 108 769 257 110 770 258 110 771 258 116 772 259 114 773 256 116 774 259 110 775 258 109 776 223 109 777 223 115 778 227 116 779 259 120 780 260 123 781 261 125 782 262 125 783 262 122 784 263 120 785 260 122 786 263 125 787 262 124 788 226 124 789 226 121 790 222 122 791 263 95 792 247 94 793 220 109 794 223 109 795 223 110 796 258 95 797 247 93 798 244 95 799 247 110 800 258 110 801 258 108 802 257 93 803 244 131 804 255 130 805 216 73 806 219 73 807 219 74 808 234 131 809 255 129 810 252 131 811 255 74 812 234 74 813 234 72 814 233 129 815 252 137 816 250 135 817 249 84 818 236 84 819 236 86 820 239 137 821 250 136 822 217 137 823 250 86 824 239 86 825 239 85 826 218 136 827 217 122 828 263 121 829 222 100 830 221 100 831 221 101 832 242 122 833 263 120 834 260 122 835 263 101 836 242 101 837 242 99 838 241 120 839 260</p>
        </triangles>
      </mesh>
    </geometry>
    <geometry id="Black-lib" name="BlackMesh">
      <mesh>
        <source id="Black-POSITION">
          <float_array id="Black-POSITION-array" count="3552">27.7629 -97.0672 71 27.5276 -97.1471 70.7385 27.5851 -97.1122 70.9234 27.9328 -97.2371 71 27.9081 -97.5276 70.7385 27.9039 -97.4311 70.9234 27.8126 -97.18741 71 27.6391 -97.4162 70.7385 27.6785 -97.33771 70.9234 27.9328 -87.7629 71 27.9081 -87.5276 70.7386 27.9039 -87.5851 70.9234 27.7629 -87.9328 71 27.5276 -87.9081 70.7386 27.5851 -87.9039 70.9234 27.8126 -87.8127 71 27.6391 -87.6391 70.73869 27.6785 -87.6785 70.9235 37.0672 -97.2371 71 37.1471 -97.5276 70.7386 37.1122 -97.4311 70.9234 37.2371 -97.0672 71 37.5276 -97.1471 70.7386 37.4311 -97.1122 70.9234 37.1873 -97.18741 71 37.4161 -97.4162 70.73869 37.3377 -97.33771 70.9235 37.2371 -87.9328 71 37.5276 -87.9082 70.7385 37.4311 -87.9039 70.9234 37.0672 -87.7629 71 37.1471 -87.5276 70.7385 37.1122 -87.5851 70.9234 37.1873 -87.8127 71 37.4162 -87.6391 70.7385 37.3377 -87.6785 70.9234 -27.9328 -97.2371 71 -27.9081 -97.5276 70.7385 -27.9039 -97.4311 70.9234 -27.7629 -97.0672 71 -27.5276 -97.1471 70.7385 -27.5851 -97.1122 70.9234 -27.8126 -97.18741 71 -27.6391 -97.4162 70.7385 -27.6785 -97.33771 70.9234 -27.7629 -87.9328 71 -27.5276 -87.9081 70.7386 -27.5851 -87.9039 70.9234 -27.9328 -87.7629 71 -27.9081 -87.5276 70.7386 -27.9039 -87.5851 70.9234 -27.8126 -87.8127 71 -27.6391 -87.6391 70.73869 -27.6785 -87.6785 70.9235 -37.2371 -97.0672 71 -37.5276 -97.1471 70.7386 -37.4311 -97.1122 70.9234 -37.0672 -97.2371 71 -37.1471 -97.5276 70.7386 -37.1122 -97.4311 70.9234 -37.1873 -97.18741 71 -37.4161 -97.4162 70.73869 -37.3377 -97.33771 70.9235 -37.0672 -87.7629 71 -37.1471 -87.5276 70.7385 -37.1122 -87.5851 70.9234 -37.2371 -87.9328 71 -37.5276 -87.9082 70.7385 -37.4311 -87.9039 70.9234 -37.1873 -87.8127 71 -37.4162 -87.6391 70.7385 -37.3377 -87.6785 70.9234 27.9328 97.2371 71 27.9081 97.5276 70.7385 27.9039 97.4311 70.9234 27.7629 97.0672 71 27.5276 97.1471 70.7385 27.5851 97.1122 70.9234 27.8126 97.18741 71 27.6391 97.4162 70.7385 27.6785 97.33771 70.9234 27.7629 87.9328 71 27.5276 87.9081 70.7386 27.5851 87.9039 70.9234 27.9328 87.7629 71 27.9081 87.5276 70.7386 27.9039 87.5851 70.9234 27.8126 87.8127 71 27.6391 87.6391 70.73869 27.6785 87.6785 70.9235 37.2371 97.0672 71 37.5276 97.1471 70.7386 37.4311 97.1122 70.9234 37.0672 97.2371 71 37.1471 97.5276 70.7386 37.1122 97.4311 70.9234 37.1873 97.18741 71 37.4161 97.4162 70.73869 37.3377 97.33771 70.9235 37.0672 87.7629 71 37.1471 87.5276 70.7385 37.1122 87.5851 70.9234 37.2371 87.9328 71 37.5276 87.9082 70.7385 37.4311 87.9039 70.9234 37.1873 87.8127 71 37.4162 87.6391 70.7385 37.3377 87.6785 70.9234 -27.7629 97.0672 71 -27.5276 97.1471 70.7385 -27.5851 97.1122 70.9234 -27.9328 97.2371 71 -27.9081 97.5276 70.7385 -27.9039 97.4311 70.9234 -27.8126 97.18741 71 -27.6391 97.4162 70.7385 -27.6785 97.33771 70.9234 -27.9328 87.7629 71 -27.9081 87.5276 70.7386 -27.9039 87.5851 70.9234 -27.7629 87.9328 71 -27.5276 87.9081 70.7386 -27.5851 87.9039 70.9234 -27.8126 87.8127 71 -27.6391 87.6391 70.73869 -27.6785 87.6785 70.9235 -37.0672 97.2371 71 -37.1471 97.5276 70.7386 -37.1122 97.4311 70.9234 -37.2371 97.0672 71 -37.5276 97.1471 70.7386 -37.4311 97.1122 70.9234 -37.1873 97.18741 71 -37.4161 97.4162 70.73869 -37.3377 97.33771 70.9235 -37.2371 87.9328 71 -37.5276 87.9082 70.7385 -37.4311 87.9039 70.9234 -37.0672 87.7629 71 -37.1471 87.5276 70.7385 -37.1122 87.5851 70.9234 -37.1873 87.8127 71 -37.4162 87.6391 70.7385 -37.3377 87.6785 70.9234 35.4204 -104.79941 0 35.3595 -104.9789 0.1995 35.386 -104.93509 0.0584 34.9789 -104.59842 0.1995 35.2006 -104.57961 0 35.0526 -104.60159 0.0584 35.0904 -104.86749 0.1996 35.265 -104.735 0 35.1502 -104.83741 0.0584 35.2006 -95.42039 0 34.9789 -95.3595 0.1995 35.0526 -95.386 0.0584 35.3595 -94.9789 0.1995 35.4204 -95.20059 0 35.386 -95.0526 0.0584 35.265 -95.265 0 35.0904 -95.0904 0.1994 35.1503 -95.1503 0.0584 44.7994 -104.57961 0 44.9789 -104.59842 0.1995 44.9351 -104.60159 0.0584 44.5984 -104.9789 0.1995 44.5796 -104.79941 0 44.6016 -104.93509 0.0584 44.735 -104.735 0 44.8675 -104.86749 0.1994 44.8374 -104.83741 0.0584 44.5796 -95.20059 0 44.5984 -94.9789 0.1995 44.6016 -95.0526 0.0584 44.9789 -95.3595 0.1995 44.7994 -95.42039 0 44.9351 -95.386 0.0584 44.735 -95.265 0 44.8675 -95.0904 0.1996 44.8374 -95.15021 0.0584 -35.2006 -104.57961 0 -34.9789 -104.59842 0.1995 -35.0526 -104.60159 0.0584 -35.3595 -104.9789 0.1995 -35.4204 -104.79941 0 -35.386 -104.93509 0.0584 -35.0904 -104.86749 0.1996 -35.265 -104.735 0 -35.1502 -104.83741 0.0584 -35.4204 -95.20059 0 -35.3595 -94.9789 0.1995 -35.386 -95.0526 0.0584 -34.9789 -95.3595 0.1995 -35.2006 -95.42039 0 -35.0526 -95.386 0.0584 -35.265 -95.265 0 -35.0904 -95.0904 0.1994 -35.1503 -95.1503 0.0584 -44.5796 -104.79941 0 -44.5984 -104.9789 0.1995 -44.6016 -104.93509 0.0584 -44.9789 -104.59842 0.1995 -44.7994 -104.57961 0 -44.9351 -104.60159 0.0584 -44.735 -104.735 0 -44.8675 -104.86749 0.1994 -44.8374 -104.83741 0.0584 -44.7994 -95.42039 0 -44.9789 -95.3595 0.1995 -44.9351 -95.386 0.0584 -44.5984 -94.9789 0.1995 -44.5796 -95.20059 0 -44.6016 -95.0526 0.0584 -44.735 -95.265 0 -44.8675 -95.0904 0.1996 -44.8374 -95.15021 0.0584 35.2006 104.57961 0 34.9789 104.59842 0.1995 35.0526 104.60159 0.0584 35.3595 104.9789 0.1995 35.4204 104.79941 0 35.386 104.93509 0.0584 35.0904 104.86749 0.1996 35.265 104.735 0 35.1502 104.83741 0.0584 35.4204 95.20059 0 35.3595 94.9789 0.1995 35.386 95.0526 0.0584 34.9789 95.3595 0.1995 35.2006 95.42039 0 35.0526 95.386 0.0584 35.265 95.265 0 35.0904 95.0904 0.1994 35.1503 95.1503 0.0584 44.5796 104.79941 0 44.5984 104.9789 0.1995 44.6016 104.93509 0.0584 44.9789 104.59842 0.1995 44.7994 104.57961 0 44.9351 104.60159 0.0584 44.735 104.735 0 44.8675 104.86749 0.1994 44.8374 104.83741 0.0584 44.7994 95.42039 0 44.9789 95.3595 0.1995 44.9351 95.386 0.0584 44.5984 94.9789 0.1995 44.5796 95.20059 0 44.6016 95.0526 0.0584 44.735 95.265 0 44.8675 95.0904 0.1996 44.8374 95.15021 0.0584 -35.4204 104.79941 0 -35.3595 104.9789 0.1995 -35.386 104.93509 0.0584 -34.9789 104.59842 0.1995 -35.2006 104.57961 0 -35.0526 104.60159 0.0584 -35.0904 104.86749 0.1996 -35.265 104.735 0 -35.1502 104.83741 0.0584 -35.2006 95.42039 0 -34.9789 95.3595 0.1995 -35.0526 95.386 0.0584 -35.3595 94.9789 0.1995 -35.4204 95.20059 0 -35.386 95.0526 0.0584 -35.265 95.265 0 -35.0904 95.0904 0.1994 -35.1503 95.1503 0.0584 -44.7994 104.57961 0 -44.9789 104.59842 0.1995 -44.9351 104.60159 0.0584 -44.5984 104.9789 0.1995 -44.5796 104.79941 0 -44.6016 104.93509 0.0584 -44.735 104.735 0 -44.8675 104.86749 0.1994 -44.8374 104.83741 0.0584 -44.5796 95.20059 0 -44.5984 94.9789 0.1995 -44.6016 95.0526 0.0584 -44.9789 95.3595 0.1995 -44.7994 95.42039 0 -44.9351 95.386 0.0584 -44.735 95.265 0 -44.8675 95.0904 0.1996 -44.8374 95.15021 0.0584 -32.6871 -99.2502 22.2368 -32.7435 -98.8765 21.8632 -32.7649 -99.4999 21.5861 -32.727 -99.14079 21.9726 -32.1576 -98.87711 25.7425 -32.2141 -99.2507 25.3689 -32.1319 -99.4582 26.0522 -32.1742 -99.1413 25.6331 -32.7435 -96.0798 21.8632 -32.6871 -95.70619 22.2368 -32.7688 -95.5288 21.5353 -32.727 -95.8156 21.9726 -32.2141 -95.7067 25.3689 -32.1576 -96.0804 25.7425 -32.1344 -95.45959 26.0218 -32.1742 -95.8162 25.6331 32.7435 -98.8765 21.8632 32.6871 -99.2502 22.2368 32.7649 -99.4999 21.5861 32.727 -99.14079 21.9726 32.2141 -99.2507 25.3689 32.1576 -98.87711 25.7425 32.1319 -99.4582 26.0522 32.1742 -99.1413 25.6331 32.6871 -95.70619 22.2368 32.7435 -96.0798 21.8632 32.7688 -95.5288 21.5353 32.727 -95.8156 21.9726 32.1576 -96.0804 25.7425 32.2141 -95.7067 25.3689 32.1344 -95.45959 26.0218 32.1742 -95.8162 25.6331 -32.9633 -94.16531 19.0159 -32.9672 -101.8618 18.9651 -31.9384 -101.01691 28.3784 -31.9359 -93.3479 28.4087 31.9359 -93.3479 28.4087 32.9633 -94.16531 19.0159 32.9672 -101.8618 18.9651 31.9384 -101.01691 28.3784 -32.7435 98.8765 21.8632 -32.6871 99.2502 22.2368 -32.7649 99.4999 21.5861 -32.727 99.14079 21.9726 -32.2141 99.2507 25.3689 -32.1576 98.87711 25.7425 -32.1319 99.4582 26.0522 -32.1742 99.1413 25.6331 -32.6871 95.70619 22.2368 -32.7435 96.0798 21.8632 -32.7688 95.5288 21.5353 -32.727 95.8156 21.9726 -32.1576 96.0804 25.7425 -32.2141 95.7067 25.3689 -32.1344 95.45959 26.0218 -32.1742 95.8162 25.6331 32.6871 99.2502 22.2368 32.7435 98.8765 21.8632 32.7649 99.4999 21.5861 32.727 99.14079 21.9726 32.1576 98.87711 25.7425 32.2141 99.2507 25.3689 32.1319 99.4582 26.0522 32.1742 99.1413 25.6331 32.7435 96.0798 21.8632 32.6871 95.70619 22.2368 32.7688 95.5288 21.5353 32.727 95.8156 21.9726 32.2141 95.7067 25.3689 32.1576 96.0804 25.7425 32.1344 95.45959 26.0218 32.1742 95.8162 25.6331 -32.9633 94.16531 19.0159 -32.9672 101.8618 18.9651 -31.9384 101.01691 28.3784 -31.9359 93.3479 28.4087 31.9359 93.3479 28.4087 32.9633 94.16531 19.0159 32.9672 101.8618 18.9651 31.9384 101.01691 28.3784 -32.958 -94.0909 19.0316 -32.8052 -93.95491 19.0602 -32.9093 -93.9947 19.0518 -32.8453 -94.3615 18.688 -32.9738 -94.2473 18.8788 -32.9423 -94.32809 18.7439 -32.8335 -94.08771 18.797 -32.9686 -94.1349 18.93 -32.9324 -94.1015 18.836 -32.974 -101.8221 18.8764 -32.8453 -101.7379 18.688 -32.9423 -101.7625 18.7432 -32.8052 -102.07849 19.0602 -32.9609 -101.9351 18.9973 -32.9101 -102.0365 19.0418 -32.8335 -101.99241 18.797 -32.9703 -101.9043 18.9105 -32.9329 -101.96659 18.8303 -31.9437 -101.10721 28.3549 -31.8093 -101.25741 28.3158 -31.9081 -101.21339 28.3273 -31.7693 -100.85079 28.688 -31.9277 -100.9478 28.5071 -31.8751 -100.8792 28.635 -31.781 -101.12459 28.579 -31.9328 -101.05962 28.4579 -31.8849 -101.10559 28.5435 -31.9275 -93.3934 28.5091 -31.7693 -93.4744 28.688 -31.875 -93.4507 28.6356 -31.8093 -93.1338 28.3158 -31.9423 -93.266 28.3732 -31.9076 -93.1725 28.3327 -31.781 -93.2199 28.579 -31.9317 -93.3012 28.4708 -31.8845 -93.24371 28.5473 31.9423 -93.266 28.3732 31.8093 -93.1338 28.3158 31.9076 -93.1725 28.3327 31.7693 -93.4744 28.688 31.9275 -93.3934 28.5091 31.875 -93.4507 28.6356 31.781 -93.2199 28.579 31.9317 -93.3012 28.4708 31.8845 -93.24371 28.5473 32.9738 -94.2473 18.8788 32.8453 -94.3615 18.688 32.9423 -94.32809 18.7439 32.8052 -93.95491 19.0602 32.958 -94.0909 19.0316 32.9093 -93.9947 19.0518 32.8335 -94.08771 18.797 32.9686 -94.1349 18.93 32.9324 -94.1015 18.836 32.9609 -101.9351 18.9973 32.8052 -102.07849 19.0602 32.9101 -102.0365 19.0418 32.8453 -101.7379 18.688 32.974 -101.8221 18.8764 32.9423 -101.7625 18.7432 32.8335 -101.99241 18.797 32.9703 -101.9043 18.9105 32.9329 -101.96659 18.8303 31.9277 -100.9478 28.5071 31.7693 -100.85079 28.688 31.8751 -100.8792 28.635 31.8093 -101.25741 28.3158 31.9437 -101.10721 28.3549 31.9081 -101.21339 28.3273 31.781 -101.12459 28.579 31.9328 -101.05962 28.4579 31.8849 -101.10559 28.5435 -45.8505 -95.8492 22.2652 -45.7076 -95.70619 22.2368 -45.8086 -95.7481 22.2451 -45.8505 -96.10831 22.0061 -45.7076 -96.0798 21.8632 -45.8086 -96.0882 21.905 -45.8505 -95.92499 22.082 -45.7076 -95.8156 21.9726 -45.8086 -95.8477 22.0046 -45.8505 -98.8481 22.0061 -45.7076 -98.8765 21.8632 -45.8086 -98.8682 21.905 -45.8505 -99.1073 22.2653 -45.7076 -99.2502 22.2368 -45.8086 -99.2084 22.2451 -45.8505 -99.0314 22.082 -45.7076 -99.14079 21.9726 -45.8086 -99.1087 22.0046 -45.8505 -99.1078 25.3404 -45.7076 -99.2507 25.3689 -45.8086 -99.2088 25.3605 -45.8505 -98.84871 25.5996 -45.7076 -98.87711 25.7425 -45.8086 -98.8688 25.7006 -45.8505 -99.03191 25.5237 -45.7076 -99.1413 25.6331 -45.8086 -99.1092 25.601 -45.8505 -96.1088 25.5996 -45.7076 -96.0804 25.7425 -45.8086 -96.08871 25.7006 -45.8505 -95.8496 25.3404 -45.7076 -95.7067 25.3689 -45.8086 -95.7485 25.3605 -45.8505 -95.92551 25.5237 -45.7076 -95.8162 25.6331 -45.8086 -95.8482 25.601 45.8505 -95.8496 25.3404 45.7076 -95.7067 25.3689 45.8086 -95.7485 25.3605 45.8505 -96.1088 25.5996 45.7076 -96.0804 25.7425 45.8086 -96.08871 25.7006 45.8505 -95.92551 25.5237 45.7076 -95.8162 25.6331 45.8086 -95.8482 25.601 45.8505 -96.10831 22.0061 45.7076 -96.0798 21.8632 45.8086 -96.0882 21.905 45.8505 -95.8492 22.2652 45.7076 -95.70619 22.2368 45.8086 -95.7481 22.2451 45.8505 -95.92499 22.082 45.7076 -95.8156 21.9726 45.8086 -95.8477 22.0046 45.8505 -99.1073 22.2653 45.7076 -99.2502 22.2368 45.8086 -99.2084 22.2451 45.8505 -98.8481 22.0061 45.7076 -98.8765 21.8632 45.8086 -98.8682 21.905 45.8505 -99.0314 22.082 45.7076 -99.14079 21.9726 45.8086 -99.1087 22.0046 45.8505 -98.84871 25.5996 45.7076 -98.87711 25.7425 45.8086 -98.8688 25.7006 45.8505 -99.1078 25.3404 45.7076 -99.2507 25.3689 45.8086 -99.2088 25.3605 45.8505 -99.03191 25.5237 45.7076 -99.1413 25.6331 45.8086 -99.1092 25.601 -32.9738 94.2473 18.8788 -32.8453 94.3615 18.688 -32.9423 94.32809 18.7439 -32.8052 93.95491 19.0602 -32.958 94.0909 19.0316 -32.9093 93.9947 19.0518 -32.8335 94.08771 18.797 -32.9686 94.1349 18.93 -32.9324 94.1015 18.836 -32.9609 101.9351 18.9973 -32.8052 102.07849 19.0602 -32.9101 102.0365 19.0418 -32.8453 101.7379 18.688 -32.974 101.8221 18.8764 -32.9423 101.7625 18.7432 -32.8335 101.99241 18.797 -32.9703 101.9043 18.9105 -32.9329 101.96659 18.8303 -31.9277 100.9478 28.5071 -31.7693 100.85079 28.688 -31.8751 100.8792 28.635 -31.8093 101.25741 28.3158 -31.9437 101.10721 28.3549 -31.9081 101.21339 28.3273 -31.781 101.12459 28.579 -31.9328 101.05962 28.4579 -31.8849 101.10559 28.5435 -31.9423 93.266 28.3732 -31.8093 93.1338 28.3158 -31.9076 93.1725 28.3327 -31.7693 93.4744 28.688 -31.9275 93.3934 28.5091 -31.875 93.4507 28.6356 -31.781 93.2199 28.579 -31.9317 93.3012 28.4708 -31.8845 93.24371 28.5473 31.9275 93.3934 28.5091 31.7693 93.4744 28.688 31.875 93.4507 28.6356 31.8093 93.1338 28.3158 31.9423 93.266 28.3732 31.9076 93.1725 28.3327 31.781 93.2199 28.579 31.9317 93.3012 28.4708 31.8845 93.24371 28.5473 32.958 94.0909 19.0316 32.8052 93.95491 19.0602 32.9093 93.9947 19.0518 32.8453 94.3615 18.688 32.9738 94.2473 18.8788 32.9423 94.32809 18.7439 32.8335 94.08771 18.797 32.9686 94.1349 18.93 32.9324 94.1015 18.836 32.974 101.8221 18.8764 32.8453 101.7379 18.688 32.9423 101.7625 18.7432 32.8052 102.07849 19.0602 32.9609 101.9351 18.9973 32.9101 102.0365 19.0418 32.8335 101.99241 18.797 32.9703 101.9043 18.9105 32.9329 101.96659 18.8303 31.9437 101.10721 28.3549 31.8093 101.25741 28.3158 31.9081 101.21339 28.3273 31.7693 100.85079 28.688 31.9277 100.9478 28.5071 31.8751 100.8792 28.635 31.781 101.12459 28.579 31.9328 101.05962 28.4579 31.8849 101.10559 28.5435 -45.8505 96.10831 22.0061 -45.7076 96.0798 21.8632 -45.8086 96.0882 21.905 -45.8505 95.8492 22.2652 -45.7076 95.70619 22.2368 -45.8086 95.7481 22.2451 -45.8505 95.92499 22.082 -45.7076 95.8156 21.9726 -45.8086 95.8477 22.0046 -45.8505 99.1073 22.2653 -45.7076 99.2502 22.2368 -45.8086 99.2084 22.2451 -45.8505 98.8481 22.0061 -45.7076 98.8765 21.8632 -45.8086 98.8682 21.905 -45.8505 99.0314 22.082 -45.7076 99.14079 21.9726 -45.8086 99.1087 22.0046 -45.8505 98.84871 25.5996 -45.7076 98.87711 25.7425 -45.8086 98.8688 25.7006 -45.8505 99.1078 25.3404 -45.7076 99.2507 25.3689 -45.8086 99.2088 25.3605 -45.8505 99.03191 25.5237 -45.7076 99.1413 25.6331 -45.8086 99.1092 25.601 -45.8505 95.8496 25.3404 -45.7076 95.7067 25.3689 -45.8086 95.7485 25.3605 -45.8505 96.1088 25.5996 -45.7076 96.0804 25.7425 -45.8086 96.08871 25.7006 -45.8505 95.92551 25.5237 -45.7076 95.8162 25.6331 -45.8086 95.8482 25.601 45.8505 96.1088 25.5996 45.7076 96.0804 25.7425 45.8086 96.08871 25.7006 45.8505 95.8496 25.3404 45.7076 95.7067 25.3689 45.8086 95.7485 25.3605 45.8505 95.92551 25.5237 45.7076 95.8162 25.6331 45.8086 95.8482 25.601 45.8505 95.8492 22.2652 45.7076 95.70619 22.2368 45.8086 95.7481 22.2451 45.8505 96.10831 22.0061 45.7076 96.0798 21.8632 45.8086 96.0882 21.905 45.8505 95.92499 22.082 45.7076 95.8156 21.9726 45.8086 95.8477 22.0046 45.8505 98.8481 22.0061 45.7076 98.8765 21.8632 45.8086 98.8682 21.905 45.8505 99.1073 22.2653 45.7076 99.2502 22.2368 45.8086 99.2084 22.2451 45.8505 99.0314 22.082 45.7076 99.14079 21.9726 45.8086 99.1087 22.0046 45.8505 99.1078 25.3404 45.7076 99.2507 25.3689 45.8086 99.2088 25.3605 45.8505 98.84871 25.5996 45.7076 98.87711 25.7425 45.8086 98.8688 25.7006 45.8505 99.03191 25.5237 45.7076 99.1413 25.6331 45.8086 99.1092 25.601 -2.6572 -107.3866 27 -2.6572 -107.7294 27.3428 -3 -107.3866 27.3428 -2.6572 -107.62901 27.1004 -2.8551 -107.5845 27.1449 -2.8996 -107.62901 27.3428 -2.8996 -107.3866 27.1004 -2.6572 -107.7294 36.6572 -2.6572 -107.3866 37 -3 -107.3866 36.6572 -2.6572 -107.62901 36.8996 -2.8551 -107.5845 36.8551 -2.8996 -107.3866 36.8996 -2.8996 -107.62901 36.6572 -2.6572 107.3866 27 -3 107.3866 27.3428 -2.6572 107.7294 27.3428 -2.8996 107.3866 27.1004 -2.8551 107.5845 27.1449 -2.8996 107.62901 27.3428 -2.6572 107.62901 27.1004 -2.6572 107.3866 37 -2.6572 107.7294 36.6572 -3 107.3866 36.6572 -2.6572 107.62901 36.8996 -2.8551 107.5845 36.8551 -2.8996 107.62901 36.6572 -2.8996 107.3866 36.8996 2.6572 -107.3866 27 3 -107.3866 27.3428 2.6572 -107.7294 27.3428 2.8996 -107.3866 27.1004 2.8551 -107.5845 27.1449 2.8996 -107.62901 27.3428 2.6572 -107.62901 27.1004 2.6572 -107.3866 37 2.6572 -107.7294 36.6572 3 -107.3866 36.6572 2.6572 -107.62901 36.8996 2.8551 -107.5845 36.8551 2.8996 -107.62901 36.6572 2.8996 -107.3866 36.8996 2.6572 107.3866 27 2.6572 107.7294 27.3428 3 107.3866 27.3428 2.6572 107.62901 27.1004 2.8551 107.5845 27.1449 2.8996 107.62901 27.3428 2.8996 107.3866 27.1004 2.6572 107.3866 37 3 107.3866 36.6572 2.6572 107.7294 36.6572 2.8996 107.3866 36.8996 2.8551 107.5845 36.8551 2.8996 107.62901 36.6572 2.6572 107.62901 36.8996 34.0286 90.0809 61.0429 34.2804 90.0809 61.2947 34.0286 89.8291 61.2947 34.2066 90.0809 61.1166 34.174 89.9355 61.14931 34.2066 89.90289 61.2947 34.0286 89.90289 61.1166 34.2804 90.0809 70.7911 34.0286 90.0809 71.0429 34.0286 89.8291 70.7911 34.2066 90.0809 70.9691 34.174 89.9355 70.9365 34.0286 89.90289 70.9691 34.2066 89.90289 70.7911 -34.0286 90.0809 61.0429 -34.0286 89.8291 61.2947 -34.2804 90.0809 61.2947 -34.0286 89.9028 61.1166 -34.174 89.9355 61.14931 -34.2066 89.9028 61.2947 -34.2066 90.0809 61.1166 -34.0286 90.0809 71.0429 -34.2804 90.0809 70.7911 -34.0286 89.8291 70.7911 -34.2066 90.0809 70.9691 -34.174 89.9355 70.9365 -34.2066 89.9028 70.7911 -34.0286 89.9028 70.9691 34.0286 95.5773 61.0429 34.0286 95.82909 61.2947 34.2804 95.5773 61.2947 34.0286 95.7553 61.1166 34.174 95.72269 61.14931 34.2066 95.7553 61.2947 34.2066 95.5773 61.1166 34.0286 95.5773 71.0429 34.2804 95.5773 70.7911 34.0286 95.82909 70.7911 34.2066 95.5773 70.9691 34.174 95.72269 70.9365 34.2066 95.7553 70.7911 34.0286 95.7553 70.9691 -34.0286 95.5773 61.0429 -34.2804 95.5773 61.2947 -34.0286 95.82909 61.2947 -34.2066 95.5773 61.1166 -34.174 95.72269 61.14931 -34.2066 95.7553 61.2947 -34.0286 95.7553 61.1166 -34.0286 95.5773 71.0429 -34.0286 95.82909 70.7911 -34.2804 95.5773 70.7911 -34.0286 95.7553 70.9691 -34.174 95.72269 70.9365 -34.2066 95.7553 70.7911 -34.2066 95.5773 70.9691 34.0286 -90.0809 61.0429 34.0286 -89.8291 61.2947 34.2804 -90.0809 61.2947 34.0286 -89.9028 61.1166 34.174 -89.9355 61.14931 34.2066 -89.9028 61.2947 34.2066 -90.0809 61.1166 34.2804 -90.0809 70.7911 34.0286 -89.8291 70.7911 34.0286 -90.0809 71.0429 34.2066 -89.9028 70.7911 34.174 -89.9355 70.9364 34.0286 -89.9028 70.9691 34.2066 -90.0809 70.9691 -34.0286 -90.0809 61.0429 -34.2804 -90.0809 61.2947 -34.0286 -89.8291 61.2947 -34.2066 -90.0809 61.1166 -34.174 -89.9355 61.14931 -34.2066 -89.9028 61.2947 -34.0286 -89.9028 61.1166 -34.0286 -90.0809 71.0429 -34.0286 -89.8291 70.7911 -34.2804 -90.0809 70.7911 -34.0286 -89.9028 70.9691 -34.174 -89.9355 70.9365 -34.2066 -89.9028 70.7911 -34.2066 -90.0809 70.9691 34.0286 -95.5773 61.0429 34.2804 -95.5773 61.2947 34.0286 -95.82909 61.2947 34.2066 -95.5773 61.1166 34.174 -95.72269 61.14931 34.2066 -95.7553 61.2947 34.0286 -95.7553 61.1166 34.0286 -95.5773 71.0429 34.0286 -95.82909 70.7911 34.2804 -95.5773 70.7911 34.0286 -95.7553 70.9691 34.174 -95.72269 70.9365 34.2066 -95.7553 70.7911 34.2066 -95.5773 70.9691 -34.0286 -95.5773 61.0429 -34.0286 -95.82909 61.2947 -34.2804 -95.5773 61.2947 -34.0286 -95.7553 61.1166 -34.174 -95.72269 61.14931 -34.2066 -95.7553 61.2947 -34.2066 -95.5773 61.1166 -34.0286 -95.5773 71.0429 -34.2804 -95.5773 70.7911 -34.0286 -95.82909 70.7911 -34.2066 -95.5773 70.9691 -34.174 -95.72269 70.9365 -34.2066 -95.7553 70.7911 -34.0286 -95.7553 70.9691 -2.6015 0.2244 36.9417 -2.6015 0 37.1661 -2.8259 0.1951 37.1393 -2.6015 0.0657 37.0074 -2.731 0.0885 37.0307 -2.7605 0.0576 37.1518 -2.7605 0.2089 37 -2.8259 7.3242 37.1382 -2.6015 7.5161 36.9417 -2.7602 7.4599 36.9993 2.6015 0.2244 36.9417 2.8259 0.1951 37.1393 2.6015 0 37.1661 2.7605 0.2089 37 2.731 0.0885 37.0307 2.7605 0.0576 37.1518 2.6015 0.0657 37.0074 2.6015 0.2137 44.7029 2.6015 0 44.4101 2.8259 0.1939 44.436 2.6015 0.0626 44.5888 2.731 0.0833 44.5615 2.7605 0.0573 44.4239 2.7598 0.1902 44.6194 2.6015 7.5161 36.9417 2.8259 7.3242 37.1382 2.7602 7.4599 36.9993 -2.6015 0.2137 44.7029 -2.8259 0.1939 44.436 -2.6015 0 44.4101 -2.7598 0.1902 44.6194 -2.731 0.0833 44.5615 -2.7605 0.0573 44.4239 -2.6015 0.0626 44.5888 2.6015 89.81551 64.20091 2.8259 89.5911 64.1614 2.6015 89.60239 63.9065 2.7602 89.7497 64.18121 2.7311 89.72611 64.046 2.7598 89.6114 63.9849 2.6015 89.7531 64.0217 -2.6015 89.81551 64.20091 -2.6015 89.60239 63.9065 -2.8259 89.5911 64.1614 -2.6015 89.7554 64.0154 -2.731 89.7231 64.0482 -2.7602 89.5968 63.9875 -2.7602 89.7474 64.19559 2.8259 89.5881 70.7877 2.6015 89.8125 70.7865 2.6015 89.588 71.012 2.7602 89.7467 70.7869 2.731 89.7176 70.9166 2.6015 89.7467 70.9455 2.7602 89.588 70.9463 2.8259 82.6126 70.8221 2.6015 82.5043 71.047 2.7602 82.536 70.98109 -2.8259 82.6126 70.8221 -2.6015 82.5043 71.047 -2.7602 82.536 70.98109 -2.6015 89.8125 70.7865 -2.8259 89.5881 70.7877 -2.6015 89.588 71.012 -2.7602 89.7467 70.7869 -2.731 89.7176 70.9166 -2.7602 89.588 70.9463 -2.6015 89.7467 70.9455 42.0463 -98.3178 17.9573 42.0463 -98.4252 18.0647 41.9388 -98.3178 18.0647 42.0463 -98.39371 17.9888 41.9843 -98.37981 18.0027 41.9703 -98.39371 18.0647 41.9703 -98.3178 17.9888 42.0463 -98.4252 29.3676 42.0463 -98.3178 29.475 41.9388 -98.3178 29.3676 42.0463 -98.39371 29.4435 41.9843 -98.37981 29.4296 41.9703 -98.3178 29.4435 41.9703 -98.39371 29.3676 42.0463 -96.53271 17.9573 41.9388 -96.53271 18.0647 42.0463 -96.4252 18.0647 41.9703 -96.53271 17.9888 41.9843 -96.4706 18.0027 41.9703 -96.4567 18.0647 42.0463 -96.4567 17.9888 42.0463 -96.53271 29.475 42.0463 -96.4252 29.3676 41.9388 -96.53271 29.3676 42.0463 -96.4567 29.4435 41.9843 -96.4706 29.4296 41.9703 -96.4567 29.3676 41.9703 -96.53271 29.4435 43.8314 -98.3178 17.9573 43.9388 -98.3178 18.0647 43.8314 -98.4252 18.0647 43.9074 -98.3178 17.9888 43.8934 -98.37981 18.0027 43.9074 -98.3938 18.0647 43.8314 -98.3938 17.9888 43.8314 -98.3178 29.475 43.8314 -98.4252 29.3676 43.9388 -98.3178 29.3676 43.8314 -98.39371 29.4435 43.8934 -98.37981 29.4296 43.9074 -98.39371 29.3676 43.9074 -98.3178 29.4435 43.8314 -96.53271 17.9573 43.8314 -96.4252 18.0647 43.9388 -96.53271 18.0647 43.8314 -96.4567 17.9888 43.8934 -96.4706 18.0027 43.9074 -96.4567 18.0647 43.9074 -96.53271 17.9888 43.8314 -96.53271 29.475 43.9388 -96.53271 29.3676 43.8314 -96.4252 29.3676 43.9074 -96.53271 29.4435 43.8934 -96.4706 29.4296 43.9074 -96.4567 29.3676 43.8314 -96.4567 29.4435 -42.0463 -98.3178 17.9573 -41.9388 -98.3178 18.0647 -42.0463 -98.4252 18.0647 -41.9703 -98.3178 17.9888 -41.9843 -98.37981 18.0027 -41.9703 -98.3938 18.0647 -42.0463 -98.3938 17.9888 -42.0463 -98.4252 29.3676 -41.9388 -98.3178 29.3676 -42.0463 -98.3178 29.475 -41.9703 -98.39371 29.3676 -41.9843 -98.37981 29.4296 -41.9703 -98.3178 29.4435 -42.0463 -98.39371 29.4435 -42.0463 -96.53271 17.9573 -42.0463 -96.4252 18.0647 -41.9388 -96.53271 18.0647 -42.0463 -96.4567 17.9888 -41.9843 -96.4706 18.0027 -41.9703 -96.4567 18.0647 -41.9703 -96.53271 17.9888 -42.0463 -96.53271 29.475 -41.9388 -96.53271 29.3676 -42.0463 -96.4252 29.3676 -41.9703 -96.53271 29.4435 -41.9843 -96.4706 29.4296 -41.9703 -96.4567 29.3676 -42.0463 -96.4567 29.4435 -43.8314 -98.3178 17.9573 -43.8314 -98.4252 18.0647 -43.9388 -98.3178 18.0647 -43.8314 -98.39371 17.9888 -43.8934 -98.37981 18.0027 -43.9074 -98.39371 18.0647 -43.9074 -98.3178 17.9888 -43.8314 -98.3178 29.475 -43.9388 -98.3178 29.3676 -43.8314 -98.4252 29.3676 -43.9074 -98.3178 29.4435 -43.8934 -98.37981 29.4296 -43.9074 -98.3938 29.3676 -43.8314 -98.3938 29.4435 -43.8314 -96.53271 17.9573 -43.9388 -96.53271 18.0647 -43.8314 -96.4252 18.0647 -43.9074 -96.53271 17.9888 -43.8934 -96.4706 18.0027 -43.9074 -96.4567 18.0647 -43.8314 -96.4567 17.9888 -43.8314 -96.53271 29.475 -43.8314 -96.4252 29.3676 -43.9388 -96.53271 29.3676 -43.8314 -96.4567 29.4435 -43.8934 -96.4706 29.4296 -43.9074 -96.4567 29.3676 -43.9074 -96.53271 29.4435 42.0463 98.3178 17.9573 41.9388 98.3178 18.0647 42.0463 98.4252 18.0647 41.9703 98.3178 17.9888 41.9843 98.37981 18.0027 41.9703 98.3938 18.0647 42.0463 98.3938 17.9888 42.0463 98.4252 29.3676 41.9388 98.3178 29.3676 42.0463 98.3178 29.475 41.9703 98.39371 29.3676 41.9843 98.37981 29.4296 41.9703 98.3178 29.4435 42.0463 98.39371 29.4435 42.0463 96.53271 17.9573 42.0463 96.4252 18.0647 41.9388 96.53271 18.0647 42.0463 96.4567 17.9888 41.9843 96.4706 18.0027 41.9703 96.4567 18.0647 41.9703 96.53271 17.9888 42.0463 96.53271 29.475 41.9388 96.53271 29.3676 42.0463 96.4252 29.3676 41.9703 96.53271 29.4435 41.9843 96.4706 29.4296 41.9703 96.4567 29.3676 42.0463 96.4567 29.4435 43.8314 98.3178 17.9573 43.8314 98.4252 18.0647 43.9388 98.3178 18.0647 43.8314 98.39371 17.9888 43.8934 98.37981 18.0027 43.9074 98.39371 18.0647 43.9074 98.3178 17.9888 43.8314 98.3178 29.475 43.9388 98.3178 29.3676 43.8314 98.4252 29.3676 43.9074 98.3178 29.4435 43.8934 98.37981 29.4296 43.9074 98.3938 29.3676 43.8314 98.3938 29.4435 43.8314 96.53271 17.9573 43.9388 96.53271 18.0647 43.8314 96.4252 18.0647 43.9074 96.53271 17.9888 43.8934 96.4706 18.0027 43.9074 96.4567 18.0647 43.8314 96.4567 17.9888 43.8314 96.53271 29.475 43.8314 96.4252 29.3676 43.9388 96.53271 29.3676 43.8314 96.4567 29.4435 43.8934 96.4706 29.4296 43.9074 96.4567 29.3676 43.9074 96.53271 29.4435 -42.0463 98.3178 17.9573 -42.0463 98.4252 18.0647 -41.9388 98.3178 18.0647 -42.0463 98.39371 17.9888 -41.9843 98.37981 18.0027 -41.9703 98.39371 18.0647 -41.9703 98.3178 17.9888 -42.0463 98.4252 29.3676 -42.0463 98.3178 29.475 -41.9388 98.3178 29.3676 -42.0463 98.39371 29.4435 -41.9843 98.37981 29.4296 -41.9703 98.3178 29.4435 -41.9703 98.39371 29.3676 -42.0463 96.53271 17.9573 -41.9388 96.53271 18.0647 -42.0463 96.4252 18.0647 -41.9703 96.53271 17.9888 -41.9843 96.4706 18.0027 -41.9703 96.4567 18.0647 -42.0463 96.4567 17.9888 -42.0463 96.53271 29.475 -42.0463 96.4252 29.3676 -41.9388 96.53271 29.3676 -42.0463 96.4567 29.4435 -41.9843 96.4706 29.4296 -41.9703 96.4567 29.3676 -41.9703 96.53271 29.4435 -43.8314 98.3178 17.9573 -43.9388 98.3178 18.0647 -43.8314 98.4252 18.0647 -43.9074 98.3178 17.9888 -43.8934 98.37981 18.0027 -43.9074 98.3938 18.0647 -43.8314 98.3938 17.9888 -43.8314 98.3178 29.475 -43.8314 98.4252 29.3676 -43.9388 98.3178 29.3676 -43.8314 98.39371 29.4435 -43.8934 98.37981 29.4296 -43.9074 98.39371 29.3676 -43.9074 98.3178 29.4435 -43.8314 96.53271 17.9573 -43.8314 96.4252 18.0647 -43.9388 96.53271 18.0647 -43.8314 96.4567 17.9888 -43.8934 96.4706 18.0027 -43.9074 96.4567 18.0647 -43.9074 96.53271 17.9888 -43.8314 96.53271 29.475 -43.9388 96.53271 29.3676 -43.8314 96.4252 29.3676 -43.9074 96.53271 29.4435 -43.8934 96.4706 29.4296 -43.9074 96.4567 29.3676 -43.8314 96.4567 29.4435 -2.8259 -0.2001 37.1444 -2.5957 0 37.1719 -2.5957 -0.2301 36.9417 -2.7588 -0.0591 37.1573 -2.7286 -0.0908 37.033 -2.5957 -0.0674 37.0091 -2.7588 -0.2143 37.0015 2.8259 -0.2001 37.1444 2.5957 -0.2301 36.9417 2.5957 0 37.1719 2.7588 -0.2143 37.0015 2.7286 -0.0908 37.033 2.5957 -0.0674 37.0091 2.7588 -0.0591 37.1573 2.5957 -0.2192 44.7047 2.8259 -0.1989 44.4309 2.5957 0 44.4044 2.7581 -0.1951 44.619 2.7286 -0.0854 44.5596 2.7589 -0.0588 44.4185 2.5957 -0.0642 44.5876 -2.5957 -0.2192 44.7047 -2.5957 0 44.4044 -2.8259 -0.1989 44.4309 -2.5957 -0.0642 44.5876 -2.7286 -0.0854 44.5596 -2.7589 -0.0588 44.4185 -2.7581 -0.1951 44.619 -2.5957 -7.5161 36.9417 -2.8259 -7.3192 37.1433 -2.7585 -7.4584 37.0007 2.8259 -7.3192 37.1433 2.5957 -7.5161 36.9417 2.7585 -7.4584 37.0007 2.5957 -89.81551 64.2066 2.5957 -89.5969 63.90471 2.8259 -89.5853 64.16621 2.5957 -89.75391 64.0164 2.7286 -89.7207 64.05 2.7585 -89.5911 63.9878 2.7585 -89.74571 64.2013 -2.5957 -89.81551 64.2066 -2.8259 -89.5853 64.16621 -2.5957 -89.5969 63.90471 -2.7585 -89.74811 64.1864 -2.7286 -89.7238 64.04781 -2.7581 -89.6061 63.9851 -2.5957 -89.7515 64.0229 2.8259 -89.5823 70.7819 2.5957 -89.5822 71.012 2.5957 -89.8125 70.7808 2.7585 -89.5822 70.9446 2.7286 -89.7151 70.9141 2.5957 -89.745 70.9438 2.7585 -89.7451 70.7811 2.8259 -82.6154 70.8163 2.5957 -82.5043 71.047 2.7585 -82.5368 70.9794 -2.8259 -82.6154 70.8163 -2.5957 -82.5043 71.047 -2.7585 -82.5368 70.9794 -2.5957 -89.8125 70.7808 -2.5957 -89.5822 71.012 -2.8259 -89.5823 70.7819 -2.5957 -89.745 70.9438 -2.7286 -89.7151 70.9141 -2.7585 -89.5822 70.9446 -2.7585 -89.7451 70.7811</float_array>
          <technique_common>
            <accessor source="#Black-POSITION-array" count="1184" stride="3">
              <param name="X" type="float"/>
              <param name="Y" type="float"/>
              <param name="Z" type="float"/>
            </accessor>
          </technique_common>
        </source>
        <source id="Black-Normal0">
          <float_array id="Black-Normal0-array" count="20772">0 0.99447 -0.10505 0 0.99447 -0.10505 0 0.99447 -0.10505 0 0.99447 -0.10505 0 0.99447 -0.10505 0 0.99447 -0.10505 0.92231 -0.38221 -0.05705 0.92231 -0.38221 -0.05705 0.92231 -0.38221 -0.05705 0.92233 -0.38217 -0.05706 0.92233 -0.38217 -0.05706 0.92233 -0.38217 -0.05706 0.99447 0 -0.10505 0.99447 0 -0.10505 0.99447 0 -0.10505 0.99447 0 -0.10505 0.99447 0 -0.10505 0.99447 0 -0.10505 -0.92231 -0.38221 -0.05705 -0.92231 -0.38221 -0.05705 -0.92231 -0.38221 -0.05705 -0.92233 -0.38217 -0.05706 -0.92233 -0.38217 -0.05706 -0.92233 -0.38217 -0.05706 0 0 1 0 0 1 0 0 1 0 0 1 0 0 1 0 0 1 0 0 1 0 0 1 0 0 1 0 0 1 0 0 1 0 0 1 0 0 1 0 0 1 0 0 1 0 0 1 0 0 1 0 0 1 0 0 1 0 0 1 0 0 1 0 0 1 0 0 1 0 0 1 0 0 1 0 0 1 0 0 1 0 0 1 0 0 1 0 0 1 -0.37934 0.9151 -0.13674 -0.37934 0.9151 -0.13674 -0.37934 0.9151 -0.13674 -0.37916 0.91517 -0.13673 -0.37916 0.91517 -0.13673 -0.37916 0.91517 -0.13673 0 0 1 0 0 1 0 0 1 0 0 1 0 0 1 0 0 1 0 0 1 0 0 1 0 0 1 0 0 1 0 0 1 0 0 1 0 0 1 0 0 1 0 0 1 0 0 1 0 0 1 0 0 1 0 0 1 0 0 1 0 0 1 0 0 1 0 0 1 0 0 1 0 0 1 0 0 1 0 0 1 0 0 1 0 0 1 0 0 1 -0.91518 -0.37916 0.13673 -0.91518 -0.37916 0.13673 -0.91518 -0.37916 0.13673 -0.91525 -0.37898 0.13672 -0.91525 -0.37898 0.13672 -0.91525 -0.37898 0.13672 -0.99447 0 -0.10505 -0.99447 0 -0.10505 -0.99447 0 -0.10505 -0.99447 0 -0.10505 -0.99447 0 -0.10505 -0.99447 0 -0.10505 0 0 -1 0 0 -1 0 0 -1 0 0 -1 0 0 -1 0 0 -1 0 0 -1 0 0 -1 0 0 -1 0 0 -1 0 0 -1 0 0 -1 0 0 -1 0 0 -1 0 0 -1 0 0 -1 0 0 -1 0 0 -1 0 0 -1 0 0 -1 0 0 -1 0 0 -1 0 0 -1 0 0 -1 0 0 -1 0 0 -1 0 0 -1 0 0 -1 0 0 -1 0 0 -1 -0.37899 -0.91524 0.13672 -0.37899 -0.91524 0.13672 -0.37899 -0.91524 0.13672 -0.37895 -0.91526 0.13671 -0.37895 -0.91526 0.13671 -0.37895 -0.91526 0.13671 -0.99447 0 0.10505 -0.99447 0 0.10505 -0.99447 0 0.10505 -0.99447 0 0.10505 -0.99447 0 0.10505 -0.99447 0 0.10505 0 0 1 0 0 1 0 0 1 0 0 1 0 0 1 0 0 1 0 0 1 0 0 1 0 0 1 0 0 1 0 0 1 0 0 1 0 0 1 0 0 1 0 0 1 0 0 1 0 0 1 0 0 1 0 0 1 0 0 1 0 0 1 0 0 1 0 0 1 0 0 1 0 0 1 0 0 1 0 0 1 0 0 1 0 0 1 0 0 1 0.91518 0.37916 0.13673 0.91518 0.37916 0.13673 0.91518 0.37916 0.13673 0.91525 0.37898 0.13672 0.91525 0.37898 0.13672 0.91525 0.37898 0.13672 0 0.99447 0.10505 0 0.99447 0.10505 0 0.99447 0.10505 0 0.99447 0.10505 0 0.99447 0.10505 0 0.99447 0.10505 0 0 -1 0 0 -1 0 0 -1 0 0 -1 0 0 -1 0 0 -1 0 0 -1 0 0 -1 0 0 -1 0 0 -1 0 0 -1 0 0 -1 0 0 -1 0 0 -1 0 0 -1 0 0 -1 0 0 -1 0 0 -1 0 0 -1 0 0 -1 0 0 -1 0 0 -1 0 0 -1 0 0 -1 0 0 -1 0 0 -1 0 0 -1 0 0 -1 0 0 -1 0 0 -1 0.37899 0.91524 0.13672 0.37899 0.91524 0.13672 0.37899 0.91524 0.13672 0.37895 0.91526 0.13671 0.37895 0.91526 0.13671 0.37895 0.91526 0.13671 0.99447 0 0.10505 0.99447 0 0.10505 0.99447 0 0.10505 0.99447 0 0.10505 0.99447 0 0.10505 0.99447 0 0.10505 0 -0.99447 -0.10505 0 -0.99447 -0.10505 0 -0.99447 -0.10505 0 -0.99447 -0.10505 0 -0.99447 -0.10505 0 -0.99447 -0.10505 0 0 -1 0 0 -1 0 0 -1 0 0 -1 0 0 -1 0 0 -1 0 0 -1 0 0 -1 0 0 -1 0 0 -1 0 0 -1 0 0 -1 0 0 -1 0 0 -1 0 0 -1 0 0 -1 0 0 -1 0 0 -1 0 0 -1 0 0 -1 0 0 -1 0 0 -1 0 0 -1 0 0 -1 0 0 -1 0 0 -1 0 0 -1 0 0 -1 0 0 -1 0 0 -1 0 0 1 0 0 1 0 0 1 0 0 1 0 0 1 0 0 1 0 0 1 0 0 1 0 0 1 0 0 1 0 0 1 0 0 1 0 0 1 0 0 1 0 0 1 0 0 1 0 0 1 0 0 1 0 0 1 0 0 1 0 0 1 0 0 1 0 0 1 0 0 1 0 0 1 0 0 1 0 0 1 0 0 1 0 0 1 0 0 1 0.37934 -0.9151 -0.13674 0.37934 -0.9151 -0.13674 0.37934 -0.9151 -0.13674 0.37916 -0.91517 -0.13673 0.37916 -0.91517 -0.13673 0.37916 -0.91517 -0.13673 -0.99541 0.03527 0.08901 -0.99541 0.03527 0.08901 -0.99541 0.03527 0.08901 -0.98557 -0.08071 0.14881 -0.98557 -0.08071 0.14881 -0.98557 -0.08071 0.14881 -0.99291 -0.03555 0.11339 -0.99291 -0.03555 0.11339 -0.99291 -0.03555 0.11339 -0.99411 0.03137 0.10371 -0.99411 0.03137 0.10371 -0.99411 0.03137 0.10371 -0.9939 0.03332 0.10509 -0.9939 0.03332 0.10509 -0.9939 0.03332 0.10509 -0.99299 -0.00422 0.11817 -0.99299 -0.00422 0.11817 -0.99299 -0.00422 0.11817 -0.98569 -0.07907 0.14885 -0.98569 -0.07907 0.14885 -0.98569 -0.07907 0.14885 0 0.92392 -0.38259 0 0.92392 -0.38259 0 0.92392 -0.38259 0 0.92392 -0.38259 0 0.92392 -0.38259 0 0.92392 -0.38259 -0.99655 0.00016 0.08301 -0.99655 0.00016 0.08301 -0.99655 0.00016 0.08301 -0.99656 -0.00002 0.08285 -0.99656 -0.00002 0.08285 -0.99656 -0.00002 0.08285 -0.99653 -0.0004 0.08323 -0.99653 -0.0004 0.08323 -0.99653 -0.0004 0.08323 -0.99656 0.00001 0.08289 -0.99656 0.00001 0.08289 -0.99656 0.00001 0.08289 -0.99656 -0.00002 0.08283 -0.99656 -0.00002 0.08283 -0.99656 -0.00002 0.08283 -0.99656 0 0.08287 -0.99656 0 0.08287 -0.99656 0 0.08287 -0.98593 -0.07577 0.14903 -0.98593 -0.07577 0.14903 -0.98593 -0.07577 0.14903 -0.99318 -0.02855 0.11305 -0.99318 -0.02855 0.11305 -0.99318 -0.02855 0.11305 -0.99346 0.04892 0.10317 -0.99346 0.04892 0.10317 -0.99346 0.04892 0.10317 -0.99337 0.04971 0.10362 -0.99337 0.04971 0.10362 -0.99337 0.04971 0.10362 -0.99304 0.00751 0.11754 -0.99304 0.00751 0.11754 -0.99304 0.00751 0.11754 -0.98612 -0.07348 0.14891 -0.98612 -0.07348 0.14891 -0.98612 -0.07348 0.14891 0 0 -1 0 0 -1 0 0 -1 0 0 -1 0 0 -1 0 0 -1 0 -0.92392 0.38258 0 -0.92392 0.38258 0 -0.92392 0.38258 0 -0.92392 0.38258 0 -0.92392 0.38258 0 -0.92392 0.38258 0 0.3826 0.92392 0 0.3826 0.92392 0 0.3826 0.92392 0 0.3826 0.92392 0 0.3826 0.92392 0 0.3826 0.92392 0 0.36987 -0.92908 0 0.36987 -0.92908 0 0.36987 -0.92908 0 0.36987 -0.92908 0 0.36987 -0.92908 0 0.36987 -0.92908 -1 0 0 -1 0 0 -1 0 0 -1 0 0 -1 0 0 -1 0 0 -1 0 0 -1 0 0 -1 0 0 -1 0 0 -1 0 0 -1 0 0 -1 0 0 -1 0 0 -1 0 0 -1 0 0 -1 0 0 -1 0 0 -1 0 0 -1 0 0 -1 0 0 -1 0 0 -1 0 0 -1 0 0 -1 0 0 -1 0 0 -1 0 0 -1 0 0 -1 0 0 -1 0 0 -0.99708 0 0.07637 -0.99708 0 0.07637 -0.99708 0 0.07637 -0.99706 0.00037 0.07662 -0.99706 0.00037 0.07662 -0.99706 0.00037 0.07662 -0.99704 0.00004 0.0769 -0.99704 0.00004 0.0769 -0.99704 0.00004 0.0769 -0.99704 0 0.07694 -0.99704 0 0.07694 -0.99704 0 0.07694 -0.99704 0.00001 0.07694 -0.99704 0.00001 0.07694 -0.99704 0.00001 0.07694 -0.99703 -0.00001 0.07697 -0.99703 -0.00001 0.07697 -0.99703 -0.00001 0.07697 0 -0.38245 -0.92398 0 -0.38245 -0.92398 0 -0.38245 -0.92398 0 -0.38245 -0.92397 0 -0.38245 -0.92398 0 -0.38245 -0.92398 1 0 0 1 0 0 1 0 0 1 0 0 1 0 0 1 0 0 1 0 0 1 0 0 1 0 0 1 0 0 1 0 0 1 0 0 1 0 0 1 0 0 1 0 0 1 0 0 1 0 0 1 0 0 1 0 0 1 0 0 1 0 0 1 0 0 1 0 0 1 0 0 1 0 0 1 0 0 1 0 0 1 0 0 1 0 0 1 0 0 0.9953 0.05385 0.08045 0.9953 0.05385 0.08045 0.9953 0.05385 0.08045 0 0.3826 0.92392 0 0.3826 0.92392 0 0.3826 0.92392 0 0.3826 0.92392 0 0.3826 0.92392 0 0.3826 0.92392 -1 0 0 -1 0 0 -1 0 0 -1 0 0 -1 0 0 -1 0 0 -1 0 0 -1 0 0 -1 0 0 -1 0 0 -1 0 0 -1 0 0 -1 0 0 -1 0 0 -1 0 0 -1 0 0 -1 0 0 -1 0 0 -1 0 0 -1 0 0 -1 0 0 -1 0 0 -1 0 0 -1 0 0 -1 0 0 -1 0 0 -1 0 0 -1 0 0 -1 0 0 -1 0 0 0.99763 0.01563 0.06707 0.99763 0.01563 0.06707 0.99763 0.01563 0.06707 0.99691 -0.01327 0.07743 0.99691 -0.01327 0.07743 0.99691 -0.01327 0.07743 -0.99691 -0.01327 0.07743 -0.99691 -0.01327 0.07743 -0.99691 -0.01327 0.07743 -0.99747 -0.01623 0.06922 -0.99747 -0.01623 0.06922 -0.99747 -0.01623 0.06922 0 0.38256 -0.92393 0 0.38256 -0.92393 0 0.38256 -0.92393 0 0.38256 -0.92393 0 0.38256 -0.92393 0 0.38256 -0.92393 0.99747 -0.01623 0.06922 0.99747 -0.01623 0.06922 0.99747 -0.01623 0.06922 0 0.92392 0.38258 0 0.92392 0.38258 0 0.92392 0.38258 0 0.92392 0.38258 0 0.92392 0.38258 0 0.92392 0.38258 -0.99396 -0.03094 0.10531 -0.99396 -0.03094 0.10531 -0.99396 -0.03094 0.10531 -0.99307 0.03627 0.11179 -0.99307 0.03627 0.11179 -0.99307 0.03627 0.11179 -0.98556 0.08077 0.14883 -0.98556 0.08077 0.14883 -0.98556 0.08077 0.14883 -0.98556 0.08073 0.14882 -0.98556 0.08073 0.14882 -0.98556 0.08073 0.14882 -0.99297 0.00375 0.11831 -0.99297 0.00375 0.11831 -0.99297 0.00375 0.11831 -0.99383 -0.03415 0.10555 -0.99383 -0.03415 0.10555 -0.99383 -0.03415 0.10555 0 0.38245 -0.92398 0 0.38245 -0.92397 0 0.38245 -0.92398 0 0.38245 -0.92398 0 0.38245 -0.92398 0 0.38245 -0.92398 -0.99652 -0.00001 0.08341 -0.99652 -0.00001 0.08341 -0.99652 -0.00001 0.08341 -0.99656 0 0.08284 -0.99656 0 0.08284 -0.99656 0 0.08284 -0.99657 0 0.0827 -0.99657 0 0.0827 -0.99657 0 0.0827 -0.99656 -0.00002 0.08291 -0.99656 -0.00002 0.08291 -0.99656 -0.00002 0.08291 -0.99656 0.00002 0.08283 -0.99656 0.00002 0.08283 -0.99656 0.00002 0.08283 -0.99656 0 0.08288 -0.99656 0 0.08288 -0.99656 0 0.08288 -0.99341 -0.04881 0.1037 -0.99341 -0.04881 0.1037 -0.99341 -0.04881 0.1037 -0.99336 0.02936 0.11121 -0.99336 0.02936 0.11121 -0.99336 0.02936 0.11121 -0.98598 0.07539 0.14889 -0.98598 0.07539 0.14889 -0.98598 0.07539 0.14889 -0.98596 0.07563 0.1489 -0.98596 0.07563 0.1489 -0.98596 0.07563 0.1489 -0.99301 -0.00822 0.11772 -0.99301 -0.00822 0.11772 -0.99301 -0.00822 0.11772 -0.99325 -0.05088 0.10422 -0.99325 -0.05088 0.10422 -0.99325 -0.05088 0.10422 0 -0.92392 -0.38259 0 -0.92392 -0.38259 0 -0.92392 -0.38259 0 -0.92392 -0.38259 0 -0.92392 -0.38259 0 -0.92392 -0.38259 0 0.38245 -0.92397 0 0.38245 -0.92398 0 0.38245 -0.92398 0 0.38245 -0.92398 0 0.38245 -0.92398 0 0.38245 -0.92398 0 -0.8928 -0.45046 0 -0.8928 -0.45046 0 -0.8928 -0.45046 0 -0.8928 -0.45046 0 -0.8928 -0.45046 0 -0.8928 -0.45046 -0.99476 0.04526 0.09166 -0.99476 0.04526 0.09166 -0.99476 0.04526 0.09166 0 0.92392 -0.38259 0 0.92392 -0.38259 0 0.92392 -0.38259 0 0.92392 -0.38259 0 0.92392 -0.38259 0 0.92392 -0.38259 -0.99708 0 0.07637 -0.99708 0 0.07637 -0.99708 0 0.07637 -0.99703 0.00001 0.07697 -0.99703 0.00001 0.07697 -0.99703 0.00001 0.07697 -0.99704 -0.00001 0.07694 -0.99704 -0.00001 0.07694 -0.99704 -0.00001 0.07694 -0.99704 0 0.07694 -0.99704 0 0.07694 -0.99704 0 0.07694 -0.99704 -0.00004 0.0769 -0.99704 -0.00004 0.0769 -0.99704 -0.00004 0.0769 -0.99706 -0.00037 0.07662 -0.99706 -0.00037 0.07662 -0.99706 -0.00037 0.07662 0 0.92392 0.38258 0 0.92392 0.38258 0 0.92392 0.38258 0 0.92392 0.38258 0 0.92392 0.38258 0 0.92392 0.38258 0 -0.92392 -0.38259 0 -0.92392 -0.38259 0 -0.92392 -0.38259 0 -0.92392 -0.38259 0 -0.92392 -0.38259 0 -0.92392 -0.38259 1 0 0 1 0 0 1 0 0 1 0 0 1 0 0 1 0 0 1 0 0 1 0 0 1 0 0 1 0 0 1 0 0 1 0 0 1 0 0 1 0 0 1 0 0 1 0 0 1 0 0 1 0 0 1 0 0 1 0 0 1 0 0 1 0 0 1 0 0 1 0 0 1 0 0 1 0 0 1 0 0 1 0 0 1 0 0 1 0 0 0 -0.9238 0.38287 0 -0.9238 0.38287 0 -0.9238 0.38287 0 -0.9238 0.38287 0 -0.9238 0.38287 0 -0.9238 0.38287 0.99482 0.03658 0.09482 0.99482 0.03658 0.09482 0.99482 0.03658 0.09482 0.9953 -0.05385 0.08045 0.9953 -0.05385 0.08045 0.9953 -0.05385 0.08045 0 0.89276 0.45053 0 0.89276 0.45053 0 0.89276 0.45053 0 0.89276 0.45053 0 0.89276 0.45053 0 0.89276 0.45053 0 0.39369 -0.91924 0 0.39369 -0.91924 0 0.39369 -0.91924 0 0.39369 -0.91924 0 0.39369 -0.91924 0 0.39369 -0.91924 0.99541 -0.03527 0.08901 0.99541 -0.03527 0.08901 0.99541 -0.03527 0.08901 0.99747 0.01623 0.06922 0.99747 0.01623 0.06922 0.99747 0.01623 0.06922 0 -1 0 0 -1 0 0 -1 0 0 -1 0 0 -1 0 0 -1 0 1 0 0 1 0 0 1 0 0 1 0 0 1 0 0 1 0 0 0 0 -1 0 0 -1 0 0 -1 0 0 -1 0 0 -1 0 0 -1 0 0 1 0 0 1 0 0 1 0 0 1 0 0 1 0 0 1 -1 0 0 -1 0 0 -1 0 0 -1 0 0 -1 0 0 -1 0 0 0 1 0 0 1 0 0 1 0 0 1 0 0 1 0 0 1 0 0 -1 0 0 -1 0 0 -1 0 0 -1 0 0 -1 0 0 -1 0 -1 0 0 -1 0 0 -1 0 0 -1 0 0 -1 0 0 -1 0 0 0 0 -1 0 0 -1 0 0 -1 0 0 -1 0 0 -1 0 0 -1 0 0 1 0 0 1 0 0 1 0 0 1 0 0 1 0 0 1 1 0 0 1 0 0 1 0 0 1 0 0 1 0 0 1 0 0 0 1 0 0 1 0 0 1 0 0 1 0 0 1 0 0 1 0 0 1 0 0 1 0 0 1 0 0 1 0 0 1 0 0 1 0 1 0 0 1 0 0 1 0 0 1 0 0 1 0 0 1 0 0 0 0 -1 0 0 -1 0 0 -1 0 0 -1 0 0 -1 0 0 -1 0 0 1 0 0 1 0 0 1 0 0 1 0 0 1 0 0 1 -1 0 0 -1 0 0 -1 0 0 -1 0 0 -1 0 0 -1 0 0 0 -1 0 0 -1 0 0 -1 0 0 -1 0 0 -1 0 0 -1 0 0 1 0 0 1 0 0 1 0 0 1 0 0 1 0 0 1 0 -1 0 0 -1 0 0 -1 0 0 -1 0 0 -1 0 0 -1 0 0 0 0 1 0 0 1 0 0 1 0 0 1 0 0 1 0 0 1 1 0 0 1 0 0 1 0 0 1 0 0 1 0 0 1 0 0 0 -1 0 0 -1 0 0 -1 0 0 -1 0 0 -1 0 0 -1 0 0 -1 0 0 -1 0 0 -1 0 0 -1 0 0 -1 0 0 -1 0 1 0 0 1 0 0 1 0 0 1 0 0 1 0 0 1 0 0 0 0 1 0 0 1 0 0 1 0 0 1 0 0 1 0 0 1 -1 0 0 -1 0 0 -1 0 0 -1 0 0 -1 0 0 -1 0 0 0 1 0 0 1 0 0 1 0 0 1 0 0 1 0 0 1 0 1 0 0 1 0 0 1 0 0 1 0 0 1 0 0 1 0 0 1 0 0 1 0 0 1 0 0 0 0 -1 0 0 -1 0 0 -1 0 0 -1 0 0 -1 0 0 -1 0 0.31209 -0.95005 0 0.31209 -0.95005 0 0.31209 -0.95005 0 0.31209 -0.95005 0 0.31209 -0.95005 0 0.31209 -0.95005 0 -1 0 0 -1 0 0 -1 0 0 -1 0 0 -1 0 0 -1 0 0 1 0.00046 0 1 0.00046 0 1 0.00046 0 1 0.00046 0 1 0.00046 0 1 0.00046 0 0.00494 0.99999 0 0.00494 0.99999 0 0.00494 0.99999 0 0.00494 0.99999 0 0.00494 0.99999 0 0.00494 0.99999 1 0 0 1 0 0 1 0 0 -1 0 0 -1 0 0 -1 0 0 -1 0 0 -1 0 0 -1 0 0 -1 0 0 -1 0 0 -1 0 0 0 -0.30489 0.95239 0 -0.30489 0.95239 0 -0.30489 0.95239 0 -0.30489 0.95239 0 -0.30489 0.95239 0 -0.30489 0.95239 1 0 0 1 0 0 1 0 0 1 0 0 1 0 0 1 0 0 0 1 0 0 1 0 0 1 0 0 1 0 0 1 0 0 1 0 0 0 -1 0 0 -1 0 0 -1 0 0 -1 0 0 -1 0 0 -1 0 0 1 0 0 1 0 0 1 0 0 1 0 0 1 0 0 1 0 -1 0 0 -1 0 0 -1 0 0 -1 0 0 -1 0 0 -1 0 -1 0 0 -1 0 0 -1 0 0 -1 0 0 -1 0 0 -1 0 0 1 0 0 1 0 0 1 0 0 1 0 0 1 0 0 1 0 0 0 -1 0 0 -1 0 0 -1 0 0 -1 0 0 -1 0 0 -1 0 0 0 1 0 0 1 0 0 1 0 0 1 0 0 1 0 0 1 0 1 0 0 1 0 0 1 0 0 1 0 0 1 0 0 1 0 -1 0 0 -1 0 0 -1 0 0 -1 0 0 -1 0 0 -1 0 0 -0.38186 -0.92245 0.0571 -0.38186 -0.92245 0.0571 -0.38186 -0.92245 0.0571 -0.38201 -0.92239 0.05708 -0.38201 -0.92239 0.05708 -0.38201 -0.92239 0.05708 -0.91509 0.37936 -0.13674 -0.91509 0.37936 -0.13674 -0.91509 0.37936 -0.13674 -0.91518 0.37915 -0.13673 -0.91518 0.37915 -0.13673 -0.91518 0.37915 -0.13673 0.91518 -0.37916 0.13673 0.91518 -0.37916 0.13673 0.91518 -0.37916 0.13673 0.91525 -0.37898 0.13671 0.91525 -0.37898 0.13671 0.91525 -0.37898 0.13671 0.38215 0.92234 -0.05706 0.38215 0.92234 -0.05706 0.38215 0.92234 -0.05706 0.38219 0.92232 -0.05706 0.38219 0.92232 -0.05706 0.38219 0.92232 -0.05706 0.92245 0.38187 0.0571 0.92245 0.38187 0.0571 0.92245 0.38187 0.0571 0.92246 0.38186 0.05711 0.92246 0.38186 0.05711 0.92246 0.38186 0.05711 0 -0.99447 0.10505 0 -0.99447 0.10505 0 -0.99447 0.10505 0 -0.99447 0.10505 0 -0.99447 0.10505 0 -0.99447 0.10505 0.99447 0 0.10505 0.99447 0 0.10505 0.99447 0 0.10505 0.99447 0 0.10505 0.99447 0 0.10505 0.99447 0 0.10505 0.37899 -0.91524 0.13672 0.37899 -0.91524 0.13672 0.37899 -0.91524 0.13672 0.37895 -0.91526 0.13671 0.37895 -0.91526 0.13671 0.37895 -0.91526 0.13671 0.38186 -0.92245 0.0571 0.38186 -0.92245 0.0571 0.38186 -0.92245 0.0571 0.38201 -0.92239 0.05708 0.38201 -0.92239 0.05708 0.38201 -0.92239 0.05708 0.37934 0.9151 -0.13674 0.37934 0.9151 -0.13674 0.37934 0.9151 -0.13674 0.37916 0.91517 -0.13673 0.37916 0.91517 -0.13673 0.37916 0.91517 -0.13673 0 0.99447 -0.10505 0 0.99447 -0.10505 0 0.99447 -0.10505 0 0.99447 -0.10505 0 0.99447 -0.10505 0 0.99447 -0.10505 0.91509 0.37936 -0.13674 0.91509 0.37936 -0.13674 0.91509 0.37936 -0.13674 0.91518 0.37915 -0.13672 0.91518 0.37915 -0.13672 0.91518 0.37915 -0.13672 -0.38215 0.92234 -0.05706 -0.38215 0.92234 -0.05706 -0.38215 0.92234 -0.05706 -0.38219 0.92232 -0.05706 -0.38219 0.92232 -0.05706 -0.38219 0.92232 -0.05706 0 0.99447 0.10505 0 0.99447 0.10505 0 0.99447 0.10505 0 0.99447 0.10505 0 0.99447 0.10505 0 0.99447 0.10505 -0.92245 0.38187 0.0571 -0.92245 0.38187 0.0571 -0.92245 0.38187 0.0571 -0.92246 0.38186 0.05711 -0.92246 0.38186 0.05711 -0.92246 0.38186 0.05711 -0.92231 0.38221 -0.05705 -0.92231 0.38221 -0.05705 -0.92231 0.38221 -0.05705 -0.92233 0.38217 -0.05706 -0.92233 0.38217 -0.05706 -0.92233 0.38217 -0.05706 -0.38186 0.92245 0.0571 -0.38186 0.92245 0.0571 -0.38186 0.92245 0.0571 -0.38201 0.92239 0.05708 -0.38201 0.92239 0.05708 -0.38201 0.92239 0.05708 -0.37934 -0.9151 -0.13674 -0.37934 -0.9151 -0.13674 -0.37934 -0.9151 -0.13674 -0.37916 -0.91517 -0.13673 -0.37916 -0.91517 -0.13673 -0.37916 -0.91517 -0.13673 0 -0.99447 -0.10505 0 -0.99447 -0.10505 0 -0.99447 -0.10505 0 -0.99447 -0.10505 0 -0.99447 -0.10505 0 -0.99447 -0.10505 -0.91509 -0.37936 -0.13674 -0.91509 -0.37936 -0.13674 -0.91509 -0.37936 -0.13674 -0.91518 -0.37915 -0.13672 -0.91518 -0.37915 -0.13672 -0.91518 -0.37915 -0.13672 0.38215 -0.92234 -0.05706 0.38215 -0.92234 -0.05706 0.38215 -0.92234 -0.05706 0.38219 -0.92232 -0.05706 0.38219 -0.92232 -0.05706 0.38219 -0.92232 -0.05706 0.99447 0 -0.10505 0.99447 0 -0.10505 0.99447 0 -0.10505 0.99447 0 -0.10505 0.99447 0 -0.10505 0.99447 0 -0.10505 0.92245 -0.38187 0.0571 0.92245 -0.38187 0.0571 0.92245 -0.38187 0.0571 0.92246 -0.38186 0.05711 0.92246 -0.38186 0.05711 0.92246 -0.38186 0.05711 0.38186 0.92245 0.0571 0.38186 0.92245 0.0571 0.38186 0.92245 0.0571 0.38201 0.92239 0.05708 0.38201 0.92239 0.05708 0.38201 0.92239 0.05708 0.92231 0.38221 -0.05705 0.92231 0.38221 -0.05705 0.92231 0.38221 -0.05705 0.92233 0.38217 -0.05706 0.92233 0.38217 -0.05706 0.92233 0.38217 -0.05706 0.91509 -0.37936 -0.13674 0.91509 -0.37936 -0.13674 0.91509 -0.37936 -0.13674 0.91518 -0.37915 -0.13673 0.91518 -0.37915 -0.13673 0.91518 -0.37915 -0.13673 -0.91518 0.37916 0.13673 -0.91518 0.37916 0.13673 -0.91518 0.37916 0.13673 -0.91525 0.37898 0.13671 -0.91525 0.37898 0.13671 -0.91525 0.37898 0.13671 -0.38215 -0.92234 -0.05706 -0.38215 -0.92234 -0.05706 -0.38215 -0.92234 -0.05706 -0.38219 -0.92232 -0.05706 -0.38219 -0.92232 -0.05706 -0.38219 -0.92232 -0.05706 -0.92245 -0.38187 0.0571 -0.92245 -0.38187 0.0571 -0.92245 -0.38187 0.0571 -0.92246 -0.38186 0.05711 -0.92246 -0.38186 0.05711 -0.92246 -0.38186 0.05711 -0.99447 0 0.10505 -0.99447 0 0.10505 -0.99447 0 0.10505 -0.99447 0 0.10505 -0.99447 0 0.10505 -0.99447 0 0.10505 -0.37899 0.91524 0.13672 -0.37899 0.91524 0.13672 -0.37899 0.91524 0.13672 -0.37895 0.91526 0.13671 -0.37895 0.91526 0.13671 -0.37895 0.91526 0.13671 0 -0.99447 0.10505 0 -0.99447 0.10505 0 -0.99447 0.10505 0 -0.99447 0.10505 0 -0.99447 0.10505 0 -0.99447 0.10505 -0.14277 -0.34535 0.92755 -0.14277 -0.34535 0.92755 -0.14277 -0.34535 0.92755 -0.14294 -0.34498 0.92766 -0.14294 -0.34498 0.92766 -0.14294 -0.34498 0.92766 -0.34592 -0.83489 0.42813 -0.34592 -0.83489 0.42813 -0.34592 -0.83489 0.42813 -0.34582 -0.83502 0.42797 -0.34582 -0.83502 0.42797 -0.34582 -0.83502 0.42797 -0.35932 -0.14856 0.92131 -0.35932 -0.14856 0.92131 -0.35932 -0.14856 0.92131 -0.35939 -0.14885 0.92124 -0.35939 -0.14885 0.92124 -0.35939 -0.14885 0.92124 -0.8694 -0.36007 0.33836 -0.8694 -0.36007 0.33836 -0.8694 -0.36007 0.33836 -0.8694 -0.36024 0.33818 -0.8694 -0.36024 0.33818 -0.8694 -0.36024 0.33818 -0.15323 0.36987 0.91636 -0.15323 0.36987 0.91636 -0.15323 0.36987 0.91636 -0.15281 0.36974 0.91648 -0.15281 0.36974 0.91648 -0.15281 0.36974 0.91648 -0.36865 0.88995 0.26851 -0.36865 0.88995 0.26851 -0.36865 0.88995 0.26851 -0.36878 0.88994 0.26834 -0.36878 0.88994 0.26834 -0.36878 0.88994 0.26834 -0.36971 0.15299 0.91646 -0.36971 0.15299 0.91646 -0.36971 0.15299 0.91646 -0.36995 0.15289 0.91639 -0.36995 0.15289 0.91639 -0.36995 0.15289 0.91639 -0.89 0.36866 0.26833 -0.89 0.36866 0.26833 -0.89 0.36866 0.26833 -0.88989 0.36878 0.26853 -0.88989 0.36878 0.26853 -0.88989 0.36878 0.26853 0.34497 0.14303 0.92765 0.34497 0.14303 0.92765 0.34497 0.14303 0.92765 0.34494 0.14293 0.92768 0.34494 0.14293 0.92768 0.34494 0.14293 0.92768 0.83504 0.34601 0.42776 0.83504 0.34601 0.42776 0.83504 0.34601 0.42776 0.83499 0.34566 0.42815 0.83499 0.34566 0.42815 0.83499 0.34566 0.42815 0.14887 0.35906 0.92137 0.14887 0.35906 0.92137 0.14887 0.35906 0.92137 0.1488 0.35925 0.92131 0.1488 0.35925 0.92131 0.1488 0.35925 0.92131 0.36012 0.86946 0.33815 0.36012 0.86946 0.33815 0.36012 0.86946 0.33815 0.3602 0.86937 0.33832 0.3602 0.86937 0.33832 0.3602 0.86937 0.33832 0.13887 -0.33566 0.93169 0.13887 -0.33566 0.93169 0.13887 -0.33566 0.93169 0.13858 -0.33559 0.93176 0.13858 -0.33559 0.93176 0.13858 -0.33559 0.93176 0.33442 -0.80799 0.48509 0.33442 -0.80799 0.48509 0.33442 -0.80799 0.48509 0.33446 -0.808 0.48506 0.33446 -0.808 0.48506 0.33446 -0.808 0.48506 0.33521 -0.13886 0.93185 0.33521 -0.13886 0.93185 0.33521 -0.13886 0.93185 0.33572 -0.13863 0.93171 0.33572 -0.13863 0.93171 0.33572 -0.13863 0.93171 0.8081 -0.33448 0.48487 0.8081 -0.33448 0.48487 0.8081 -0.33448 0.48487 0.80792 -0.3346 0.48509 0.80792 -0.3346 0.48509 0.80792 -0.3346 0.48509 0.35957 -0.14866 0.9212 0.35957 -0.14866 0.9212 0.35957 -0.14866 0.9212 0.35926 -0.14879 0.9213 0.35926 -0.14879 0.9213 0.35926 -0.14879 0.9213 0.86948 -0.3601 0.33814 0.86948 -0.3601 0.33814 0.86948 -0.3601 0.33814 0.86934 -0.36022 0.33836 0.86934 -0.36022 0.33836 0.86934 -0.36022 0.33836 0.14264 -0.34504 0.92769 0.14264 -0.34504 0.92769 0.14264 -0.34504 0.92769 0.14301 -0.34515 0.92759 0.14301 -0.34515 0.92759 0.14301 -0.34515 0.92759 0.34596 -0.83497 0.42794 0.34596 -0.83497 0.42794 0.34596 -0.83497 0.42794 0.34579 -0.83495 0.42812 0.34579 -0.83495 0.42812 0.34579 -0.83495 0.42812 0.36991 0.15307 0.91637 0.36991 0.15307 0.91637 0.36991 0.15307 0.91637 0.36984 0.15284 0.91644 0.36984 0.15284 0.91644 0.36984 0.15284 0.91644 0.88994 0.36863 0.26855 0.88994 0.36863 0.26855 0.88994 0.36863 0.26855 0.88993 0.36879 0.26834 0.88993 0.36879 0.26834 0.88993 0.36879 0.26834 0.15308 0.3695 0.91654 0.15308 0.3695 0.91654 0.15308 0.3695 0.91654 0.15289 0.36994 0.91639 0.15289 0.36994 0.91639 0.15289 0.36994 0.91639 0.36867 0.88999 0.26833 0.36867 0.88999 0.26833 0.36867 0.88999 0.26833 0.36876 0.8899 0.26849 0.36876 0.8899 0.26849 0.36876 0.8899 0.26849 -0.14894 0.35921 0.9213 -0.14894 0.35921 0.9213 -0.14894 0.35921 0.9213 -0.14876 0.35917 0.92134 -0.14876 0.35917 0.92134 -0.14876 0.35917 0.92134 -0.3601 0.86941 0.33831 -0.3601 0.86941 0.33831 -0.3601 0.86941 0.33831 -0.36022 0.86941 0.33819 -0.36022 0.86941 0.33819 -0.36022 0.86941 0.33819 -0.34488 0.143 0.92769 -0.34488 0.143 0.92769 -0.34488 0.143 0.92769 -0.34498 0.14295 0.92766 -0.34498 0.14295 0.92766 -0.34498 0.14295 0.92766 -0.83487 0.34594 0.42816 -0.83487 0.34594 0.42816 -0.83487 0.34594 0.42816 -0.83513 0.34572 0.42782 -0.83513 0.34572 0.42782 -0.83513 0.34572 0.42782 -0.33562 -0.13903 0.93168 -0.33562 -0.13903 0.93168 -0.33562 -0.13903 0.93168 -0.3355 -0.13855 0.9318 -0.3355 -0.13855 0.9318 -0.3355 -0.13855 0.9318 -0.80799 -0.33443 0.48509 -0.80799 -0.33443 0.48509 -0.80799 -0.33443 0.48509 -0.80801 -0.33464 0.48491 -0.80801 -0.33464 0.48491 -0.80801 -0.33464 0.48491 -0.13877 -0.33541 0.9318 -0.13877 -0.33541 0.9318 -0.13877 -0.33541 0.9318 -0.13863 -0.33572 0.93171 -0.13863 -0.33572 0.93171 -0.13863 -0.33572 0.93171 -0.33443 -0.80801 0.48505 -0.33443 -0.80801 0.48505 -0.33443 -0.80801 0.48505 -0.33445 -0.80798 0.48509 -0.33445 -0.80798 0.48509 -0.33445 -0.80798 0.48509 -0.35957 0.14866 0.9212 -0.35957 0.14866 0.9212 -0.35957 0.14866 0.9212 -0.35926 0.14879 0.9213 -0.35926 0.14879 0.9213 -0.35926 0.14879 0.9213 -0.86948 0.3601 0.33814 -0.86948 0.3601 0.33814 -0.86948 0.3601 0.33814 -0.86934 0.36022 0.33836 -0.86934 0.36022 0.33836 -0.86934 0.36022 0.33836 -0.14264 0.34504 0.92769 -0.14264 0.34504 0.92769 -0.14264 0.34504 0.92769 -0.14301 0.34515 0.92759 -0.14301 0.34515 0.92759 -0.14301 0.34515 0.92759 -0.34596 0.83497 0.42794 -0.34596 0.83497 0.42794 -0.34596 0.83497 0.42794 -0.34579 0.83495 0.42812 -0.34579 0.83495 0.42812 -0.34579 0.83495 0.42812 -0.36991 -0.15307 0.91637 -0.36991 -0.15307 0.91637 -0.36991 -0.15307 0.91637 -0.36984 -0.15284 0.91644 -0.36984 -0.15284 0.91644 -0.36984 -0.15284 0.91644 -0.88994 -0.36863 0.26855 -0.88994 -0.36863 0.26855 -0.88994 -0.36863 0.26855 -0.88993 -0.36879 0.26834 -0.88993 -0.36879 0.26834 -0.88993 -0.36879 0.26834 -0.15308 -0.3695 0.91654 -0.15308 -0.3695 0.91654 -0.15308 -0.3695 0.91654 -0.15289 -0.36994 0.91639 -0.15289 -0.36994 0.91639 -0.15289 -0.36994 0.91639 -0.36867 -0.88999 0.26833 -0.36867 -0.88999 0.26833 -0.36867 -0.88999 0.26833 -0.36876 -0.8899 0.26849 -0.36876 -0.8899 0.26849 -0.36876 -0.8899 0.26849 0.14894 -0.35921 0.9213 0.14894 -0.35921 0.9213 0.14894 -0.35921 0.9213 0.14876 -0.35917 0.92134 0.14876 -0.35917 0.92134 0.14876 -0.35917 0.92134 0.3601 -0.86941 0.33831 0.3601 -0.86941 0.33831 0.3601 -0.86941 0.33831 0.36022 -0.86941 0.33819 0.36022 -0.86941 0.33819 0.36022 -0.86941 0.33819 0.34488 -0.143 0.92769 0.34488 -0.143 0.92769 0.34488 -0.143 0.92769 0.34498 -0.14295 0.92766 0.34498 -0.14295 0.92766 0.34498 -0.14295 0.92766 0.83487 -0.34594 0.42816 0.83487 -0.34594 0.42816 0.83487 -0.34594 0.42816 0.83513 -0.34572 0.42782 0.83513 -0.34572 0.42782 0.83513 -0.34572 0.42782 0.33562 0.13903 0.93168 0.33562 0.13903 0.93168 0.33562 0.13903 0.93168 0.3355 0.13855 0.9318 0.3355 0.13855 0.9318 0.3355 0.13855 0.9318 0.80799 0.33443 0.48509 0.80799 0.33443 0.48509 0.80799 0.33443 0.48509 0.80801 0.33464 0.48491 0.80801 0.33464 0.48491 0.80801 0.33464 0.48491 0.13877 0.33541 0.9318 0.13877 0.33541 0.9318 0.13877 0.33541 0.9318 0.13863 0.33572 0.93171 0.13863 0.33572 0.93171 0.13863 0.33572 0.93171 0.33443 0.80801 0.48505 0.33443 0.80801 0.48505 0.33443 0.80801 0.48505 0.33445 0.80798 0.48509 0.33445 0.80798 0.48509 0.33445 0.80798 0.48509 0.14277 0.34535 0.92755 0.14277 0.34535 0.92755 0.14277 0.34535 0.92755 0.14294 0.34498 0.92766 0.14294 0.34498 0.92766 0.14294 0.34498 0.92766 0.34592 0.83489 0.42813 0.34592 0.83489 0.42813 0.34592 0.83489 0.42813 0.34582 0.83502 0.42797 0.34582 0.83502 0.42797 0.34582 0.83502 0.42797 0.35932 0.14856 0.92131 0.35932 0.14856 0.92131 0.35932 0.14856 0.92131 0.35939 0.14885 0.92124 0.35939 0.14885 0.92124 0.35939 0.14885 0.92124 0.8694 0.36007 0.33836 0.8694 0.36007 0.33836 0.8694 0.36007 0.33836 0.8694 0.36024 0.33818 0.8694 0.36024 0.33818 0.8694 0.36024 0.33818 0.15323 -0.36987 0.91636 0.15323 -0.36987 0.91636 0.15323 -0.36987 0.91636 0.15281 -0.36974 0.91648 0.15281 -0.36974 0.91648 0.15281 -0.36974 0.91648 0.36865 -0.88995 0.26851 0.36865 -0.88995 0.26851 0.36865 -0.88995 0.26851 0.36878 -0.88994 0.26834 0.36878 -0.88994 0.26834 0.36878 -0.88994 0.26834 0.36971 -0.15299 0.91646 0.36971 -0.15299 0.91646 0.36971 -0.15299 0.91646 0.36995 -0.15289 0.91639 0.36995 -0.15289 0.91639 0.36995 -0.15289 0.91639 0.89 -0.36866 0.26833 0.89 -0.36866 0.26833 0.89 -0.36866 0.26833 0.88989 -0.36878 0.26853 0.88989 -0.36878 0.26853 0.88989 -0.36878 0.26853 -0.34497 -0.14303 0.92765 -0.34497 -0.14303 0.92765 -0.34497 -0.14303 0.92765 -0.34494 -0.14293 0.92768 -0.34494 -0.14293 0.92768 -0.34494 -0.14293 0.92768 -0.83504 -0.34601 0.42776 -0.83504 -0.34601 0.42776 -0.83504 -0.34601 0.42776 -0.83499 -0.34566 0.42815 -0.83499 -0.34566 0.42815 -0.83499 -0.34566 0.42815 -0.14887 -0.35906 0.92137 -0.14887 -0.35906 0.92137 -0.14887 -0.35906 0.92137 -0.1488 -0.35925 0.92131 -0.1488 -0.35925 0.92131 -0.1488 -0.35925 0.92131 -0.36012 -0.86946 0.33815 -0.36012 -0.86946 0.33815 -0.36012 -0.86946 0.33815 -0.3602 -0.86937 0.33832 -0.3602 -0.86937 0.33832 -0.3602 -0.86937 0.33832 -0.13887 0.33566 0.93169 -0.13887 0.33566 0.93169 -0.13887 0.33566 0.93169 -0.13858 0.33559 0.93176 -0.13858 0.33559 0.93176 -0.13858 0.33559 0.93176 -0.33442 0.80799 0.48509 -0.33442 0.80799 0.48509 -0.33442 0.80799 0.48509 -0.33446 0.808 0.48506 -0.33446 0.808 0.48506 -0.33446 0.808 0.48506 -0.33521 0.13886 0.93185 -0.33521 0.13886 0.93185 -0.33521 0.13886 0.93185 -0.33572 0.13863 0.93171 -0.33572 0.13863 0.93171 -0.33572 0.13863 0.93171 -0.8081 0.33448 0.48487 -0.8081 0.33448 0.48487 -0.8081 0.33448 0.48487 -0.80792 0.3346 0.48509 -0.80792 0.3346 0.48509 -0.80792 0.3346 0.48509 -0.39566 0 0.91839 -0.39566 0 0.91839 -0.39566 0 0.91839 -0.39566 0 0.91839 -0.39566 0 0.91839 -0.39566 0 0.91839 -0.95489 0 0.29697 -0.95489 0 0.29697 -0.95489 0 0.29697 -0.95484 0 0.29711 -0.95484 0 0.29711 -0.95484 0 0.29711 0 -0.36725 0.93012 0 -0.36725 0.93012 0 -0.36725 0.93012 0 -0.36725 0.93012 0 -0.36725 0.93012 0 -0.36725 0.93012 0 -0.88641 0.4629 0 -0.88641 0.4629 0 -0.88641 0.4629 -0.00001 -0.88652 0.4627 -0.00001 -0.88652 0.4627 -0.00001 -0.88652 0.4627 0.88642 0.00001 0.46288 0.88642 0.00001 0.46288 0.88642 0.00001 0.46288 0.88652 0 0.46269 0.88652 0 0.46269 0.88652 0 0.46269 0.36725 0 0.93012 0.36725 0 0.93012 0.36725 0 0.93012 0.36725 0 0.93012 0.36725 0 0.93012 0.36725 0 0.93012 0 0.9549 0.29693 0 0.9549 0.29693 0 0.9549 0.29693 0 0.95485 0.29708 0 0.95485 0.29708 0 0.95485 0.29708 0 0.39565 0.9184 0 0.39565 0.9184 0 0.39565 0.9184 0 0.39565 0.9184 0 0.39565 0.9184 0 0.39565 0.9184 0.39566 0 0.91839 0.39566 0 0.91839 0.39566 0 0.91839 0.39566 0 0.91839 0.39566 0 0.91839 0.39566 0 0.91839 0.95484 0 0.29711 0.95484 0 0.29711 0.95484 0 0.29711 0.95489 0 0.29697 0.95489 0 0.29697 0.95489 0 0.29697 0 -0.36725 0.93012 0 -0.36725 0.93012 0 -0.36725 0.93012 0 -0.36725 0.93012 0 -0.36725 0.93012 0 -0.36725 0.93012 0 -0.88652 0.4627 0 -0.88652 0.4627 0 -0.88652 0.4627 0.00001 -0.88641 0.46289 0.00001 -0.88641 0.46289 0.00001 -0.88641 0.46289 0 0.95485 0.29708 0 0.95485 0.29708 0 0.95485 0.29708 0 0.9549 0.29693 0 0.9549 0.29693 0 0.9549 0.29693 0 0.39565 0.9184 0 0.39565 0.9184 0 0.39565 0.9184 0 0.39565 0.9184 0 0.39565 0.9184 0 0.39565 0.9184 -0.88652 0.00001 0.46269 -0.88652 0.00001 0.46269 -0.88652 0.00001 0.46269 -0.88642 0 0.46288 -0.88642 0 0.46288 -0.88642 0 0.46288 -0.36725 0 0.93012 -0.36725 0 0.93012 -0.36725 0 0.93012 -0.36725 0 0.93012 -0.36725 0 0.93012 -0.36725 0 0.93012 -0.39566 0 0.91839 -0.39566 0 0.91839 -0.39566 0 0.91839 -0.39566 0 0.91839 -0.39566 0 0.91839 -0.39566 0 0.91839 -0.95484 0 0.29711 -0.95484 0 0.29711 -0.95484 0 0.29711 -0.95489 0 0.29697 -0.95489 0 0.29697 -0.95489 0 0.29697 0 0.36725 0.93012 0 0.36725 0.93012 0 0.36725 0.93012 0 0.36725 0.93012 0 0.36725 0.93012 0 0.36725 0.93012 0 0.88652 0.4627 0 0.88652 0.4627 0 0.88652 0.4627 -0.00001 0.88641 0.46289 -0.00001 0.88641 0.46289 -0.00001 0.88641 0.46289 0 -0.95485 0.29708 0 -0.95485 0.29708 0 -0.95485 0.29708 0 -0.9549 0.29693 0 -0.9549 0.29693 0 -0.9549 0.29693 0 -0.39565 0.9184 0 -0.39565 0.9184 0 -0.39565 0.9184 0 -0.39565 0.9184 0 -0.39565 0.9184 0 -0.39565 0.9184 0.88652 -0.00001 0.46269 0.88652 -0.00001 0.46269 0.88652 -0.00001 0.46269 0.88642 0 0.46288 0.88642 0 0.46288 0.88642 0 0.46288 0.36725 0 0.93012 0.36725 0 0.93012 0.36725 0 0.93012 0.36725 0 0.93012 0.36725 0 0.93012 0.36725 0 0.93012 0.39566 0 0.91839 0.39566 0 0.91839 0.39566 0 0.91839 0.39566 0 0.91839 0.39566 0 0.91839 0.39566 0 0.91839 0.95489 0 0.29697 0.95489 0 0.29697 0.95489 0 0.29697 0.95484 0 0.29711 0.95484 0 0.29711 0.95484 0 0.29711 0 0.36725 0.93012 0 0.36725 0.93012 0 0.36725 0.93012 0 0.36725 0.93012 0 0.36725 0.93012 0 0.36725 0.93012 0 0.88641 0.4629 0 0.88641 0.4629 0 0.88641 0.4629 0.00001 0.88652 0.4627 0.00001 0.88652 0.4627 0.00001 0.88652 0.4627 -0.88642 -0.00001 0.46288 -0.88642 -0.00001 0.46288 -0.88642 -0.00001 0.46288 -0.88652 0 0.46269 -0.88652 0 0.46269 -0.88652 0 0.46269 -0.36725 0 0.93012 -0.36725 0 0.93012 -0.36725 0 0.93012 -0.36725 0 0.93012 -0.36725 0 0.93012 -0.36725 0 0.93012 0 -0.9549 0.29693 0 -0.9549 0.29693 0 -0.9549 0.29693 0 -0.95485 0.29708 0 -0.95485 0.29708 0 -0.95485 0.29708 0 -0.39565 0.9184 0 -0.39565 0.9184 0 -0.39565 0.9184 0 -0.39565 0.9184 0 -0.39565 0.9184 0 -0.39565 0.9184 -0.99447 0 -0.10505 -0.99447 0 -0.10505 -0.99447 0 -0.10505 -0.99447 0 -0.10505 -0.99447 0 -0.10505 -0.99447 0 -0.10505 -0.14875 -0.3589 -0.92145 -0.14875 -0.3589 -0.92145 -0.14875 -0.3589 -0.92145 -0.14865 -0.35885 -0.92148 -0.14865 -0.35885 -0.92148 -0.14865 -0.35885 -0.92148 -0.36023 -0.86961 -0.33765 -0.36023 -0.86961 -0.33765 -0.36023 -0.86961 -0.33765 -0.36013 -0.8696 -0.33779 -0.36013 -0.8696 -0.33779 -0.36013 -0.8696 -0.33779 -0.3446 -0.14281 -0.92782 -0.3446 -0.14281 -0.92782 -0.3446 -0.14281 -0.92782 -0.34487 -0.14274 -0.92773 -0.34487 -0.14274 -0.92773 -0.34487 -0.14274 -0.92773 -0.83533 -0.34573 -0.42743 -0.83533 -0.34572 -0.42743 -0.83533 -0.34573 -0.42743 -0.83477 -0.34608 -0.42824 -0.83477 -0.34608 -0.42824 -0.83477 -0.34608 -0.42824 -0.13901 0.3354 -0.93176 -0.13901 0.3354 -0.93176 -0.13901 0.3354 -0.93176 -0.13901 0.33539 -0.93177 -0.13901 0.33539 -0.93177 -0.13901 0.33539 -0.93177 -0.33478 0.80769 -0.48534 -0.33478 0.80769 -0.48534 -0.33478 0.80769 -0.48534 -0.33462 0.808 -0.48493 -0.33462 0.808 -0.48493 -0.33462 0.808 -0.48493 -0.33538 0.13899 -0.93178 -0.33538 0.13899 -0.93178 -0.33538 0.13899 -0.93178 -0.33539 0.13903 -0.93176 -0.33539 0.13903 -0.93176 -0.33539 0.13903 -0.93176 -0.80791 0.33489 -0.4849 -0.80791 0.33489 -0.4849 -0.80791 0.33489 -0.4849 -0.80781 0.33454 -0.4853 -0.80781 0.33454 -0.4853 -0.80781 0.33454 -0.4853 0.35882 0.14871 -0.92148 0.35882 0.14871 -0.92148 0.35882 0.14871 -0.92148 0.35886 0.1487 -0.92147 0.35886 0.1487 -0.92147 0.35886 0.1487 -0.92147 0.86947 0.36028 -0.33796 0.86947 0.36028 -0.33796 0.86947 0.36028 -0.33796 0.86967 0.36015 -0.33759 0.86967 0.36015 -0.33759 0.86967 0.36015 -0.33759 0.14293 0.34485 -0.92771 0.14293 0.34485 -0.92771 0.14293 0.34485 -0.92771 0.14269 0.34472 -0.9278 0.14269 0.34472 -0.9278 0.14269 0.34472 -0.9278 0.3456 0.83493 -0.4283 0.3456 0.83493 -0.4283 0.3456 0.83493 -0.4283 0.34618 0.8351 -0.42752 0.34618 0.8351 -0.42752 0.34618 0.8351 -0.42752 0.15315 -0.36951 -0.91652 0.15315 -0.36951 -0.91652 0.15315 -0.36951 -0.91652 0.15312 -0.36964 -0.91647 0.15312 -0.36964 -0.91647 0.15312 -0.36964 -0.91647 0.36865 -0.88992 -0.26857 0.36865 -0.88992 -0.26857 0.36865 -0.88992 -0.26857 0.36842 -0.89019 -0.26801 0.36842 -0.89019 -0.26801 0.36842 -0.89019 -0.26801 0.36959 -0.15318 -0.91648 0.36959 -0.15318 -0.91648 0.36959 -0.15318 -0.91648 0.36956 -0.15312 -0.91651 0.36956 -0.15312 -0.91651 0.36956 -0.15312 -0.91651 0.89005 -0.36878 -0.26797 0.89005 -0.36878 -0.26797 0.89005 -0.36878 -0.26797 0.89002 -0.36838 -0.2686 0.89002 -0.36838 -0.2686 0.89002 -0.36838 -0.2686 0.34484 -0.14291 -0.92772 0.34484 -0.14291 -0.92772 0.34484 -0.14291 -0.92772 0.34471 -0.14267 -0.9278 0.34471 -0.14267 -0.9278 0.34471 -0.14267 -0.9278 0.83494 -0.34556 -0.42833 0.83494 -0.34556 -0.42833 0.83494 -0.34556 -0.42833 0.83512 -0.34622 -0.42744 0.83512 -0.34622 -0.42744 0.83512 -0.34622 -0.42744 0.14871 -0.35879 -0.92149 0.14871 -0.35879 -0.92149 0.14871 -0.35879 -0.92149 0.14868 -0.35892 -0.92145 0.14868 -0.35892 -0.92145 0.14868 -0.35892 -0.92145 0.36021 -0.86956 -0.33781 0.36021 -0.86956 -0.33781 0.36021 -0.86956 -0.33781 0.36015 -0.86965 -0.33764 0.36015 -0.86965 -0.33764 0.36015 -0.86965 -0.33764 0.33542 0.139 -0.93176 0.33542 0.139 -0.93176 0.33542 0.139 -0.93176 0.33537 0.13902 -0.93177 0.33537 0.13902 -0.93177 0.33537 0.13902 -0.93177 0.80768 0.33479 -0.48536 0.80768 0.33479 -0.48536 0.80768 0.33479 -0.48536 0.80802 0.33462 -0.4849 0.80802 0.33462 -0.4849 0.80802 0.33462 -0.4849 0.13901 0.33539 -0.93177 0.13901 0.33539 -0.93177 0.13901 0.33539 -0.93177 0.13902 0.3354 -0.93176 0.13902 0.3354 -0.93176 0.13902 0.3354 -0.93176 0.33487 0.8079 -0.48492 0.33487 0.8079 -0.48492 0.33487 0.8079 -0.48492 0.33454 0.80782 -0.4853 0.33454 0.80782 -0.4853 0.33454 0.80782 -0.4853 -0.14283 0.34461 -0.92782 -0.14283 0.34461 -0.92782 -0.14283 0.34461 -0.92782 -0.14276 0.34488 -0.92773 -0.14276 0.34488 -0.92773 -0.14276 0.34488 -0.92773 -0.34575 0.83529 -0.4275 -0.34575 0.83529 -0.4275 -0.34575 0.83529 -0.4275 -0.34606 0.83479 -0.42822 -0.34606 0.83479 -0.42822 -0.34606 0.83479 -0.42822 -0.35886 0.14873 -0.92147 -0.35886 0.14873 -0.92147 -0.35886 0.14873 -0.92147 -0.35884 0.14869 -0.92148 -0.35884 0.14869 -0.92148 -0.35884 0.14869 -0.92148 -0.86959 0.36033 -0.3376 -0.86959 0.36033 -0.3376 -0.86959 0.36033 -0.3376 -0.86956 0.36011 -0.33791 -0.86956 0.36011 -0.33791 -0.86956 0.36011 -0.33791 -0.36953 -0.15315 -0.91651 -0.36953 -0.15315 -0.91651 -0.36953 -0.15315 -0.91651 -0.3696 -0.15313 -0.91649 -0.3696 -0.15313 -0.91649 -0.3696 -0.15313 -0.91649 -0.88988 -0.3687 -0.26864 -0.88988 -0.3687 -0.26864 -0.88988 -0.3687 -0.26864 -0.89018 -0.36845 -0.26802 -0.89018 -0.36845 -0.26802 -0.89018 -0.36845 -0.26802 -0.1532 -0.36962 -0.91646 -0.1532 -0.36962 -0.91646 -0.1532 -0.36962 -0.91646 -0.15309 -0.36957 -0.91651 -0.15309 -0.36957 -0.91651 -0.15309 -0.36957 -0.91651 -0.36872 -0.89008 -0.26797 -0.36872 -0.89008 -0.26797 -0.36872 -0.89008 -0.26797 -0.36837 -0.89005 -0.26854 -0.36837 -0.89005 -0.26854 -0.36837 -0.89005 -0.26854 -0.34484 0.14291 -0.92772 -0.34484 0.14291 -0.92772 -0.34484 0.14291 -0.92772 -0.34471 0.14267 -0.9278 -0.34471 0.14267 -0.9278 -0.34471 0.14267 -0.9278 -0.83494 0.34556 -0.42833 -0.83494 0.34556 -0.42833 -0.83494 0.34556 -0.42833 -0.83512 0.34622 -0.42744 -0.83512 0.34622 -0.42744 -0.83512 0.34622 -0.42744 -0.14871 0.35879 -0.92149 -0.14871 0.35879 -0.92149 -0.14871 0.35879 -0.92149 -0.14868 0.35892 -0.92145 -0.14868 0.35892 -0.92145 -0.14868 0.35892 -0.92145 -0.36021 0.86956 -0.33781 -0.36021 0.86956 -0.33781 -0.36021 0.86956 -0.33781 -0.36015 0.86965 -0.33764 -0.36015 0.86965 -0.33764 -0.36015 0.86965 -0.33764 -0.33542 -0.139 -0.93176 -0.33542 -0.139 -0.93176 -0.33542 -0.139 -0.93176 -0.33537 -0.13902 -0.93177 -0.33537 -0.13902 -0.93177 -0.33537 -0.13902 -0.93177 -0.80768 -0.33479 -0.48536 -0.80768 -0.33479 -0.48536 -0.80768 -0.33479 -0.48536 -0.80802 -0.33462 -0.4849 -0.80802 -0.33462 -0.4849 -0.80802 -0.33462 -0.4849 -0.13901 -0.33539 -0.93177 -0.13901 -0.33539 -0.93177 -0.13901 -0.33539 -0.93177 -0.13902 -0.3354 -0.93176 -0.13902 -0.3354 -0.93176 -0.13902 -0.3354 -0.93176 -0.33487 -0.8079 -0.48492 -0.33487 -0.8079 -0.48492 -0.33487 -0.8079 -0.48492 -0.33454 -0.80782 -0.4853 -0.33454 -0.80782 -0.4853 -0.33454 -0.80782 -0.4853 0.14283 -0.34461 -0.92782 0.14283 -0.34461 -0.92782 0.14283 -0.34461 -0.92782 0.14276 -0.34488 -0.92773 0.14276 -0.34488 -0.92773 0.14276 -0.34488 -0.92773 0.34575 -0.83529 -0.4275 0.34575 -0.83529 -0.4275 0.34575 -0.83529 -0.4275 0.34606 -0.83479 -0.42822 0.34606 -0.83479 -0.42822 0.34606 -0.83479 -0.42822 0.35886 -0.14873 -0.92147 0.35886 -0.14873 -0.92147 0.35886 -0.14873 -0.92147 0.35884 -0.14869 -0.92148 0.35884 -0.14869 -0.92148 0.35884 -0.14869 -0.92148 0.86959 -0.36033 -0.3376 0.86959 -0.36033 -0.3376 0.86959 -0.36033 -0.3376 0.86956 -0.36011 -0.33791 0.86956 -0.36011 -0.33791 0.86956 -0.36011 -0.33791 0.36953 0.15315 -0.91651 0.36953 0.15315 -0.91651 0.36953 0.15315 -0.91651 0.3696 0.15313 -0.91649 0.3696 0.15313 -0.91649 0.3696 0.15313 -0.91649 0.88988 0.3687 -0.26864 0.88988 0.3687 -0.26864 0.88988 0.3687 -0.26864 0.89018 0.36845 -0.26802 0.89018 0.36845 -0.26802 0.89018 0.36845 -0.26802 0.1532 0.36962 -0.91646 0.1532 0.36962 -0.91646 0.1532 0.36962 -0.91646 0.15309 0.36957 -0.91651 0.15309 0.36957 -0.91651 0.15309 0.36957 -0.91651 0.36872 0.89008 -0.26797 0.36872 0.89008 -0.26797 0.36872 0.89008 -0.26797 0.36837 0.89005 -0.26854 0.36837 0.89005 -0.26854 0.36837 0.89005 -0.26854 0.14875 0.3589 -0.92145 0.14875 0.3589 -0.92145 0.14875 0.3589 -0.92145 0.14865 0.35885 -0.92148 0.14865 0.35885 -0.92148 0.14865 0.35885 -0.92148 0.36023 0.86961 -0.33765 0.36023 0.86961 -0.33765 0.36023 0.86961 -0.33765 0.36013 0.8696 -0.33779 0.36013 0.8696 -0.33779 0.36013 0.8696 -0.33779 0.3446 0.14281 -0.92782 0.3446 0.14281 -0.92782 0.3446 0.14281 -0.92782 0.34487 0.14274 -0.92773 0.34487 0.14274 -0.92773 0.34487 0.14274 -0.92773 0.83533 0.34573 -0.42743 0.83533 0.34572 -0.42743 0.83533 0.34573 -0.42743 0.83477 0.34608 -0.42824 0.83477 0.34608 -0.42824 0.83477 0.34608 -0.42824 0.13901 -0.3354 -0.93176 0.13901 -0.3354 -0.93176 0.13901 -0.3354 -0.93176 0.13901 -0.33539 -0.93177 0.13901 -0.33539 -0.93177 0.13901 -0.33539 -0.93177 0.33478 -0.80769 -0.48534 0.33478 -0.80769 -0.48534 0.33478 -0.80769 -0.48534 0.33462 -0.808 -0.48493 0.33462 -0.808 -0.48493 0.33462 -0.808 -0.48493 0.33538 -0.13899 -0.93178 0.33538 -0.13899 -0.93178 0.33538 -0.13899 -0.93178 0.33539 -0.13903 -0.93176 0.33539 -0.13903 -0.93176 0.33539 -0.13903 -0.93176 0.80791 -0.33489 -0.4849 0.80791 -0.33489 -0.4849 0.80791 -0.33489 -0.4849 0.80781 -0.33454 -0.4853 0.80781 -0.33454 -0.4853 0.80781 -0.33454 -0.4853 -0.35882 -0.14871 -0.92148 -0.35882 -0.14871 -0.92148 -0.35882 -0.14871 -0.92148 -0.35886 -0.1487 -0.92147 -0.35886 -0.1487 -0.92147 -0.35886 -0.1487 -0.92147 -0.86947 -0.36028 -0.33796 -0.86947 -0.36028 -0.33796 -0.86947 -0.36028 -0.33796 -0.86967 -0.36015 -0.33759 -0.86967 -0.36015 -0.33759 -0.86967 -0.36015 -0.33759 -0.14293 -0.34485 -0.92771 -0.14293 -0.34485 -0.92771 -0.14293 -0.34485 -0.92771 -0.14269 -0.34472 -0.9278 -0.14269 -0.34472 -0.9278 -0.14269 -0.34472 -0.9278 -0.3456 -0.83493 -0.4283 -0.3456 -0.83493 -0.4283 -0.3456 -0.83493 -0.4283 -0.34618 -0.8351 -0.42752 -0.34618 -0.8351 -0.42752 -0.34618 -0.8351 -0.42752 -0.15315 0.36951 -0.91652 -0.15315 0.36951 -0.91652 -0.15315 0.36951 -0.91652 -0.15312 0.36964 -0.91647 -0.15312 0.36964 -0.91647 -0.15312 0.36964 -0.91647 -0.36865 0.88992 -0.26857 -0.36865 0.88992 -0.26857 -0.36865 0.88992 -0.26857 -0.36842 0.89019 -0.26801 -0.36842 0.89019 -0.26801 -0.36842 0.89019 -0.26801 -0.36959 0.15318 -0.91648 -0.36959 0.15318 -0.91648 -0.36959 0.15318 -0.91648 -0.36956 0.15312 -0.91651 -0.36956 0.15312 -0.91651 -0.36956 0.15312 -0.91651 -0.89005 0.36878 -0.26797 -0.89005 0.36878 -0.26797 -0.89005 0.36878 -0.26797 -0.89002 0.36838 -0.2686 -0.89002 0.36838 -0.2686 -0.89002 0.36838 -0.2686 -0.88637 0 -0.46297 -0.88637 0 -0.46297 -0.88637 0 -0.46297 -0.88637 0 -0.46297 -0.88637 0 -0.46297 -0.88637 0 -0.46297 -0.36706 0 -0.9302 -0.36706 0 -0.9302 -0.36706 0 -0.9302 -0.36706 0 -0.9302 -0.36706 0 -0.9302 -0.36706 0 -0.9302 0 0.88635 -0.46301 0 0.88635 -0.46301 0 0.88635 -0.46301 0 0.88635 -0.46301 0 0.88635 -0.46301 0 0.88635 -0.46301 0 0.36708 -0.93019 0 0.36708 -0.93019 0 0.36708 -0.93019 0 0.36708 -0.93019 0 0.36708 -0.93019 0 0.36708 -0.93019 0.95505 0 -0.29644 0.95505 0 -0.29644 0.95505 0 -0.29644 0.95505 0 -0.29644 0.95505 0 -0.29644 0.95505 0 -0.29644 0.3953 0 -0.91855 0.3953 0 -0.91855 0.3953 0 -0.91855 0.3953 0 -0.91855 0.3953 0 -0.91855 0.3953 0 -0.91855 0 -0.95503 -0.29651 0 -0.95503 -0.29651 0 -0.95503 -0.29651 0 -0.95503 -0.29651 0 -0.95503 -0.29651 0 -0.95503 -0.29651 0 -0.39535 -0.91853 0 -0.39535 -0.91853 0 -0.39535 -0.91853 0 -0.39535 -0.91853 0 -0.39535 -0.91853 0 -0.39535 -0.91853 0 0.88635 -0.46301 0 0.88635 -0.46301 0 0.88635 -0.46301 0 0.88635 -0.46301 0 0.88635 -0.46301 0 0.88635 -0.46301 0 0.36708 -0.93019 0 0.36708 -0.93019 0 0.36708 -0.93019 0 0.36708 -0.93019 0 0.36708 -0.93019 0 0.36708 -0.93019 0.88637 0 -0.46297 0.88637 0 -0.46297 0.88637 0 -0.46297 0.88637 0 -0.46297 0.88637 0 -0.46297 0.88637 0 -0.46297 0.36706 0 -0.9302 0.36706 0 -0.9302 0.36706 0 -0.9302 0.36706 0 -0.9302 0.36706 0 -0.9302 0.36706 0 -0.9302 0 -0.95503 -0.29651 0 -0.95503 -0.29651 0 -0.95503 -0.29651 0 -0.95503 -0.29651 0 -0.95503 -0.29651 0 -0.95503 -0.29651 0 -0.39535 -0.91853 0 -0.39535 -0.91853 0 -0.39535 -0.91853 0 -0.39535 -0.91853 0 -0.39535 -0.91853 0 -0.39535 -0.91853 -0.95505 0 -0.29644 -0.95505 0 -0.29644 -0.95505 0 -0.29644 -0.95505 0 -0.29644 -0.95505 0 -0.29644 -0.95505 0 -0.29644 -0.3953 0 -0.91855 -0.3953 0 -0.91855 -0.3953 0 -0.91855 -0.3953 0 -0.91855 -0.3953 0 -0.91855 -0.3953 0 -0.91855 0 -0.88635 -0.46301 0 -0.88635 -0.46301 0 -0.88635 -0.46301 0 -0.88635 -0.46301 0 -0.88635 -0.46301 0 -0.88635 -0.46301 0 -0.36708 -0.93019 0 -0.36708 -0.93019 0 -0.36708 -0.93019 0 -0.36708 -0.93019 0 -0.36708 -0.93019 0 -0.36708 -0.93019 -0.88637 0 -0.46297 -0.88637 0 -0.46297 -0.88637 0 -0.46297 -0.88637 0 -0.46297 -0.88637 0 -0.46297 -0.88637 0 -0.46297 -0.36706 0 -0.9302 -0.36706 0 -0.9302 -0.36706 0 -0.9302 -0.36706 0 -0.9302 -0.36706 0 -0.9302 -0.36706 0 -0.9302 0 0.95503 -0.29651 0 0.95503 -0.29651 0 0.95503 -0.29651 0 0.95503 -0.29651 0 0.95503 -0.29651 0 0.95503 -0.29651 0 0.39535 -0.91853 0 0.39535 -0.91853 0 0.39535 -0.91853 0 0.39535 -0.91853 0 0.39535 -0.91853 0 0.39535 -0.91853 0.95505 0 -0.29644 0.95505 0 -0.29644 0.95505 0 -0.29644 0.95505 0 -0.29644 0.95505 0 -0.29644 0.95505 0 -0.29644 0.3953 0 -0.91855 0.3953 0 -0.91855 0.3953 0 -0.91855 0.3953 0 -0.91855 0.3953 0 -0.91855 0.3953 0 -0.91855 0.88637 0 -0.46297 0.88637 0 -0.46297 0.88637 0 -0.46297 0.88637 0 -0.46297 0.88637 0 -0.46297 0.88637 0 -0.46297 0.36706 0 -0.9302 0.36706 0 -0.9302 0.36706 0 -0.9302 0.36706 0 -0.9302 0.36706 0 -0.9302 0.36706 0 -0.9302 0 -0.88635 -0.46301 0 -0.88635 -0.46301 0 -0.88635 -0.46301 0 -0.88635 -0.46301 0 -0.88635 -0.46301 0 -0.88635 -0.46301 0 -0.36708 -0.93019 0 -0.36708 -0.93019 0 -0.36708 -0.93019 0 -0.36708 -0.93019 0 -0.36708 -0.93019 0 -0.36708 -0.93019 -0.95505 0 -0.29644 -0.95505 0 -0.29644 -0.95505 0 -0.29644 -0.95505 0 -0.29644 -0.95505 0 -0.29644 -0.95505 0 -0.29644 -0.3953 0 -0.91855 -0.3953 0 -0.91855 -0.3953 0 -0.91855 -0.3953 0 -0.91855 -0.3953 0 -0.91855 -0.3953 0 -0.91855 0 0.95503 -0.29651 0 0.95503 -0.29651 0 0.95503 -0.29651 0 0.95503 -0.29651 0 0.95503 -0.29651 0 0.95503 -0.29651 0 0.39535 -0.91853 0 0.39535 -0.91853 0 0.39535 -0.91853 0 0.39535 -0.91853 0 0.39535 -0.91853 0 0.39535 -0.91853 0 0 -1 0 0 -1 0 0 -1 0 0 -1 0 0 -1 0 0 -1 0 0 -1 0 0 -1 0 0 -1 0 0 -1 0 0 -1 0 0 -1 0 0 -1 0 0 -1 0 0 -1 0 0 -1 0 0 -1 0 0 -1 0 0 -1 0 0 -1 0 0 -1 0 0 -1 0 0 -1 0 0 -1 0 0 -1 0 0 -1 0 0 -1 0 0 -1 0 0 -1 0 0 -1 -0.9903 -0.03904 0.13338 -0.9903 -0.03904 0.13338 -0.9903 -0.03904 0.13338 -0.99359 -0.01567 0.11199 -0.99359 -0.01567 0.11199 -0.99359 -0.01567 0.11199 -0.99355 0.01592 0.11232 -0.99355 0.01592 0.11232 -0.99355 0.01592 0.11232 -0.99034 0.04237 0.132 -0.99034 0.04237 0.132 -0.99034 0.04237 0.132 -0.99413 0.01788 0.10675 -0.99413 0.01788 0.10675 -0.99413 0.01788 0.10675 -0.9904 0.05131 0.12832 -0.9904 0.05131 0.12832 -0.9904 0.05131 0.12832 -0.99025 -0.03614 0.13455 -0.99025 -0.03614 0.13455 -0.99025 -0.03614 0.13455 -0.99323 -0.01471 0.1152 -0.99323 -0.01471 0.1152 -0.99323 -0.01471 0.1152 0.99359 -0.01567 0.11199 0.99359 -0.01567 0.11199 0.99359 -0.01567 0.11199 0.9903 -0.03904 0.13338 0.9903 -0.03904 0.13338 0.9903 -0.03904 0.13338 0.99034 0.04237 0.132 0.99034 0.04237 0.132 0.99034 0.04237 0.132 0.99355 0.01592 0.11232 0.99355 0.01592 0.11232 0.99355 0.01592 0.11232 0.9904 0.05131 0.12832 0.9904 0.05131 0.12832 0.9904 0.05131 0.12832 0.99413 0.01788 0.10675 0.99413 0.01788 0.10675 0.99413 0.01788 0.10675 0.99323 -0.01471 0.1152 0.99323 -0.01471 0.1152 0.99323 -0.01471 0.1152 0.99025 -0.03614 0.13455 0.99025 -0.03614 0.13455 0.99025 -0.03614 0.13455 0 0.8928 -0.45046 0 0.8928 -0.45046 0 0.8928 -0.45046 0 0.8928 -0.45046 0 0.8928 -0.45046 0 0.8928 -0.45046 0 0 -1 0 0 -1 0 0 -1 0 0 -1 0 0 -1 0 0 -1 0 -0.39369 -0.91924 0 -0.39369 -0.91924 0 -0.39369 -0.91924 0 -0.39369 -0.91924 0 -0.39369 -0.91924 0 -0.39369 -0.91924 0 -0.99609 0.08836 0 -0.99609 0.08836 0 -0.99609 0.08836 0 -0.99609 0.08836 0 -0.99609 0.08836 0 -0.99609 0.08836 0 -0.89276 0.45053 0 -0.89276 0.45053 0 -0.89276 0.45053 0 -0.89276 0.45053 0 -0.89276 0.45053 0 -0.89276 0.45053 0 0 1 0 0 1 0 0 1 0 0 1 0 0 1 0 0 1 0 0.39371 0.91923 0 0.39371 0.91923 0 0.39371 0.91923 0 0.39371 0.91923 0 0.39371 0.91923 0 0.39371 0.91923 0.99482 -0.03658 0.09482 0.99482 -0.03658 0.09482 0.99482 -0.03658 0.09482 0.97997 0.13343 0.14786 0.97997 0.13343 0.14786 0.97997 0.13343 0.14786 0.99299 0.04786 0.10805 0.99299 0.04786 0.10805 0.99299 0.04786 0.10805 0.99355 -0.03019 0.10933 0.99355 -0.03019 0.10933 0.99355 -0.03019 0.10933 0.99333 -0.03179 0.11081 0.99333 -0.03179 0.11081 0.99333 -0.03179 0.11081 0.99294 0.00734 0.11843 0.99294 0.00734 0.11843 0.99294 0.00734 0.11843 0.98047 0.12942 0.14809 0.98047 0.12942 0.14809 0.98047 0.12942 0.14809 0.99655 -0.00007 0.08293 0.99655 -0.00007 0.08293 0.99655 -0.00007 0.08293 0.99653 -0.00037 0.08324 0.99653 -0.00037 0.08324 0.99653 -0.00037 0.08324 0.99656 -0.00005 0.08287 0.99656 -0.00005 0.08287 0.99656 -0.00005 0.08287 0.99656 0.00001 0.0829 0.99656 0.00001 0.0829 0.99656 0.00001 0.0829 0.99657 0.00005 0.08279 0.99657 0.00005 0.08279 0.99657 0.00005 0.08279 0.99656 0 0.08289 0.99656 0 0.08289 0.99656 0 0.08289 0.99708 0 0.07637 0.99708 0 0.07637 0.99708 0 0.07637 0.99703 -0.00001 0.07697 0.99703 -0.00001 0.07697 0.99703 -0.00001 0.07697 0.99704 0.00001 0.07694 0.99704 0.00001 0.07694 0.99704 0.00001 0.07694 0.99704 0 0.07694 0.99704 0 0.07694 0.99704 0 0.07694 0.99704 0.00004 0.0769 0.99704 0.00004 0.0769 0.99704 0.00004 0.0769 0.99706 0.00037 0.07662 0.99706 0.00037 0.07662 0.99706 0.00037 0.07662 0.99476 -0.04526 0.09166 0.99476 -0.04526 0.09166 0.99476 -0.04526 0.09166 0.98386 0.09965 0.14861 0.98386 0.09965 0.14861 0.98386 0.09965 0.14861 0.99362 0.03005 0.10866 0.99362 0.03005 0.10866 0.99362 0.03005 0.10866 0.99324 -0.03705 0.11005 0.99324 -0.03705 0.11005 0.99324 -0.03705 0.11005 0.99304 -0.03845 0.11135 0.99304 -0.03845 0.11135 0.99304 -0.03845 0.11135 0.9928 -0.00282 0.11978 0.9928 -0.00282 0.11978 0.9928 -0.00282 0.11978 0.98424 0.09574 0.14866 0.98424 0.09574 0.14866 0.98424 0.09574 0.14866 0.997 0.01182 0.07653 0.997 0.01182 0.07653 0.997 0.01182 0.07653 0.99541 0.03527 0.08901 0.99541 0.03527 0.08901 0.99541 0.03527 0.08901 0 0.92392 -0.38259 0 0.92392 -0.38259 0 0.92392 -0.38259 0 0.92392 -0.38259 0 0.92392 -0.38259 0 0.92392 -0.38259 -0.99359 0.01567 0.11199 -0.99359 0.01567 0.11199 -0.99359 0.01567 0.11199 -0.9903 0.03904 0.13338 -0.9903 0.03904 0.13338 -0.9903 0.03904 0.13338 -0.99034 -0.04237 0.132 -0.99034 -0.04237 0.132 -0.99034 -0.04237 0.132 -0.99355 -0.01592 0.11232 -0.99355 -0.01592 0.11232 -0.99355 -0.01592 0.11232 -0.9904 -0.05131 0.12832 -0.9904 -0.05131 0.12832 -0.9904 -0.05131 0.12832 -0.99413 -0.01788 0.10675 -0.99413 -0.01788 0.10675 -0.99413 -0.01788 0.10675 -0.99323 0.01471 0.1152 -0.99323 0.01471 0.1152 -0.99323 0.01471 0.1152 -0.99025 0.03614 0.13455 -0.99025 0.03614 0.13455 -0.99025 0.03614 0.13455 0.9903 0.03904 0.13338 0.9903 0.03904 0.13338 0.9903 0.03904 0.13338 0.99359 0.01567 0.11199 0.99359 0.01567 0.11199 0.99359 0.01567 0.11199 0.99355 -0.01592 0.11232 0.99355 -0.01592 0.11232 0.99355 -0.01592 0.11232 0.99034 -0.04237 0.132 0.99034 -0.04237 0.132 0.99034 -0.04237 0.132 0.99413 -0.01788 0.10675 0.99413 -0.01788 0.10675 0.99413 -0.01788 0.10675 0.9904 -0.05131 0.12832 0.9904 -0.05131 0.12832 0.9904 -0.05131 0.12832 0.99025 0.03614 0.13455 0.99025 0.03614 0.13455 0.99025 0.03614 0.13455 0.99323 0.01471 0.1152 0.99323 0.01471 0.1152 0.99323 0.01471 0.1152 0 -0.36987 -0.92908 0 -0.36987 -0.92908 0 -0.36987 -0.92908 0 -0.36987 -0.92908 0 -0.36987 -0.92908 0 -0.36987 -0.92908 0 -0.99609 -0.08837 0 -0.99609 -0.08837 0 -0.99609 -0.08837 0 -0.99609 -0.08837 0 -0.99609 -0.08837 0 -0.99609 -0.08837 0 0.95046 -0.31086 0 0.95046 -0.31086 0 0.95046 -0.31086 0 0.95046 -0.31086 0 0.95046 -0.31086 0 0.95046 -0.31086 -0.997 -0.01182 0.07653 -0.997 -0.01182 0.07653 -0.997 -0.01182 0.07653 0 0.36988 0.92908 0 0.36988 0.92908 0 0.36988 0.92908 0 0.36988 0.92908 0 0.36988 0.92908 0 0.36988 0.92908 -0.99482 0.03658 0.09482 -0.99482 0.03658 0.09482 -0.99482 0.03658 0.09482 0 -0.95044 0.31091 0 -0.95044 0.31091 0 -0.95044 0.31091 0 -0.95044 0.31091 0 -0.95044 0.31091 0 -0.95044 0.31091 0.99691 0.01327 0.07743 0.99691 0.01327 0.07743 0.99691 0.01327 0.07743 0.99656 -0.00001 0.08284 0.99656 -0.00001 0.08284 0.99656 -0.00001 0.08284 0.99652 0.00001 0.08341 0.99652 0.00001 0.08341 0.99652 0.00001 0.08341 0.99657 0 0.08278 0.99657 0 0.08278 0.99657 0 0.08278 0.99656 0.00001 0.08288 0.99656 0.00001 0.08288 0.99656 0.00001 0.08288 0.99657 -0.00004 0.08278 0.99657 -0.00004 0.08278 0.99657 -0.00004 0.08278 0.99656 0 0.08289 0.99656 0 0.08289 0.99656 0 0.08289 0.99342 0.02962 0.11063 0.99342 0.02962 0.11063 0.99342 0.02962 0.11063 0.99334 -0.04865 0.10442 0.99334 -0.04865 0.10442 0.99334 -0.04865 0.10442 0.97987 -0.13401 0.148 0.97987 -0.13401 0.148 0.97987 -0.13401 0.148 0.97991 -0.13367 0.14799 0.97991 -0.13367 0.14799 0.97991 -0.13367 0.14799 0.99291 -0.00661 0.1187 0.99291 -0.00661 0.1187 0.99291 -0.00661 0.1187 0.99323 0.03265 0.11148 0.99323 0.03265 0.11148 0.99323 0.03265 0.11148 0.99763 -0.01563 0.06707 0.99763 -0.01563 0.06707 0.99763 -0.01563 0.06707 0.99706 -0.00037 0.07662 0.99706 -0.00037 0.07662 0.99706 -0.00037 0.07662 0.99704 -0.00004 0.0769 0.99704 -0.00004 0.0769 0.99704 -0.00004 0.0769 0.99704 0 0.07694 0.99704 0 0.07694 0.99704 0 0.07694 0.99704 -0.00001 0.07694 0.99704 -0.00001 0.07694 0.99704 -0.00001 0.07694 0.99703 0.00001 0.07697 0.99703 0.00001 0.07697 0.99703 0.00001 0.07697 0.99708 0 0.07637 0.99708 0 0.07637 0.99708 0 0.07637 0.99476 0.04526 0.09166 0.99476 0.04526 0.09166 0.99476 0.04526 0.09166 0.99313 0.03654 0.11119 0.99313 0.03654 0.11119 0.99313 0.03654 0.11119 0.9939 -0.03079 0.10586 0.9939 -0.03079 0.10586 0.9939 -0.03079 0.10586 0.98387 -0.09961 0.1486 0.98387 -0.09961 0.1486 0.98387 -0.09961 0.1486 0.98387 -0.09963 0.1486 0.98387 -0.09963 0.1486 0.98387 -0.09963 0.1486 0.99277 0.00347 0.12003 0.99277 0.00347 0.12003 0.99277 0.00347 0.12003 0.99293 0.03929 0.11205 0.99293 0.03929 0.11205 0.99293 0.03929 0.11205 0.997 -0.01182 0.07653 0.997 -0.01182 0.07653 0.997 -0.01182 0.07653 0 -0.38256 -0.92393 0 -0.38256 -0.92393 0 -0.38256 -0.92393 0 -0.38256 -0.92393 0 -0.38256 -0.92393 0 -0.38256 -0.92393 -0.99763 0.01563 0.06707 -0.99763 0.01563 0.06707 -0.99763 0.01563 0.06707 0 0.99609 -0.08837 0 0.99609 -0.08837 0 0.99609 -0.08837 0 0.99609 -0.08837 0 0.99609 -0.08837 0 0.99609 -0.08837 0 0.95044 0.31091 0 0.95044 0.31091 0 0.95044 0.31091 0 0.95044 0.31091 0 0.95044 0.31091 0 0.95044 0.31091 -0.99482 -0.03658 0.09482 -0.99482 -0.03658 0.09482 -0.99482 -0.03658 0.09482 0 -0.95046 -0.31086 0 -0.95046 -0.31086 0 -0.95046 -0.31086 0 -0.95046 -0.31086 0 -0.95046 -0.31086 0 -0.95046 -0.31086 -0.99476 -0.04526 0.09166 -0.99476 -0.04526 0.09166 -0.99476 -0.04526 0.09166 -0.997 0.01182 0.07653 -0.997 0.01182 0.07653 -0.997 0.01182 0.07653 0 -0.36988 0.92908 0 -0.36988 0.92908 0 -0.36988 0.92908 0 -0.36988 0.92908 0 -0.36988 0.92908 0 -0.36988 0.92908 0 -0.38245 -0.92398 0 -0.38245 -0.92398 0 -0.38245 -0.92398 0 -0.38245 -0.92398 0 -0.38245 -0.92397 0 -0.38245 -0.92398 0 1 0.00016 0 1 0.00016 0 1 0.00016 0 1 0.00016 0 1 0.00016 0 1 0.00016 0 0.9238 0.38287 0 0.9238 0.38287 0 0.9238 0.38287 0 0.9238 0.38287 0 0.9238 0.38287 0 0.9238 0.38287 0 0.9238 0.38287 0 0.9238 0.38287 0 0.9238 0.38287 0 0.9238 0.38287 0 0.9238 0.38287 0 0.9238 0.38287 0 0 1 0 0 1 0 0 1 0 0 1 0 0 1 0 0 1 0 -0.3826 0.92392 0 -0.3826 0.92392 0 -0.3826 0.92392 0 -0.3826 0.92392 0 -0.3826 0.92392 0 -0.3826 0.92392 0 -0.92392 -0.38259 0 -0.92392 -0.38259 0 -0.92392 -0.38259 0 -0.92392 -0.38259 0 -0.92392 -0.38259 0 -0.92392 -0.38259 0 -1 -0.00016 0 -1 -0.00016 0 -1 -0.00016 0 -1 -0.00016 0 -1 -0.00016 0 -1 -0.00016 -0.99763 -0.01563 0.06707 -0.99763 -0.01563 0.06707 -0.99763 -0.01563 0.06707 0 -0.92392 0.38258 0 -0.92392 0.38258 0 -0.92392 0.38258 0 -0.92392 0.38258 0 -0.92392 0.38258 0 -0.92392 0.38258 0 1 0.00016 0 1 0.00016 0 1 0.00016 0 1 0.00016 0 1 0.00016 0 1 0.00016 0 0 1 0 0 1 0 0 1 0 0 1 0 0 1 0 0 1 0 0 -1 0 0 -1 0 0 -1 0 0 -1 0 0 -1 0 0 -1 0 -0.92392 -0.38259 0 -0.92392 -0.38259 0 -0.92392 -0.38259 0 -0.92392 -0.38259 0 -0.92392 -0.38259 0 -0.92392 -0.38259 0 -0.3826 0.92392 0 -0.3826 0.92392 0 -0.3826 0.92392 0 -0.3826 0.92392 0 -0.3826 0.92392 0 -0.3826 0.92392 0 -1 -0.00016 0 -1 -0.00016 0 -1 -0.00016 0 -1 -0.00016 0 -1 -0.00016 0 -1 -0.00016 -0.9953 -0.05385 0.08045 -0.9953 -0.05385 0.08045 -0.9953 -0.05385 0.08045 0 0 -1 0 0 -1 0 0 -1 0 0 -1 0 0 -1 0 0 -1 0 -0.39371 0.91923 0 -0.39371 0.91923 0 -0.39371 0.91923 0 -0.39371 0.91923 0 -0.39371 0.91923 0 -0.39371 0.91923 -0.99691 0.01327 0.07743 -0.99691 0.01327 0.07743 -0.99691 0.01327 0.07743 0 0.99609 0.08836 0 0.99609 0.08836 0 0.99609 0.08836 0 0.99609 0.08836 0 0.99609 0.08836 0 0.99609 0.08836 -0.99747 0.01623 0.06922 -0.99747 0.01623 0.06922 -0.99747 0.01623 0.06922 -0.99541 -0.03527 0.08901 -0.99541 -0.03527 0.08901 -0.99541 -0.03527 0.08901 0 0 1 0 0 1 0 0 1 0 0 1 0 0 1 0 0 1 0 -1 0.00016 0 -1 0.00016 0 -1 0.00016 0 -1 0.00016 0 -1 0.00016 0 -1 0.00016 0 0 -1 0 0 -1 0 0 -1 0 0 -1 0 0 -1 0 0 -1 0 -0.3826 0.92392 0 -0.3826 0.92392 0 -0.3826 0.92392 0 -0.3826 0.92392 0 -0.3826 0.92392 0 -0.3826 0.92392 0 -0.3826 0.92392 0 -0.3826 0.92392 0 -0.3826 0.92392 0 -0.3826 0.92392 0 -0.3826 0.92392 0 -0.3826 0.92392 0 -0.9238 0.38287 0 -0.9238 0.38287 0 -0.9238 0.38287 0 -0.9238 0.38287 0 -0.9238 0.38287 0 -0.9238 0.38287 0 0 1 0 0 1 0 0 1 0 0 1 0 0 1 0 0 1 0 1 -0.00016 0 1 -0.00016 0 1 -0.00016 0 1 -0.00016 0 1 -0.00016 0 1 -0.00016 0 0.3826 0.92392 0 0.3826 0.92392 0 0.3826 0.92392 0 0.3826 0.92392 0 0.3826 0.92392 0 0.3826 0.92392 0 0.3826 0.92392 0 0.3826 0.92392 0 0.3826 0.92392 0 0.3826 0.92392 0 0.3826 0.92392 0 0.3826 0.92392 0 0 1 0 0 1 0 0 1 0 0 1 0 0 1 0 0 1 0 -1 0.00016 0 -1 0.00016 0 -1 0.00016 0 -1 0.00016 0 -1 0.00016 0 -1 0.00016 0 -0.38256 -0.92393 0 -0.38256 -0.92393 0 -0.38256 -0.92393 0 -0.38256 -0.92393 0 -0.38256 -0.92393 0 -0.38256 -0.92393 0 0 -1 0 0 -1 0 0 -1 0 0 -1 0 0 -1 0 0 -1 0 1 -0.00016 0 1 -0.00016 0 1 -0.00016 0 1 -0.00016 0 1 -0.00016 0 1 -0.00016 0 0.92392 -0.38259 0 0.92392 -0.38259 0 0.92392 -0.38259 0 0.92392 -0.38259 0 0.92392 -0.38259 0 0.92392 -0.38259 0 0.38256 -0.92393 0 0.38256 -0.92393 0 0.38256 -0.92393 0 0.38256 -0.92393 0 0.38256 -0.92393 0 0.38256 -0.92393 -0.28197 0.86842 -0.40784 -0.28197 0.86842 -0.40784 -0.28197 0.86842 -0.40784 -0.29956 0.86745 -0.39722 -0.29956 0.86745 -0.39722 -0.29956 0.86745 -0.39722 -0.85523 0.49502 -0.15344 -0.85523 0.49502 -0.15344 -0.85523 0.49502 -0.15344 -0.87707 0.46737 -0.11099 -0.87707 0.46737 -0.11099 -0.87707 0.46737 -0.11099 -0.37095 0.35724 -0.85719 -0.37095 0.35724 -0.85719 -0.37095 0.35724 -0.85719 -0.38525 0.36188 -0.8489 -0.38525 0.36188 -0.8489 -0.38525 0.36188 -0.8489 -0.93195 0.17073 -0.31988 -0.93195 0.17073 -0.31988 -0.93195 0.17073 -0.31988 -0.93779 0.17895 -0.29754 -0.93779 0.17895 -0.29754 -0.93779 0.17895 -0.29754 -0.38097 -0.37887 -0.8434 -0.38097 -0.37887 -0.8434 -0.38097 -0.37887 -0.8434 -0.38392 -0.37733 -0.84275 -0.38392 -0.37733 -0.84275 -0.38392 -0.37733 -0.84275 -0.93723 -0.1725 -0.30306 -0.93723 -0.1725 -0.30306 -0.93723 -0.1725 -0.30306 -0.94002 -0.166 -0.29802 -0.94002 -0.166 -0.29802 -0.94002 -0.166 -0.29802 -0.3183 -0.9106 -0.2636 -0.3183 -0.9106 -0.2636 -0.3183 -0.9106 -0.2636 -0.32465 -0.90792 -0.2651 -0.32465 -0.90792 -0.2651 -0.32465 -0.90792 -0.2651 -0.88175 -0.46793 -0.05961 -0.88175 -0.46793 -0.05961 -0.88175 -0.46793 -0.05961 -0.88982 -0.45181 -0.064 -0.88982 -0.45181 -0.064 -0.88981 -0.45181 -0.064 -0.30818 -0.83557 0.4548 -0.30818 -0.83557 0.4548 -0.30818 -0.83557 0.4548 -0.31915 -0.83399 0.45011 -0.31915 -0.83399 0.45011 -0.31915 -0.83399 0.45011 -0.87827 -0.38355 0.28552 -0.87827 -0.38355 0.28552 -0.87827 -0.38355 0.28552 -0.89167 -0.36759 0.26419 -0.89167 -0.36759 0.26419 -0.89167 -0.36759 0.26419 -0.34903 -0.3337 0.87568 -0.34903 -0.3337 0.87568 -0.34903 -0.3337 0.87568 -0.35898 -0.33636 0.87063 -0.35898 -0.33636 0.87063 -0.35898 -0.33636 0.87063 -0.88732 -0.13928 0.43962 -0.88732 -0.13928 0.43962 -0.88732 -0.13928 0.43962 -0.89458 -0.14516 0.42268 -0.89458 -0.14516 0.42268 -0.89458 -0.14516 0.42268 -0.34753 0.35562 0.86761 -0.34753 0.35562 0.86761 -0.34753 0.35562 0.86761 -0.35055 0.35382 0.86714 -0.35055 0.35382 0.86714 -0.35055 0.35382 0.86714 -0.88719 0.14599 0.43769 -0.88719 0.14599 0.43769 -0.88719 0.14599 0.43769 -0.89073 0.13916 0.43271 -0.89073 0.13916 0.43271 -0.89073 0.13916 0.43271 -0.29735 0.89754 0.32558 -0.29735 0.89754 0.32558 -0.29735 0.89754 0.32558 -0.30629 0.89316 0.32933 -0.30629 0.89316 0.32933 -0.30629 0.89316 0.32933 -0.8735 0.42611 0.23543 -0.8735 0.42611 0.23543 -0.8735 0.42611 0.23543 -0.88259 0.40346 0.24135 -0.88259 0.40346 0.24135 -0.88259 0.40346 0.24135 0.30552 0.8948 0.32556 0.30552 0.8948 0.32556 0.30552 0.8948 0.32556 0.2963 0.89651 0.32937 0.2963 0.89651 0.32937 0.2963 0.89651 0.32937 0.88026 0.41386 0.23209 0.88026 0.41386 0.23209 0.88026 0.41386 0.23209 0.86774 0.42998 0.2493 0.86774 0.42998 0.2493 0.86774 0.42998 0.2493 0.35008 0.35515 0.86678 0.35008 0.35515 0.86678 0.35008 0.35515 0.86678 0.34742 0.3544 0.86816 0.34742 0.3544 0.86816 0.34742 0.3544 0.86816 0.88903 0.14452 0.43443 0.88903 0.14452 0.43443 0.88903 0.14452 0.43443 0.88662 0.14239 0.44004 0.88662 0.14239 0.44004 0.88662 0.14239 0.44004 0.3854 0.35559 -0.85149 0.3854 0.35559 -0.85149 0.3854 0.35559 -0.85149 0.36782 0.3639 -0.85574 0.36782 0.3639 -0.85574 0.36782 0.3639 -0.85574 0.9387 0.16422 -0.30312 0.9387 0.16422 -0.30312 0.9387 0.16422 -0.30312 0.92326 0.19384 -0.33169 0.92326 0.19384 -0.33169 0.92326 0.19384 -0.33169 0.29796 0.86475 -0.40427 0.29796 0.86475 -0.40427 0.29796 0.86475 -0.40427 0.27999 0.87198 -0.40156 0.27999 0.87198 -0.40156 0.27999 0.87198 -0.40156 0.87131 0.47046 -0.13956 0.87131 0.47046 -0.13956 0.87131 0.47046 -0.13956 0.84148 0.52225 -0.13847 0.84148 0.52225 -0.13847 0.84148 0.52225 -0.13847 0.32401 -0.90892 -0.26243 0.32401 -0.90892 -0.26243 0.32401 -0.90892 -0.26243 0.31754 -0.91001 -0.26655 0.31754 -0.91001 -0.26655 0.31754 -0.91001 -0.26655 0.88635 -0.45958 -0.05636 0.88635 -0.45958 -0.05636 0.88635 -0.45958 -0.05636 0.87864 -0.47197 -0.07237 0.87864 -0.47197 -0.07237 0.87864 -0.47197 -0.07237 0.38342 -0.37856 -0.84242 0.38342 -0.37856 -0.84242 0.38342 -0.37856 -0.84242 0.38086 -0.37771 -0.84397 0.38086 -0.37771 -0.84397 0.38086 -0.37771 -0.84397 0.93845 -0.17124 -0.29999 0.93845 -0.17124 -0.29999 0.93845 -0.17124 -0.29999 0.93702 -0.16903 -0.30566 0.93702 -0.16903 -0.30566 0.93702 -0.16903 -0.30566 0.35879 -0.33197 0.87239 0.35879 -0.33197 0.87239 0.35879 -0.33197 0.87239 0.3472 -0.33847 0.87458 0.3472 -0.33847 0.87458 0.3472 -0.33847 0.87458 0.89373 -0.13432 0.42803 0.89373 -0.13432 0.42803 0.89373 -0.13432 0.42803 0.88125 -0.15609 0.44614 0.88125 -0.15609 0.44614 0.88125 -0.15609 0.44614 0.3179 -0.83226 0.45418 0.3179 -0.83226 0.45418 0.3179 -0.83226 0.45418 0.30728 -0.83804 0.45085 0.30728 -0.83804 0.45085 0.30728 -0.83804 0.45085 0.88613 -0.3697 0.27946 0.88613 -0.3697 0.27946 0.88613 -0.3697 0.27946 0.87505 -0.39747 0.27624 0.87505 -0.39747 0.27624 0.87505 -0.39747 0.27624 -0.3854 -0.35559 -0.85149 -0.3854 -0.35559 -0.85149 -0.3854 -0.35559 -0.85149 -0.36782 -0.3639 -0.85574 -0.36782 -0.3639 -0.85574 -0.36782 -0.3639 -0.85574 -0.9387 -0.16422 -0.30312 -0.9387 -0.16422 -0.30312 -0.9387 -0.16422 -0.30312 -0.92326 -0.19384 -0.33169 -0.92326 -0.19384 -0.33169 -0.92326 -0.19384 -0.33169 -0.29796 -0.86475 -0.40427 -0.29796 -0.86475 -0.40427 -0.29796 -0.86475 -0.40427 -0.27999 -0.87198 -0.40156 -0.27999 -0.87198 -0.40156 -0.27999 -0.87198 -0.40156 -0.87131 -0.47046 -0.13956 -0.87131 -0.47046 -0.13956 -0.87131 -0.47046 -0.13956 -0.84148 -0.52225 -0.13847 -0.84148 -0.52225 -0.13847 -0.84148 -0.52225 -0.13847 -0.32401 0.90892 -0.26243 -0.32401 0.90892 -0.26243 -0.32401 0.90892 -0.26243 -0.31754 0.91001 -0.26655 -0.31754 0.91001 -0.26655 -0.31754 0.91001 -0.26655 -0.88635 0.45958 -0.05636 -0.88635 0.45958 -0.05636 -0.88635 0.45958 -0.05636 -0.87864 0.47197 -0.07237 -0.87864 0.47197 -0.07237 -0.87864 0.47197 -0.07237 -0.38342 0.37856 -0.84242 -0.38342 0.37856 -0.84242 -0.38342 0.37856 -0.84242 -0.38086 0.37771 -0.84397 -0.38086 0.37771 -0.84397 -0.38086 0.37771 -0.84397 -0.93845 0.17124 -0.29999 -0.93845 0.17124 -0.29999 -0.93845 0.17124 -0.29999 -0.93702 0.16903 -0.30566 -0.93702 0.16903 -0.30566 -0.93702 0.16903 -0.30566 -0.35879 0.33197 0.87239 -0.35879 0.33197 0.87239 -0.35879 0.33197 0.87239 -0.3472 0.33847 0.87458 -0.3472 0.33847 0.87458 -0.3472 0.33847 0.87458 -0.89373 0.13432 0.42803 -0.89373 0.13432 0.42803 -0.89373 0.13432 0.42803 -0.88125 0.15609 0.44614 -0.88125 0.15609 0.44614 -0.88125 0.15609 0.44614 -0.3179 0.83226 0.45418 -0.3179 0.83226 0.45418 -0.3179 0.83226 0.45418 -0.30728 0.83804 0.45085 -0.30728 0.83804 0.45085 -0.30728 0.83804 0.45085 -0.88613 0.3697 0.27946 -0.88613 0.3697 0.27946 -0.88613 0.3697 0.27946 -0.87505 0.39747 0.27624 -0.87505 0.39747 0.27624 -0.87505 0.39747 0.27624 -0.30552 -0.8948 0.32556 -0.30552 -0.8948 0.32556 -0.30552 -0.8948 0.32556 -0.2963 -0.89651 0.32937 -0.2963 -0.89651 0.32937 -0.2963 -0.89651 0.32937 -0.88026 -0.41386 0.23209 -0.88026 -0.41386 0.23209 -0.88026 -0.41386 0.23209 -0.86774 -0.42998 0.2493 -0.86774 -0.42998 0.2493 -0.86774 -0.42998 0.2493 -0.35008 -0.35515 0.86678 -0.35008 -0.35515 0.86678 -0.35008 -0.35515 0.86678 -0.34742 -0.3544 0.86816 -0.34742 -0.3544 0.86816 -0.34742 -0.3544 0.86816 -0.88903 -0.14452 0.43443 -0.88903 -0.14452 0.43443 -0.88903 -0.14452 0.43443 -0.88662 -0.14239 0.44004 -0.88662 -0.14239 0.44004 -0.88662 -0.14239 0.44004 0.34753 -0.35562 0.86761 0.34753 -0.35562 0.86761 0.34753 -0.35562 0.86761 0.35055 -0.35382 0.86714 0.35055 -0.35382 0.86714 0.35055 -0.35382 0.86714 0.88719 -0.14599 0.43769 0.88719 -0.14599 0.43769 0.88719 -0.14599 0.43769 0.89073 -0.13916 0.43271 0.89073 -0.13916 0.43271 0.89073 -0.13916 0.43271 0.29735 -0.89754 0.32558 0.29735 -0.89754 0.32558 0.29735 -0.89754 0.32558 0.30629 -0.89316 0.32933 0.30629 -0.89316 0.32933 0.30629 -0.89316 0.32933 0.8735 -0.42611 0.23543 0.8735 -0.42611 0.23543 0.8735 -0.42611 0.23543 0.88259 -0.40346 0.24135 0.88259 -0.40346 0.24135 0.88259 -0.40346 0.24135 0.28197 -0.86842 -0.40784 0.28197 -0.86842 -0.40784 0.28197 -0.86842 -0.40784 0.29956 -0.86745 -0.39722 0.29956 -0.86745 -0.39722 0.29956 -0.86745 -0.39722 0.85523 -0.49502 -0.15344 0.85523 -0.49502 -0.15344 0.85523 -0.49502 -0.15344 0.87707 -0.46737 -0.11099 0.87707 -0.46737 -0.11099 0.87707 -0.46737 -0.11099 0.37095 -0.35724 -0.85719 0.37095 -0.35724 -0.85719 0.37095 -0.35724 -0.85719 0.38525 -0.36188 -0.8489 0.38525 -0.36188 -0.8489 0.38525 -0.36188 -0.8489 0.93195 -0.17073 -0.31988 0.93195 -0.17073 -0.31988 0.93195 -0.17073 -0.31988 0.93779 -0.17895 -0.29754 0.93779 -0.17895 -0.29754 0.93779 -0.17895 -0.29754 0.38097 0.37887 -0.8434 0.38097 0.37887 -0.8434 0.38097 0.37887 -0.8434 0.38392 0.37733 -0.84275 0.38392 0.37733 -0.84275 0.38392 0.37733 -0.84275 0.93723 0.1725 -0.30306 0.93723 0.1725 -0.30306 0.93723 0.1725 -0.30306 0.94002 0.166 -0.29802 0.94002 0.166 -0.29802 0.94002 0.166 -0.29802 0.3183 0.9106 -0.2636 0.3183 0.9106 -0.2636 0.3183 0.9106 -0.2636 0.32465 0.90792 -0.2651 0.32465 0.90792 -0.2651 0.32465 0.90792 -0.2651 0.88175 0.46793 -0.05961 0.88175 0.46793 -0.05961 0.88175 0.46793 -0.05961 0.88982 0.45181 -0.064 0.88982 0.45181 -0.064 0.88981 0.45181 -0.064 0.30818 0.83557 0.4548 0.30818 0.83557 0.4548 0.30818 0.83557 0.4548 0.31915 0.83399 0.45011 0.31915 0.83399 0.45011 0.31915 0.83399 0.45011 0.87827 0.38355 0.28552 0.87827 0.38355 0.28552 0.87827 0.38355 0.28552 0.89167 0.36759 0.26419 0.89167 0.36759 0.26419 0.89167 0.36759 0.26419 0.34903 0.3337 0.87568 0.34903 0.3337 0.87568 0.34903 0.3337 0.87568 0.35898 0.33636 0.87063 0.35898 0.33636 0.87063 0.35898 0.33636 0.87063 0.88732 0.13928 0.43962 0.88732 0.13928 0.43962 0.88732 0.13928 0.43962 0.89458 0.14516 0.42268 0.89458 0.14516 0.42268 0.89458 0.14516 0.42268 -0.92378 0.14649 -0.3538 -0.92378 0.14649 -0.3538 -0.92378 0.14649 -0.3538 -0.92381 0.14649 -0.35373 -0.92381 0.14649 -0.35373 -0.92381 0.14649 -0.35373 -0.38281 0.35349 -0.85353 -0.38281 0.35349 -0.85353 -0.38281 0.35349 -0.85353 -0.38265 0.35345 -0.85361 -0.38265 0.35345 -0.85361 -0.38265 0.35345 -0.85361 -0.92381 0.35378 -0.14637 -0.92381 0.35378 -0.14637 -0.92381 0.35378 -0.14637 -0.9237 0.35395 -0.14659 -0.9237 0.35395 -0.14659 -0.9237 0.35395 -0.14659 -0.38315 0.8534 -0.35343 -0.38315 0.8534 -0.35343 -0.38315 0.8534 -0.35343 -0.38323 0.85338 -0.35338 -0.38323 0.85338 -0.35338 -0.38323 0.85338 -0.35338 -0.92367 0.1466 0.35403 -0.92367 0.1466 0.35403 -0.92367 0.1466 0.35403 -0.92367 0.14661 0.35404 -0.92367 0.14661 0.35404 -0.92367 0.14661 0.35404 -0.38317 0.35339 0.8534 -0.38317 0.35339 0.8534 -0.38317 0.35339 0.8534 -0.38316 0.3534 0.8534 -0.38316 0.3534 0.85341 -0.38316 0.3534 0.85341 -0.92367 0.35403 0.1466 -0.92367 0.35403 0.1466 -0.92367 0.35403 0.1466 -0.92379 0.35372 0.14662 -0.92379 0.35372 0.14662 -0.92379 0.35372 0.14662 -0.38279 0.85342 0.35376 -0.38279 0.85342 0.35376 -0.38279 0.85342 0.35376 -0.38267 0.85349 0.35373 -0.38267 0.85349 0.35373 -0.38267 0.85349 0.35373 -0.92367 -0.14666 0.35401 -0.92367 -0.14666 0.35401 -0.92367 -0.14666 0.35401 -0.92367 -0.14666 0.35402 -0.92367 -0.14666 0.35402 -0.92367 -0.14666 0.35402 -0.38349 -0.35347 0.85322 -0.38349 -0.35347 0.85322 -0.38349 -0.35347 0.85322 -0.38317 -0.3534 0.8534 -0.38317 -0.3534 0.8534 -0.38317 -0.3534 0.8534 -0.92368 -0.35403 0.14659 -0.92368 -0.35403 0.14659 -0.92368 -0.35403 0.14659 -0.92366 -0.35406 0.14663 -0.92366 -0.35406 0.14663 -0.92366 -0.35406 0.14663 -0.3834 -0.8533 0.35339 -0.3834 -0.8533 0.35339 -0.3834 -0.8533 0.35339 -0.38351 -0.85328 0.35332 -0.38351 -0.85328 0.35332 -0.38351 -0.85328 0.35332 -0.9238 -0.14647 -0.35375 -0.9238 -0.14647 -0.35375 -0.9238 -0.14647 -0.35375 -0.92379 -0.1465 -0.35377 -0.92379 -0.1465 -0.35377 -0.92379 -0.1465 -0.35377 -0.38237 -0.35353 -0.8537 -0.38237 -0.35353 -0.8537 -0.38237 -0.35353 -0.8537 -0.38273 -0.35333 -0.85362 -0.38273 -0.35333 -0.85362 -0.38273 -0.35333 -0.85362 -0.92371 -0.35395 -0.14656 -0.92371 -0.35395 -0.14656 -0.92371 -0.35395 -0.14656 -0.92385 -0.35358 -0.14658 -0.92385 -0.35358 -0.14658 -0.92385 -0.35358 -0.14658 -0.38318 -0.85326 -0.35373 -0.38318 -0.85326 -0.35373 -0.38318 -0.85326 -0.35373 -0.38233 -0.85372 -0.35352 -0.38233 -0.85372 -0.35352 -0.38233 -0.85372 -0.35352 0.92365 -0.35408 0.14661 0.92365 -0.35408 0.14661 0.92365 -0.35408 0.14661 0.92367 -0.35402 0.14661 0.92367 -0.35402 0.14661 0.92367 -0.35402 0.14661 0.38352 -0.85326 0.35337 0.38352 -0.85326 0.35337 0.38352 -0.85326 0.35337 0.38341 -0.85332 0.35334 0.38341 -0.85332 0.35334 0.38341 -0.85332 0.35334 0.92367 -0.14667 0.35402 0.92367 -0.14667 0.35402 0.92367 -0.14667 0.35402 0.92367 -0.14666 0.35401 0.92367 -0.14666 0.35401 0.92367 -0.14666 0.35401 0.38316 -0.35353 0.85335 0.38316 -0.35353 0.85335 0.38316 -0.35353 0.85335 0.38348 -0.35335 0.85328 0.38348 -0.35335 0.85328 0.38348 -0.35335 0.85328 0.9238 0.35375 0.14649 0.9238 0.35375 0.14649 0.9238 0.35375 0.14649 0.92369 0.35393 0.14671 0.92369 0.35393 0.14671 0.92369 0.35393 0.14671 0.38267 0.85347 0.35378 0.38267 0.85347 0.35378 0.38267 0.85347 0.35378 0.38278 0.85344 0.35371 0.38278 0.85344 0.35371 0.38278 0.85344 0.35371 0.92367 0.1466 0.35404 0.92367 0.1466 0.35404 0.92367 0.1466 0.35404 0.92367 0.1466 0.35403 0.92367 0.1466 0.35403 0.92367 0.1466 0.35403 0.38316 0.35339 0.85341 0.38316 0.35339 0.85341 0.38316 0.35339 0.85341 0.38317 0.3534 0.8534 0.38317 0.3534 0.8534 0.38317 0.3534 0.8534 0.92381 0.14646 -0.35373 0.92381 0.14646 -0.35373 0.92381 0.14646 -0.35373 0.92378 0.14652 -0.35378 0.92378 0.14652 -0.35378 0.92378 0.14652 -0.35378 0.38265 0.35351 -0.85359 0.38265 0.35351 -0.85359 0.38265 0.35351 -0.85359 0.3828 0.35343 -0.85356 0.3828 0.35343 -0.85356 0.3828 0.35343 -0.85356 0.92369 0.35404 -0.14648 0.92369 0.35404 -0.14648 0.92369 0.35404 -0.14648 0.9238 0.35375 -0.1465 0.9238 0.35375 -0.1465 0.9238 0.35375 -0.1465 0.38324 0.85336 -0.35341 0.38324 0.85336 -0.35341 0.38324 0.85336 -0.35341 0.38315 0.85341 -0.3534 0.38315 0.85341 -0.3534 0.38315 0.85341 -0.3534 0.92378 -0.14649 -0.35379 0.92378 -0.14649 -0.35379 0.92378 -0.14649 -0.35379 0.9238 -0.14649 -0.35374 0.9238 -0.14649 -0.35374 0.9238 -0.14649 -0.35374 0.38276 -0.35347 -0.85355 0.38276 -0.35347 -0.85355 0.38276 -0.35347 -0.85355 0.38238 -0.35339 -0.85376 0.38238 -0.35339 -0.85376 0.38238 -0.35339 -0.85376 0.92386 -0.35362 -0.14642 0.92386 -0.35362 -0.14642 0.92386 -0.35362 -0.14642 0.92373 -0.35383 -0.14668 0.92373 -0.35383 -0.14668 0.92373 -0.35383 -0.14668 0.3823 -0.85359 -0.35386 0.3823 -0.85359 -0.35386 0.3823 -0.85359 -0.35386 0.38312 -0.85342 -0.3534 0.38312 -0.85342 -0.3534 0.38312 -0.85342 -0.3534 -0.92369 -0.35404 -0.14648 -0.92369 -0.35404 -0.14648 -0.92369 -0.35404 -0.14648 -0.9238 -0.35375 -0.1465 -0.9238 -0.35375 -0.1465 -0.9238 -0.35375 -0.1465 -0.38324 -0.85336 -0.35341 -0.38324 -0.85336 -0.35341 -0.38324 -0.85336 -0.35341 -0.38315 -0.85341 -0.3534 -0.38315 -0.85341 -0.3534 -0.38315 -0.85341 -0.3534 -0.92381 -0.14646 -0.35373 -0.92381 -0.14646 -0.35373 -0.92381 -0.14646 -0.35373 -0.92378 -0.14652 -0.35378 -0.92378 -0.14652 -0.35378 -0.92378 -0.14652 -0.35378 -0.38265 -0.35351 -0.85359 -0.38265 -0.35351 -0.85359 -0.38265 -0.35351 -0.85359 -0.3828 -0.35343 -0.85356 -0.3828 -0.35343 -0.85356 -0.3828 -0.35343 -0.85356 -0.9238 -0.35375 0.14649 -0.9238 -0.35375 0.14649 -0.9238 -0.35375 0.14649 -0.92369 -0.35393 0.14671 -0.92369 -0.35393 0.14671 -0.92369 -0.35393 0.14671 -0.38267 -0.85347 0.35378 -0.38267 -0.85347 0.35378 -0.38267 -0.85347 0.35378 -0.38278 -0.85344 0.35371 -0.38278 -0.85344 0.35371 -0.38278 -0.85344 0.35371 -0.92367 -0.1466 0.35404 -0.92367 -0.1466 0.35404 -0.92367 -0.1466 0.35404 -0.92367 -0.1466 0.35403 -0.92367 -0.1466 0.35403 -0.92367 -0.1466 0.35403 -0.38316 -0.35339 0.85341 -0.38316 -0.35339 0.85341 -0.38316 -0.35339 0.85341 -0.38317 -0.3534 0.8534 -0.38317 -0.3534 0.8534 -0.38317 -0.3534 0.8534 -0.92365 0.35408 0.14661 -0.92365 0.35408 0.14661 -0.92365 0.35408 0.14661 -0.92367 0.35402 0.14661 -0.92367 0.35402 0.14661 -0.92367 0.35402 0.14661 -0.38352 0.85326 0.35337 -0.38352 0.85326 0.35337 -0.38352 0.85326 0.35337 -0.38341 0.85332 0.35334 -0.38341 0.85332 0.35334 -0.38341 0.85332 0.35334 -0.92367 0.14667 0.35402 -0.92367 0.14667 0.35402 -0.92367 0.14667 0.35402 -0.92367 0.14666 0.35401 -0.92367 0.14666 0.35401 -0.92367 0.14666 0.35401 -0.38316 0.35353 0.85335 -0.38316 0.35353 0.85335 -0.38316 0.35353 0.85335 -0.38348 0.35335 0.85328 -0.38348 0.35335 0.85328 -0.38348 0.35335 0.85328 -0.92386 0.35362 -0.14642 -0.92386 0.35362 -0.14642 -0.92386 0.35362 -0.14642 -0.92373 0.35383 -0.14668 -0.92373 0.35383 -0.14668 -0.92373 0.35383 -0.14668 -0.3823 0.85359 -0.35386 -0.3823 0.85359 -0.35386 -0.3823 0.85359 -0.35386 -0.38312 0.85342 -0.3534 -0.38312 0.85342 -0.3534 -0.38312 0.85342 -0.3534 -0.92378 0.14649 -0.35379 -0.92378 0.14649 -0.35379 -0.92378 0.14649 -0.35379 -0.9238 0.14649 -0.35374 -0.9238 0.14649 -0.35374 -0.9238 0.14649 -0.35374 -0.38276 0.35347 -0.85355 -0.38276 0.35347 -0.85355 -0.38276 0.35347 -0.85355 -0.38238 0.35339 -0.85376 -0.38238 0.35339 -0.85376 -0.38238 0.35339 -0.85376 0.92367 0.14666 0.35401 0.92367 0.14666 0.35401 0.92367 0.14666 0.35401 0.92367 0.14666 0.35402 0.92367 0.14666 0.35402 0.92367 0.14666 0.35402 0.38349 0.35347 0.85322 0.38349 0.35347 0.85322 0.38349 0.35347 0.85322 0.38317 0.3534 0.8534 0.38317 0.3534 0.8534 0.38317 0.3534 0.8534 0.92368 0.35403 0.14659 0.92368 0.35403 0.14659 0.92368 0.35403 0.14659 0.92366 0.35406 0.14663 0.92366 0.35406 0.14663 0.92366 0.35406 0.14663 0.3834 0.8533 0.35339 0.3834 0.8533 0.35339 0.3834 0.8533 0.35339 0.38351 0.85328 0.35332 0.38351 0.85328 0.35332 0.38351 0.85328 0.35332 0.92367 -0.1466 0.35403 0.92367 -0.1466 0.35403 0.92367 -0.1466 0.35403 0.92367 -0.14661 0.35404 0.92367 -0.14661 0.35404 0.92367 -0.14661 0.35404 0.38317 -0.35339 0.8534 0.38317 -0.35339 0.8534 0.38317 -0.35339 0.8534 0.38316 -0.3534 0.8534 0.38316 -0.3534 0.85341 0.38316 -0.3534 0.85341 0.92367 -0.35403 0.1466 0.92367 -0.35403 0.1466 0.92367 -0.35403 0.1466 0.92379 -0.35372 0.14662 0.92379 -0.35372 0.14662 0.92379 -0.35372 0.14662 0.38279 -0.85342 0.35376 0.38279 -0.85342 0.35376 0.38279 -0.85342 0.35376 0.38267 -0.85349 0.35373 0.38267 -0.85349 0.35373 0.38267 -0.85349 0.35373 0.92381 -0.35378 -0.14637 0.92381 -0.35378 -0.14637 0.92381 -0.35378 -0.14637 0.9237 -0.35395 -0.14659 0.9237 -0.35395 -0.14659 0.9237 -0.35395 -0.14659 0.38315 -0.8534 -0.35343 0.38315 -0.8534 -0.35343 0.38315 -0.8534 -0.35343 0.38323 -0.85338 -0.35338 0.38323 -0.85338 -0.35338 0.38323 -0.85338 -0.35338 0.92378 -0.14649 -0.3538 0.92378 -0.14649 -0.3538 0.92378 -0.14649 -0.3538 0.92381 -0.14649 -0.35373 0.92381 -0.14649 -0.35373 0.92381 -0.14649 -0.35373 0.38281 -0.35349 -0.85353 0.38281 -0.35349 -0.85353 0.38281 -0.35349 -0.85353 0.38265 -0.35345 -0.85361 0.38265 -0.35345 -0.85361 0.38265 -0.35345 -0.85361 0.92371 0.35395 -0.14656 0.92371 0.35395 -0.14656 0.92371 0.35395 -0.14656 0.92385 0.35358 -0.14658 0.92385 0.35358 -0.14658 0.92385 0.35358 -0.14658 0.38318 0.85326 -0.35373 0.38318 0.85326 -0.35373 0.38318 0.85326 -0.35373 0.38233 0.85372 -0.35352 0.38233 0.85372 -0.35352 0.38233 0.85372 -0.35352 0.9238 0.14647 -0.35375 0.9238 0.14647 -0.35375 0.9238 0.14647 -0.35375 0.92379 0.1465 -0.35377 0.92379 0.1465 -0.35377 0.92379 0.1465 -0.35377 0.38237 0.35353 -0.8537 0.38237 0.35353 -0.8537 0.38237 0.35353 -0.8537 0.38273 0.35333 -0.85362 0.38273 0.35333 -0.85362 0.38273 0.35333 -0.85362 -0.9238 0 -0.38287 -0.9238 0 -0.38287 -0.9238 0 -0.38287 -0.9238 0 -0.38287 -0.9238 0 -0.38287 -0.9238 0 -0.38287 -0.38241 0 -0.92399 -0.38241 0 -0.92399 -0.38241 0 -0.92399 -0.38241 0 -0.92399 -0.38241 0 -0.92399 -0.38241 0 -0.92399 -0.49461 0 -0.86911 -0.49461 0 -0.86911 -0.49461 0 -0.86911 -0.49929 0.00008 -0.86643 -0.49929 0.00008 -0.86643 -0.49929 0.00008 -0.86643 -0.9738 0.00002 -0.22741 -0.9738 0.00002 -0.22741 -0.9738 0.00002 -0.22741 -0.97283 0.0001 -0.23151 -0.97283 0.0001 -0.23151 -0.97283 0.0001 -0.23151 -0.92381 -0.38284 -0.00006 -0.92381 -0.38284 -0.00006 -0.92381 -0.38284 -0.00006 -0.92366 -0.38321 -0.00005 -0.92366 -0.38321 -0.00005 -0.92366 -0.38321 -0.00005 -0.38237 -0.92401 -0.00012 -0.38237 -0.92401 -0.00012 -0.38237 -0.92401 -0.00012 -0.38319 -0.92367 -0.00015 -0.38319 -0.92367 -0.00015 -0.38319 -0.92367 -0.00015 -0.38732 -0.91374 0.12273 -0.38732 -0.91374 0.12273 -0.38732 -0.91374 0.12273 -0.39185 -0.91176 0.12311 -0.39185 -0.91176 0.12311 -0.39185 -0.91176 0.12311 -0.90828 -0.39661 0.13317 -0.90828 -0.39661 0.13317 -0.90828 -0.39661 0.13317 -0.92909 -0.34566 0.13158 -0.92909 -0.34566 0.13158 -0.92909 -0.34566 0.13158 -0.92367 0 0.38319 -0.92367 0 0.38319 -0.92367 0 0.38319 -0.92367 0 0.38319 -0.92367 0 0.38319 -0.92367 0 0.38319 -0.38324 0 0.92365 -0.38324 0 0.92365 -0.38324 0 0.92365 -0.38324 0 0.92365 -0.38324 0 0.92365 -0.38324 0 0.92365 -0.44416 0 0.89595 -0.44416 0 0.89595 -0.44416 0 0.89595 -0.44786 -0.00007 0.89411 -0.44786 -0.00007 0.89411 -0.44786 -0.00007 0.89411 -0.92483 -0.00002 0.38037 -0.92483 -0.00002 0.38037 -0.92483 -0.00002 0.38037 -0.92363 -0.00008 0.38329 -0.92363 -0.00008 0.38329 -0.92363 -0.00008 0.38329 -0.35356 0.93434 -0.04485 -0.35356 0.93434 -0.04485 -0.35356 0.93434 -0.04485 -0.37221 0.9272 -0.04197 -0.37221 0.9272 -0.04197 -0.37221 0.9272 -0.04197 -0.89551 0.44131 0.05756 -0.89551 0.44131 0.05756 -0.89551 0.44131 0.05756 -0.92546 0.37274 0.06771 -0.92546 0.37274 0.06771 -0.92546 0.37274 0.06771 -0.9238 0.38287 0.00005 -0.9238 0.38287 0.00005 -0.9238 0.38287 0.00005 -0.9238 0.38289 0.00005 -0.9238 0.38289 0.00005 -0.9238 0.38289 0.00005 -0.38243 0.92398 0.00012 -0.38243 0.92398 0.00012 -0.38243 0.92398 0.00012 -0.38325 0.92365 0.00015 -0.38325 0.92365 0.00015 -0.38325 0.92365 0.00015 0.9238 0 -0.38287 0.9238 0 -0.38287 0.9238 0 -0.38287 0.9238 0 -0.38287 0.9238 0 -0.38287 0.9238 0 -0.38287 0.38241 0 -0.92399 0.38241 0 -0.92399 0.38241 0 -0.92399 0.38241 0 -0.92399 0.38241 0 -0.92399 0.38241 0 -0.92399 0.39186 -0.91176 0.12305 0.39186 -0.91176 0.12305 0.39186 -0.91176 0.12305 0.38732 -0.91373 0.12279 0.38732 -0.91373 0.12279 0.38732 -0.91373 0.12279 0.92923 -0.34554 0.1309 0.92923 -0.34554 0.1309 0.92923 -0.34554 0.1309 0.9083 -0.39635 0.1338 0.9083 -0.39635 0.1338 0.9083 -0.39635 0.1338 0.49932 0 -0.86642 0.49932 0 -0.86642 0.49932 0 -0.86642 0.49463 0.00008 -0.86911 0.49463 0.00008 -0.86911 0.49463 0.00008 -0.86911 0.97283 0.00002 -0.23154 0.97283 0.00002 -0.23154 0.97283 0.00002 -0.23154 0.97379 0.0001 -0.22745 0.97379 0.0001 -0.22745 0.97379 0.0001 -0.22745 0.92366 -0.38321 -0.00006 0.92366 -0.38321 -0.00006 0.92366 -0.38321 -0.00006 0.92381 -0.38284 -0.00005 0.92381 -0.38284 -0.00005 0.92381 -0.38284 -0.00005 0.38319 -0.92367 -0.00012 0.38319 -0.92367 -0.00012 0.38319 -0.92367 -0.00012 0.38238 -0.92401 -0.00015 0.38238 -0.92401 -0.00015 0.38238 -0.92401 -0.00015 0.92367 0 0.38319 0.92367 0 0.38319 0.92367 0 0.38319 0.92367 0 0.38319 0.92367 0 0.38319 0.92367 0 0.38319 0.38324 0 0.92365 0.38324 0 0.92365 0.38324 0 0.92365 0.38324 0 0.92365 0.38324 0 0.92365 0.38324 0 0.92365 0.44787 0 0.8941 0.44787 0 0.8941 0.44787 0 0.8941 0.44417 -0.00007 0.89594 0.44417 -0.00007 0.89594 0.44417 -0.00007 0.89594 0.92362 -0.00002 0.38332 0.92362 -0.00002 0.38332 0.92362 -0.00002 0.38332 0.92482 -0.00008 0.38039 0.92482 -0.00008 0.38039 0.92482 -0.00008 0.38039 0.9238 0.38289 0.00005 0.9238 0.38289 0.00005 0.9238 0.38289 0.00005 0.9238 0.38287 0.00005 0.9238 0.38287 0.00005 0.9238 0.38287 0.00005 0.38325 0.92365 0.00012 0.38325 0.92365 0.00012 0.38325 0.92365 0.00012 0.38243 0.92398 0.00015 0.38243 0.92398 0.00015 0.38243 0.92398 0.00015 0.37224 0.92718 -0.0422 0.37224 0.92718 -0.0422 0.37224 0.92718 -0.0422 0.35358 0.93434 -0.04461 0.35358 0.93434 -0.04461 0.35358 0.93434 -0.04461 0.92563 0.37246 0.06691 0.92563 0.37246 0.06691 0.92563 0.37246 0.06691 0.89553 0.44115 0.05842 0.89553 0.44115 0.05842 0.89553 0.44115 0.05842 -0.9238 0 -0.38287 -0.9238 0 -0.38287 -0.9238 0 -0.38287 -0.9238 0 -0.38287 -0.9238 0 -0.38287 -0.9238 0 -0.38287 -0.38241 0 -0.92399 -0.38241 0 -0.92399 -0.38241 0 -0.92399 -0.38241 0 -0.92399 -0.38241 0 -0.92399 -0.38241 0 -0.92399 -0.39186 0.91176 0.12305 -0.39186 0.91176 0.12305 -0.39186 0.91176 0.12305 -0.38732 0.91373 0.12279 -0.38732 0.91373 0.12279 -0.38732 0.91373 0.12279 -0.92923 0.34554 0.1309 -0.92923 0.34554 0.1309 -0.92923 0.34554 0.1309 -0.9083 0.39635 0.1338 -0.9083 0.39635 0.1338 -0.9083 0.39635 0.1338 -0.49932 0 -0.86642 -0.49932 0 -0.86642 -0.49932 0 -0.86642 -0.49463 -0.00008 -0.86911 -0.49463 -0.00008 -0.86911 -0.49463 -0.00008 -0.86911 -0.97283 -0.00002 -0.23154 -0.97283 -0.00002 -0.23154 -0.97283 -0.00002 -0.23154 -0.97379 -0.0001 -0.22745 -0.97379 -0.0001 -0.22745 -0.97379 -0.0001 -0.22745 -0.92366 0.38321 -0.00006 -0.92366 0.38321 -0.00006 -0.92366 0.38321 -0.00006 -0.92381 0.38284 -0.00005 -0.92381 0.38284 -0.00005 -0.92381 0.38284 -0.00005 -0.38319 0.92367 -0.00012 -0.38319 0.92367 -0.00012 -0.38319 0.92367 -0.00012 -0.38238 0.92401 -0.00015 -0.38238 0.92401 -0.00015 -0.38238 0.92401 -0.00015 -0.92367 0 0.38319 -0.92367 0 0.38319 -0.92367 0 0.38319 -0.92367 0 0.38319 -0.92367 0 0.38319 -0.92367 0 0.38319 -0.38324 0 0.92365 -0.38324 0 0.92365 -0.38324 0 0.92365 -0.38324 0 0.92365 -0.38324 0 0.92365 -0.38324 0 0.92365 -0.44787 0 0.8941 -0.44787 0 0.8941 -0.44787 0 0.8941 -0.44417 0.00007 0.89594 -0.44417 0.00007 0.89594 -0.44417 0.00007 0.89594 -0.92362 0.00002 0.38332 -0.92362 0.00002 0.38332 -0.92362 0.00002 0.38332 -0.92482 0.00008 0.38039 -0.92482 0.00008 0.38039 -0.92482 0.00008 0.38039 -0.37224 -0.92718 -0.0422 -0.37224 -0.92718 -0.0422 -0.37224 -0.92718 -0.0422 -0.35358 -0.93434 -0.04461 -0.35358 -0.93434 -0.04461 -0.35358 -0.93434 -0.04461 -0.92563 -0.37246 0.06691 -0.92563 -0.37246 0.06691 -0.92563 -0.37246 0.06691 -0.89553 -0.44115 0.05842 -0.89553 -0.44115 0.05842 -0.89553 -0.44115 0.05842 -0.9238 -0.38289 0.00005 -0.9238 -0.38289 0.00005 -0.9238 -0.38289 0.00005 -0.9238 -0.38287 0.00005 -0.9238 -0.38287 0.00005 -0.9238 -0.38287 0.00005 -0.38325 -0.92365 0.00012 -0.38325 -0.92365 0.00012 -0.38325 -0.92365 0.00012 -0.38243 -0.92398 0.00015 -0.38243 -0.92398 0.00015 -0.38243 -0.92398 0.00015 0.9238 0 -0.38287 0.9238 0 -0.38287 0.9238 0 -0.38287 0.9238 0 -0.38287 0.9238 0 -0.38287 0.9238 0 -0.38287 0.38241 0 -0.92399 0.38241 0 -0.92399 0.38241 0 -0.92399 0.38241 0 -0.92399 0.38241 0 -0.92399 0.38241 0 -0.92399 0.49461 0 -0.86911 0.49461 0 -0.86911 0.49461 0 -0.86911 0.49929 -0.00008 -0.86643 0.49929 -0.00008 -0.86643 0.49929 -0.00008 -0.86643 0.9738 -0.00002 -0.22741 0.9738 -0.00002 -0.22741 0.9738 -0.00002 -0.22741 0.97283 -0.0001 -0.23151 0.97283 -0.0001 -0.23151 0.97283 -0.0001 -0.23151 0.92381 0.38284 -0.00006 0.92381 0.38284 -0.00006 0.92381 0.38284 -0.00006 0.92366 0.38321 -0.00005 0.92366 0.38321 -0.00005 0.92366 0.38321 -0.00005 0.38237 0.92401 -0.00012 0.38237 0.92401 -0.00012 0.38237 0.92401 -0.00012 0.38319 0.92367 -0.00015 0.38319 0.92367 -0.00015 0.38319 0.92367 -0.00015 0.38732 0.91374 0.12273 0.38732 0.91374 0.12273 0.38732 0.91374 0.12273 0.39185 0.91176 0.12311 0.39185 0.91176 0.12311 0.39185 0.91176 0.12311 0.90828 0.39661 0.13317 0.90828 0.39661 0.13317 0.90828 0.39661 0.13317 0.92909 0.34566 0.13158 0.92909 0.34566 0.13158 0.92909 0.34566 0.13158 0.92367 0 0.38319 0.92367 0 0.38319 0.92367 0 0.38319 0.92367 0 0.38319 0.92367 0 0.38319 0.92367 0 0.38319 0.38324 0 0.92365 0.38324 0 0.92365 0.38324 0 0.92365 0.38324 0 0.92365 0.38324 0 0.92365 0.38324 0 0.92365 0.44416 0 0.89595 0.44416 0 0.89595 0.44416 0 0.89595 0.44786 0.00007 0.89411 0.44786 0.00007 0.89411 0.44786 0.00007 0.89411 0.92483 0.00002 0.38037 0.92483 0.00002 0.38037 0.92483 0.00002 0.38037 0.92363 0.00008 0.38329 0.92363 0.00008 0.38329 0.92363 0.00008 0.38329 0.9238 -0.38287 0.00005 0.9238 -0.38287 0.00005 0.9238 -0.38287 0.00005 0.9238 -0.38289 0.00005 0.9238 -0.38289 0.00005 0.9238 -0.38289 0.00005 0.38243 -0.92398 0.00012 0.38243 -0.92398 0.00012 0.38243 -0.92398 0.00012 0.38325 -0.92365 0.00015 0.38325 -0.92365 0.00015 0.38325 -0.92365 0.00015 0.35356 -0.93434 -0.04485 0.35356 -0.93434 -0.04485 0.35356 -0.93434 -0.04485 0.37221 -0.9272 -0.04197 0.37221 -0.9272 -0.04197 0.37221 -0.9272 -0.04197 0.89551 -0.44131 0.05756 0.89551 -0.44131 0.05756 0.89551 -0.44131 0.05756 0.92546 -0.37274 0.06771 0.92546 -0.37274 0.06771 0.92546 -0.37274 0.06771 -0.9953 0.05385 0.08045 -0.9953 0.05385 0.08045 -0.9953 0.05385 0.08045 -0.2819 -0.36713 -0.88643 -0.2819 -0.36713 -0.88642 -0.2819 -0.36713 -0.88642 -0.36715 -0.28188 -0.88642 -0.36715 -0.28188 -0.88642 -0.36715 -0.28188 -0.88642 -0.36713 -0.88642 -0.28192 -0.36713 -0.88642 -0.28192 -0.36713 -0.88642 -0.28192 -0.28192 -0.88642 -0.36713 -0.28192 -0.88642 -0.36713 -0.28192 -0.88642 -0.36713 -0.88642 -0.28188 -0.36715 -0.88642 -0.28188 -0.36715 -0.88642 -0.28188 -0.36715 -0.88642 -0.36713 -0.2819 -0.88642 -0.36713 -0.2819 -0.88642 -0.36713 -0.2819 -0.28192 -0.88642 0.36713 -0.28192 -0.88642 0.36713 -0.28192 -0.88642 0.36713 -0.36713 -0.88642 0.28192 -0.36713 -0.88642 0.28192 -0.36713 -0.88642 0.28192 -0.36714 -0.28189 0.88642 -0.36714 -0.28189 0.88642 -0.36714 -0.28189 0.88642 -0.2819 -0.36713 0.88642 -0.2819 -0.36713 0.88642 -0.2819 -0.36713 0.88642 -0.88642 -0.36713 0.2819 -0.88642 -0.36713 0.2819 -0.88642 -0.36713 0.2819 -0.88642 -0.28188 0.36715 -0.88642 -0.28188 0.36715 -0.88642 -0.28188 0.36715 -0.36715 0.28188 -0.88642 -0.36715 0.28188 -0.88642 -0.36715 0.28188 -0.88642 -0.2819 0.36713 -0.88642 -0.2819 0.36713 -0.88642 -0.2819 0.36713 -0.88643 -0.88642 0.36713 -0.2819 -0.88642 0.36713 -0.2819 -0.88642 0.36713 -0.2819 -0.88642 0.28188 -0.36715 -0.88642 0.28188 -0.36715 -0.88642 0.28188 -0.36715 -0.28192 0.88642 -0.36713 -0.28192 0.88642 -0.36713 -0.28192 0.88642 -0.36713 -0.36713 0.88642 -0.28192 -0.36713 0.88642 -0.28192 -0.36713 0.88642 -0.28192 -0.2819 0.36713 0.88642 -0.2819 0.36713 0.88642 -0.2819 0.36713 0.88642 -0.36714 0.28189 0.88642 -0.36714 0.28189 0.88642 -0.36714 0.28189 0.88642 -0.36713 0.88642 0.28192 -0.36713 0.88642 0.28192 -0.36713 0.88642 0.28192 -0.28192 0.88642 0.36713 -0.28192 0.88642 0.36713 -0.28192 0.88642 0.36713 -0.88642 0.28188 0.36715 -0.88642 0.28188 0.36715 -0.88642 0.28188 0.36715 -0.88642 0.36713 0.2819 -0.88642 0.36713 0.2819 -0.88642 0.36713 0.2819 0.36715 -0.28188 -0.88642 0.36715 -0.28188 -0.88642 0.36715 -0.28188 -0.88642 0.2819 -0.36713 -0.88642 0.2819 -0.36713 -0.88642 0.2819 -0.36713 -0.88643 0.88642 -0.36713 -0.2819 0.88642 -0.36713 -0.2819 0.88642 -0.36713 -0.2819 0.88642 -0.28188 -0.36715 0.88642 -0.28188 -0.36715 0.88642 -0.28188 -0.36715 0.28192 -0.88642 -0.36713 0.28192 -0.88642 -0.36713 0.28192 -0.88642 -0.36713 0.36713 -0.88642 -0.28192 0.36713 -0.88642 -0.28192 0.36713 -0.88642 -0.28192 0.2819 -0.36713 0.88642 0.2819 -0.36713 0.88642 0.2819 -0.36713 0.88642 0.36714 -0.28189 0.88642 0.36714 -0.28189 0.88642 0.36714 -0.28189 0.88642 0.36713 -0.88642 0.28192 0.36713 -0.88642 0.28192 0.36713 -0.88642 0.28192 0.28192 -0.88642 0.36713 0.28192 -0.88642 0.36713 0.28192 -0.88642 0.36713 0.88642 -0.28188 0.36715 0.88642 -0.28188 0.36715 0.88642 -0.28188 0.36715 0.88642 -0.36713 0.2819 0.88642 -0.36713 0.2819 0.88642 -0.36713 0.2819 0.2819 0.36713 -0.88643 0.2819 0.36713 -0.88642 0.2819 0.36713 -0.88642 0.36715 0.28188 -0.88642 0.36715 0.28188 -0.88642 0.36715 0.28188 -0.88642 0.36713 0.88642 -0.28192 0.36713 0.88642 -0.28192 0.36713 0.88642 -0.28192 0.28192 0.88642 -0.36713 0.28192 0.88642 -0.36713 0.28192 0.88642 -0.36713 0.88642 0.28188 -0.36715 0.88642 0.28188 -0.36715 0.88642 0.28188 -0.36715 0.88642 0.36713 -0.2819 0.88642 0.36713 -0.2819 0.88642 0.36713 -0.2819 0.36714 0.28189 0.88642 0.36714 0.28189 0.88642 0.36714 0.28189 0.88642 0.2819 0.36713 0.88642 0.2819 0.36713 0.88642 0.2819 0.36713 0.88642 0.88642 0.36713 0.2819 0.88642 0.36713 0.2819 0.88642 0.36713 0.2819 0.88642 0.28188 0.36715 0.88642 0.28188 0.36715 0.88642 0.28188 0.36715 0.28192 0.88642 0.36713 0.28192 0.88642 0.36713 0.28192 0.88642 0.36713 0.36713 0.88642 0.28192 0.36713 0.88642 0.28192 0.36713 0.88642 0.28192 -0.38266 0 -0.92389 -0.38266 0 -0.92389 -0.38266 0 -0.92389 -0.38266 0 -0.92389 -0.38266 0 -0.92389 -0.38266 0 -0.92389 -0.92389 0 -0.38267 -0.92389 0 -0.38267 -0.92389 0 -0.38267 -0.92389 0 -0.38267 -0.92389 0 -0.38267 -0.92389 0 -0.38267 -0.38265 -0.92389 0 -0.38265 -0.92389 0 -0.38265 -0.92389 0 -0.38265 -0.92389 0 -0.38265 -0.92389 0 -0.38265 -0.92389 0 -0.92389 -0.38265 0 -0.92389 -0.38265 0 -0.92389 -0.38265 0 -0.92389 -0.38265 0 -0.92389 -0.38265 0 -0.92389 -0.38265 0 -0.38266 0 0.92389 -0.38266 0 0.92389 -0.38266 0 0.92389 -0.38266 0 0.92389 -0.38266 0 0.92389 -0.38266 0 0.92389 -0.92389 0 0.38266 -0.92389 0 0.38266 -0.92389 0 0.38266 -0.92389 0 0.38266 -0.92389 0 0.38266 -0.92389 0 0.38266 -0.38265 0.92389 0 -0.38265 0.92389 0 -0.38265 0.92389 0 -0.38265 0.92389 0 -0.38265 0.92389 0 -0.38265 0.92389 0 -0.92389 0.38265 0 -0.92389 0.38265 0 -0.92389 0.38265 0 -0.92389 0.38265 0 -0.92389 0.38265 0 -0.92389 0.38265 0 0 0.38265 -0.92389 0 0.38265 -0.92389 0 0.38265 -0.92389 0 0.38265 -0.92389 0 0.38265 -0.92389 0 0.38265 -0.92389 0 0.92389 -0.38265 0 0.92389 -0.38265 0 0.92389 -0.38265 0 0.92389 -0.38265 0 0.92389 -0.38265 0 0.92389 -0.38265 0 0.38265 0.92389 0 0.38265 0.92389 0 0.38265 0.92389 0 0.38265 0.92389 0 0.38265 0.92389 0 0.38265 0.92389 0 0.92389 0.38265 0 0.92389 0.38265 0 0.92389 0.38265 0 0.92389 0.38265 0 0.92389 0.38265 0 0.92389 0.38265 0.92389 0.38265 0 0.92389 0.38265 0 0.92389 0.38265 0 0.92389 0.38265 0 0.92389 0.38265 0 0.92389 0.38265 0 0.38265 0.92389 0 0.38265 0.92389 0 0.38265 0.92389 0 0.38265 0.92389 0 0.38265 0.92389 0 0.38265 0.92389 0 0.38266 0 -0.92389 0.38266 0 -0.92389 0.38266 0 -0.92389 0.38266 0 -0.92389 0.38266 0 -0.92389 0.38266 0 -0.92389 0.92389 0 -0.38267 0.92389 0 -0.38267 0.92389 0 -0.38267 0.92389 0 -0.38267 0.92389 0 -0.38267 0.92389 0 -0.38267 0.38266 0 0.92389 0.38266 0 0.92389 0.38266 0 0.92389 0.38266 0 0.92389 0.38266 0 0.92389 0.38266 0 0.92389 0.92389 0 0.38266 0.92389 0 0.38266 0.92389 0 0.38266 0.92389 0 0.38266 0.92389 0 0.38266 0.92389 0 0.38266 0.38265 -0.92389 0 0.38265 -0.92389 0 0.38265 -0.92389 0 0.38265 -0.92389 0 0.38265 -0.92389 0 0.38265 -0.92389 0 0.92389 -0.38265 0 0.92389 -0.38265 0 0.92389 -0.38265 0 0.92389 -0.38265 0 0.92389 -0.38265 0 0.92389 -0.38265 0 0 -0.38265 -0.92389 0 -0.38265 -0.92389 0 -0.38265 -0.92389 0 -0.38265 -0.92389 0 -0.38265 -0.92389 0 -0.38265 -0.92389 0 -0.92389 -0.38265 0 -0.92389 -0.38265 0 -0.92389 -0.38265 0 -0.92389 -0.38265 0 -0.92389 -0.38265 0 -0.92389 -0.38265 0 -0.38265 0.92389 0 -0.38265 0.92389 0 -0.38265 0.92389 0 -0.38265 0.92389 0 -0.38265 0.92389 0 -0.38265 0.92389 0 -0.92389 0.38265 0 -0.92389 0.38265 0 -0.92389 0.38265 0 -0.92389 0.38265 0 -0.92389 0.38265 0 -0.92389 0.38265 0 0 -1 0 0 -1 0 0 -1 0 0 -1 0 0 -1 0 0 -1 0.36705 -0.28172 -0.88652 0.36705 -0.28172 -0.88652 0.36705 -0.28172 -0.88652 0.28173 -0.36704 -0.88652 0.28173 -0.36704 -0.88652 0.28173 -0.36704 -0.88652 0.88649 -0.3675 -0.28121 0.88649 -0.3675 -0.28121 0.88649 -0.3675 -0.28121 0.8865 -0.28141 -0.36732 0.8865 -0.28141 -0.36732 0.8865 -0.28141 -0.36732 0.28143 -0.8865 -0.3673 0.28143 -0.8865 -0.3673 0.28143 -0.8865 -0.3673 0.36749 -0.88649 -0.28123 0.36749 -0.88649 -0.28123 0.36749 -0.88649 -0.28123 0.88649 -0.28119 0.36752 0.88649 -0.28119 0.36752 0.88649 -0.28119 0.36752 0.88649 -0.3675 0.2812 0.88649 -0.3675 0.2812 0.88649 -0.3675 0.2812 0.28118 -0.36752 0.88649 0.28118 -0.36752 0.88649 0.28118 -0.36752 0.88649 0.36753 -0.28117 0.88649 0.36753 -0.28117 0.88649 0.36753 -0.28117 0.88649 0.36749 -0.88649 0.28121 0.36749 -0.88649 0.28121 0.36749 -0.88649 0.28121 0.2812 -0.88649 0.3675 0.2812 -0.88649 0.3675 0.2812 -0.88649 0.3675 -0.28192 -0.36686 -0.88653 -0.28192 -0.36686 -0.88653 -0.28192 -0.36686 -0.88653 -0.36705 -0.28172 -0.88652 -0.36705 -0.28172 -0.88652 -0.36705 -0.28172 -0.88652 -0.36705 -0.88652 -0.28169 -0.36705 -0.88652 -0.28169 -0.36705 -0.88652 -0.28169 -0.2819 -0.88654 -0.36686 -0.2819 -0.88654 -0.36686 -0.2819 -0.88654 -0.36686 -0.8865 -0.28141 -0.36732 -0.8865 -0.28141 -0.36732 -0.8865 -0.28141 -0.36732 -0.8865 -0.36732 -0.28141 -0.8865 -0.36732 -0.28141 -0.8865 -0.36732 -0.28141 -0.36753 -0.28117 0.88649 -0.36753 -0.28117 0.88649 -0.36753 -0.28117 0.88649 -0.28137 -0.36734 0.8865 -0.28137 -0.36734 0.8865 -0.28137 -0.36734 0.8865 -0.88651 -0.36732 0.2814 -0.88651 -0.36732 0.2814 -0.88651 -0.36732 0.2814 -0.88649 -0.28119 0.36752 -0.88649 -0.28119 0.36752 -0.88649 -0.28119 0.36752 -0.28167 -0.88653 0.36706 -0.28167 -0.88653 0.36706 -0.28167 -0.88653 0.36706 -0.36705 -0.88653 0.28168 -0.36705 -0.88653 0.28168 -0.36705 -0.88653 0.28168 0.28173 0.36705 -0.88651 0.28173 0.36705 -0.88651 0.28173 0.36705 -0.88651 0.36705 0.28174 -0.88651 0.36705 0.28174 -0.88651 0.36705 0.28174 -0.88651 0.36749 0.88649 -0.28123 0.36749 0.88649 -0.28123 0.36749 0.88649 -0.28123 0.28143 0.8865 -0.3673 0.28143 0.8865 -0.3673 0.28143 0.8865 -0.3673 0.8865 0.28143 -0.36732 0.8865 0.28143 -0.36732 0.8865 0.28143 -0.36732 0.88648 0.36751 -0.28122 0.88648 0.36751 -0.28122 0.88648 0.36751 -0.28122 0.36753 0.28119 0.88649 0.36753 0.28119 0.88649 0.36753 0.28119 0.88649 0.28118 0.36754 0.88648 0.28118 0.36754 0.88648 0.28118 0.36754 0.88648 0.88648 0.36752 0.2812 0.88648 0.36752 0.2812 0.88649 0.36752 0.2812 0.88649 0.2812 0.36752 0.88649 0.2812 0.36752 0.88649 0.2812 0.36752 0.2812 0.88649 0.3675 0.2812 0.88649 0.3675 0.2812 0.88649 0.3675 0.36749 0.88649 0.28121 0.36749 0.88649 0.28121 0.36749 0.88649 0.28121 -0.36705 0.28174 -0.88651 -0.36705 0.28174 -0.88651 -0.36705 0.28174 -0.88651 -0.28173 0.36705 -0.88651 -0.28173 0.36705 -0.88651 -0.28173 0.36705 -0.88651 -0.88648 0.36751 -0.28122 -0.88648 0.36751 -0.28122 -0.88648 0.36751 -0.28122 -0.8865 0.28143 -0.36732 -0.8865 0.28143 -0.36732 -0.8865 0.28143 -0.36732 -0.28143 0.8865 -0.3673 -0.28143 0.8865 -0.3673 -0.28143 0.8865 -0.3673 -0.36749 0.88649 -0.28123 -0.36749 0.88649 -0.28123 -0.36749 0.88649 -0.28123 -0.28118 0.36754 0.88648 -0.28118 0.36754 0.88648 -0.28118 0.36754 0.88648 -0.36753 0.28119 0.88649 -0.36753 0.28119 0.88649 -0.36753 0.28119 0.88649 -0.36749 0.88649 0.28121 -0.36749 0.88649 0.28121 -0.36749 0.88649 0.28121 -0.2812 0.88649 0.3675 -0.2812 0.88649 0.3675 -0.2812 0.88649 0.3675 -0.88649 0.2812 0.36752 -0.88649 0.2812 0.36752 -0.88649 0.2812 0.36752 -0.88649 0.36752 0.2812 -0.88648 0.36752 0.2812 -0.88648 0.36752 0.2812 0.28192 0.36686 -0.88653 0.28192 0.36686 -0.88653 0.28192 0.36686 -0.88653 0.36705 0.28172 -0.88652 0.36705 0.28172 -0.88652 0.36705 0.28172 -0.88652 0.36705 0.88652 -0.28169 0.36705 0.88652 -0.28169 0.36705 0.88652 -0.28169 0.2819 0.88654 -0.36686 0.2819 0.88654 -0.36686 0.2819 0.88654 -0.36686 0.8865 0.28141 -0.36732 0.8865 0.28141 -0.36732 0.8865 0.28141 -0.36732 0.8865 0.36732 -0.28141 0.8865 0.36732 -0.28141 0.8865 0.36732 -0.28141 0.88646 0.3673 0.28157 0.88646 0.3673 0.28157 0.88646 0.3673 0.28157 0.88643 0.28142 0.36749 0.88643 0.28142 0.36749 0.88643 0.28142 0.36749 0.2819 0.88646 0.36703 0.2819 0.88646 0.36703 0.2819 0.88646 0.36703 0.36703 0.88648 0.28186 0.36703 0.88648 0.28186 0.36703 0.88648 0.28186 0.36747 0.28173 0.88634 0.36747 0.28173 0.88634 0.36747 0.28173 0.88634 0.28193 0.36728 0.88635 0.28193 0.36728 0.88635 0.28193 0.36728 0.88635 -0.36705 0.28172 -0.88652 -0.36705 0.28172 -0.88652 -0.36705 0.28172 -0.88652 -0.28192 0.36686 -0.88653 -0.28192 0.36686 -0.88653 -0.28192 0.36686 -0.88653 -0.8865 0.36732 -0.28141 -0.8865 0.36732 -0.28141 -0.8865 0.36732 -0.28141 -0.8865 0.28141 -0.36732 -0.8865 0.28141 -0.36732 -0.8865 0.28141 -0.36732 -0.2819 0.88654 -0.36686 -0.2819 0.88654 -0.36686 -0.2819 0.88654 -0.36686 -0.36705 0.88652 -0.28169 -0.36705 0.88652 -0.28169 -0.36705 0.88652 -0.28169 -0.28137 0.36734 0.8865 -0.28137 0.36734 0.8865 -0.28137 0.36734 0.8865 -0.36753 0.28117 0.88649 -0.36753 0.28117 0.88649 -0.36753 0.28117 0.88649 -0.36705 0.88653 0.28168 -0.36705 0.88653 0.28168 -0.36705 0.88653 0.28168 -0.28167 0.88653 0.36706 -0.28167 0.88653 0.36706 -0.28167 0.88653 0.36706 -0.88649 0.28119 0.36752 -0.88649 0.28119 0.36752 -0.88649 0.28119 0.36752 -0.88651 0.36732 0.2814 -0.88651 0.36732 0.2814 -0.88651 0.36732 0.2814 0.36705 -0.28174 -0.88651 0.36705 -0.28174 -0.88651 0.36705 -0.28174 -0.88651 0.28173 -0.36705 -0.88651 0.28173 -0.36705 -0.88651 0.28173 -0.36705 -0.88651 0.88648 -0.36751 -0.28122 0.88648 -0.36751 -0.28122 0.88648 -0.36751 -0.28122 0.8865 -0.28143 -0.36732 0.8865 -0.28143 -0.36732 0.8865 -0.28143 -0.36732 0.28143 -0.8865 -0.3673 0.28143 -0.8865 -0.3673 0.28143 -0.8865 -0.3673 0.36749 -0.88649 -0.28123 0.36749 -0.88649 -0.28123 0.36749 -0.88649 -0.28123 0.28118 -0.36754 0.88648 0.28118 -0.36754 0.88648 0.28118 -0.36754 0.88648 0.36753 -0.28119 0.88649 0.36753 -0.28119 0.88649 0.36753 -0.28119 0.88649 0.36749 -0.88649 0.28121 0.36749 -0.88649 0.28121 0.36749 -0.88649 0.28121 0.2812 -0.88649 0.3675 0.2812 -0.88649 0.3675 0.2812 -0.88649 0.3675 0.88649 -0.2812 0.36752 0.88649 -0.2812 0.36752 0.88649 -0.2812 0.36752 0.88649 -0.36752 0.2812 0.88648 -0.36752 0.2812 0.88648 -0.36752 0.2812 -0.28173 -0.36705 -0.88651 -0.28173 -0.36705 -0.88651 -0.28173 -0.36705 -0.88651 -0.36705 -0.28174 -0.88651 -0.36705 -0.28174 -0.88651 -0.36705 -0.28174 -0.88651 -0.36749 -0.88649 -0.28123 -0.36749 -0.88649 -0.28123 -0.36749 -0.88649 -0.28123 -0.28143 -0.8865 -0.3673 -0.28143 -0.8865 -0.3673 -0.28143 -0.8865 -0.3673 -0.8865 -0.28143 -0.36732 -0.8865 -0.28143 -0.36732 -0.8865 -0.28143 -0.36732 -0.88648 -0.36751 -0.28122 -0.88648 -0.36751 -0.28122 -0.88648 -0.36751 -0.28122 -0.36753 -0.28119 0.88649 -0.36753 -0.28119 0.88649 -0.36753 -0.28119 0.88649 -0.28118 -0.36754 0.88648 -0.28118 -0.36754 0.88648 -0.28118 -0.36754 0.88648 -0.88648 -0.36752 0.2812 -0.88648 -0.36752 0.2812 -0.88649 -0.36752 0.2812 -0.88649 -0.2812 0.36752 -0.88649 -0.2812 0.36752 -0.88649 -0.2812 0.36752 -0.2812 -0.88649 0.3675 -0.2812 -0.88649 0.3675 -0.2812 -0.88649 0.3675 -0.36749 -0.88649 0.28121 -0.36749 -0.88649 0.28121 -0.36749 -0.88649 0.28121 0 -0.38237 -0.92401 0 -0.38237 -0.92401 0 -0.38237 -0.92401 0 -0.38253 -0.92394 0 -0.38253 -0.92394 0 -0.38253 -0.92394 0 -0.92401 -0.38237 0 -0.92401 -0.38237 0 -0.92401 -0.38237 0 -0.92384 -0.38277 0 -0.92384 -0.38277 0 -0.92384 -0.38277 0.92377 -0.38296 0 0.92377 -0.38296 0 0.92377 -0.38296 0 0.92377 -0.38296 0 0.92377 -0.38296 0 0.92377 -0.38296 0 0.38295 -0.92377 0 0.38295 -0.92377 0 0.38295 -0.92377 0 0.38295 -0.92377 0 0.38295 -0.92377 0 0.38295 -0.92377 0 0 -0.38297 0.92376 0 -0.38297 0.92376 0 -0.38297 0.92376 0 -0.38281 0.92383 0 -0.38281 0.92383 0 -0.38281 0.92383 0 -0.92377 0.38295 0 -0.92377 0.38295 0 -0.92377 0.38295 0 -0.92394 0.38255 0 -0.92394 0.38255 0 -0.92394 0.38255 -0.92384 -0.38279 0 -0.92384 -0.38279 0 -0.92384 -0.38279 0 -0.92384 -0.38279 0 -0.92384 -0.38279 0 -0.92384 -0.38279 0 -0.38254 -0.92394 0 -0.38254 -0.92394 0 -0.38254 -0.92394 0 -0.38254 -0.92394 0 -0.38254 -0.92394 0 -0.38254 -0.92394 0 -0.38254 0 -0.92394 -0.38254 0 -0.92394 -0.38254 0 -0.92394 -0.38254 0 -0.92394 -0.38254 0 -0.92394 -0.38254 0 -0.92394 -0.92384 0 -0.38279 -0.92384 0 -0.38279 -0.92384 0 -0.38279 -0.92384 0 -0.38279 -0.92384 0 -0.38279 -0.92384 0 -0.38279 -0.38298 0 0.92376 -0.38298 0 0.92376 -0.38298 0 0.92376 -0.38298 0 0.92376 -0.38298 0 0.92376 -0.38298 0 0.92376 -0.92376 0 0.38297 -0.92376 0 0.38297 -0.92376 0 0.38297 -0.92376 0 0.38297 -0.92376 0 0.38297 -0.92376 0 0.38297 -0.38295 0.92377 0 -0.38295 0.92377 0 -0.38295 0.92377 0 -0.38295 0.92377 0 -0.38295 0.92377 0 -0.38295 0.92377 0 -0.92376 0.38297 0 -0.92376 0.38297 0 -0.92376 0.38297 0 -0.92376 0.38297 0 -0.92376 0.38297 0 -0.92376 0.38297 0 0 0.38255 -0.92394 0 0.38255 -0.92394 0 0.38255 -0.92394 0 0.38255 -0.92394 0 0.38255 -0.92394 0 0.38255 -0.92394 0 0.92384 -0.38277 0 0.92384 -0.38277 0 0.92384 -0.38277 0 0.92384 -0.38277 0 0.92384 -0.38277 0 0.92384 -0.38277 0 0.38299 0.92375 0 0.38299 0.92375 0 0.38299 0.92375 0 0.38299 0.92375 0 0.38299 0.92375 0 0.38299 0.92375 0 0.92377 0.38295 0 0.92377 0.38295 0 0.92377 0.38295 0 0.92377 0.38295 0 0.92377 0.38295 0 0.92377 0.38295 0.92376 0.38297 0 0.92376 0.38297 0 0.92376 0.38297 0 0.92376 0.38297 0 0.92376 0.38297 0 0.92376 0.38297 0 0.38295 0.92377 0 0.38295 0.92377 0 0.38295 0.92377 0 0.38295 0.92377 0 0.38295 0.92377 0 0.38295 0.92377 0 0.38254 0 -0.92394 0.38254 0 -0.92394 0.38254 0 -0.92394 0.38254 0 -0.92394 0.38254 0 -0.92394 0.38254 0 -0.92394 0.92384 0 -0.38279 0.92384 0 -0.38279 0.92384 0 -0.38279 0.92384 0 -0.38279 0.92384 0 -0.38279 0.92384 0 -0.38279 0.38298 0 0.92376 0.38298 0 0.92376 0.38298 0 0.92376 0.38298 0 0.92376 0.38298 0 0.92376 0.38298 0 0.92376 0.92376 0 0.38297 0.92376 0 0.38297 0.92376 0 0.38297 0.92376 0 0.38297 0.92376 0 0.38297 0.92376 0 0.38297 0 0.92401 -0.38237 0 0.92401 -0.38237 0 0.92401 -0.38237 0 0.92401 -0.38237 0 0.92401 -0.38237 0 0.92401 -0.38237 0 0.38237 -0.92401 0 0.38237 -0.92401 0 0.38237 -0.92401 0 0.38237 -0.92401 0 0.38237 -0.92401 0 0.38237 -0.92401 0.38254 0.92394 0 0.38254 0.92394 0 0.38254 0.92394 0 0.38254 0.92394 0 0.38254 0.92394 0 0.38254 0.92394 0 0.92384 0.38279 0 0.92384 0.38279 0 0.92384 0.38279 0 0.92384 0.38279 0 0.92384 0.38279 0 0.92384 0.38279 0 0 0.92394 0.38255 0 0.92394 0.38255 0 0.92394 0.38255 0 0.92394 0.38255 0 0.92394 0.38255 0 0.92394 0.38255 0 0.38281 0.92383 0 0.38281 0.92383 0 0.38281 0.92383 0 0.38281 0.92383 0 0.38281 0.92383 0 0.38281 0.92383 -0.38254 0.92394 0 -0.38254 0.92394 0 -0.38254 0.92394 0 -0.38254 0.92394 0 -0.38254 0.92394 0 -0.38254 0.92394 0 -0.92384 0.38279 0 -0.92384 0.38279 0 -0.92384 0.38279 0 -0.92384 0.38279 0 -0.92384 0.38279 0 -0.92384 0.38279 0 -0.92384 0 -0.38279 -0.92384 0 -0.38279 -0.92384 0 -0.38279 -0.92384 0 -0.38279 -0.92384 0 -0.38279 -0.92384 0 -0.38279 -0.38254 0 -0.92394 -0.38254 0 -0.92394 -0.38254 0 -0.92394 -0.38254 0 -0.92394 -0.38254 0 -0.92394 -0.38254 0 -0.92394 -0.92376 0 0.38297 -0.92376 0 0.38297 -0.92376 0 0.38297 -0.92376 0 0.38297 -0.92376 0 0.38297 -0.92376 0 0.38297 -0.38298 0 0.92376 -0.38298 0 0.92376 -0.38298 0 0.92376 -0.38298 0 0.92376 -0.38298 0 0.92376 -0.38298 0 0.92376 -0.92376 -0.38297 0 -0.92376 -0.38297 0 -0.92376 -0.38297 0 -0.92376 -0.38297 0 -0.92376 -0.38297 0 -0.92376 -0.38297 0 -0.38295 -0.92377 0 -0.38295 -0.92377 0 -0.38295 -0.92377 0 -0.38295 -0.92377 0 -0.38295 -0.92377 0 -0.38295 -0.92377 0 0 -0.92384 -0.38277 0 -0.92384 -0.38277 0 -0.92384 -0.38277 0 -0.92384 -0.38277 0 -0.92384 -0.38277 0 -0.92384 -0.38277 0 -0.38255 -0.92394 0 -0.38255 -0.92394 0 -0.38255 -0.92394 0 -0.38255 -0.92394 0 -0.38255 -0.92394 0 -0.38255 -0.92394 0 -0.92377 0.38295 0 -0.92377 0.38295 0 -0.92377 0.38295 0 -0.92377 0.38295 0 -0.92377 0.38295 0 -0.92377 0.38295 0 -0.38299 0.92375 0 -0.38299 0.92375 0 -0.38299 0.92375 0 -0.38299 0.92375 0 -0.38299 0.92375 0 -0.38299 0.92375 0.38295 -0.92377 0 0.38295 -0.92377 0 0.38295 -0.92377 0 0.38295 -0.92377 0 0.38295 -0.92377 0 0.38295 -0.92377 0 0.92376 -0.38297 0 0.92376 -0.38297 0 0.92376 -0.38297 0 0.92376 -0.38297 0 0.92376 -0.38297 0 0.92376 -0.38297 0 0.92384 0 -0.38279 0.92384 0 -0.38279 0.92384 0 -0.38279 0.92384 0 -0.38279 0.92384 0 -0.38279 0.92384 0 -0.38279 0.38254 0 -0.92394 0.38254 0 -0.92394 0.38254 0 -0.92394 0.38254 0 -0.92394 0.38254 0 -0.92394 0.38254 0 -0.92394 0.92376 0 0.38297 0.92376 0 0.38297 0.92376 0 0.38297 0.92376 0 0.38297 0.92376 0 0.38297 0.92376 0 0.38297 0.38298 0 0.92376 0.38298 0 0.92376 0.38298 0 0.92376 0.38298 0 0.92376 0.38298 0 0.92376 0.38298 0 0.92376 0 0 -1 0 0 -1 0 0 -1 0 0 -1 0 0 -1 0 0 -1 -0.22746 -0.37248 -0.89973 -0.22746 -0.37248 -0.89973 -0.22746 -0.37248 -0.89973 -0.30164 -0.3043 -0.90356 -0.30164 -0.3043 -0.90356 -0.30164 -0.3043 -0.90356 -0.30022 -0.90418 -0.30385 -0.30022 -0.90418 -0.30385 -0.30022 -0.90418 -0.30385 -0.22553 -0.90015 -0.37265 -0.22553 -0.90015 -0.37265 -0.22553 -0.90015 -0.37265 -0.84617 -0.31662 -0.42865 -0.84617 -0.31662 -0.42865 -0.84617 -0.31662 -0.42865 -0.84537 -0.4308 -0.31586 -0.84536 -0.4308 -0.31586 -0.84537 -0.4308 -0.31586 0.30164 -0.3043 -0.90356 0.30164 -0.3043 -0.90356 0.30164 -0.3043 -0.90356 0.22746 -0.37248 -0.89973 0.22746 -0.37248 -0.89973 0.22746 -0.37248 -0.89973 0.84537 -0.4308 -0.31586 0.84536 -0.4308 -0.31586 0.84537 -0.4308 -0.31586 0.84617 -0.31662 -0.42865 0.84617 -0.31662 -0.42865 0.84617 -0.31662 -0.42865 0.22553 -0.90015 -0.37265 0.22553 -0.90015 -0.37265 0.22553 -0.90015 -0.37265 0.30022 -0.90418 -0.30385 0.30022 -0.90418 -0.30385 0.30022 -0.90418 -0.30385 0.25575 -0.58259 0.77148 0.25575 -0.58259 0.77148 0.25575 -0.58259 0.77148 0.33807 -0.51701 0.78639 0.33807 -0.51701 0.78639 0.33807 -0.51701 0.78639 0.31056 -0.91966 0.24036 0.31056 -0.91966 0.24036 0.31056 -0.91966 0.24036 0.21537 -0.92162 0.32285 0.21537 -0.92162 0.32285 0.21537 -0.92162 0.32285 0.86564 -0.39784 0.30396 0.86564 -0.39784 0.30396 0.86564 -0.39784 0.30396 0.8599 -0.4353 0.2666 0.8599 -0.4353 0.2666 0.8599 -0.4353 0.2666 -0.33807 -0.51701 0.78639 -0.33807 -0.51701 0.78639 -0.33807 -0.51701 0.78639 -0.25575 -0.58259 0.77148 -0.25575 -0.58259 0.77148 -0.25575 -0.58259 0.77148 -0.8599 -0.4353 0.2666 -0.8599 -0.4353 0.2666 -0.8599 -0.4353 0.2666 -0.86564 -0.39784 0.30396 -0.86564 -0.39784 0.30396 -0.86564 -0.39784 0.30396 -0.21537 -0.92162 0.32285 -0.21537 -0.92162 0.32285 -0.21537 -0.92162 0.32285 -0.31056 -0.91966 0.24036 -0.31056 -0.91966 0.24036 -0.31056 -0.91966 0.24036 0.34764 0.90814 -0.23328 0.34764 0.90814 -0.23328 0.34764 0.90814 -0.23328 0.25016 0.91435 -0.31842 0.25016 0.91435 -0.31842 0.25016 0.91435 -0.31842 0.88192 0.37371 -0.28732 0.88192 0.37371 -0.28732 0.88192 0.37371 -0.28732 0.88053 0.3971 -0.25881 0.88053 0.3971 -0.25881 0.88053 0.3971 -0.25881 0.2656 0.58548 -0.76594 0.2656 0.58548 -0.76594 0.2656 0.58548 -0.76594 0.35916 0.50719 -0.78343 0.35916 0.50719 -0.78343 0.35916 0.50719 -0.78343 -0.30078 0.90726 -0.29395 -0.30078 0.90726 -0.29395 -0.30078 0.90726 -0.29395 -0.37813 0.89848 -0.22304 -0.37813 0.89848 -0.22304 -0.37813 0.89848 -0.22304 -0.41427 0.47031 -0.77922 -0.41427 0.47031 -0.77922 -0.41427 0.47031 -0.77922 -0.33122 0.54711 -0.76874 -0.33122 0.54711 -0.76874 -0.33122 0.54711 -0.76874 -0.87425 0.42056 -0.24253 -0.87425 0.42056 -0.24253 -0.87425 0.42056 -0.24253 -0.87773 0.3567 -0.31992 -0.87773 0.3567 -0.31992 -0.87773 0.3567 -0.31992 0.88585 0.36836 0.2821 0.88585 0.36836 0.2821 0.88585 0.36836 0.2821 0.88585 0.28372 0.36712 0.88585 0.28372 0.36712 0.88585 0.28372 0.36712 0.28119 0.88673 0.36693 0.28119 0.88673 0.36693 0.28119 0.88673 0.36693 0.36688 0.88663 0.28157 0.36688 0.88663 0.28157 0.36688 0.88663 0.28157 0.36657 0.28552 0.8855 0.36657 0.28552 0.8855 0.36657 0.28552 0.8855 0.2809 0.37089 0.88518 0.2809 0.37089 0.88518 0.2809 0.37089 0.88518 -0.36688 0.88663 0.28157 -0.36688 0.88663 0.28157 -0.36688 0.88663 0.28157 -0.28119 0.88673 0.36693 -0.28119 0.88673 0.36693 -0.28119 0.88673 0.36693 -0.88585 0.28372 0.36712 -0.88585 0.28372 0.36712 -0.88585 0.28372 0.36712 -0.88585 0.36836 0.2821 -0.88585 0.36836 0.2821 -0.88585 0.36836 0.2821 -0.2809 0.37089 0.88518 -0.2809 0.37089 0.88518 -0.2809 0.37089 0.88518 -0.36657 0.28552 0.8855 -0.36657 0.28552 0.8855 -0.36657 0.28552 0.8855 -0.34116 0 -0.94 -0.34116 0 -0.94 -0.34116 0 -0.94 -0.34425 -0.00008 -0.93888 -0.34425 -0.00008 -0.93888 -0.34425 -0.00008 -0.93888 -0.90397 0 -0.42758 -0.90397 0 -0.42758 -0.90397 0 -0.42758 -0.90519 -0.00006 -0.425 -0.90519 -0.00006 -0.425 -0.90519 -0.00006 -0.425 0 -0.60263 0.79802 0 -0.60263 0.79802 0 -0.60263 0.79802 0 -0.60263 0.79802 0 -0.60263 0.79802 0 -0.60263 0.79802 0 -0.94377 0.33061 0 -0.94377 0.33061 0 -0.94377 0.33061 0 -0.94377 0.33061 0 -0.94377 0.33061 0 -0.94377 0.33061 0.34425 -0.00008 -0.93888 0.34425 -0.00008 -0.93888 0.34425 -0.00008 -0.93888 0.34116 0 -0.94 0.34116 0 -0.94 0.34116 0 -0.94 0.90519 -0.00006 -0.425 0.90519 -0.00006 -0.425 0.90519 -0.00006 -0.425 0.90397 0 -0.42758 0.90397 0 -0.42758 0.90397 0 -0.42758 -0.3406 -0.94021 0 -0.3406 -0.94021 0 -0.3406 -0.94021 0 -0.33904 -0.94077 -0.00004 -0.33904 -0.94077 -0.00004 -0.33904 -0.94077 -0.00004 -0.90305 -0.42953 -0.00002 -0.90305 -0.42953 -0.00002 -0.90305 -0.42953 -0.00002 -0.90196 -0.43183 -0.00007 -0.90196 -0.43183 -0.00007 -0.90196 -0.43183 -0.00007 0.33903 -0.94077 0 0.33903 -0.94077 0 0.33903 -0.94077 0 0.3406 -0.94021 -0.00004 0.3406 -0.94021 -0.00004 0.3406 -0.94021 -0.00004 0.90196 -0.43183 -0.00002 0.90196 -0.43183 -0.00002 0.90196 -0.43183 -0.00002 0.90305 -0.42953 -0.00007 0.90305 -0.42953 -0.00007 0.90305 -0.42953 -0.00007 0 -0.38251 -0.92395 0 -0.38251 -0.92395 0 -0.38251 -0.92395 0 -0.38251 -0.92395 0 -0.38251 -0.92395 0 -0.38251 -0.92395 0 -0.92395 -0.38251 0 -0.92395 -0.38251 0 -0.92395 -0.38251 0 -0.92395 -0.38251 0 -0.92395 -0.38251 0 -0.92395 -0.38251 0 0.57984 -0.81473 0 0.57984 -0.81473 0 0.57984 -0.81473 0.00123 0.60729 -0.79448 0.00123 0.60729 -0.79448 0.00123 0.60729 -0.79448 0 0.94437 -0.32888 0 0.94437 -0.32888 0 0.94437 -0.32888 0.0008 0.95131 -0.30822 0.0008 0.95131 -0.30822 0.0008 0.95131 -0.30822 -0.44426 0.2796 -0.85115 -0.44426 0.2796 -0.85115 -0.44426 0.2796 -0.85115 -0.41441 0.28409 -0.86462 -0.41441 0.28409 -0.86462 -0.41441 0.28409 -0.86462 -0.93057 0.11429 -0.34782 -0.93057 0.11429 -0.34782 -0.93057 0.11429 -0.34782 -0.93574 0.11007 -0.33508 -0.93574 0.11007 -0.33508 -0.93574 0.11007 -0.33508 0.41439 0.28403 -0.86464 0.41439 0.28403 -0.86464 0.41439 0.28403 -0.86464 0.41247 0.2843 -0.86547 0.41247 0.2843 -0.86547 0.41247 0.2843 -0.86547 0.93574 0.11007 -0.33507 0.93574 0.11007 -0.33507 0.93574 0.11007 -0.33507 0.93483 0.11082 -0.33736 0.93483 0.11082 -0.33736 0.93483 0.11082 -0.33736 0.92388 0.00189 0.38267 0.92388 0.00189 0.38267 0.92388 0.00189 0.38267 0.92387 0.00189 0.3827 0.92387 0.00189 0.3827 0.92387 0.00189 0.3827 0.38273 0.00456 0.92385 0.38273 0.00456 0.92385 0.38273 0.00456 0.92385 0.38249 0.00456 0.92395 0.38249 0.00456 0.92395 0.38249 0.00456 0.92395 0 0.92402 0.38236 0 0.92402 0.38236 0 0.92402 0.38236 0 0.92402 0.38236 0 0.92402 0.38236 0 0.92402 0.38236 0 0.38645 0.92231 0 0.38645 0.92231 0 0.38645 0.92231 0 0.38645 0.92231 0 0.38645 0.92231 0 0.38645 0.92231 -0.92387 0.00189 0.3827 -0.92387 0.00189 0.3827 -0.92387 0.00189 0.3827 -0.92388 0.00189 0.38267 -0.92388 0.00189 0.38267 -0.92388 0.00189 0.38267 -0.38249 0.00456 0.92395 -0.38249 0.00456 0.92395 -0.38249 0.00456 0.92395 -0.38273 0.00456 0.92385 -0.38273 0.00456 0.92385 -0.38273 0.00456 0.92385 0.4152 -0.27737 0.86642 0.4152 -0.27737 0.86642 0.4152 -0.27737 0.86642 0.41575 -0.2773 0.86618 0.41575 -0.2773 0.86618 0.41575 -0.2773 0.86618 0.93605 -0.10728 0.33511 0.93605 -0.10728 0.33511 0.93605 -0.10728 0.33511 0.93602 -0.10731 0.33519 0.93602 -0.10731 0.33519 0.93602 -0.10731 0.33519 0.3831 0.9237 0.00042 0.3831 0.92371 0.00042 0.3831 0.92371 0.00042 0.38298 0.92376 0.00042 0.38298 0.92376 0.00042 0.38298 0.92376 0.00042 0.92387 0.38271 0.00017 0.92387 0.38271 0.00017 0.92387 0.38271 0.00017 0.92387 0.3827 0.00017 0.92387 0.3827 0.00017 0.92387 0.3827 0.00017 -0.92188 0.38748 0.00018 -0.92188 0.38748 0.00018 -0.92188 0.38748 0.00018 -0.92387 0.3827 0.00004 -0.92387 0.3827 0.00004 -0.92387 0.3827 0.00004 -0.39438 0.91895 0.0001 -0.39438 0.91895 0.0001 -0.39438 0.91895 0.0001 -0.38298 0.92376 0.00042 -0.38298 0.92376 0.00042 -0.38298 0.92376 0.00042 -0.93605 -0.10728 0.33511 -0.93605 -0.10728 0.33511 -0.93605 -0.10728 0.33511 -0.93602 -0.10731 0.33519 -0.93602 -0.10731 0.33519 -0.93602 -0.10731 0.33519 -0.4152 -0.27737 0.86642 -0.4152 -0.27737 0.86642 -0.4152 -0.27737 0.86642 -0.41575 -0.27729 0.86618 -0.41575 -0.27729 0.86618 -0.41575 -0.27729 0.86618 -1 0 0 -1 0 0 -1 0 0 -0.28117 -0.36783 -0.88636 -0.28117 -0.36783 -0.88636 -0.28117 -0.36783 -0.88636 -0.36739 -0.28165 -0.8864 -0.36739 -0.28165 -0.8864 -0.36739 -0.28165 -0.8864 -0.36733 -0.88641 -0.28167 -0.36733 -0.88641 -0.28167 -0.36733 -0.88641 -0.28167 -0.28118 -0.88638 -0.36779 -0.28118 -0.88638 -0.36779 -0.28118 -0.88638 -0.36779 -0.88601 -0.28247 -0.36768 -0.88601 -0.28247 -0.36768 -0.88601 -0.28247 -0.36768 -0.88601 -0.36767 -0.28249 -0.88601 -0.36767 -0.28249 -0.88601 -0.36767 -0.28249 -0.28119 -0.88638 0.36779 -0.28119 -0.88638 0.36779 -0.28119 -0.88638 0.36779 -0.36733 -0.88641 0.28168 -0.36733 -0.88641 0.28168 -0.36733 -0.88641 0.28168 -0.36738 -0.28167 0.88639 -0.36738 -0.28167 0.88639 -0.36738 -0.28167 0.88639 -0.28119 -0.36783 0.88636 -0.28119 -0.36783 0.88636 -0.28119 -0.36783 0.88636 -0.88601 -0.36767 0.2825 -0.88601 -0.36767 0.2825 -0.88601 -0.36767 0.2825 -0.88601 -0.28248 0.36768 -0.88601 -0.28248 0.36768 -0.88601 -0.28248 0.36768 -0.36743 0.28123 -0.88651 -0.36743 0.28123 -0.88651 -0.36743 0.28123 -0.88651 -0.28116 0.36739 -0.88655 -0.28116 0.36739 -0.88655 -0.28116 0.36739 -0.88655 -0.8862 0.36723 -0.28248 -0.8862 0.36723 -0.28248 -0.8862 0.36723 -0.28248 -0.88613 0.28206 -0.36773 -0.88613 0.28206 -0.36773 -0.88613 0.28206 -0.36773 -0.28128 0.88635 -0.36778 -0.28128 0.88635 -0.36778 -0.28128 0.88635 -0.36778 -0.36732 0.88639 -0.28177 -0.36732 0.88639 -0.28177 -0.36732 0.88639 -0.28177 -0.28118 0.36739 0.88654 -0.28118 0.36739 0.88654 -0.28118 0.36739 0.88654 -0.36743 0.28126 0.8865 -0.36743 0.28126 0.8865 -0.36743 0.28126 0.8865 -0.36731 0.88639 0.28178 -0.36731 0.88639 0.28178 -0.36731 0.88639 0.28178 -0.28129 0.88635 0.36778 -0.28129 0.88635 0.36778 -0.28129 0.88635 0.36778 -0.88612 0.28207 0.36773 -0.88612 0.28207 0.36773 -0.88612 0.28207 0.36773 -0.8862 0.36723 0.28249 -0.8862 0.36723 0.28249 -0.8862 0.36723 0.28249 0.3674 -0.28165 -0.88639 0.3674 -0.28165 -0.88639 0.3674 -0.28165 -0.88639 0.28164 -0.3674 -0.88639 0.28164 -0.3674 -0.88639 0.28164 -0.3674 -0.88639 0.88649 -0.36626 -0.28282 0.88649 -0.36626 -0.28282 0.88649 -0.36626 -0.28282 0.88645 -0.28235 -0.36671 0.88645 -0.28235 -0.36671 0.88645 -0.28235 -0.36671 0.28229 -0.88646 -0.36675 0.28229 -0.88646 -0.36675 0.28229 -0.88646 -0.36675 0.36631 -0.88649 -0.28277 0.36631 -0.88649 -0.28277 0.36631 -0.88649 -0.28277 0.28121 -0.36783 0.88635 0.28121 -0.36783 0.88635 0.28121 -0.36783 0.88635 0.3674 -0.28168 0.88638 0.3674 -0.28168 0.88638 0.3674 -0.28168 0.88638 0.36734 -0.88641 0.28168 0.36734 -0.88641 0.28168 0.36734 -0.88641 0.28168 0.28121 -0.88637 0.36779 0.28121 -0.88637 0.36779 0.28121 -0.88637 0.36779 0.88645 -0.28236 0.36671 0.88645 -0.28236 0.36671 0.88645 -0.28236 0.36671 0.88645 -0.36669 0.28238 0.88645 -0.36669 0.28238 0.88645 -0.36669 0.28238 0.28117 0.36739 -0.88655 0.28117 0.36739 -0.88655 0.28117 0.36739 -0.88655 0.36745 0.28124 -0.8865 0.36745 0.28124 -0.8865 0.36745 0.28124 -0.8865 0.36733 0.88638 -0.28178 0.36733 0.88638 -0.28178 0.36733 0.88638 -0.28178 0.2813 0.88635 -0.36778 0.2813 0.88635 -0.36778 0.2813 0.88635 -0.36778 0.88657 0.28194 -0.36675 0.88657 0.28194 -0.36675 0.88657 0.28194 -0.36675 0.88664 0.36625 -0.28236 0.88664 0.36625 -0.28236 0.88664 0.36625 -0.28236 0.36745 0.28126 0.8865 0.36745 0.28126 0.8865 0.36745 0.28126 0.8865 0.2812 0.36739 0.88654 0.2812 0.36739 0.88654 0.2812 0.36739 0.88654 0.88664 0.36625 0.28237 0.88664 0.36625 0.28237 0.88664 0.36625 0.28237 0.88656 0.28195 0.36675 0.88656 0.28195 0.36675 0.88656 0.28195 0.36675 0.28131 0.88635 0.36778 0.28131 0.88635 0.36778 0.28131 0.88635 0.36778 0.36733 0.88638 0.28178 0.36733 0.88638 0.28178 0.36733 0.88638 0.28178 0.36739 -0.28165 -0.8864 0.36739 -0.28165 -0.8864 0.36739 -0.28165 -0.8864 0.28162 -0.3674 -0.8864 0.28162 -0.3674 -0.8864 0.28162 -0.3674 -0.8864 0.88605 -0.36724 -0.28294 0.88605 -0.36724 -0.28294 0.88605 -0.36724 -0.28294 0.88601 -0.28247 -0.36768 0.88601 -0.28247 -0.36768 0.88601 -0.28247 -0.36768 0.28227 -0.88646 -0.36676 0.28227 -0.88646 -0.36676 0.28227 -0.88646 -0.36676 0.36629 -0.8865 -0.28277 0.36629 -0.8865 -0.28277 0.36629 -0.8865 -0.28277 0.36733 -0.88641 0.28168 0.36733 -0.88641 0.28168 0.36733 -0.88641 0.28168 0.28119 -0.88638 0.36779 0.28119 -0.88638 0.36779 0.28119 -0.88638 0.36779 0.88601 -0.28248 0.36768 0.88601 -0.28248 0.36768 0.88601 -0.28248 0.36768 0.88601 -0.36767 0.2825 0.88601 -0.36767 0.2825 0.88601 -0.36767 0.2825 0.28119 -0.36783 0.88636 0.28119 -0.36783 0.88636 0.28119 -0.36783 0.88636 0.36738 -0.28167 0.88639 0.36738 -0.28167 0.88639 0.36738 -0.28167 0.88639 0.28116 0.36739 -0.88655 0.28116 0.36739 -0.88655 0.28116 0.36739 -0.88655 0.36743 0.28123 -0.88651 0.36743 0.28123 -0.88651 0.36743 0.28123 -0.88651 0.36732 0.88639 -0.28177 0.36732 0.88639 -0.28177 0.36732 0.88639 -0.28177 0.28128 0.88635 -0.36778 0.28128 0.88635 -0.36778 0.28128 0.88635 -0.36778 0.88613 0.28206 -0.36773 0.88613 0.28206 -0.36773 0.88613 0.28206 -0.36773 0.8862 0.36723 -0.28248 0.8862 0.36723 -0.28248 0.8862 0.36723 -0.28248 0.36743 0.28126 0.8865 0.36743 0.28126 0.8865 0.36743 0.28126 0.8865 0.28118 0.36739 0.88654 0.28118 0.36739 0.88654 0.28118 0.36739 0.88654 0.8862 0.36723 0.28249 0.8862 0.36723 0.28249 0.8862 0.36723 0.28249 0.88612 0.28207 0.36773 0.88612 0.28207 0.36773 0.88612 0.28207 0.36773 0.28129 0.88635 0.36778 0.28129 0.88635 0.36778 0.28129 0.88635 0.36778 0.36731 0.88639 0.28178 0.36731 0.88639 0.28178 0.36731 0.88639 0.28178 -0.28119 -0.36783 -0.88636 -0.28119 -0.36783 -0.88636 -0.28119 -0.36783 -0.88636 -0.3674 -0.28165 -0.88639 -0.3674 -0.28165 -0.88639 -0.3674 -0.28165 -0.88639 -0.36734 -0.88641 -0.28168 -0.36734 -0.88641 -0.28168 -0.36734 -0.88641 -0.28168 -0.2812 -0.88638 -0.36779 -0.2812 -0.88638 -0.36779 -0.2812 -0.88638 -0.36779 -0.88645 -0.28235 -0.36671 -0.88645 -0.28235 -0.36671 -0.88645 -0.28235 -0.36671 -0.88646 -0.36669 -0.28237 -0.88646 -0.36669 -0.28237 -0.88646 -0.36669 -0.28237 -0.3674 -0.28168 0.88638 -0.3674 -0.28168 0.88638 -0.3674 -0.28168 0.88638 -0.28166 -0.3674 0.88639 -0.28166 -0.3674 0.88639 -0.28166 -0.3674 0.88639 -0.88649 -0.36626 0.28283 -0.88649 -0.36626 0.28283 -0.88649 -0.36626 0.28283 -0.88645 -0.28236 0.36671 -0.88645 -0.28236 0.36671 -0.88645 -0.28236 0.36671 -0.2823 -0.88645 0.36675 -0.2823 -0.88645 0.36675 -0.2823 -0.88645 0.36675 -0.36631 -0.88649 0.28278 -0.36631 -0.88649 0.28278 -0.36631 -0.88649 0.28278 -0.36745 0.28124 -0.8865 -0.36745 0.28124 -0.8865 -0.36745 0.28124 -0.8865 -0.28117 0.36739 -0.88655 -0.28117 0.36739 -0.88655 -0.28117 0.36739 -0.88655 -0.88664 0.36625 -0.28236 -0.88664 0.36625 -0.28236 -0.88664 0.36625 -0.28236 -0.88657 0.28194 -0.36675 -0.88657 0.28194 -0.36675 -0.88657 0.28194 -0.36675 -0.2813 0.88635 -0.36778 -0.2813 0.88635 -0.36778 -0.2813 0.88635 -0.36778 -0.36733 0.88638 -0.28178 -0.36733 0.88638 -0.28178 -0.36733 0.88638 -0.28178 -0.2812 0.36739 0.88654 -0.2812 0.36739 0.88654 -0.2812 0.36739 0.88654 -0.36745 0.28126 0.8865 -0.36745 0.28126 0.8865 -0.36745 0.28126 0.8865 -0.36733 0.88638 0.28178 -0.36733 0.88638 0.28178 -0.36733 0.88638 0.28178 -0.28131 0.88635 0.36778 -0.28131 0.88635 0.36778 -0.28131 0.88635 0.36778 -0.88656 0.28195 0.36675 -0.88656 0.28195 0.36675 -0.88656 0.28195 0.36675 -0.88664 0.36625 0.28237 -0.88664 0.36625 0.28237 -0.88664 0.36625 0.28237 -0.36739 0.28165 -0.8864 -0.36739 0.28165 -0.8864 -0.36739 0.28165 -0.8864 -0.28162 0.3674 -0.8864 -0.28162 0.3674 -0.8864 -0.28162 0.3674 -0.8864 -0.88605 0.36724 -0.28294 -0.88605 0.36724 -0.28294 -0.88605 0.36724 -0.28294 -0.88601 0.28247 -0.36768 -0.88601 0.28247 -0.36768 -0.88601 0.28247 -0.36768 -0.28227 0.88646 -0.36676 -0.28227 0.88646 -0.36676 -0.28227 0.88646 -0.36676 -0.36629 0.8865 -0.28277 -0.36629 0.8865 -0.28277 -0.36629 0.8865 -0.28277 -0.36733 0.88641 0.28168 -0.36733 0.88641 0.28168 -0.36733 0.88641 0.28168 -0.28119 0.88638 0.36779 -0.28119 0.88638 0.36779 -0.28119 0.88638 0.36779 -0.88601 0.28248 0.36768 -0.88601 0.28248 0.36768 -0.88601 0.28248 0.36768 -0.88601 0.36767 0.2825 -0.88601 0.36767 0.2825 -0.88601 0.36767 0.2825 -0.28119 0.36783 0.88636 -0.28119 0.36783 0.88636 -0.28119 0.36783 0.88636 -0.36738 0.28167 0.88639 -0.36738 0.28167 0.88639 -0.36738 0.28167 0.88639 -0.28116 -0.36739 -0.88655 -0.28116 -0.36739 -0.88655 -0.28116 -0.36739 -0.88655 -0.36743 -0.28123 -0.88651 -0.36743 -0.28123 -0.88651 -0.36743 -0.28123 -0.88651 -0.36732 -0.88639 -0.28177 -0.36732 -0.88639 -0.28177 -0.36732 -0.88639 -0.28177 -0.28128 -0.88635 -0.36778 -0.28128 -0.88635 -0.36778 -0.28128 -0.88635 -0.36778 -0.88613 -0.28206 -0.36773 -0.88613 -0.28206 -0.36773 -0.88613 -0.28206 -0.36773 -0.8862 -0.36723 -0.28248 -0.8862 -0.36723 -0.28248 -0.8862 -0.36723 -0.28248 -0.36743 -0.28126 0.8865 -0.36743 -0.28126 0.8865 -0.36743 -0.28126 0.8865 -0.28118 -0.36739 0.88654 -0.28118 -0.36739 0.88654 -0.28118 -0.36739 0.88654 -0.8862 -0.36723 0.28249 -0.8862 -0.36723 0.28249 -0.8862 -0.36723 0.28249 -0.88612 -0.28207 0.36773 -0.88612 -0.28207 0.36773 -0.88612 -0.28207 0.36773 -0.28129 -0.88635 0.36778 -0.28129 -0.88635 0.36778 -0.28129 -0.88635 0.36778 -0.36731 -0.88639 0.28178 -0.36731 -0.88639 0.28178 -0.36731 -0.88639 0.28178 0.28119 0.36783 -0.88636 0.28119 0.36783 -0.88636 0.28119 0.36783 -0.88636 0.3674 0.28165 -0.88639 0.3674 0.28165 -0.88639 0.3674 0.28165 -0.88639 0.36734 0.88641 -0.28168 0.36734 0.88641 -0.28168 0.36734 0.88641 -0.28168 0.2812 0.88638 -0.36779 0.2812 0.88638 -0.36779 0.2812 0.88638 -0.36779 0.88645 0.28235 -0.36671 0.88645 0.28235 -0.36671 0.88645 0.28235 -0.36671 0.88646 0.36669 -0.28237 0.88646 0.36669 -0.28237 0.88646 0.36669 -0.28237 0.3674 0.28168 0.88638 0.3674 0.28168 0.88638 0.3674 0.28168 0.88638 0.28166 0.3674 0.88639 0.28166 0.3674 0.88639 0.28166 0.3674 0.88639 0.88649 0.36626 0.28283 0.88649 0.36626 0.28283 0.88649 0.36626 0.28283 0.88645 0.28236 0.36671 0.88645 0.28236 0.36671 0.88645 0.28236 0.36671 0.2823 0.88645 0.36675 0.2823 0.88645 0.36675 0.2823 0.88645 0.36675 0.36631 0.88649 0.28278 0.36631 0.88649 0.28278 0.36631 0.88649 0.28278 0.36745 -0.28124 -0.8865 0.36745 -0.28124 -0.8865 0.36745 -0.28124 -0.8865 0.28117 -0.36739 -0.88655 0.28117 -0.36739 -0.88655 0.28117 -0.36739 -0.88655 0.88664 -0.36625 -0.28236 0.88664 -0.36625 -0.28236 0.88664 -0.36625 -0.28236 0.88657 -0.28194 -0.36675 0.88657 -0.28194 -0.36675 0.88657 -0.28194 -0.36675 0.2813 -0.88635 -0.36778 0.2813 -0.88635 -0.36778 0.2813 -0.88635 -0.36778 0.36733 -0.88638 -0.28178 0.36733 -0.88638 -0.28178 0.36733 -0.88638 -0.28178 0.2812 -0.36739 0.88654 0.2812 -0.36739 0.88654 0.2812 -0.36739 0.88654 0.36745 -0.28126 0.8865 0.36745 -0.28126 0.8865 0.36745 -0.28126 0.8865 0.36733 -0.88638 0.28178 0.36733 -0.88638 0.28178 0.36733 -0.88638 0.28178 0.28131 -0.88635 0.36778 0.28131 -0.88635 0.36778 0.28131 -0.88635 0.36778 0.88656 -0.28195 0.36675 0.88656 -0.28195 0.36675 0.88656 -0.28195 0.36675 0.88664 -0.36625 0.28237 0.88664 -0.36625 0.28237 0.88664 -0.36625 0.28237 0.28117 0.36783 -0.88636 0.28117 0.36783 -0.88636 0.28117 0.36783 -0.88636 0.36739 0.28165 -0.8864 0.36739 0.28165 -0.8864 0.36739 0.28165 -0.8864 0.36733 0.88641 -0.28167 0.36733 0.88641 -0.28167 0.36733 0.88641 -0.28167 0.28118 0.88638 -0.36779 0.28118 0.88638 -0.36779 0.28118 0.88638 -0.36779 0.88601 0.28247 -0.36768 0.88601 0.28247 -0.36768 0.88601 0.28247 -0.36768 0.88601 0.36767 -0.28249 0.88601 0.36767 -0.28249 0.88601 0.36767 -0.28249 0.28119 0.88638 0.36779 0.28119 0.88638 0.36779 0.28119 0.88638 0.36779 0.36733 0.88641 0.28168 0.36733 0.88641 0.28168 0.36733 0.88641 0.28168 0.36738 0.28167 0.88639 0.36738 0.28167 0.88639 0.36738 0.28167 0.88639 0.28119 0.36783 0.88636 0.28119 0.36783 0.88636 0.28119 0.36783 0.88636 0.88601 0.36767 0.2825 0.88601 0.36767 0.2825 0.88601 0.36767 0.2825 0.88601 0.28248 0.36768 0.88601 0.28248 0.36768 0.88601 0.28248 0.36768 0.36743 -0.28123 -0.88651 0.36743 -0.28123 -0.88651 0.36743 -0.28123 -0.88651 0.28116 -0.36739 -0.88655 0.28116 -0.36739 -0.88655 0.28116 -0.36739 -0.88655 0.8862 -0.36723 -0.28248 0.8862 -0.36723 -0.28248 0.8862 -0.36723 -0.28248 0.88613 -0.28206 -0.36773 0.88613 -0.28206 -0.36773 0.88613 -0.28206 -0.36773 0.28128 -0.88635 -0.36778 0.28128 -0.88635 -0.36778 0.28128 -0.88635 -0.36778 0.36732 -0.88639 -0.28177 0.36732 -0.88639 -0.28177 0.36732 -0.88639 -0.28177 0.28118 -0.36739 0.88654 0.28118 -0.36739 0.88654 0.28118 -0.36739 0.88654 0.36743 -0.28126 0.8865 0.36743 -0.28126 0.8865 0.36743 -0.28126 0.8865 0.36731 -0.88639 0.28178 0.36731 -0.88639 0.28178 0.36731 -0.88639 0.28178 0.28129 -0.88635 0.36778 0.28129 -0.88635 0.36778 0.28129 -0.88635 0.36778 0.88612 -0.28207 0.36773 0.88612 -0.28207 0.36773 0.88612 -0.28207 0.36773 0.8862 -0.36723 0.28249 0.8862 -0.36723 0.28249 0.8862 -0.36723 0.28249 -0.3674 0.28165 -0.88639 -0.3674 0.28165 -0.88639 -0.3674 0.28165 -0.88639 -0.28164 0.3674 -0.88639 -0.28164 0.3674 -0.88639 -0.28164 0.3674 -0.88639 -0.88649 0.36626 -0.28282 -0.88649 0.36626 -0.28282 -0.88649 0.36626 -0.28282 -0.88645 0.28235 -0.36671 -0.88645 0.28235 -0.36671 -0.88645 0.28235 -0.36671 -0.28229 0.88646 -0.36675 -0.28229 0.88646 -0.36675 -0.28229 0.88646 -0.36675 -0.36631 0.88649 -0.28277 -0.36631 0.88649 -0.28277 -0.36631 0.88649 -0.28277 -0.28121 0.36783 0.88635 -0.28121 0.36783 0.88635 -0.28121 0.36783 0.88635 -0.3674 0.28168 0.88638 -0.3674 0.28168 0.88638 -0.3674 0.28168 0.88638 -0.36734 0.88641 0.28168 -0.36734 0.88641 0.28168 -0.36734 0.88641 0.28168 -0.28121 0.88637 0.36779 -0.28121 0.88637 0.36779 -0.28121 0.88637 0.36779 -0.88645 0.28236 0.36671 -0.88645 0.28236 0.36671 -0.88645 0.28236 0.36671 -0.88645 0.36669 0.28238 -0.88645 0.36669 0.28238 -0.88645 0.36669 0.28238 -0.28117 -0.36739 -0.88655 -0.28117 -0.36739 -0.88655 -0.28117 -0.36739 -0.88655 -0.36745 -0.28124 -0.8865 -0.36745 -0.28124 -0.8865 -0.36745 -0.28124 -0.8865 -0.36733 -0.88638 -0.28178 -0.36733 -0.88638 -0.28178 -0.36733 -0.88638 -0.28178 -0.2813 -0.88635 -0.36778 -0.2813 -0.88635 -0.36778 -0.2813 -0.88635 -0.36778 -0.88657 -0.28194 -0.36675 -0.88657 -0.28194 -0.36675 -0.88657 -0.28194 -0.36675 -0.88664 -0.36625 -0.28236 -0.88664 -0.36625 -0.28236 -0.88664 -0.36625 -0.28236 -0.36745 -0.28126 0.8865 -0.36745 -0.28126 0.8865 -0.36745 -0.28126 0.8865 -0.2812 -0.36739 0.88654 -0.2812 -0.36739 0.88654 -0.2812 -0.36739 0.88654 -0.88664 -0.36625 0.28237 -0.88664 -0.36625 0.28237 -0.88664 -0.36625 0.28237 -0.88656 -0.28195 0.36675 -0.88656 -0.28195 0.36675 -0.88656 -0.28195 0.36675 -0.28131 -0.88635 0.36778 -0.28131 -0.88635 0.36778 -0.28131 -0.88635 0.36778 -0.36733 -0.88638 0.28178 -0.36733 -0.88638 0.28178 -0.36733 -0.88638 0.28178 -0.38289 0 -0.9238 -0.38289 0 -0.9238 -0.38289 0 -0.9238 -0.38289 0 -0.9238 -0.38289 0 -0.9238 -0.38289 0 -0.9238 -0.92363 0 -0.38329 -0.92363 0 -0.38329 -0.92363 0 -0.38329 -0.92363 0 -0.38329 -0.92363 0 -0.38329 -0.92363 0 -0.38329 -0.38283 -0.92382 0 -0.38283 -0.92382 0 -0.38283 -0.92382 0 -0.38283 -0.92382 0 -0.38283 -0.92382 0 -0.38283 -0.92382 0 -0.92363 -0.38328 0 -0.92363 -0.38328 0 -0.92363 -0.38328 0 -0.92363 -0.38328 0 -0.92363 -0.38328 0 -0.92363 -0.38328 0 -0.38289 0 0.9238 -0.38289 0 0.9238 -0.38289 0 0.9238 -0.38289 0 0.9238 -0.38289 0 0.9238 -0.38289 0 0.9238 -0.92363 0 0.38329 -0.92363 0 0.38329 -0.92363 0 0.38329 -0.92363 0 0.38329 -0.92363 0 0.38329 -0.92363 0 0.38329 -0.38283 0.92382 0 -0.38283 0.92382 0 -0.38283 0.92382 0 -0.38283 0.92382 0 -0.38283 0.92382 0 -0.38283 0.92382 0 -0.92382 0.38282 0 -0.92382 0.38282 0 -0.92382 0.38282 0 -0.92382 0.38282 0 -0.92382 0.38282 0 -0.92382 0.38282 0 0 0.38284 -0.92382 0 0.38284 -0.92382 0 0.38284 -0.92382 0 0.38284 -0.92382 0 0.38284 -0.92382 0 0.38284 -0.92382 0 0.92364 -0.38325 0 0.92364 -0.38325 0 0.92364 -0.38325 0 0.92364 -0.38325 0 0.92364 -0.38325 0 0.92364 -0.38325 0 0.38284 0.92382 0 0.38284 0.92382 0 0.38284 0.92382 0 0.38284 0.92382 0 0.38284 0.92382 0 0.38284 0.92382 0 0.92364 0.38325 0 0.92364 0.38325 0 0.92364 0.38325 0 0.92364 0.38325 0 0.92364 0.38325 0 0.92364 0.38325 0.92425 0.38179 0 0.92425 0.38179 0 0.92425 0.38179 0 0.92425 0.38179 0 0.92425 0.38179 0 0.92425 0.38179 0 0.38284 0.92381 0 0.38284 0.92381 0 0.38284 0.92381 0 0.38284 0.92381 0 0.38284 0.92381 0 0.38284 0.92381 0 0.3829 0 -0.92379 0.3829 0 -0.92379 0.3829 0 -0.92379 0.3829 0 -0.92379 0.3829 0 -0.92379 0.3829 0 -0.92379 0.92405 0 -0.38226 0.92405 0 -0.38226 0.92405 0 -0.38226 0.92405 0 -0.38226 0.92405 0 -0.38226 0.92405 0 -0.38226 0.3829 0 0.92379 0.3829 0 0.92379 0.3829 0 0.92379 0.3829 0 0.92379 0.3829 0 0.92379 0.3829 0 0.92379 0.92405 0 0.38226 0.92405 0 0.38226 0.92405 0 0.38226 0.92405 0 0.38226 0.92405 0 0.38226 0.92405 0 0.38226 0.38189 -0.92421 0 0.38189 -0.92421 0 0.38189 -0.92421 0 0.38284 -0.92381 0.00001 0.38284 -0.92381 0.00001 0.38284 -0.92381 0.00001 0.92422 -0.38185 0 0.92422 -0.38185 0 0.92422 -0.38185 0 0.92406 -0.38225 0 0.92406 -0.38225 0 0.92406 -0.38225 0 0 -0.3829 -0.92379 0 -0.3829 -0.92379 0 -0.3829 -0.92379 -0.00002 -0.3833 -0.92363 -0.00002 -0.3833 -0.92363 -0.00002 -0.3833 -0.92363 -0.00005 -0.92404 -0.3823 -0.00005 -0.92404 -0.3823 -0.00005 -0.92404 -0.3823 0 -0.92364 -0.38325 0 -0.92364 -0.38325 0 -0.92364 -0.38325 0 -0.3833 0.92363 0 -0.3833 0.92363 0 -0.3833 0.92363 0 -0.3833 0.92363 0 -0.3833 0.92363 0 -0.3833 0.92363 0 -0.92364 0.38325 0 -0.92364 0.38325 0 -0.92364 0.38325 0 -0.92364 0.38325 0 -0.92364 0.38325 0 -0.92364 0.38325 0.92363 0 -0.38329 0.92363 0 -0.38329 0.92363 0 -0.38329 0.92363 0 -0.38329 0.92363 0 -0.38329 0.92363 0 -0.38329 0.38289 0 -0.9238 0.38289 0 -0.9238 0.38289 0 -0.9238 0.38289 0 -0.9238 0.38289 0 -0.9238 0.38289 0 -0.9238 0.92363 -0.38328 0 0.92363 -0.38328 0 0.92363 -0.38328 0 0.9238 -0.38288 0 0.9238 -0.38288 0 0.9238 -0.38288 0 0.38283 -0.92382 0.00001 0.38283 -0.92382 0.00001 0.38283 -0.92382 0.00001 0.38188 -0.92421 0 0.38188 -0.92421 0 0.38188 -0.92421 0 0.92363 0 0.38329 0.92363 0 0.38329 0.92363 0 0.38329 0.92363 0 0.38329 0.92363 0 0.38329 0.92363 0 0.38329 0.38289 0 0.9238 0.38289 0 0.9238 0.38289 0 0.9238 0.38289 0 0.9238 0.38289 0 0.9238 0.38289 0 0.9238 0.92382 0.38282 0 0.92382 0.38282 0 0.92382 0.38282 0 0.92382 0.38282 0 0.92382 0.38282 0 0.92382 0.38282 0 0.38283 0.92382 0 0.38283 0.92382 0 0.38283 0.92382 0 0.38283 0.92382 0 0.38283 0.92382 0 0.38283 0.92382 0 0 0.92364 -0.38325 0 0.92364 -0.38325 0 0.92364 -0.38325 0 0.92364 -0.38325 0 0.92364 -0.38325 0 0.92364 -0.38325 0 0.38284 -0.92382 0 0.38284 -0.92382 0 0.38284 -0.92382 0 0.38284 -0.92382 0 0.38284 -0.92382 0 0.38284 -0.92382 0 0.92364 0.38325 0 0.92364 0.38325 0 0.92364 0.38325 0 0.92364 0.38325 0 0.92364 0.38325 0 0.92364 0.38325 0 0.38284 0.92382 0 0.38284 0.92382 0 0.38284 0.92382 0 0.38284 0.92382 0 0.38284 0.92382 0 0.38284 0.92382 -0.38284 0.92381 0 -0.38284 0.92381 0 -0.38284 0.92381 0 -0.38284 0.92381 0 -0.38284 0.92381 0 -0.38284 0.92381 0 -0.92425 0.38179 0 -0.92425 0.38179 0 -0.92425 0.38179 0 -0.92425 0.38179 0 -0.92425 0.38179 0 -0.92425 0.38179 0 -0.92405 0 -0.38226 -0.92405 0 -0.38226 -0.92405 0 -0.38226 -0.92405 0 -0.38226 -0.92405 0 -0.38226 -0.92405 0 -0.38226 -0.3829 0 -0.92379 -0.3829 0 -0.92379 -0.3829 0 -0.92379 -0.3829 0 -0.92379 -0.3829 0 -0.92379 -0.3829 0 -0.92379 -0.92405 0 0.38226 -0.92405 0 0.38226 -0.92405 0 0.38226 -0.92405 0 0.38226 -0.92405 0 0.38226 -0.92405 0 0.38226 -0.3829 0 0.92379 -0.3829 0 0.92379 -0.3829 0 0.92379 -0.3829 0 0.92379 -0.3829 0 0.92379 -0.3829 0 0.92379 -0.92406 -0.38225 0 -0.92406 -0.38225 0 -0.92406 -0.38225 0 -0.92422 -0.38185 0 -0.92422 -0.38185 0 -0.92422 -0.38185 0 -0.38284 -0.92381 -0.00001 -0.38284 -0.92381 -0.00001 -0.38284 -0.92381 -0.00001 -0.38189 -0.92421 0 -0.38189 -0.92421 0 -0.38189 -0.92421 0 0 -0.92364 -0.38325 0 -0.92364 -0.38325 0 -0.92364 -0.38325 -0.00005 -0.92404 -0.3823 -0.00005 -0.92404 -0.3823 -0.00005 -0.92404 -0.3823 -0.00002 -0.3833 -0.92363 -0.00002 -0.3833 -0.92363 -0.00002 -0.3833 -0.92363 0 -0.3829 -0.92379 0 -0.3829 -0.92379 0 -0.3829 -0.92379 0 -0.92364 0.38325 0 -0.92364 0.38325 0 -0.92364 0.38325 0.00005 -0.92404 0.3823 0.00005 -0.92404 0.3823 0.00005 -0.92404 0.3823 0.00002 -0.3833 0.92363 0.00002 -0.3833 0.92363 0.00002 -0.3833 0.92363 0 -0.3829 0.92379 0 -0.3829 0.92379 0 -0.3829 0.92379 -0.92363 0 -0.38329 -0.92363 0 -0.38329 -0.92363 0 -0.38329 -0.92363 0 -0.38329 -0.92363 0 -0.38329 -0.92363 0 -0.38329 -0.38289 0 -0.9238 -0.38289 0 -0.9238 -0.38289 0 -0.9238 -0.38289 0 -0.9238 -0.38289 0 -0.9238 -0.38289 0 -0.9238 -0.92363 0.38328 0 -0.92363 0.38328 0 -0.92363 0.38328 0 -0.9238 0.38288 0 -0.9238 0.38288 0 -0.9238 0.38288 0 -0.38283 0.92382 0.00001 -0.38283 0.92382 0.00001 -0.38283 0.92382 0.00001 -0.38188 0.92421 0 -0.38188 0.92421 0 -0.38188 0.92421 0 -0.92363 0 0.38329 -0.92363 0 0.38329 -0.92363 0 0.38329 -0.92363 0 0.38329 -0.92363 0 0.38329 -0.92363 0 0.38329 -0.38289 0 0.9238 -0.38289 0 0.9238 -0.38289 0 0.9238 -0.38289 0 0.9238 -0.38289 0 0.9238 -0.38289 0 0.9238 -0.92382 -0.38282 0 -0.92382 -0.38282 0 -0.92382 -0.38282 0 -0.92382 -0.38282 0 -0.92382 -0.38282 0 -0.92382 -0.38282 0 -0.38283 -0.92382 0 -0.38283 -0.92382 0 -0.38283 -0.92382 0 -0.38283 -0.92382 0 -0.38283 -0.92382 0 -0.38283 -0.92382 0 0 -0.92364 -0.38325 0 -0.92364 -0.38325 0 -0.92364 -0.38325 0 -0.92364 -0.38325 0 -0.92364 -0.38325 0 -0.92364 -0.38325 0 -0.38284 -0.92382 0 -0.38284 -0.92382 0 -0.38284 -0.92382 0 -0.38284 -0.92382 0 -0.38284 -0.92382 0 -0.38284 -0.92382 0 -0.92364 0.38325 0 -0.92364 0.38325 0 -0.92364 0.38325 0 -0.92364 0.38325 0 -0.92364 0.38325 0 -0.92364 0.38325 0 -0.38284 0.92382 0 -0.38284 0.92382 0 -0.38284 0.92382 0 -0.38284 0.92382 0 -0.38284 0.92382 0 -0.38284 0.92382 0.38284 -0.92381 0 0.38284 -0.92381 0 0.38284 -0.92381 0 0.38284 -0.92381 0 0.38284 -0.92381 0 0.38284 -0.92381 0 0.92425 -0.38179 0 0.92425 -0.38179 0 0.92425 -0.38179 0 0.92425 -0.38179 0 0.92425 -0.38179 0 0.92425 -0.38179 0 0.92405 0 -0.38226 0.92405 0 -0.38226 0.92405 0 -0.38226 0.92405 0 -0.38226 0.92405 0 -0.38226 0.92405 0 -0.38226 0.3829 0 -0.92379 0.3829 0 -0.92379 0.3829 0 -0.92379 0.3829 0 -0.92379 0.3829 0 -0.92379 0.3829 0 -0.92379 0.92405 0 0.38226 0.92405 0 0.38226 0.92405 0 0.38226 0.92405 0 0.38226 0.92405 0 0.38226 0.92405 0 0.38226 0.3829 0 0.92379 0.3829 0 0.92379 0.3829 0 0.92379 0.3829 0 0.92379 0.3829 0 0.92379 0.3829 0 0.92379 0.92406 0.38225 0 0.92406 0.38225 0 0.92406 0.38225 0 0.92422 0.38185 0 0.92422 0.38185 0 0.92422 0.38185 0 0.38284 0.92381 -0.00001 0.38284 0.92381 -0.00001 0.38284 0.92381 -0.00001 0.38189 0.92421 0 0.38189 0.92421 0 0.38189 0.92421 0 0 0.92364 -0.38325 0 0.92364 -0.38325 0 0.92364 -0.38325 0.00005 0.92404 -0.3823 0.00005 0.92404 -0.3823 0.00005 0.92404 -0.3823 0.00002 0.3833 -0.92363 0.00002 0.3833 -0.92363 0.00002 0.3833 -0.92363 0 0.3829 -0.92379 0 0.3829 -0.92379 0 0.3829 -0.92379 0 0.92364 0.38325 0 0.92364 0.38325 0 0.92364 0.38325 -0.00005 0.92404 0.3823 -0.00005 0.92404 0.3823 -0.00005 0.92404 0.3823 -0.00002 0.3833 0.92363 -0.00002 0.3833 0.92363 -0.00002 0.3833 0.92363 0 0.3829 0.92379 0 0.3829 0.92379 0 0.3829 0.92379 0.38289 0 -0.9238 0.38289 0 -0.9238 0.38289 0 -0.9238 0.38289 0 -0.9238 0.38289 0 -0.9238 0.38289 0 -0.9238 0.92363 0 -0.38329 0.92363 0 -0.38329 0.92363 0 -0.38329 0.92363 0 -0.38329 0.92363 0 -0.38329 0.92363 0 -0.38329 0.38283 0.92382 0 0.38283 0.92382 0 0.38283 0.92382 0 0.38283 0.92382 0 0.38283 0.92382 0 0.38283 0.92382 0 0.92363 0.38328 0 0.92363 0.38328 0 0.92363 0.38328 0 0.92363 0.38328 0 0.92363 0.38328 0 0.92363 0.38328 0 0.38289 0 0.9238 0.38289 0 0.9238 0.38289 0 0.9238 0.38289 0 0.9238 0.38289 0 0.9238 0.38289 0 0.9238 0.92363 0 0.38329 0.92363 0 0.38329 0.92363 0 0.38329 0.92363 0 0.38329 0.92363 0 0.38329 0.92363 0 0.38329 0.38283 -0.92382 0 0.38283 -0.92382 0 0.38283 -0.92382 0 0.38283 -0.92382 0 0.38283 -0.92382 0 0.38283 -0.92382 0 0.92382 -0.38282 0 0.92382 -0.38282 0 0.92382 -0.38282 0 0.92382 -0.38282 0 0.92382 -0.38282 0 0.92382 -0.38282 0 0 -0.38284 -0.92382 0 -0.38284 -0.92382 0 -0.38284 -0.92382 0 -0.38284 -0.92382 0 -0.38284 -0.92382 0 -0.38284 -0.92382 0 -0.92364 -0.38325 0 -0.92364 -0.38325 0 -0.92364 -0.38325 0 -0.92364 -0.38325 0 -0.92364 -0.38325 0 -0.92364 -0.38325 0 -0.38284 0.92382 0 -0.38284 0.92382 0 -0.38284 0.92382 0 -0.38284 0.92382 0 -0.38284 0.92382 0 -0.38284 0.92382 0 -0.92364 0.38325 0 -0.92364 0.38325 0 -0.92364 0.38325 0 -0.92364 0.38325 0 -0.92364 0.38325 0 -0.92364 0.38325 -0.92425 -0.38179 0 -0.92425 -0.38179 0 -0.92425 -0.38179 0 -0.92425 -0.38179 0 -0.92425 -0.38179 0 -0.92425 -0.38179 0 -0.38284 -0.92381 0 -0.38284 -0.92381 0 -0.38284 -0.92381 0 -0.38284 -0.92381 0 -0.38284 -0.92381 0 -0.38284 -0.92381 0 -0.3829 0 -0.92379 -0.3829 0 -0.92379 -0.3829 0 -0.92379 -0.3829 0 -0.92379 -0.3829 0 -0.92379 -0.3829 0 -0.92379 -0.92405 0 -0.38226 -0.92405 0 -0.38226 -0.92405 0 -0.38226 -0.92405 0 -0.38226 -0.92405 0 -0.38226 -0.92405 0 -0.38226 -0.3829 0 0.92379 -0.3829 0 0.92379 -0.3829 0 0.92379 -0.3829 0 0.92379 -0.3829 0 0.92379 -0.3829 0 0.92379 -0.92405 0 0.38226 -0.92405 0 0.38226 -0.92405 0 0.38226 -0.92405 0 0.38226 -0.92405 0 0.38226 -0.92405 0 0.38226 -0.38189 0.92421 0 -0.38189 0.92421 0 -0.38189 0.92421 0 -0.38284 0.92381 0.00001 -0.38284 0.92381 0.00001 -0.38284 0.92381 0.00001 -0.92422 0.38185 0 -0.92422 0.38185 0 -0.92422 0.38185 0 -0.92406 0.38225 0 -0.92406 0.38225 0 -0.92406 0.38225 0 0 0.3829 -0.92379 0 0.3829 -0.92379 0 0.3829 -0.92379 0.00002 0.3833 -0.92363 0.00002 0.3833 -0.92363 0.00002 0.3833 -0.92363 0.00005 0.92404 -0.3823 0.00005 0.92404 -0.3823 0.00005 0.92404 -0.3823 0 0.92364 -0.38325 0 0.92364 -0.38325 0 0.92364 -0.38325 0 0.3833 0.92363 0 0.3833 0.92363 0 0.3833 0.92363 0 0.3833 0.92363 0 0.3833 0.92363 0 0.3833 0.92363 0 0.92364 0.38325 0 0.92364 0.38325 0 0.92364 0.38325 0 0.92364 0.38325 0 0.92364 0.38325 0 0.92364 0.38325 0 0 -1 0 0 -1 0 0 -1 0 0 -1 0 0 -1 0 0 -1 0 0.30489 0.95239 0 0.30489 0.95239 0 0.30489 0.95239 0 0.30489 0.95239 0 0.30489 0.95239 0 0.30489 0.95239 -1 0 0 -1 0 0 -1 0 0 1 0 0 1 0 0 1 0 0 1 0 0 1 0 0 1 0 0 1 0 0 1 0 0 1 0 0 1 0 0 1 0 0 1 0 0 0 -0.00494 0.99999 0 -0.00494 0.99999 0 -0.00494 0.99999 0 -0.00494 0.99999 0 -0.00494 0.99999 0 -0.00494 0.99999 0 -0.31209 -0.95005 0 -0.31209 -0.95005 0 -0.31209 -0.95005 0 -0.31209 -0.95005 0 -0.31209 -0.95005 0 -0.31209 -0.95005 0 -1 0.00046 0 -1 0.00046 0 -1 0.00046 0 -1 0.00046 0 -1 0.00046 0 -1 0.00046 -1 0 0 -1 0 0 -1 0 0 -1 0 0 -1 0 0 -1 0 0 -1 0 0 -1 0 0 -1 0 0 0 0 -1 0 0 -1 0 0 -1 0 0 -1 0 0 -1 0 0 -1 -0.84537 0.43116 -0.31535 -0.84537 0.43116 -0.31535 -0.84537 0.43116 -0.31535 -0.84622 0.3163 -0.42879 -0.84622 0.3163 -0.42879 -0.84622 0.3163 -0.42879 -0.22552 0.90015 -0.37266 -0.22552 0.90015 -0.37266 -0.22552 0.90015 -0.37266 -0.30046 0.90419 -0.3036 -0.30046 0.90419 -0.3036 -0.30046 0.90419 -0.3036 -0.30179 0.30426 -0.90352 -0.30179 0.30426 -0.90352 -0.30179 0.30426 -0.90352 -0.22743 0.37268 -0.89966 -0.22743 0.37268 -0.89966 -0.22743 0.37268 -0.89966 0.84622 0.3163 -0.42879 0.84622 0.3163 -0.42879 0.84622 0.3163 -0.42879 0.84537 0.43116 -0.31535 0.84537 0.43116 -0.31535 0.84537 0.43116 -0.31535 0.22743 0.37268 -0.89966 0.22743 0.37268 -0.89966 0.22743 0.37268 -0.89966 0.30179 0.30426 -0.90352 0.30179 0.30426 -0.90352 0.30179 0.30426 -0.90352 0.30046 0.90419 -0.3036 0.30046 0.90419 -0.3036 0.30046 0.90419 -0.3036 0.22552 0.90015 -0.37266 0.22552 0.90015 -0.37266 0.22552 0.90015 -0.37266 0.33834 0.51678 0.78643 0.33834 0.51678 0.78643 0.33834 0.51678 0.78643 0.25549 0.58279 0.77141 0.25549 0.58279 0.77141 0.25549 0.58279 0.77141 0.86007 0.43493 0.26667 0.86007 0.43493 0.26667 0.86007 0.43493 0.26667 0.86579 0.39744 0.30405 0.86579 0.39744 0.30405 0.86579 0.39744 0.30405 0.21507 0.92164 0.32298 0.21507 0.92164 0.32298 0.21507 0.92164 0.32298 0.31064 0.91971 0.24008 0.31064 0.91971 0.24008 0.31064 0.91971 0.24008 -0.25549 0.58279 0.77141 -0.25549 0.58279 0.77141 -0.25549 0.58279 0.77141 -0.33834 0.51678 0.78643 -0.33834 0.51678 0.78643 -0.33834 0.51678 0.78643 -0.31064 0.91971 0.24008 -0.31064 0.91971 0.24008 -0.31064 0.91971 0.24008 -0.21507 0.92164 0.32298 -0.21507 0.92164 0.32298 -0.21507 0.92164 0.32298 -0.86579 0.39744 0.30405 -0.86579 0.39744 0.30405 -0.86579 0.39744 0.30405 -0.86007 0.43493 0.26667 -0.86007 0.43493 0.26667 -0.86007 0.43493 0.26667 0.30095 -0.90725 -0.29383 0.30095 -0.90725 -0.29383 0.30095 -0.90725 -0.29383 0.37797 -0.89851 -0.22317 0.37797 -0.89851 -0.22317 0.37797 -0.89851 -0.22317 0.41454 -0.46973 -0.77943 0.41454 -0.46973 -0.77943 0.41454 -0.46973 -0.77943 0.33105 -0.547 -0.7689 0.33105 -0.547 -0.76889 0.33105 -0.547 -0.7689 0.87439 -0.42041 -0.24227 0.87439 -0.42041 -0.24227 0.87439 -0.42041 -0.24227 0.8779 -0.35616 -0.32007 0.8779 -0.35616 -0.32007 0.8779 -0.35616 -0.32007 -0.34693 -0.9082 -0.23413 -0.34693 -0.9082 -0.23413 -0.34693 -0.9082 -0.23413 -0.25028 -0.91427 -0.31853 -0.25028 -0.91427 -0.31853 -0.25028 -0.91427 -0.31853 -0.88184 -0.37401 -0.28717 -0.88184 -0.37401 -0.28717 -0.88184 -0.37401 -0.28717 -0.8805 -0.3967 -0.25953 -0.8805 -0.3967 -0.25953 -0.8805 -0.3967 -0.25953 -0.26561 -0.58551 -0.76592 -0.26561 -0.58551 -0.76592 -0.26561 -0.58551 -0.76592 -0.35906 -0.50733 -0.78338 -0.35906 -0.50733 -0.78338 -0.35906 -0.50733 -0.78338 0.88589 -0.28357 0.36715 0.88589 -0.28357 0.36715 0.88589 -0.28357 0.36715 0.88591 -0.36815 0.28219 0.88591 -0.36815 0.28219 0.88591 -0.36815 0.28219 0.28121 -0.3708 0.88512 0.28121 -0.3708 0.88512 0.28121 -0.3708 0.88512 0.36657 -0.28568 0.88545 0.36657 -0.28568 0.88545 0.36657 -0.28568 0.88545 0.36651 -0.88654 0.28235 0.36651 -0.88654 0.28235 0.36651 -0.88654 0.28235 0.28146 -0.88655 0.36715 0.28146 -0.88655 0.36715 0.28146 -0.88655 0.36715 -0.28146 -0.88655 0.36715 -0.28146 -0.88655 0.36715 -0.28146 -0.88655 0.36715 -0.36651 -0.88654 0.28235 -0.36651 -0.88654 0.28235 -0.36651 -0.88654 0.28235 -0.36657 -0.28568 0.88545 -0.36657 -0.28568 0.88545 -0.36657 -0.28568 0.88545 -0.28121 -0.3708 0.88512 -0.28121 -0.3708 0.88512 -0.28121 -0.3708 0.88512 -0.88591 -0.36815 0.28219 -0.88591 -0.36815 0.28219 -0.88591 -0.36815 0.28219 -0.88589 -0.28357 0.36715 -0.88589 -0.28357 0.36715 -0.88589 -0.28357 0.36715 0 0.94373 0.33072 0 0.94373 0.33072 0 0.94373 0.33072 0 0.94373 0.33072 0 0.94373 0.33072 0 0.94373 0.33072 0 0.6028 0.7979 0 0.6028 0.7979 0 0.6028 0.7979 0 0.6028 0.7979 0 0.6028 0.7979 0 0.6028 0.7979 -0.90296 0.42972 -0.00007 -0.90296 0.42972 -0.00007 -0.90296 0.42972 -0.00007 -0.90215 0.43143 -0.00003 -0.90215 0.43143 -0.00003 -0.90215 0.43143 -0.00003 -0.34068 0.94018 -0.00004 -0.34068 0.94018 -0.00004 -0.34068 0.94018 -0.00004 -0.33897 0.9408 0 -0.33897 0.9408 0 -0.33897 0.9408 0 0.90215 0.43143 -0.00007 0.90215 0.43143 -0.00007 0.90215 0.43143 -0.00007 0.90297 0.42971 -0.00003 0.90297 0.42971 -0.00003 0.90297 0.42971 -0.00003 0.33897 0.9408 -0.00004 0.33897 0.9408 -0.00004 0.33897 0.9408 -0.00004 0.34068 0.94018 0 0.34068 0.94018 0 0.34068 0.94018 0 0 0.92395 -0.38251 0 0.92395 -0.38251 0 0.92395 -0.38251 0 0.92395 -0.38251 0 0.92395 -0.38251 0 0.92395 -0.38251 0 0.38271 -0.92387 0 0.38271 -0.92387 0 0.38271 -0.92387 0 0.38271 -0.92387 0 0.38271 -0.92387 0 0.38271 -0.92387 -0.90409 0.00001 -0.42734 -0.90409 0.00001 -0.42734 -0.90409 0.00001 -0.42734 -0.90517 0.00007 -0.42504 -0.90517 0.00007 -0.42504 -0.90517 0.00007 -0.42504 -0.34073 0 -0.94016 -0.34073 0 -0.94016 -0.34073 0 -0.94016 -0.34423 0.00009 -0.93889 -0.34423 0.00009 -0.93889 -0.34423 0.00009 -0.93889 0.90517 0.00007 -0.42504 0.90517 0.00007 -0.42504 0.90517 0.00007 -0.42504 0.90409 0.00001 -0.42734 0.90409 0.00001 -0.42734 0.90409 0.00001 -0.42734 0.34423 0.00009 -0.93889 0.34423 0.00009 -0.93889 0.34423 0.00009 -0.93889 0.34073 0 -0.94016 0.34073 0 -0.94016 0.34073 0 -0.94016 0 -0.95135 -0.30811 0 -0.95135 -0.30811 0 -0.95135 -0.30811 -0.00085 -0.94433 -0.329 -0.00085 -0.94433 -0.329 -0.00085 -0.94433 -0.329 -0.00129 -0.57968 -0.81484 -0.00129 -0.57968 -0.81484 -0.00129 -0.57968 -0.81484 0 -0.60733 -0.79445 0 -0.60733 -0.79445 0 -0.60733 -0.79445 -0.93487 -0.11078 -0.33726 -0.93487 -0.11078 -0.33726 -0.93487 -0.11078 -0.33726 -0.9358 -0.11002 -0.33492 -0.9358 -0.11002 -0.33492 -0.9358 -0.11002 -0.33492 -0.41236 -0.28431 -0.86552 -0.41236 -0.28431 -0.86552 -0.41236 -0.28431 -0.86552 -0.41409 -0.28407 -0.86477 -0.41409 -0.28407 -0.86477 -0.41409 -0.28407 -0.86477 0.9358 -0.11002 -0.33492 0.9358 -0.11002 -0.33492 0.9358 -0.11002 -0.33492 0.93056 -0.11429 -0.34784 0.93056 -0.11429 -0.34784 0.93056 -0.11429 -0.34784 0.41411 -0.28414 -0.86474 0.41411 -0.28414 -0.86474 0.41411 -0.28414 -0.86474 0.44435 -0.27958 -0.85111 0.44435 -0.27958 -0.85111 0.44435 -0.27958 -0.85111 0.38269 -0.00457 0.92387 0.38269 -0.00457 0.92387 0.38269 -0.00457 0.92387 0.3825 -0.00456 0.92394 0.3825 -0.00456 0.92394 0.3825 -0.00456 0.92394 0.92387 -0.00189 0.38269 0.92387 -0.00189 0.38269 0.92387 -0.00189 0.38269 0.92387 -0.00189 0.38271 0.92387 -0.00189 0.38271 0.92387 -0.00189 0.38271 0 -0.38639 0.92234 0 -0.38639 0.92234 0 -0.38639 0.92234 0 -0.38639 0.92234 0 -0.38639 0.92234 0 -0.38639 0.92234 0 -0.9239 0.38262 0 -0.9239 0.38262 0 -0.9239 0.38262 0 -0.9239 0.38262 0 -0.9239 0.38262 0 -0.9239 0.38262 -0.3825 -0.00457 0.92394 -0.3825 -0.00457 0.92394 -0.3825 -0.00457 0.92394 -0.38269 -0.00456 0.92387 -0.38269 -0.00456 0.92387 -0.38269 -0.00456 0.92387 -0.92387 -0.00189 0.38271 -0.92387 -0.00189 0.38271 -0.92387 -0.00189 0.38271 -0.92387 -0.00189 0.38269 -0.92387 -0.00189 0.38269 -0.92387 -0.00189 0.38269 0.93605 0.10729 0.33512 0.93605 0.10729 0.33512 0.93605 0.10729 0.33512 0.93601 0.10732 0.33522 0.93601 0.10732 0.33522 0.93601 0.10732 0.33522 0.41513 0.27738 0.86644 0.41513 0.27738 0.86644 0.41513 0.27738 0.86644 0.41593 0.27727 0.8661 0.41593 0.27727 0.8661 0.41593 0.27727 0.8661 0.92194 -0.38734 0.00018 0.92194 -0.38734 0.00018 0.92194 -0.38734 0.00018 0.92395 -0.38251 0.00003 0.92395 -0.38251 0.00003 0.92395 -0.38251 0.00003 0.39406 -0.91908 0.00008 0.39406 -0.91908 0.00008 0.39406 -0.91908 0.00008 0.38251 -0.92395 0.00042 0.38251 -0.92395 0.00042 0.38251 -0.92395 0.00042 -0.38255 -0.92393 0.00042 -0.38255 -0.92393 0.00042 -0.38255 -0.92393 0.00042 -0.38251 -0.92395 0.00042 -0.38251 -0.92395 0.00042 -0.38251 -0.92395 0.00042 -0.92397 -0.38248 0.00017 -0.92397 -0.38248 0.00017 -0.92397 -0.38248 0.00017 -0.92395 -0.38251 0.00017 -0.92395 -0.38251 0.00017 -0.92395 -0.38251 0.00017 -0.41513 0.27738 0.86644 -0.41513 0.27738 0.86644 -0.41513 0.27738 0.86644 -0.41593 0.27727 0.8661 -0.41593 0.27727 0.8661 -0.41593 0.27727 0.8661 -0.93605 0.10729 0.33512 -0.93605 0.10729 0.33512 -0.93605 0.10729 0.33512 -0.93601 0.10732 0.33522 -0.93601 0.10732 0.33522 -0.93601 0.10732 0.33522 0 1 0 0 1 0 0 1 0 0 1 0 0 1 0 0 1 0</float_array>
          <technique_common>
            <accessor source="#Black-Normal0-array" count="6924" stride="3">
              <param name="X" type="float"/>
              <param name="Y" type="float"/>
              <param name="Z" type="float"/>
            </accessor>
          </technique_common>
        </source>
        <source id="Black-UV0">
          <float_array id="Black-UV0-array" count="3872">0.02176 0.1097 0.78302 0.10838 0.77243 0.00979 0.01117 0.01111 0.01142 0.99078 0.78332 0.98988 0.78302 0.9928 0.01112 0.99369 0.02187 0.89078 0.79377 0.88989 0.01112 0.99369 0.78302 0.9928 0.78332 0.98988 0.01142 0.99078 0.90014 -1.09797 0.89961 -1.09669 0.89833 -1.09615 0.80093 -1.09615 0.79965 -1.09669 0.79912 -1.09797 0.79912 -1.19536 0.79965 -1.19664 0.80093 -1.19718 0.89833 -1.19718 0.89961 -1.19664 0.90014 -1.19536 0.02206 0.11257 0.78332 0.11125 0.10787 -1.09615 0.10659 -1.09669 0.10606 -1.09797 0.10606 -1.19536 0.10659 -1.19664 0.10787 -1.19718 0.20527 -1.19718 0.20655 -1.19664 0.20708 -1.19536 0.20708 -1.09797 0.20655 -1.09669 0.20527 -1.09615 0.78332 0.98988 0.01142 0.99078 0.01112 0.99369 0.78302 0.9928 0.01207 0.00736 0.02239 0.10737 0.79429 0.10927 0.78397 0.00925 0.12543 -1.17546 0.12709 -1.17615 0.12777 -1.1778 0.12777 -1.27546 0.12709 -1.27712 0.12543 -1.27781 0.02777 -1.27781 0.02611 -1.27712 0.02543 -1.27546 0.02543 -1.1778 0.02611 -1.17615 0.02777 -1.17546 0.76614 0.99454 0.00488 0.99639 0.00517 0.99352 0.76643 0.99167 0.02187 0.89078 0.79377 0.88989 0.89833 0.77539 0.89961 0.77592 0.90014 0.7772 0.90014 0.8746 0.89961 0.87588 0.89833 0.87641 0.80093 0.87641 0.79965 0.87588 0.79912 0.8746 0.79912 0.7772 0.79965 0.77592 0.80093 0.77539 0.78397 0.00925 0.01207 0.00736 0.01177 0.00445 0.78367 0.00634 0.00517 0.99352 0.76643 0.99167 0.77661 0.89303 0.01535 0.89488 0.88077 0.85469 0.87911 0.85538 0.87843 0.85704 0.87843 0.9547 0.87911 0.95635 0.88077 0.95704 0.97843 0.95704 0.98009 0.95635 0.98077 0.9547 0.98077 0.85704 0.98009 0.85538 0.97843 0.85469 0.77212 0.00692 0.01086 0.00824 0.01117 0.01111 0.77243 0.00979 0.02239 0.10737 0.79429 0.10927 0.01535 0.89488 0.77661 0.89303 0.76643 0.99167 0.00517 0.99352 0.12777 0.85704 0.12709 0.85538 0.12543 0.85469 0.02777 0.85469 0.02611 0.85538 0.02543 0.85704 0.02543 0.9547 0.02611 0.95635 0.02777 0.95704 0.12543 0.95704 0.12709 0.95635 0.12777 0.9547 0.10606 0.7772 0.10659 0.77592 0.10787 0.77539 0.20527 0.77539 0.20655 0.77592 0.20708 0.7772 0.20708 0.8746 0.20655 0.87588 0.20527 0.87641 0.10787 0.87641 0.10659 0.87588 0.10606 0.8746 0.01565 0.89201 0.7769 0.89016 0.30564 0.95802 0.30676 0.95751 0.3059 0.95704 0.28058 0.94008 0.27315 0.93782 0.23906 0.93781 0.23198 0.94053 0.20346 0.96623 0.20381 0.96703 0.24139 0.00631 0.24139 0.14562 0.24423 0.14605 0.24423 0.00631 0.28025 0.89656 0.27721 0.90332 0.27721 0.93376 0.3073 0.95629 0.30732 0.87408 0.30623 0.87358 0.23143 0.89732 0.23906 0.89925 0.27315 0.89925 0.30584 0.87269 0.20418 0.88167 0.20401 0.88248 0.15397 -1.18484 0.15397 -1.21466 0.01574 -1.21466 0.01574 -1.18484 0.28068 0.84216 0.28068 0.98741 0.27784 0.98741 0.27784 0.84259 0.01574 -1.18484 0.16022 -1.18484 0.16004 -1.18202 0.01574 -1.18202 0.85331 -1.16651 0.15289 -1.16651 0.15301 -1.16359 0.85319 -1.16359 0.23655 0.93344 0.23738 0.93543 0.23937 0.93626 0.27284 0.93627 0.27483 0.93544 0.27566 0.93344 0.27566 0.90363 0.27483 0.90163 0.27284 0.90081 0.23937 0.9008 0.23738 0.90163 0.23655 0.90362 0.235 0.93375 0.235 0.90331 0.20252 0.88337 0.20249 0.9658 0.85223 -1.21466 0.99046 -1.21466 0.99046 -1.21747 0.85205 -1.21747 0.23655 0.90362 0.23738 0.90163 0.23937 0.9008 0.27284 0.90081 0.27483 0.90163 0.27566 0.90363 0.27566 0.93344 0.27483 0.93544 0.27284 0.93627 0.23937 0.93626 0.23738 0.93543 0.23655 0.93344 0.20308 0.88215 0.20418 0.88167 0.20401 0.88248 0.99046 -1.18202 0.84616 -1.18202 0.84598 -1.18484 0.99046 -1.18484 0.23937 -1.22077 0.23738 -1.21995 0.23655 -1.21795 0.23655 -1.18814 0.23738 -1.18614 0.23937 -1.18532 0.27284 -1.18532 0.27483 -1.18615 0.27566 -1.18814 0.27566 -1.21796 0.27483 -1.21995 0.27284 -1.22078 0.20252 0.88337 0.3069 0.87308 0.30732 0.87408 0.30623 0.87358 0.3069 0.87308 0.20287 0.9667 0.99046 -1.18484 0.85223 -1.18484 0.85205 -1.18202 0.99046 -1.18202 0.20287 0.9667 0.20249 0.9658 0.20346 0.96623 0.27784 0.84259 0.27784 0.98741 0.28068 0.98741 0.28068 0.84216 0.27315 -1.22233 0.28058 -1.22459 0.3059 -1.24155 0.30564 -1.24254 0.20381 -1.25155 0.20346 -1.25075 0.23198 -1.22505 0.23906 -1.22233 0.85205 0.8967 0.99046 0.8967 0.99046 0.89389 0.85223 0.89389 0.27721 -1.18783 0.28025 -1.18108 0.30623 -1.1581 0.30732 -1.15859 0.3073 -1.2408 0.27721 -1.21827 0.23906 -1.18376 0.23143 -1.18183 0.20401 -1.16699 0.20418 -1.16618 0.30584 -1.15721 0.27315 -1.18377 0.24423 0.84767 0.24423 0.98741 0.24139 0.98741 0.24139 0.8481 0.01574 0.8967 0.15415 0.8967 0.15397 0.89389 0.01574 0.89389 0.21013 0.14478 0.21013 0.84893 0.20731 0.84924 0.20731 0.14448 0.20287 -1.25121 0.24423 0.98741 0.24423 0.84767 0.24139 0.8481 0.24139 0.98741 0.235 -1.21826 0.20249 -1.25032 0.20252 -1.16789 0.235 -1.18783 0.28068 0.15156 0.28068 0.00631 0.27784 0.00631 0.27784 0.15113 0.24423 0.00631 0.24423 0.14605 0.24139 0.14562 0.24139 0.00631 0.23937 -1.18532 0.23738 -1.18614 0.23655 -1.18814 0.23655 -1.21795 0.23738 -1.21995 0.23937 -1.22077 0.27284 -1.22078 0.27483 -1.21995 0.27566 -1.21796 0.27566 -1.18814 0.27483 -1.18615 0.27284 -1.18532 0.28068 0.00631 0.28068 0.15156 0.27784 0.15113 0.27784 0.00631 0.3069 -1.15759 0.30584 -1.15721 0.30623 -1.1581 0.20418 -1.16618 0.20308 -1.16666 0.20401 -1.16699 0.30947 0.15547 0.30947 0.83825 0.31229 0.83794 0.31229 0.15578 0.15301 0.92711 0.85319 0.92711 0.85331 0.9244 0.15289 0.9244 0.30564 -1.24254 0.30676 -1.24202 0.3059 -1.24155 0.20249 -1.25032 0.20287 -1.25121 0.20346 -1.25075 0.19945 0.02645 0.32076 0.02645 0.32076 0.04561 0.19945 0.04561 0.19366 0.90824 0.31666 0.90824 0.31666 0.92767 0.19366 0.92767 0.05478 -1.18966 0.05478 -1.2087 0.03575 -1.2087 0.03575 -1.18966 0.97045 -1.18966 0.95142 -1.18966 0.95142 -1.2087 0.97045 -1.2087 0.19366 0.92767 0.31666 0.92767 0.31666 0.90824 0.19366 0.90824 0.19945 0.04561 0.32076 0.04561 0.32076 0.02645 0.19945 0.02645 0.19945 0.96727 0.19945 0.94811 0.32076 0.94811 0.32076 0.96727 0.19366 0.90824 0.19366 0.92767 0.31666 0.92767 0.31666 0.90824 0.95142 0.8689 0.95142 0.88793 0.97045 0.88793 0.97045 0.8689 0.03575 -1.18966 0.03575 -1.2087 0.05478 -1.2087 0.05478 -1.18966 0.19366 0.92767 0.19366 0.90824 0.31666 0.90824 0.31666 0.92767 0.19945 0.94811 0.19945 0.96727 0.32076 0.96727 0.32076 0.94811 0.19945 0.02645 0.19945 0.04561 0.32076 0.04561 0.32076 0.02645 0.19366 -1.19276 0.19366 -1.21218 0.31666 -1.21218 0.31666 -1.19276 0.05478 0.8689 0.03575 0.8689 0.03575 0.88793 0.05478 0.88793 0.97045 0.8689 0.97045 0.88793 0.95142 0.88793 0.95142 0.8689 0.19366 -1.21218 0.19366 -1.19276 0.31666 -1.19276 0.31666 -1.21218 0.19945 0.04561 0.19945 0.02645 0.32076 0.02645 0.32076 0.04561 0.19945 0.96727 0.32076 0.96727 0.32076 0.94811 0.19945 0.94811 0.19366 -1.19276 0.31666 -1.19276 0.31666 -1.21218 0.19366 -1.21218 0.03575 0.8689 0.05478 0.8689 0.05478 0.88793 0.03575 0.88793 0.19366 -1.21218 0.31666 -1.21218 0.31666 -1.19276 0.19366 -1.19276 0.19945 0.94811 0.32076 0.94811 0.32076 0.96727 0.19945 0.96727 0.29902 0.46834 0.39899 0.46834 0.39899 0.52538 0.29902 0.52538 0.29463 -1.31087 0.39599 -1.31087 0.39599 1.02636 0.29463 1.02636 0.53143 0.98463 0.47477 0.98463 0.47477 -1.30539 0.53143 -1.30539 0.29463 1.02636 0.39599 1.02636 0.39599 -1.31087 0.29463 -1.31087 0.29902 0.52538 0.39899 0.52538 0.39899 0.46834 0.29902 0.46834 0.48064 -0.14437 0.40122 -0.22196 0.6953 -1.11722 0.76741 -1.11718 0.76778 -1.04127 0.47536 -0.08024 0.53084 -0.08024 0.53084 -0.15799 0.47536 -0.15799 0.47536 0.795 0.53084 0.795 0.40445 0.46894 0.4822 0.46894 0.4822 0.52478 0.40445 0.52478 0.76528 0.52478 0.76528 0.46894 0.6946 0.46894 0.6946 0.52478 0.53084 0.79485 0.47536 0.79485 0.47536 0.71932 0.53084 0.71932 0.40124 -0.14438 0.40122 -0.22196 0.48064 -0.14437 0.76778 -1.04127 0.76741 -1.11718 0.6953 -1.11722 0.47536 -0.1581 0.53084 -0.1581 0.6641 -1.18236 0.76745 -1.18236 0.76745 -1.12255 0.6641 -1.12255 0.66341 0.86206 0.76533 0.86206 0.76533 0.13165 0.66341 0.13165 0.14027 -1.12087 0.86593 -1.12087 0.86593 -1.17948 0.14027 -1.17948 0.14027 0.85871 0.14027 0.8001 0.86593 0.8001 0.86593 0.85871 0.66341 0.13165 0.76533 0.13165 0.76533 0.86206 0.66341 0.86206 0.6641 -1.12255 0.76745 -1.12255 0.76745 -1.18236 0.6641 -1.18236 0.6641 0.89785 0.6641 0.83803 0.76745 0.83803 0.76745 0.89785 0.66341 0.86206 0.66341 0.13165 0.76533 0.13165 0.76533 0.86206 0.14027 -1.17948 0.86593 -1.17948 0.86593 -1.12087 0.14027 -1.12087 0.66341 0.13165 0.66341 0.86206 0.76533 0.86206 0.76533 0.13165 0.6641 0.83803 0.6641 0.89785 0.76745 0.89785 0.76745 0.83803 0.02176 0.1097 0.78301 0.10838 0.78332 0.11125 0.02207 0.11257 0.79407 0.88697 0.02217 0.88787 0.02187 0.89078 0.79377 0.88989 0.78302 0.9928 0.01112 0.99369 0.01142 0.99078 0.78332 0.98988 0.77212 0.00692 0.01086 0.00824 0.79377 0.88989 0.02187 0.89078 0.02217 0.88787 0.79407 0.88697 0.01535 0.89488 0.77661 0.89303 0.77243 0.00979 0.01117 0.01111 0.01086 0.00824 0.77212 0.00692 0.01565 0.89201 0.7769 0.89016 0.7769 0.89016 0.01565 0.89201 0.01535 0.89488 0.77661 0.89303 0.00517 0.99352 0.76643 0.99167 0.02217 0.88787 0.79407 0.88697 0.00488 0.99639 0.76613 0.99454 0.02176 0.1097 0.78301 0.10838 0.79407 0.88697 0.02217 0.88787 0.78367 0.00634 0.01177 0.00445 0.02207 0.11257 0.78332 0.11125 0.78332 0.11125 0.02206 0.11257 0.02176 0.1097 0.78302 0.10838 0.01117 0.01111 0.77243 0.00979 0.02269 0.11028 0.79459 0.11218 0.01086 0.00824 0.77212 0.00692 0.01207 0.00736 0.78397 0.00925 0.79429 0.10927 0.02239 0.10737 0.79459 0.11218 0.02269 0.11028 0.7769 0.89016 0.01565 0.89201 0.01177 0.00445 0.78367 0.00634 0.79459 0.11218 0.02269 0.11028 0.78367 0.00634 0.01177 0.00445 0.01207 0.00736 0.78397 0.00925 0.76613 0.99454 0.00488 0.99639 0.79429 0.10927 0.02239 0.10737 0.02269 0.11028 0.79459 0.11218 0.00488 0.99639 0.76614 0.99454 0.79822 -1.19825 0.80063 -1.19924 0.78499 0.10821 0.78525 0.11062 0.79723 -1.19584 0.78511 0.99216 0.78536 0.98972 0.80063 -1.09426 0.79822 -1.09526 0.78525 0.11062 0.78499 0.10821 0.79723 -1.09766 0.79577 0.89005 0.79603 0.88761 0.90221 -1.09766 0.90121 -1.09526 0.79603 0.88761 0.79577 0.89005 0.89881 -1.09426 0.77444 0.00995 0.77418 0.00755 0.89881 -1.19924 0.90121 -1.19825 0.77418 0.00755 0.77444 0.00995 0.90221 -1.19584 0.78536 0.98972 0.78511 0.99216 0.20798 -1.19825 0.20897 -1.19584 0.78536 0.98972 0.78511 0.99216 0.20558 -1.19924 0.77883 0.89079 0.77858 0.89319 0.20897 -1.09766 0.20798 -1.09526 0.79603 0.88761 0.79577 0.89005 0.20558 -1.09426 0.77858 0.89319 0.77883 0.89079 0.10739 -1.09426 0.10499 -1.09526 0.76819 0.9939 0.76844 0.9915 0.10399 -1.09766 0.79577 0.89005 0.79603 0.88761 0.10399 -1.19584 0.10499 -1.19825 0.78511 0.99216 0.78536 0.98972 0.10739 -1.19924 0.76844 0.9915 0.76819 0.9939 0.79822 0.87748 0.79723 0.87508 0.78601 0.00943 0.78576 0.00698 0.80063 0.87848 0.78525 0.11062 0.78499 0.10821 0.79723 0.77689 0.79822 0.77449 0.79654 0.11155 0.79629 0.1091 0.80063 0.77349 0.78499 0.10821 0.78525 0.11062 0.89881 0.77349 0.90121 0.77449 0.77418 0.00755 0.77444 0.00995 0.90221 0.77689 0.79629 0.1091 0.79654 0.11155 0.90221 0.87508 0.90121 0.87748 0.78576 0.00698 0.78601 0.00943 0.89881 0.87848 0.77444 0.00995 0.77418 0.00755 0.20798 0.87748 0.20558 0.87848 0.77858 0.89319 0.77883 0.89079 0.20897 0.87508 0.78576 0.00698 0.78601 0.00943 0.20558 0.77349 0.20798 0.77449 0.77883 0.89079 0.77858 0.89319 0.20897 0.77689 0.79629 0.1091 0.79654 0.11155 0.10399 0.77689 0.10499 0.77449 0.79654 0.11155 0.79629 0.1091 0.10739 0.77349 0.76844 0.9915 0.76819 0.9939 0.10739 0.87848 0.10499 0.87748 0.76819 0.9939 0.76844 0.9915 0.10399 0.87508 0.78601 0.00943 0.78576 0.00698 0.87911 -1.27712 0.88077 -1.27781 0.8804 -1.27925 0.87789 -1.27821 0.02049 0.1121 0.02022 0.10958 0.87843 -1.27546 0.87685 -1.2757 0.00989 0.99065 0.00962 0.99321 0.88077 -1.17546 0.87911 -1.17615 0.87789 -1.17492 0.8804 -1.17388 0.02022 0.10958 0.02049 0.1121 0.87843 -1.1778 0.87685 -1.17744 0.02058 0.88836 0.02031 0.89091 0.98077 -1.1778 0.98009 -1.17615 0.98118 -1.17492 0.98222 -1.17744 0.02031 0.89091 0.02058 0.88836 0.97843 -1.17546 0.97867 -1.17388 0.00939 0.00873 0.00966 0.01124 0.97843 -1.27781 0.98009 -1.27712 0.98118 -1.27821 0.97867 -1.27925 0.00966 0.01124 0.00939 0.00873 0.98077 -1.27546 0.98222 -1.2757 0.00962 0.99321 0.00989 0.99065 0.12935 -1.2757 0.12831 -1.27821 0.00962 0.99321 0.00989 0.99065 0.1258 -1.27925 0.01381 0.89501 0.01407 0.8925 0.12831 -1.17492 0.12935 -1.17744 0.02031 0.89091 0.02058 0.88836 0.1258 -1.17388 0.01407 0.8925 0.01381 0.89501 0.02502 -1.17492 0.02754 -1.17388 0.00366 0.99339 0.0034 0.99591 0.02398 -1.17744 0.02058 0.88836 0.02031 0.89091 0.02502 -1.27821 0.02398 -1.2757 0.00989 0.99065 0.00962 0.99321 0.02754 -1.27925 0.0034 0.99591 0.00366 0.99339 0.87685 0.95493 0.87789 0.95744 0.01028 0.00493 0.01054 0.00748 0.8804 0.95849 0.02022 0.10958 0.02049 0.1121 0.87789 0.85416 0.87685 0.85667 0.02083 0.10724 0.02109 0.10979 0.8804 0.85311 0.02049 0.1121 0.02022 0.10958 0.98118 0.85416 0.97867 0.85311 0.00966 0.01124 0.00939 0.00873 0.98222 0.85667 0.0211 0.10979 0.02083 0.10724 0.98118 0.95744 0.98222 0.95493 0.01054 0.00748 0.01028 0.00493 0.97867 0.95849 0.00939 0.00873 0.00966 0.01124 0.1258 0.95849 0.12831 0.95744 0.01407 0.8925 0.01381 0.89501 0.12935 0.95493 0.01054 0.00748 0.01028 0.00493 0.12831 0.85416 0.1258 0.85311 0.01381 0.89501 0.01407 0.8925 0.12935 0.85667 0.02109 0.10979 0.02083 0.10724 0.02502 0.85416 0.02398 0.85667 0.02083 0.10724 0.0211 0.10979 0.02754 0.85311 0.0034 0.99591 0.00366 0.99339 0.02502 0.95744 0.02754 0.95849 0.00366 0.99339 0.0034 0.99591 0.02398 0.95493 0.01028 0.00493 0.01054 0.00748 0.23619 0.93662 0.27602 0.93663 0.23619 0.90044 0.27602 0.90045 0.235 0.93375 0.23619 0.93662 0.23198 0.94053 0.23906 0.93781 0.27315 0.93782 0.27602 0.93663 0.28058 0.94008 0.27721 0.93376 0.23906 0.89925 0.23619 0.90044 0.23143 0.89732 0.235 0.90331 0.27721 0.90332 0.27602 0.90045 0.28025 0.89656 0.27315 0.89925 0.20731 0.14448 0.20731 0.84924 0.21013 0.84893 0.21013 0.14478 0.85331 -1.24516 0.15289 -1.24516 0.85319 -1.24788 0.15301 -1.24788 0.21013 0.14478 0.30947 0.15547 0.30947 0.83825 0.21013 0.84893 0.31229 0.15578 0.31229 0.83794 0.84184 -1.15705 0.16436 -1.15705 0.16436 -1.23571 0.84184 -1.23571 0.84197 -1.15434 0.16423 -1.15434 0.30584 0.87269 0.3073 0.95629 0.3059 0.95704 0.20381 0.96703 0.30564 0.95802 0.30676 0.95751 0.24139 0.8481 0.24139 0.98741 0.24423 0.98741 0.24423 0.84767 0.23619 -1.22114 0.27602 -1.22114 0.23619 -1.18495 0.27602 -1.18496 0.23906 -1.22233 0.23619 -1.22114 0.23198 -1.22505 0.235 -1.21826 0.27721 -1.21827 0.27602 -1.22114 0.28058 -1.22459 0.27315 -1.22233 0.235 -1.18783 0.23619 -1.18495 0.23143 -1.18183 0.23906 -1.18376 0.27315 -1.18377 0.27602 -1.18496 0.28025 -1.18108 0.27721 -1.18783 0.85319 0.84283 0.15301 0.84283 0.15289 0.84575 0.85331 0.84575 0.30947 0.15547 0.30947 0.83825 0.21013 0.84893 0.21013 0.14478 0.20731 0.14448 0.20731 0.84924 0.30676 -1.24202 0.84197 0.91786 0.16423 0.91786 0.16436 0.91494 0.84184 0.91494 0.3069 -1.15759 0.31229 0.15578 0.31229 0.83794 0.30732 -1.15859 0.3073 -1.2408 0.20252 -1.16789 0.20381 -1.25155 0.15415 0.86125 0.01574 0.86125 0.01574 0.86407 0.15397 0.86407 0.20308 0.88215 0.30947 0.83825 0.30947 0.15547 0.31229 0.83794 0.31229 0.15578 0.20731 0.84924 0.20731 0.14448 0.16423 -1.23863 0.84197 -1.23863 0.15415 -1.21747 0.01574 -1.21747 0.27784 0.84259 0.27784 0.98741 0.28068 0.98741 0.28068 0.84216 0.27784 0.00631 0.27784 0.15113 0.28068 0.15156 0.28068 0.00631 0.16022 -1.21466 0.01574 -1.21466 0.01574 -1.21748 0.16004 -1.21748 0.24139 0.98741 0.24139 0.8481 0.24423 0.84767 0.24423 0.98741 0.20308 -1.16666 0.27784 0.15113 0.27784 0.00631 0.28068 0.00631 0.28068 0.15156 0.84598 -1.21466 0.99046 -1.21466 0.24139 0.14562 0.24139 0.00631 0.24423 0.00631 0.24423 0.14605 0.84616 -1.21748 0.99046 -1.21748 0.16423 0.83357 0.84197 0.83357 0.84184 0.83629 0.16436 0.83629 0.27784 0.84259 0.27784 0.98741 0.01574 0.86126 0.16004 0.86126 0.16022 0.86407 0.01574 0.86407 0.99046 0.86407 0.84598 0.86407 0.84616 0.86126 0.99046 0.86126 0.28068 0.84216 0.28068 0.98741 0.16022 0.89389 0.01574 0.89389 0.16004 0.89671 0.01574 0.89671 0.84598 0.89389 0.99046 0.89389 0.99046 0.89671 0.84616 0.89671 0.99046 0.86125 0.85205 0.86125 0.85223 0.86407 0.99046 0.86407 0.24423 0.00631 0.24423 0.14605 0.24139 0.00631 0.24139 0.14562 0.01574 -1.18202 0.15415 -1.18202 0.20773 0.8503 0.21004 0.85005 0.2044 0.88062 0.20206 0.88179 0.15185 -1.16616 0.15196 -1.16374 0.20105 0.88425 0.15195 -1.2476 0.15185 -1.24543 0.20105 0.96515 0.20199 0.96737 0.20994 0.85006 0.20767 0.85031 0.20429 0.96814 0.31191 0.83906 0.30959 0.83931 0.30534 0.95918 0.3077 0.95801 0.16323 -1.23601 0.16313 -1.23842 0.30869 0.95554 0.16313 -1.1546 0.16323 -1.1568 0.3087 0.8747 0.30774 0.87245 0.30965 0.8393 0.31195 0.83905 0.3054 0.87168 0.31195 0.15466 0.30965 0.15442 0.3054 0.87168 0.30774 0.87245 0.84297 -1.1568 0.84307 -1.1546 0.3087 0.8747 0.85424 -1.16374 0.85435 -1.16616 0.20105 0.88425 0.20206 0.88179 0.21004 0.14367 0.20773 0.14342 0.2044 0.88062 0.20767 0.14341 0.20994 0.14366 0.20429 0.96814 0.20199 0.96737 0.85435 -1.24543 0.85425 -1.2476 0.20105 0.96515 0.84307 -1.23842 0.84297 -1.23601 0.30869 0.95554 0.3077 0.95801 0.30959 0.15441 0.31191 0.15466 0.30534 0.95918 0.15196 0.84297 0.15185 0.84539 0.20105 -1.16877 0.20206 -1.1663 0.21004 0.85005 0.20773 0.8503 0.2044 -1.16514 0.20767 0.85031 0.20994 0.85006 0.20429 -1.25265 0.20199 -1.25189 0.15185 0.92466 0.15195 0.92683 0.20105 -1.24967 0.16313 0.91765 0.16323 0.91524 0.30869 -1.24006 0.3077 -1.24252 0.30959 0.83931 0.31191 0.83906 0.30534 -1.24369 0.31195 0.83905 0.30965 0.8393 0.3054 -1.15619 0.30774 -1.15697 0.16323 0.83603 0.16313 0.83383 0.3087 -1.15922 0.84307 0.83383 0.84297 0.83603 0.3087 -1.15922 0.30774 -1.15697 0.30965 0.15442 0.31195 0.15466 0.3054 -1.15619 0.20773 0.14342 0.21004 0.14367 0.2044 -1.16514 0.20206 -1.1663 0.85435 0.84539 0.85424 0.84297 0.20105 -1.16877 0.85425 0.92683 0.85435 0.92466 0.20105 -1.24967 0.20199 -1.25189 0.20994 0.14366 0.20767 0.14341 0.20429 -1.25265 0.31191 0.15466 0.30959 0.15441 0.30534 -1.24369 0.3077 -1.24252 0.84297 0.91524 0.84307 0.91765 0.30869 -1.24006 0.23654 0.90079 0.23545 0.90341 0.01467 -1.18492 0.01467 -1.18236 0.23916 0.8997 0.24174 0.98849 0.24432 0.98849 0.27676 0.90341 0.27567 0.90079 0.01467 -1.18237 0.01467 -1.18493 0.27306 0.89971 0.27775 0.98849 0.28033 0.98849 0.27567 0.93628 0.27676 0.93366 0.01467 -1.21457 0.01467 -1.21714 0.27306 0.93737 0.28033 0.98849 0.27775 0.98849 0.23545 0.93366 0.23654 0.93627 0.01467 -1.21713 0.01467 -1.21457 0.23916 0.93736 0.24432 0.98849 0.24174 0.98849 0.27567 0.93628 0.27306 0.93737 0.27775 0.00523 0.28033 0.00523 0.27676 0.93366 0.99154 -1.21714 0.99154 -1.21457 0.27306 0.89971 0.27567 0.90079 0.28033 0.00523 0.27775 0.00523 0.27676 0.90341 0.99154 -1.18493 0.99154 -1.18237 0.23545 0.90341 0.23654 0.90079 0.99154 -1.18236 0.99154 -1.18492 0.23916 0.8997 0.24432 0.00523 0.24174 0.00523 0.23654 0.93627 0.23545 0.93366 0.99154 -1.21457 0.99154 -1.21713 0.23916 0.93736 0.24174 0.00523 0.24432 0.00523 0.23654 -1.1853 0.23915 -1.18422 0.24432 0.98849 0.24174 0.98849 0.23545 -1.18792 0.01467 0.86159 0.01467 0.86416 0.27306 -1.18422 0.27567 -1.18531 0.28033 0.98849 0.27775 0.98849 0.27676 -1.18792 0.01467 0.86416 0.01467 0.8616 0.27567 -1.2208 0.27306 -1.22188 0.27775 0.98849 0.28033 0.98849 0.27676 -1.21818 0.01467 0.89637 0.01467 0.8938 0.23916 -1.22187 0.23654 -1.22079 0.24174 0.98849 0.24432 0.98849 0.23545 -1.21817 0.01467 0.8938 0.01467 0.89636 0.27567 -1.2208 0.27676 -1.21818 0.99154 0.8938 0.99154 0.89637 0.27306 -1.22188 0.28033 0.00523 0.27775 0.00523 0.27676 -1.18792 0.27567 -1.18531 0.99154 0.8616 0.99154 0.86416 0.27306 -1.18422 0.27775 0.00523 0.28033 0.00523 0.23915 -1.18422 0.23654 -1.1853 0.24174 0.00523 0.24432 0.00523 0.23545 -1.18792 0.99154 0.86416 0.99154 0.86159 0.23654 -1.22079 0.23916 -1.22187 0.24432 0.00523 0.24174 0.00523 0.23545 -1.21817 0.99154 0.89636 0.99154 0.8938 0.47477 -1.30539 0.47477 -1.30798 0.47266 -1.3075 0.47218 -1.30539 0.29902 0.52798 0.2969 0.5275 0.29642 0.52538 0.29199 1.02636 0.29247 1.02851 0.29463 1.029 0.40159 0.52538 0.40111 0.5275 0.39899 0.52798 0.47218 -1.30539 0.47266 -1.3075 0.47477 -1.30798 0.39599 1.029 0.39815 1.02851 0.39863 1.02636 0.47477 0.98463 0.47218 0.98463 0.47266 0.98674 0.47477 0.98721 0.29463 -1.31351 0.29247 -1.31303 0.29199 -1.31087 0.29642 0.52538 0.2969 0.5275 0.29902 0.52798 0.47477 0.98721 0.47266 0.98674 0.47218 0.98463 0.39899 0.52798 0.40111 0.5275 0.40159 0.52538 0.39863 -1.31087 0.39815 -1.31303 0.39599 -1.31351 0.53143 -1.30539 0.53402 -1.30539 0.53354 -1.3075 0.53143 -1.30798 0.29463 1.029 0.29247 1.02851 0.29199 1.02636 0.29642 0.46834 0.2969 0.46622 0.29902 0.46574 0.53143 -1.30798 0.53354 -1.3075 0.53402 -1.30539 0.39899 0.46574 0.40111 0.46622 0.40159 0.46834 0.39863 1.02636 0.39815 1.02851 0.39599 1.029 0.53143 0.98463 0.53143 0.98721 0.53354 0.98674 0.53402 0.98463 0.29902 0.46574 0.2969 0.46622 0.29642 0.46834 0.29199 -1.31087 0.29247 -1.31303 0.29463 -1.31351 0.53402 0.98463 0.53354 0.98674 0.53143 0.98721 0.39599 -1.31351 0.39815 -1.31303 0.39863 -1.31087 0.40159 0.46834 0.40111 0.46622 0.39899 0.46574 0.86593 0.8001 0.86783 0.8001 0.86748 0.79855 0.86593 0.79821 0.6641 -1.12061 0.66252 -1.12096 0.66217 -1.12255 0.6615 0.13165 0.66185 0.13009 0.66341 0.12974 0.76938 -1.12255 0.76903 -1.12096 0.76745 -1.12061 0.86593 0.79821 0.86748 0.79855 0.86783 0.8001 0.76533 0.12974 0.76689 0.13009 0.76724 0.13165 0.14027 0.8001 0.14027 0.79821 0.13872 0.79855 0.13837 0.8001 0.66341 0.86398 0.66185 0.86362 0.6615 0.86206 0.66217 -1.12255 0.66252 -1.12096 0.6641 -1.12061 0.13837 0.8001 0.13872 0.79855 0.14027 0.79821 0.76745 -1.12061 0.76903 -1.12096 0.76938 -1.12255 0.76724 0.86206 0.76689 0.86362 0.76533 0.86398 0.86593 0.85871 0.86593 0.86061 0.86748 0.86026 0.86783 0.85871 0.66341 0.12974 0.66185 0.13009 0.6615 0.13165 0.66217 -1.18236 0.66252 -1.18394 0.6641 -1.1843 0.86783 0.85871 0.86748 0.86026 0.86593 0.86061 0.76745 -1.1843 0.76903 -1.18394 0.76938 -1.18236 0.76724 0.13165 0.76689 0.13009 0.76533 0.12974 0.14027 0.85871 0.13837 0.85871 0.13872 0.86026 0.14027 0.86061 0.6641 -1.1843 0.66252 -1.18394 0.66217 -1.18236 0.6615 0.86206 0.66185 0.86362 0.66341 0.86398 0.14027 0.86061 0.13872 0.86026 0.13837 0.85871 0.76533 0.86398 0.76689 0.86362 0.76724 0.86206 0.76938 -1.18236 0.76903 -1.18394 0.76745 -1.1843 0.86593 -1.11897 0.86748 -1.11932 0.86783 -1.12087 0.66341 0.12974 0.66185 0.13009 0.6615 0.13165 0.66217 0.83803 0.66252 0.83645 0.6641 0.83609 0.76745 0.83609 0.76903 0.83645 0.76938 0.83803 0.76724 0.13165 0.76689 0.13009 0.76533 0.12974 0.86783 -1.12087 0.86748 -1.11932 0.86593 -1.11897 0.13837 -1.12087 0.13872 -1.11932 0.14027 -1.11897 0.6641 0.83609 0.66252 0.83645 0.66217 0.83803 0.6615 0.86206 0.66185 0.86362 0.66341 0.86398 0.14027 -1.11897 0.13872 -1.11932 0.13837 -1.12087 0.76533 0.86398 0.76689 0.86362 0.76724 0.86206 0.76938 0.83803 0.76903 0.83645 0.76745 0.83609 0.86783 -1.17948 0.86748 -1.18103 0.86593 -1.18138 0.6641 0.89978 0.66252 0.89943 0.66217 0.89785 0.6615 0.13165 0.66185 0.13009 0.66341 0.12974 0.86593 -1.18138 0.86748 -1.18103 0.86783 -1.17948 0.76533 0.12974 0.76689 0.13009 0.76724 0.13165 0.76938 0.89785 0.76903 0.89943 0.76745 0.89978 0.14027 -1.18138 0.13872 -1.18103 0.13837 -1.17948 0.66341 0.86398 0.66185 0.86362 0.6615 0.86206 0.66217 0.89785 0.66252 0.89943 0.6641 0.89978 0.13837 -1.17948 0.13872 -1.18103 0.14027 -1.18138 0.76745 0.89978 0.76903 0.89943 0.76938 0.89785 0.76724 0.86206 0.76689 0.86362 0.76533 0.86398 0.47536 -0.15968 0.47398 -0.15944 0.47367 -0.15816 0.4043 0.52649 0.403 0.52617 0.40275 0.52478 0.40124 -0.14438 0.39972 -0.14453 0.40006 -0.14322 0.40137 -0.14288 0.53253 -0.15816 0.53222 -0.15944 0.53084 -0.15968 0.40137 -0.14288 0.40006 -0.14322 0.39972 -0.14453 0.40275 0.46894 0.403 0.46755 0.4043 0.46723 0.53084 -0.15972 0.53222 -0.15949 0.53253 -0.15836 0.48235 0.46723 0.48382 0.46755 0.48412 0.46894 0.48264 -0.14433 0.48201 -0.14316 0.48051 -0.14288 0.47367 -0.15836 0.47398 -0.15949 0.47536 -0.15972 0.48051 -0.14288 0.48201 -0.14316 0.48264 -0.14433 0.48412 0.52478 0.48382 0.52617 0.48235 0.52649 0.69439 0.46724 0.69294 0.46755 0.69268 0.46894 0.69338 -1.11744 0.69405 -1.11868 0.69552 -1.11894 0.53084 0.79661 0.53222 0.79632 0.53253 0.7951 0.69261 0.52478 0.69296 0.52617 0.69454 0.52648 0.47367 0.79494 0.47398 0.79629 0.47536 0.79663 0.69567 -1.11892 0.69407 -1.11865 0.69341 -1.11728 0.7674 -1.11891 0.76881 -1.11859 0.76914 -1.11718 0.76698 0.46894 0.76667 0.46755 0.76528 0.46724 0.53253 0.79485 0.53222 0.79623 0.53084 0.79654 0.76528 0.52648 0.76667 0.52617 0.76698 0.52478 0.76914 -1.11718 0.76881 -1.11859 0.7674 -1.11891 0.47536 0.79654 0.47398 0.79623 0.47367 0.79485 0.47367 -0.08084 0.39971 -0.22344 0.53253 -0.08084 0.39971 -0.22344 0.76951 -1.04044 0.53253 0.71966 0.76951 -1.04044 0.47367 0.71966 0.95142 -1.2087 0.95142 -1.20951 0.95076 -1.20936 0.95061 -1.2087 0.19945 0.04642 0.19878 0.04627 0.19864 0.04561 0.19284 0.92767 0.19299 0.92834 0.19366 0.92849 0.32157 0.04561 0.32142 0.04627 0.32076 0.04642 0.95061 -1.2087 0.95076 -1.20936 0.95142 -1.20951 0.31666 0.92849 0.31734 0.92834 0.31749 0.92767 0.95142 -1.18966 0.95061 -1.18966 0.95076 -1.189 0.95142 -1.18885 0.19366 0.90741 0.19299 0.90757 0.19284 0.90824 0.19864 0.04561 0.19878 0.04627 0.19945 0.04642 0.95142 -1.18885 0.95076 -1.189 0.95061 -1.18966 0.32076 0.04642 0.32142 0.04627 0.32157 0.04561 0.31749 0.90824 0.31734 0.90757 0.31666 0.90741 0.97045 -1.2087 0.97126 -1.2087 0.97111 -1.20936 0.97045 -1.20951 0.19366 0.92849 0.19299 0.92834 0.19284 0.92767 0.19864 0.02645 0.19878 0.02578 0.19945 0.02563 0.97045 -1.20951 0.97111 -1.20936 0.97126 -1.2087 0.32076 0.02563 0.32142 0.02578 0.32157 0.02645 0.31749 0.92767 0.31734 0.92834 0.31666 0.92849 0.97045 -1.18966 0.97045 -1.18885 0.97111 -1.189 0.97126 -1.18966 0.19945 0.02563 0.19878 0.02578 0.19864 0.02645 0.19284 0.90824 0.19299 0.90757 0.19366 0.90741 0.97126 -1.18966 0.97111 -1.189 0.97045 -1.18885 0.31666 0.90741 0.31734 0.90757 0.31749 0.90824 0.32157 0.02645 0.32142 0.02578 0.32076 0.02563 0.05559 -1.2087 0.05544 -1.20936 0.05478 -1.20951 0.19366 0.92849 0.19299 0.92834 0.19284 0.92767 0.19864 0.94811 0.19878 0.94745 0.19945 0.9473 0.32076 0.9473 0.32142 0.94745 0.32157 0.94811 0.31749 0.92767 0.31734 0.92834 0.31666 0.92849 0.05478 -1.20951 0.05544 -1.20936 0.05559 -1.2087 0.05478 -1.18885 0.05544 -1.189 0.05559 -1.18966 0.19945 0.9473 0.19878 0.94745 0.19864 0.94811 0.19284 0.90824 0.19299 0.90757 0.19366 0.90741 0.05559 -1.18966 0.05544 -1.189 0.05478 -1.18885 0.31666 0.90741 0.31734 0.90757 0.31749 0.90824 0.32157 0.94811 0.32142 0.94745 0.32076 0.9473 0.03575 -1.20951 0.03509 -1.20936 0.03494 -1.2087 0.19945 0.96809 0.19878 0.96794 0.19864 0.96727 0.19284 0.92767 0.19299 0.92834 0.19366 0.92849 0.03494 -1.2087 0.03509 -1.20936 0.03575 -1.20951 0.31666 0.92849 0.31734 0.92834 0.31749 0.92767 0.32157 0.96727 0.32142 0.96794 0.32076 0.96809 0.03494 -1.18966 0.03509 -1.189 0.03575 -1.18885 0.19366 0.90741 0.19299 0.90757 0.19284 0.90824 0.19864 0.96727 0.19878 0.96794 0.19945 0.96809 0.03575 -1.18885 0.03509 -1.189 0.03494 -1.18966 0.32076 0.96809 0.32142 0.96794 0.32157 0.96727 0.31749 0.90824 0.31734 0.90757 0.31666 0.90741 0.95061 0.88793 0.95076 0.88859 0.95142 0.88874 0.19366 -1.21301 0.19299 -1.21286 0.19284 -1.21218 0.19864 0.04561 0.19878 0.04627 0.19945 0.04642 0.32076 0.04642 0.32142 0.04627 0.32157 0.04561 0.31749 -1.21218 0.31734 -1.21286 0.31666 -1.21301 0.95142 0.88874 0.95076 0.88859 0.95061 0.88793 0.95142 0.86809 0.95076 0.86823 0.95061 0.8689 0.19945 0.04642 0.19878 0.04627 0.19864 0.04561 0.19284 -1.19276 0.19299 -1.19208 0.19366 -1.19193 0.95061 0.8689 0.95076 0.86823 0.95142 0.86809 0.31666 -1.19193 0.31734 -1.19208 0.31749 -1.19276 0.32157 0.04561 0.32142 0.04627 0.32076 0.04642 0.97045 0.88874 0.97111 0.88859 0.97126 0.88793 0.19945 0.02563 0.19878 0.02578 0.19864 0.02645 0.19284 -1.21218 0.19299 -1.21286 0.19366 -1.21301 0.97126 0.88793 0.97111 0.88859 0.97045 0.88874 0.31666 -1.21301 0.31734 -1.21286 0.31749 -1.21218 0.32157 0.02645 0.32142 0.02578 0.32076 0.02563 0.97126 0.8689 0.97111 0.86823 0.97045 0.86809 0.19366 -1.19193 0.19299 -1.19208 0.19284 -1.19276 0.19864 0.02645 0.19878 0.02578 0.19945 0.02563 0.97045 0.86809 0.97111 0.86823 0.97126 0.8689 0.32076 0.02563 0.32142 0.02578 0.32157 0.02645 0.31749 -1.19276 0.31734 -1.19208 0.31666 -1.19193 0.05478 0.88874 0.05544 0.88859 0.05559 0.88793 0.19945 0.9473 0.19878 0.94745 0.19864 0.94811 0.19284 -1.21218 0.19299 -1.21286 0.19366 -1.21301 0.32157 0.94811 0.32142 0.94745 0.32076 0.9473 0.05559 0.88793 0.05544 0.88859 0.05478 0.88874 0.31666 -1.21301 0.31734 -1.21286 0.31749 -1.21218 0.05559 0.8689 0.05544 0.86823 0.05478 0.86809 0.19366 -1.19193 0.19299 -1.19208 0.19284 -1.19276 0.19864 0.94811 0.19878 0.94745 0.19945 0.9473 0.05478 0.86809 0.05544 0.86823 0.05559 0.8689 0.32076 0.9473 0.32142 0.94745 0.32157 0.94811 0.31749 -1.19276 0.31734 -1.19208 0.31666 -1.19193 0.03494 0.88793 0.03509 0.88859 0.03575 0.88874 0.19366 -1.21301 0.19299 -1.21286 0.19284 -1.21218 0.19864 0.96727 0.19878 0.96794 0.19945 0.96809 0.03575 0.88874 0.03509 0.88859 0.03494 0.88793 0.32076 0.96809 0.32142 0.96794 0.32157 0.96727 0.31749 -1.21218 0.31734 -1.21286 0.31666 -1.21301 0.03575 0.86809 0.03509 0.86823 0.03494 0.8689 0.19945 0.96809 0.19878 0.96794 0.19864 0.96727 0.19284 -1.19276 0.19299 -1.19208 0.19366 -1.19193 0.03494 0.8689 0.03509 0.86823 0.03575 0.86809 0.31666 -1.19193 0.31734 -1.19208 0.31749 -1.19276 0.32157 0.96727 0.32142 0.96794 0.32076 0.96809 0.47542 -0.16272 0.47542 -1.04008 0.53078 -1.04008 0.53078 -0.16272 0.40129 -0.14008 0.40128 -0.06261 0.48059 -0.14009 0.40128 -0.06261 0.40129 -0.14008 0.48059 -0.14009 0.76772 0.75679 0.76735 0.83261 0.69535 0.83264 0.53078 -1.11555 0.47542 -1.11555 0.53078 -0.24052 0.53078 -1.11571 0.47542 -1.11571 0.47542 -0.24052 0.76521 0.52472 0.69466 0.52472 0.69466 0.469 0.76521 0.469 0.69535 0.83264 0.76735 0.83261 0.76772 0.75679 0.47542 -0.16284 0.53078 -0.16284 0.40143 -0.14161 0.40008 -0.14127 0.39974 -0.13992 0.40451 0.52472 0.40277 0.52472 0.40302 0.52614 0.40436 0.52647 0.47369 -0.16267 0.47401 -0.16135 0.47542 -0.1611 0.39974 -0.13992 0.40008 -0.14127 0.40143 -0.14161 0.53078 -0.1611 0.53219 -0.16135 0.53252 -0.16267 0.40451 0.469 0.40436 0.46725 0.40302 0.46758 0.40277 0.469 0.53251 -0.16246 0.53219 -0.16129 0.53078 -0.16107 0.48045 -0.14162 0.48199 -0.14133 0.48263 -0.14013 0.48213 0.469 0.4841 0.469 0.4838 0.46758 0.48229 0.46725 0.47542 -0.16107 0.47401 -0.16129 0.47369 -0.16246 0.48213 0.52472 0.48229 0.52647 0.4838 0.52614 0.4841 0.52472 0.48263 -0.14013 0.48199 -0.14133 0.48045 -0.14162 0.69262 0.469 0.69298 0.46758 0.6946 0.46725 0.53251 -1.11565 0.53219 -1.11703 0.53078 -1.11738 0.69573 0.83438 0.69409 0.83411 0.69341 0.8327 0.69444 0.52646 0.69295 0.52614 0.69269 0.52472 0.69338 0.83286 0.69407 0.83415 0.69557 0.83441 0.47542 -1.11736 0.47401 -1.11706 0.47369 -1.11581 0.76912 0.83261 0.76879 0.83405 0.76734 0.83438 0.53078 -1.11729 0.53219 -1.11697 0.53251 -1.11555 0.76522 0.46725 0.76665 0.46758 0.76697 0.469 0.76697 0.52472 0.76665 0.52614 0.76522 0.52646 0.47369 -1.11555 0.47401 -1.11697 0.47542 -1.11729 0.76734 0.83438 0.76879 0.83405 0.76912 0.83261 0.39973 -0.06109 0.47369 -0.23991 0.39973 -0.06109 0.53251 -0.23991 0.53251 -1.04043 0.7695 0.75594 0.47369 -1.04043 0.7695 0.75594</float_array>
          <technique_common>
            <accessor source="#Black-UV0-array" count="1936" stride="2">
              <param name="S" type="float"/>
              <param name="T" type="float"/>
            </accessor>
          </technique_common>
        </source>
        <vertices id="Black-VERTEX">
          <input semantic="POSITION" source="#Black-POSITION"/>
        </vertices>
        <triangles count="2308" material="FBXASC0482FBXASC032-FBXASC032Default">
          <input semantic="VERTEX" offset="0" source="#Black-VERTEX"/>
          <input semantic="NORMAL" offset="1" source="#Black-Normal0"/>
          <input semantic="TEXCOORD" offset="2" set="0" source="#Black-UV0"/>
          <p> 31 0 2 172 1 3 156 2 0 156 3 0 10 4 1 31 5 2 186 6 7 181 7 4 40 8 5 40 9 5 43 10 6 186 11 7 40 12 5 181 13 4 192 14 8 192 15 8 46 16 9 40 17 5 147 18 13 150 19 10 7 20 11 7 21 11 1 22 12 147 23 13 33 24 15 30 25 16 9 26 17 33 27 15 9 28 17 15 29 18 24 30 24 21 31 25 27 32 14 18 33 23 24 34 24 27 35 14 3 36 22 18 37 23 27 38 14 6 39 21 3 40 22 27 41 14 0 42 20 6 43 21 27 44 14 12 45 19 0 46 20 27 47 14 15 48 18 12 49 19 27 50 14 33 51 15 15 52 18 27 53 14 16 54 27 10 55 1 156 56 0 156 57 0 160 58 26 16 59 27 69 60 29 66 61 30 54 62 31 69 63 29 54 64 31 60 65 32 51 66 38 48 67 39 63 68 28 45 69 37 51 70 38 63 71 28 39 72 36 45 73 37 63 74 28 42 75 35 39 76 36 63 77 28 36 78 34 42 79 35 63 80 28 57 81 33 36 82 34 63 83 28 60 84 32 57 85 33 63 86 28 69 87 29 60 88 32 63 89 28 61 90 43 55 91 40 201 92 41 201 93 41 205 94 42 61 95 43 76 96 47 217 97 44 228 98 45 228 99 45 82 100 46 76 101 47 195 102 49 193 103 50 180 104 51 195 105 49 180 106 51 187 107 52 213 108 58 211 109 59 189 110 48 207 111 57 213 112 58 189 113 48 202 114 56 207 115 57 189 116 48 204 117 55 202 118 56 189 119 48 198 120 54 204 121 55 189 122 48 184 123 53 198 124 54 189 125 48 187 126 52 184 127 53 189 128 48 195 129 49 187 130 52 189 131 48 58 132 63 61 133 60 205 134 61 205 135 61 199 136 62 58 137 63 55 138 40 67 139 65 208 140 64 208 141 64 201 142 41 55 143 40 105 144 67 102 145 68 90 146 69 105 147 67 90 148 69 96 149 70 87 150 76 84 151 77 99 152 66 81 153 75 87 154 76 99 155 66 75 156 74 81 157 75 99 158 66 78 159 73 75 160 74 99 161 66 72 162 72 78 163 73 99 164 66 93 165 71 72 166 72 99 167 66 96 168 70 93 169 71 99 170 66 105 171 67 96 172 70 99 173 66 97 174 81 91 175 78 237 176 79 237 177 79 241 178 80 97 179 81 253 180 85 273 181 82 127 182 83 127 183 83 112 184 84 253 185 85 231 186 87 229 187 88 216 188 89 231 189 87 216 190 89 223 191 90 249 192 96 247 193 97 225 194 86 243 195 95 249 196 96 225 197 86 238 198 94 243 199 95 225 200 86 240 201 93 238 202 94 225 203 86 234 204 92 240 205 93 225 206 86 220 207 91 234 208 92 225 209 86 223 210 90 220 211 91 225 212 86 231 213 87 223 214 90 225 215 86 94 216 101 97 217 98 241 218 99 241 219 99 235 220 100 94 221 101 91 222 78 103 223 103 244 224 102 244 225 102 237 226 79 91 227 78 139 228 106 280 229 107 264 230 104 264 231 104 118 232 105 139 233 106 267 234 109 265 235 110 279 236 111 267 237 109 279 238 111 285 239 112 259 240 118 256 241 119 261 242 108 252 243 117 259 244 118 261 245 108 274 246 116 252 247 117 261 248 108 276 249 115 274 250 116 261 251 108 270 252 114 276 253 115 261 254 108 283 255 113 270 256 114 261 257 108 285 258 112 283 259 113 261 260 108 267 261 109 285 262 112 261 263 108 141 264 121 138 265 122 117 266 123 141 267 121 117 268 123 123 269 124 132 270 130 129 271 131 135 272 120 126 273 129 132 274 130 135 275 120 111 276 128 126 277 129 135 278 120 114 279 127 111 280 128 135 281 120 108 282 126 114 283 127 135 284 120 120 285 125 108 286 126 135 287 120 123 288 124 120 289 125 135 290 120 141 291 121 123 292 124 135 293 120 124 294 133 118 295 105 264 296 104 264 297 104 268 298 132 124 299 133 386 300 134 393 301 135 322 302 136 288 303 139 290 304 140 321 305 141 288 306 139 321 307 141 381 308 142 386 309 134 322 310 136 294 311 137 381 312 142 386 313 134 294 314 137 381 315 142 294 316 137 293 317 138 288 318 139 381 319 142 293 320 138 489 321 146 492 322 143 315 323 144 315 324 144 312 325 145 489 326 146 292 327 149 294 328 137 322 329 136 292 330 149 322 331 136 390 332 150 395 333 151 323 334 152 302 335 147 390 336 150 395 337 151 302 338 147 390 339 150 302 340 147 301 341 148 292 342 149 390 343 150 301 344 148 300 345 155 302 346 147 323 347 152 300 348 155 323 349 152 399 350 156 368 351 157 320 352 158 298 353 153 399 354 156 368 355 157 298 356 153 399 357 156 298 358 153 297 359 154 300 360 155 399 361 156 297 362 154 444 363 162 296 364 159 289 365 160 289 366 160 450 367 161 444 368 162 293 369 166 295 370 163 465 371 164 465 372 164 459 373 165 293 374 166 474 375 170 468 376 167 301 377 168 301 378 168 303 379 169 474 380 170 419 381 174 414 382 171 371 383 172 371 384 172 374 385 173 419 386 174 470 387 183 440 388 184 446 389 185 446 390 185 443 391 186 449 392 175 449 393 175 455 394 176 452 395 177 452 396 177 458 397 178 464 398 179 464 399 179 461 400 180 467 401 181 452 402 177 464 403 179 467 404 181 449 405 175 452 406 177 467 407 181 446 408 185 449 409 175 467 410 181 470 411 183 446 412 185 467 413 181 470 414 183 467 415 181 473 416 182 320 417 158 372 418 189 377 419 190 377 420 190 321 421 141 290 422 140 377 423 190 290 424 140 289 425 187 377 426 190 289 427 187 296 428 188 377 429 190 296 430 188 298 431 153 320 432 158 377 433 190 298 434 153 307 435 194 304 436 191 498 437 192 498 438 192 501 439 193 307 440 194 506 441 203 494 442 204 500 443 205 500 444 205 497 445 206 485 446 195 485 447 195 491 448 196 488 449 197 488 450 197 476 451 198 482 452 199 482 453 199 479 454 200 503 455 201 488 456 197 482 457 199 503 458 201 485 459 195 488 460 197 503 461 201 500 462 205 485 463 195 503 464 201 506 465 203 500 466 205 503 467 201 506 468 203 503 469 201 509 470 202 420 471 207 417 472 208 325 473 209 480 474 213 483 475 210 319 476 211 319 477 211 316 478 212 480 479 213 614 480 222 602 481 223 608 482 224 608 483 224 605 484 225 593 485 214 593 486 214 599 487 215 596 488 216 596 489 216 584 490 217 590 491 218 590 492 218 587 493 219 611 494 220 596 495 216 590 496 218 611 497 220 593 498 214 596 499 216 611 500 220 608 501 224 593 502 214 611 503 220 614 504 222 608 505 224 611 506 220 614 507 222 611 508 220 617 509 221 413 510 226 420 511 207 325 512 209 411 513 227 408 514 228 324 515 229 395 516 151 402 517 230 323 518 152 377 519 190 384 520 231 321 521 141 492 522 235 486 523 232 313 524 233 313 525 233 315 526 234 492 527 235 429 528 236 426 529 237 326 530 238 335 531 242 332 532 239 606 533 240 606 534 240 609 535 241 335 536 242 362 537 245 534 538 246 521 539 247 362 540 245 521 541 247 361 542 248 330 543 249 329 544 250 332 545 243 361 546 248 330 547 249 332 548 243 361 549 248 332 550 243 334 551 244 362 552 245 361 553 248 334 554 244 345 555 254 347 556 251 645 557 252 645 558 252 639 559 253 345 560 254 363 561 257 543 562 258 530 563 259 363 564 257 530 565 259 362 566 245 334 567 244 333 568 260 340 569 255 362 570 245 334 571 244 340 572 255 362 573 245 340 574 255 342 575 256 363 576 257 362 577 245 342 578 256 360 579 263 516 580 264 539 581 265 360 582 263 539 583 265 363 584 257 342 585 256 341 586 266 336 587 261 363 588 257 342 589 256 336 590 261 363 591 257 336 592 261 338 593 262 360 594 263 363 595 257 338 596 262 339 597 270 336 598 267 588 599 268 588 600 268 591 601 269 339 602 270 597 603 274 600 604 271 331 605 272 331 606 272 328 607 273 597 608 274 563 609 278 558 610 275 515 611 276 515 612 276 518 613 277 563 614 278 521 615 247 528 616 279 361 617 248 600 618 283 594 619 280 329 620 281 329 621 281 331 622 282 600 623 283 525 624 285 512 625 286 360 626 263 525 627 285 360 628 263 338 629 262 525 630 285 338 631 262 337 632 287 525 633 285 337 634 287 328 635 284 525 636 285 328 637 284 330 638 249 525 639 285 330 640 249 361 641 248 349 642 291 351 643 288 654 644 289 654 645 289 648 646 290 349 647 291 636 648 295 630 649 292 353 650 293 353 651 293 355 652 294 636 653 295 650 654 304 620 655 305 626 656 306 626 657 306 623 658 307 629 659 296 629 660 296 635 661 297 632 662 298 632 663 298 638 664 299 644 665 300 644 666 300 641 667 301 647 668 302 632 669 298 644 670 300 647 671 302 629 672 296 632 673 298 647 674 302 626 675 306 629 676 296 647 677 302 650 678 304 626 679 306 647 680 302 650 681 304 647 682 302 653 683 303 624 684 311 627 685 308 359 686 309 359 687 309 356 688 310 624 689 311 555 690 312 552 691 313 364 692 314 557 693 315 564 694 316 365 695 317 581 696 321 576 697 318 533 698 319 533 699 319 536 700 320 581 701 321 524 702 325 527 703 322 572 704 323 572 705 323 567 706 324 524 707 325 575 708 326 582 709 327 367 710 328 566 711 329 573 712 330 366 713 331 893 714 335 922 715 332 928 716 333 928 717 333 899 718 334 893 719 335 921 720 339 936 721 336 942 722 337 942 723 337 929 724 338 921 725 339 990 726 343 962 727 340 948 728 341 948 729 341 976 730 342 990 731 343 927 732 347 941 733 344 913 734 345 913 735 345 900 736 346 927 737 347 907 738 351 894 739 348 901 740 349 901 741 349 915 742 350 907 743 351 935 744 355 908 745 352 914 746 353 914 747 353 943 748 354 935 749 355 985 750 359 977 751 356 950 752 357 950 753 357 955 754 358 985 755 359 999 756 363 991 757 360 978 758 361 978 759 361 984 760 362 999 761 363 1046 762 367 1018 763 364 1004 764 365 1004 765 365 1032 766 366 1046 767 367 969 768 371 997 769 368 983 770 369 983 771 369 957 772 370 969 773 371 956 774 375 949 775 372 964 776 373 964 777 373 970 778 374 956 779 375 971 780 379 963 781 376 992 782 377 992 783 377 998 784 378 971 785 379 1041 786 383 1033 787 380 1006 788 381 1006 789 381 1011 790 382 1041 791 383 1055 792 387 1047 793 384 1034 794 385 1034 795 385 1040 796 386 1055 797 387 1060 798 391 1074 799 388 1102 800 389 1102 801 389 1088 802 390 1060 803 391 1025 804 395 1053 805 392 1039 806 393 1039 807 393 1013 808 394 1025 809 395 1012 810 399 1005 811 396 1020 812 397 1020 813 397 1026 814 398 1012 815 399 1027 816 403 1019 817 400 1048 818 401 1048 819 401 1054 820 402 1027 821 403 1061 822 407 1090 823 404 1096 824 405 1096 825 405 1067 826 406 1061 827 407 1089 828 411 1104 829 408 1110 830 409 1110 831 409 1097 832 410 1089 833 411 1095 834 415 1109 835 412 1081 836 413 1081 837 413 1068 838 414 1095 839 415 1075 840 419 1062 841 416 1069 842 417 1069 843 417 1083 844 418 1075 845 419 1103 846 423 1076 847 420 1082 848 421 1082 849 421 1111 850 422 1103 851 423 657 852 427 686 853 424 692 854 425 692 855 425 663 856 426 657 857 427 685 858 431 700 859 428 706 860 429 706 861 429 693 862 430 685 863 431 691 864 435 705 865 432 677 866 433 677 867 433 664 868 434 691 869 435 671 870 439 658 871 436 665 872 437 665 873 437 679 874 438 671 875 439 699 876 443 672 877 440 678 878 441 678 879 441 707 880 442 699 881 443 859 882 446 872 883 447 879 884 448 879 885 448 843 886 444 849 887 445 859 888 446 879 889 448 849 890 445 824 891 452 832 892 449 848 893 450 848 894 450 834 895 451 824 896 452 860 897 454 848 898 450 832 899 449 832 900 449 866 901 453 860 902 454 825 903 458 836 904 455 842 905 456 842 906 456 853 907 457 825 908 458 865 909 462 885 910 459 873 911 460 873 912 460 858 913 461 865 914 462 880 915 466 874 916 463 887 917 464 887 918 464 883 919 465 880 920 466 849 921 445 843 922 444 835 923 467 882 924 470 886 925 471 867 926 472 867 927 472 831 928 468 852 929 469 882 930 470 867 931 472 852 932 469 883 933 465 851 934 473 841 935 474 841 936 474 880 937 466 883 938 465 713 939 478 742 940 475 748 941 476 748 942 476 719 943 477 713 944 478 741 945 482 756 946 479 762 947 480 762 948 480 749 949 481 741 950 482 810 951 486 782 952 483 768 953 484 768 954 484 796 955 485 810 956 486 747 957 490 761 958 487 733 959 488 733 960 488 720 961 489 747 962 490 727 963 494 714 964 491 721 965 492 721 966 492 735 967 493 727 968 494 755 969 498 728 970 495 734 971 496 734 972 496 763 973 497 755 974 498 805 975 502 797 976 499 770 977 500 770 978 500 775 979 501 805 980 502 819 981 506 811 982 503 798 983 504 798 984 504 804 985 505 819 986 506 789 987 510 817 988 507 803 989 508 803 990 508 777 991 509 789 992 510 776 993 514 769 994 511 784 995 512 784 996 512 790 997 513 776 998 514 791 999 518 783 1000 515 812 1001 516 812 1002 516 818 1003 517 791 1004 518 150 1005 522 145 1006 519 4 1007 520 4 1008 520 7 1009 521 150 1010 522 13 1011 526 16 1012 523 160 1013 524 160 1014 524 154 1015 525 13 1016 526 22 1017 530 25 1018 527 169 1019 528 169 1020 528 163 1021 529 22 1022 530 31 1023 2 34 1024 531 178 1025 532 178 1026 532 172 1027 3 31 1028 2 34 1029 536 28 1030 533 174 1031 534 174 1032 534 178 1033 535 34 1034 536 58 1035 63 199 1036 62 183 1037 537 183 1038 537 37 1039 538 58 1040 63 22 1041 530 163 1042 529 174 1043 534 174 1044 534 28 1045 533 22 1046 530 25 1047 542 19 1048 539 165 1049 540 165 1050 540 169 1051 541 25 1052 542 183 1053 537 186 1054 543 43 1055 544 43 1056 544 37 1057 538 183 1058 537 49 1059 548 52 1060 545 196 1061 546 196 1062 546 190 1063 547 49 1064 548 64 1065 550 49 1066 548 190 1067 547 190 1068 547 210 1069 549 64 1070 550 52 1071 552 46 1072 9 192 1073 8 192 1074 8 196 1075 551 52 1076 552 70 1077 554 64 1078 550 210 1079 549 210 1080 549 214 1081 553 70 1082 554 94 1083 101 235 1084 100 219 1085 555 219 1086 555 73 1087 556 94 1088 101 67 1089 65 70 1090 557 214 1091 558 214 1092 558 208 1093 64 67 1094 65 222 1095 560 217 1096 44 76 1097 47 76 1098 47 79 1099 559 222 1100 560 219 1101 555 222 1102 561 79 1103 562 79 1104 562 73 1105 556 219 1106 555 85 1107 566 88 1108 563 232 1109 564 232 1110 564 226 1111 565 85 1112 566 100 1113 568 85 1114 566 226 1115 565 226 1116 565 246 1117 567 100 1118 568 88 1119 570 82 1120 46 228 1121 45 228 1122 45 232 1123 569 88 1124 570 106 1125 572 100 1126 568 246 1127 567 246 1128 567 250 1129 571 106 1130 572 262 1131 576 255 1132 573 109 1133 574 109 1134 574 121 1135 575 262 1136 576 103 1137 103 106 1138 577 250 1139 578 250 1140 578 244 1141 102 103 1142 103 258 1143 580 253 1144 85 112 1145 84 112 1146 84 115 1147 579 258 1148 580 255 1149 573 258 1150 581 115 1151 582 115 1152 582 109 1153 574 255 1154 573 121 1155 575 124 1156 583 268 1157 584 268 1158 584 262 1159 576 121 1160 575 130 1161 588 133 1162 585 277 1163 586 277 1164 586 271 1165 587 130 1166 588 139 1167 106 142 1168 589 286 1169 590 286 1170 590 280 1171 107 139 1172 106 142 1173 594 136 1174 591 282 1175 592 282 1176 592 286 1177 593 142 1178 594 130 1179 588 271 1180 587 282 1181 592 282 1182 592 136 1183 591 130 1184 588 133 1185 596 127 1186 83 273 1187 82 273 1188 82 277 1189 595 133 1190 596 145 1191 519 165 1192 540 19 1193 539 19 1194 539 4 1195 520 145 1196 519 3 1197 22 6 1198 21 8 1199 597 8 1200 597 5 1201 598 3 1202 22 5 1203 599 8 1204 600 7 1205 521 7 1206 521 4 1207 520 5 1208 599 6 1209 21 0 1210 20 2 1211 601 2 1212 601 8 1213 597 6 1214 21 8 1215 602 2 1216 603 1 1217 12 1 1218 12 7 1219 11 8 1220 602 15 1221 18 9 1222 17 11 1223 604 11 1224 604 17 1225 605 15 1226 18 17 1227 606 11 1228 607 10 1229 1 10 1230 1 16 1231 27 17 1232 606 12 1233 19 15 1234 18 17 1235 605 17 1236 605 14 1237 608 12 1238 19 14 1239 609 17 1240 610 16 1241 523 16 1242 523 13 1243 526 14 1244 609 33 1245 15 27 1246 14 29 1247 611 29 1248 611 35 1249 612 33 1250 15 35 1251 613 29 1252 614 28 1253 533 28 1254 533 34 1255 536 35 1256 613 30 1257 16 33 1258 15 35 1259 612 35 1260 612 32 1261 615 30 1262 16 32 1263 616 35 1264 617 34 1265 531 34 1266 531 31 1267 2 32 1268 616 24 1269 24 18 1270 23 20 1271 618 20 1272 618 26 1273 619 24 1274 24 26 1275 620 20 1276 621 19 1277 539 19 1278 539 25 1279 542 26 1280 620 21 1281 25 24 1282 24 26 1283 619 26 1284 619 23 1285 622 21 1286 25 23 1287 623 26 1288 624 25 1289 527 25 1290 527 22 1291 530 23 1292 623 39 1293 36 42 1294 35 44 1295 625 44 1296 625 41 1297 626 39 1298 36 41 1299 627 44 1300 628 43 1301 6 43 1302 6 40 1303 5 41 1304 627 42 1305 35 36 1306 34 38 1307 629 38 1308 629 44 1309 625 42 1310 35 44 1311 630 38 1312 631 37 1313 538 37 1314 538 43 1315 544 44 1316 630 51 1317 38 45 1318 37 47 1319 632 47 1320 632 53 1321 633 51 1322 38 53 1323 634 47 1324 635 46 1325 9 46 1326 9 52 1327 552 53 1328 634 48 1329 39 51 1330 38 53 1331 633 53 1332 633 50 1333 636 48 1334 39 50 1335 637 53 1336 638 52 1337 545 52 1338 545 49 1339 548 50 1340 637 69 1341 29 63 1342 28 65 1343 639 65 1344 639 71 1345 640 69 1346 29 71 1347 641 65 1348 642 64 1349 550 64 1350 550 70 1351 554 71 1352 641 66 1353 30 69 1354 29 71 1355 640 71 1356 640 68 1357 643 66 1358 30 68 1359 644 71 1360 645 70 1361 557 70 1362 557 67 1363 65 68 1364 644 60 1365 32 54 1366 31 56 1367 646 56 1368 646 62 1369 647 60 1370 32 62 1371 648 56 1372 649 55 1373 40 55 1374 40 61 1375 43 62 1376 648 57 1377 33 60 1378 32 62 1379 647 62 1380 647 59 1381 650 57 1382 33 59 1383 651 62 1384 652 61 1385 60 61 1386 60 58 1387 63 59 1388 651 75 1389 74 78 1390 73 80 1391 653 80 1392 653 77 1393 654 75 1394 74 77 1395 655 80 1396 656 79 1397 559 79 1398 559 76 1399 47 77 1400 655 78 1401 73 72 1402 72 74 1403 657 74 1404 657 80 1405 653 78 1406 73 80 1407 658 74 1408 659 73 1409 556 73 1410 556 79 1411 562 80 1412 658 87 1413 76 81 1414 75 83 1415 660 83 1416 660 89 1417 661 87 1418 76 89 1419 662 83 1420 663 82 1421 46 82 1422 46 88 1423 570 89 1424 662 84 1425 77 87 1426 76 89 1427 661 89 1428 661 86 1429 664 84 1430 77 86 1431 665 89 1432 666 88 1433 563 88 1434 563 85 1435 566 86 1436 665 105 1437 67 99 1438 66 101 1439 667 101 1440 667 107 1441 668 105 1442 67 107 1443 669 101 1444 670 100 1445 568 100 1446 568 106 1447 572 107 1448 669 102 1449 68 105 1450 67 107 1451 668 107 1452 668 104 1453 671 102 1454 68 104 1455 672 107 1456 673 106 1457 577 106 1458 577 103 1459 103 104 1460 672 96 1461 70 90 1462 69 92 1463 674 92 1464 674 98 1465 675 96 1466 70 98 1467 676 92 1468 677 91 1469 78 91 1470 78 97 1471 81 98 1472 676 93 1473 71 96 1474 70 98 1475 675 98 1476 675 95 1477 678 93 1478 71 95 1479 679 98 1480 680 97 1481 98 97 1482 98 94 1483 101 95 1484 679 111 1485 128 114 1486 127 116 1487 681 116 1488 681 113 1489 682 111 1490 128 113 1491 683 116 1492 684 115 1493 579 115 1494 579 112 1495 84 113 1496 683 114 1497 127 108 1498 126 110 1499 685 110 1500 685 116 1501 681 114 1502 127 116 1503 686 110 1504 687 109 1505 574 109 1506 574 115 1507 582 116 1508 686 123 1509 124 117 1510 123 119 1511 688 119 1512 688 125 1513 689 123 1514 124 125 1515 690 119 1516 691 118 1517 105 118 1518 105 124 1519 133 125 1520 690 120 1521 125 123 1522 124 125 1523 689 125 1524 689 122 1525 692 120 1526 125 122 1527 693 125 1528 694 124 1529 583 124 1530 583 121 1531 575 122 1532 693 141 1533 121 135 1534 120 137 1535 695 137 1536 695 143 1537 696 141 1538 121 143 1539 697 137 1540 698 136 1541 591 136 1542 591 142 1543 594 143 1544 697 138 1545 122 141 1546 121 143 1547 696 143 1548 696 140 1549 699 138 1550 122 140 1551 700 143 1552 701 142 1553 589 142 1554 589 139 1555 106 140 1556 700 132 1557 130 126 1558 129 128 1559 702 128 1560 702 134 1561 703 132 1562 130 134 1563 704 128 1564 705 127 1565 83 127 1566 83 133 1567 596 134 1568 704 129 1569 131 132 1570 130 134 1571 703 134 1572 703 131 1573 706 129 1574 131 131 1575 707 134 1576 708 133 1577 585 133 1578 585 130 1579 588 131 1580 707 2 1581 601 0 1582 20 12 1583 19 12 1584 19 14 1585 608 2 1586 601 1 1587 12 2 1588 603 14 1589 609 14 1590 609 13 1591 526 1 1592 12 20 1593 618 18 1594 23 3 1595 22 3 1596 22 5 1597 598 20 1598 618 19 1599 539 20 1600 621 5 1601 599 5 1602 599 4 1603 520 19 1604 539 23 1605 623 22 1606 530 28 1607 533 28 1608 533 29 1609 614 23 1610 623 21 1611 25 23 1612 622 29 1613 611 29 1614 611 27 1615 14 21 1616 25 32 1617 616 31 1618 2 10 1619 1 10 1620 1 11 1621 607 32 1622 616 30 1623 16 32 1624 615 11 1625 604 11 1626 604 9 1627 17 30 1628 16 47 1629 632 45 1630 37 39 1631 36 39 1632 36 41 1633 626 47 1634 632 46 1635 9 47 1636 635 41 1637 627 41 1638 627 40 1639 5 46 1640 9 38 1641 629 36 1642 34 57 1643 33 57 1644 33 59 1645 650 38 1646 629 37 1647 538 38 1648 631 59 1649 651 59 1650 651 58 1651 63 37 1652 538 50 1653 637 49 1654 548 64 1655 550 64 1656 550 65 1657 642 50 1658 637 48 1659 39 50 1660 636 65 1661 639 65 1662 639 63 1663 28 48 1664 39 68 1665 644 67 1666 65 55 1667 40 55 1668 40 56 1669 649 68 1670 644 66 1671 30 68 1672 643 56 1673 646 56 1674 646 54 1675 31 66 1676 30 83 1677 660 81 1678 75 75 1679 74 75 1680 74 77 1681 654 83 1682 660 82 1683 46 83 1684 663 77 1685 655 77 1686 655 76 1687 47 82 1688 46 74 1689 657 72 1690 72 93 1691 71 93 1692 71 95 1693 678 74 1694 657 73 1695 556 74 1696 659 95 1697 679 95 1698 679 94 1699 101 73 1700 556 86 1701 665 85 1702 566 100 1703 568 100 1704 568 101 1705 670 86 1706 665 84 1707 77 86 1708 664 101 1709 667 101 1710 667 99 1711 66 84 1712 77 104 1713 672 103 1714 103 91 1715 78 91 1716 78 92 1717 677 104 1718 672 102 1719 68 104 1720 671 92 1721 674 92 1722 674 90 1723 69 102 1724 68 110 1725 685 108 1726 126 120 1727 125 120 1728 125 122 1729 692 110 1730 685 109 1731 574 110 1732 687 122 1733 693 122 1734 693 121 1735 575 109 1736 574 128 1737 702 126 1738 129 111 1739 128 111 1740 128 113 1741 682 128 1742 702 127 1743 83 128 1744 705 113 1745 683 113 1746 683 112 1747 84 127 1748 83 131 1749 707 130 1750 588 136 1751 591 136 1752 591 137 1753 698 131 1754 707 129 1755 131 131 1756 706 137 1757 695 137 1758 695 135 1759 120 129 1760 131 140 1761 700 139 1762 106 118 1763 105 118 1764 105 119 1765 691 140 1766 700 138 1767 122 140 1768 699 119 1769 688 119 1770 688 117 1771 123 138 1772 122 154 1773 525 147 1774 13 1 1775 12 1 1776 12 13 1777 526 154 1778 525 151 1779 709 144 1780 710 146 1781 711 146 1782 711 152 1783 712 151 1784 709 152 1785 713 146 1786 714 145 1787 519 145 1788 519 150 1789 522 152 1790 713 148 1791 715 151 1792 709 152 1793 712 152 1794 712 149 1795 716 148 1796 715 149 1797 717 152 1798 718 150 1799 10 150 1800 10 147 1801 13 149 1802 717 157 1803 719 159 1804 720 161 1805 721 161 1806 721 158 1807 722 157 1808 719 158 1809 723 161 1810 724 160 1811 26 160 1812 26 156 1813 0 158 1814 723 159 1815 720 153 1816 725 155 1817 726 155 1818 726 161 1819 721 159 1820 720 161 1821 727 155 1822 728 154 1823 525 154 1824 525 160 1825 524 161 1826 727 175 1827 729 177 1828 730 179 1829 731 179 1830 731 176 1831 732 175 1832 729 176 1833 733 179 1834 734 178 1835 535 178 1836 535 174 1837 534 176 1838 733 177 1839 730 171 1840 735 173 1841 736 173 1842 736 179 1843 731 177 1844 730 179 1845 737 173 1846 738 172 1847 3 172 1848 3 178 1849 532 179 1850 737 166 1851 739 168 1852 740 170 1853 741 170 1854 741 167 1855 742 166 1856 739 167 1857 743 170 1858 744 169 1859 541 169 1860 541 165 1861 540 167 1862 743 168 1863 740 162 1864 745 164 1865 746 164 1866 746 170 1867 741 168 1868 740 170 1869 747 164 1870 748 163 1871 529 163 1872 529 169 1873 528 170 1874 747 187 1875 52 180 1876 51 182 1877 749 182 1878 749 188 1879 750 187 1880 52 188 1881 751 182 1882 752 181 1883 4 181 1884 4 186 1885 7 188 1886 751 184 1887 53 187 1888 52 188 1889 750 188 1890 750 185 1891 753 184 1892 53 185 1893 754 188 1894 755 186 1895 543 186 1896 543 183 1897 537 185 1898 754 193 1899 50 195 1900 49 197 1901 756 197 1902 756 194 1903 757 193 1904 50 194 1905 758 197 1906 759 196 1907 551 196 1908 551 192 1909 8 194 1910 758 195 1911 49 189 1912 48 191 1913 760 191 1914 760 197 1915 756 195 1916 49 197 1917 761 191 1918 762 190 1919 547 190 1920 547 196 1921 546 197 1922 761 211 1923 59 213 1924 58 215 1925 763 215 1926 763 212 1927 764 211 1928 59 212 1929 765 215 1930 766 214 1931 553 214 1932 553 210 1933 549 212 1934 765 213 1935 58 207 1936 57 209 1937 767 209 1938 767 215 1939 763 213 1940 58 215 1941 768 209 1942 769 208 1943 64 208 1944 64 214 1945 558 215 1946 768 202 1947 56 204 1948 55 206 1949 770 206 1950 770 203 1951 771 202 1952 56 203 1953 772 206 1954 773 205 1955 42 205 1956 42 201 1957 41 203 1958 772 204 1959 55 198 1960 54 200 1961 774 200 1962 774 206 1963 770 204 1964 55 206 1965 775 200 1966 776 199 1967 62 199 1968 62 205 1969 61 206 1970 775 223 1971 90 216 1972 89 218 1973 777 218 1974 777 224 1975 778 223 1976 90 224 1977 779 218 1978 780 217 1979 44 217 1980 44 222 1981 560 224 1982 779 220 1983 91 223 1984 90 224 1985 778 224 1986 778 221 1987 781 220 1988 91 221 1989 782 224 1990 783 222 1991 561 222 1992 561 219 1993 555 221 1994 782 229 1995 88 231 1996 87 233 1997 784 233 1998 784 230 1999 785 229 2000 88 230 2001 786 233 2002 787 232 2003 569 232 2004 569 228 2005 45 230 2006 786 231 2007 87 225 2008 86 227 2009 788 227 2010 788 233 2011 784 231 2012 87 233 2013 789 227 2014 790 226 2015 565 226 2016 565 232 2017 564 233 2018 789 247 2019 97 249 2020 96 251 2021 791 251 2022 791 248 2023 792 247 2024 97 248 2025 793 251 2026 794 250 2027 571 250 2028 571 246 2029 567 248 2030 793 249 2031 96 243 2032 95 245 2033 795 245 2034 795 251 2035 791 249 2036 96 251 2037 796 245 2038 797 244 2039 102 244 2040 102 250 2041 578 251 2042 796 238 2043 94 240 2044 93 242 2045 798 242 2046 798 239 2047 799 238 2048 94 239 2049 800 242 2050 801 241 2051 80 241 2052 80 237 2053 79 239 2054 800 240 2055 93 234 2056 92 236 2057 802 236 2058 802 242 2059 798 240 2060 93 242 2061 803 236 2062 804 235 2063 100 235 2064 100 241 2065 99 242 2066 803 259 2067 118 252 2068 117 254 2069 805 254 2070 805 260 2071 806 259 2072 118 260 2073 807 254 2074 808 253 2075 85 253 2076 85 258 2077 580 260 2078 807 256 2079 119 259 2080 118 260 2081 806 260 2082 806 257 2083 809 256 2084 119 257 2085 810 260 2086 811 258 2087 581 258 2088 581 255 2089 573 257 2090 810 265 2091 110 267 2092 109 269 2093 812 269 2094 812 266 2095 813 265 2096 110 266 2097 814 269 2098 815 268 2099 132 268 2100 132 264 2101 104 266 2102 814 267 2103 109 261 2104 108 263 2105 816 263 2106 816 269 2107 812 267 2108 109 269 2109 817 263 2110 818 262 2111 576 262 2112 576 268 2113 584 269 2114 817 283 2115 113 285 2116 112 287 2117 819 287 2118 819 284 2119 820 283 2120 113 284 2121 821 287 2122 822 286 2123 593 286 2124 593 282 2125 592 284 2126 821 285 2127 112 279 2128 111 281 2129 823 281 2130 823 287 2131 819 285 2132 112 287 2133 824 281 2134 825 280 2135 107 280 2136 107 286 2137 590 287 2138 824 274 2139 116 276 2140 115 278 2141 826 278 2142 826 275 2143 827 274 2144 116 275 2145 828 278 2146 829 277 2147 595 277 2148 595 273 2149 82 275 2150 828 276 2151 115 270 2152 114 272 2153 830 272 2154 830 278 2155 826 276 2156 115 278 2157 831 272 2158 832 271 2159 587 271 2160 587 277 2161 586 278 2162 831 149 2163 717 147 2164 13 154 2165 525 154 2166 525 155 2167 728 149 2168 717 148 2169 715 149 2170 716 155 2171 726 155 2172 726 153 2173 725 148 2174 715 158 2175 723 156 2176 0 172 2177 3 172 2178 3 173 2179 738 158 2180 723 157 2181 719 158 2182 722 173 2183 736 173 2184 736 171 2185 735 157 2186 719 176 2187 733 174 2188 534 163 2189 529 163 2190 529 164 2191 748 176 2192 733 175 2193 729 176 2194 732 164 2195 746 164 2196 746 162 2197 745 175 2198 729 167 2199 743 165 2200 540 145 2201 519 145 2202 519 146 2203 714 167 2204 743 166 2205 739 167 2206 742 146 2207 711 146 2208 711 144 2209 710 166 2210 739 212 2211 765 210 2212 549 190 2213 547 190 2214 547 191 2215 762 212 2216 765 211 2217 59 212 2218 764 191 2219 760 191 2220 760 189 2221 48 211 2222 59 194 2223 758 192 2224 8 181 2225 4 181 2226 4 182 2227 752 194 2228 758 193 2229 50 194 2230 757 182 2231 749 182 2232 749 180 2233 51 193 2234 50 185 2235 754 183 2236 537 199 2237 62 199 2238 62 200 2239 776 185 2240 754 184 2241 53 185 2242 753 200 2243 774 200 2244 774 198 2245 54 184 2246 53 203 2247 772 201 2248 41 208 2249 64 208 2250 64 209 2251 769 203 2252 772 202 2253 56 203 2254 771 209 2255 767 209 2256 767 207 2257 57 202 2258 56 248 2259 793 246 2260 567 226 2261 565 226 2262 565 227 2263 790 248 2264 793 247 2265 97 248 2266 792 227 2267 788 227 2268 788 225 2269 86 247 2270 97 230 2271 786 228 2272 45 217 2273 44 217 2274 44 218 2275 780 230 2276 786 229 2277 88 230 2278 785 218 2279 777 218 2280 777 216 2281 89 229 2282 88 221 2283 782 219 2284 555 235 2285 100 235 2286 100 236 2287 804 221 2288 782 220 2289 91 221 2290 781 236 2291 802 236 2292 802 234 2293 92 220 2294 91 239 2295 800 237 2296 79 244 2297 102 244 2298 102 245 2299 797 239 2300 800 238 2301 94 239 2302 799 245 2303 795 245 2304 795 243 2305 95 238 2306 94 257 2307 810 255 2308 573 262 2309 576 262 2310 576 263 2311 818 257 2312 810 256 2313 119 257 2314 809 263 2315 816 263 2316 816 261 2317 108 256 2318 119 266 2319 814 264 2320 104 280 2321 107 280 2322 107 281 2323 825 266 2324 814 265 2325 110 266 2326 813 281 2327 823 281 2328 823 279 2329 111 265 2330 110 284 2331 821 282 2332 592 271 2333 587 271 2334 587 272 2335 832 284 2336 821 283 2337 113 284 2338 820 272 2339 830 272 2340 830 270 2341 114 283 2342 113 275 2343 828 273 2344 82 253 2345 85 253 2346 85 254 2347 808 275 2348 828 274 2349 116 275 2350 827 254 2351 805 254 2352 805 252 2353 117 274 2354 116 159 2355 720 157 2356 719 171 2357 735 159 2358 720 171 2359 735 177 2360 730 151 2361 709 148 2362 715 153 2363 725 144 2364 710 151 2365 709 153 2366 725 166 2367 739 144 2368 710 153 2369 725 168 2370 740 166 2371 739 153 2372 725 162 2373 745 168 2374 740 153 2375 725 175 2376 729 162 2377 745 153 2378 725 177 2379 730 175 2380 729 153 2381 725 159 2382 720 177 2383 730 153 2384 725 288 2385 139 291 2386 833 290 2387 140 291 2388 833 289 2389 187 290 2390 140 292 2391 149 295 2392 834 294 2393 137 295 2394 834 293 2395 138 294 2396 137 296 2397 188 299 2398 835 298 2399 153 299 2400 835 297 2401 154 298 2402 153 300 2403 155 303 2404 836 302 2405 147 303 2406 836 301 2407 148 302 2408 147 304 2409 837 307 2410 838 306 2411 839 307 2412 838 305 2413 840 306 2414 839 308 2415 841 311 2416 842 310 2417 843 311 2418 842 309 2419 844 310 2420 843 312 2421 845 315 2422 846 314 2423 847 315 2424 846 313 2425 848 314 2426 847 316 2427 849 319 2428 850 318 2429 851 319 2430 850 317 2431 852 318 2432 851 416 2433 856 419 2434 853 374 2435 854 374 2436 854 369 2437 855 416 2438 856 378 2439 858 371 2440 172 414 2441 171 414 2442 171 425 2443 857 378 2444 858 383 2445 860 378 2446 858 425 2447 857 425 2448 857 428 2449 859 383 2450 860 380 2451 864 423 2452 861 434 2453 862 434 2454 862 387 2455 863 380 2456 864 434 2457 862 437 2458 865 392 2459 866 392 2460 866 387 2461 863 434 2462 862 432 2463 870 407 2464 867 396 2465 868 396 2466 868 389 2467 869 432 2468 870 401 2469 872 396 2470 868 407 2471 867 407 2472 867 410 2473 871 401 2474 872 404 2475 873 411 2476 227 324 2477 229 312 2478 845 314 2479 847 325 2480 209 312 2481 845 325 2482 209 417 2483 208 404 2484 873 324 2485 229 318 2486 851 417 2487 208 404 2488 873 318 2489 851 417 2490 208 318 2491 851 317 2492 852 312 2493 845 417 2494 208 317 2495 852 316 2496 849 318 2497 851 324 2498 229 316 2499 849 324 2500 229 408 2501 228 431 2502 874 327 2503 875 310 2504 843 408 2505 228 431 2506 874 310 2507 843 408 2508 228 310 2509 843 309 2510 844 316 2511 849 408 2512 228 309 2513 844 426 2514 237 413 2515 226 325 2516 209 426 2517 237 325 2518 209 314 2519 847 426 2520 237 314 2521 847 313 2522 848 426 2523 237 313 2524 848 304 2525 837 426 2526 237 304 2527 837 306 2528 839 426 2529 237 306 2530 839 326 2531 238 422 2532 876 429 2533 236 326 2534 238 308 2535 841 310 2536 843 327 2537 875 308 2538 841 327 2539 875 435 2540 877 422 2541 876 326 2542 238 306 2543 839 435 2544 877 422 2545 876 306 2546 839 435 2547 877 306 2548 839 305 2549 840 308 2550 841 435 2551 877 305 2552 840 431 2553 874 438 2554 878 327 2555 875 438 2556 878 435 2557 877 327 2558 875 297 2559 882 299 2560 879 447 2561 880 447 2562 880 441 2563 881 297 2564 882 328 2565 284 331 2566 883 330 2567 249 331 2568 883 329 2569 250 330 2570 249 332 2571 243 335 2572 884 334 2573 244 335 2574 884 333 2575 260 334 2576 244 336 2577 261 339 2578 885 338 2579 262 339 2580 885 337 2581 287 338 2582 262 340 2583 255 343 2584 886 342 2585 256 343 2586 886 341 2587 266 342 2588 256 344 2589 887 347 2590 888 346 2591 889 347 2592 888 345 2593 890 346 2594 889 348 2595 891 351 2596 892 350 2597 893 351 2598 892 349 2599 894 350 2600 893 352 2601 895 355 2602 896 354 2603 897 355 2604 896 353 2605 898 354 2606 897 356 2607 899 359 2608 900 358 2609 901 359 2610 900 357 2611 902 358 2612 901 560 2613 906 563 2614 903 518 2615 904 518 2616 904 513 2617 905 560 2618 906 540 2619 908 515 2620 276 558 2621 275 558 2622 275 551 2623 907 540 2624 908 527 2625 912 522 2626 909 569 2627 910 569 2628 910 572 2629 911 527 2630 912 530 2631 259 537 2632 913 362 2633 245 578 2634 917 581 2635 914 536 2636 915 536 2637 915 531 2638 916 578 2639 917 539 2640 265 546 2641 918 363 2642 257 545 2643 920 540 2644 908 551 2645 907 551 2646 907 554 2647 919 545 2648 920 548 2649 921 555 2650 312 364 2651 314 367 2652 328 579 2653 922 548 2654 921 367 2655 328 548 2656 921 364 2657 314 358 2658 901 357 2659 902 348 2660 891 364 2661 314 358 2662 901 348 2663 891 364 2664 314 348 2665 891 350 2666 893 367 2667 328 364 2668 314 350 2669 893 364 2670 314 552 2671 313 557 2672 315 364 2673 314 557 2674 315 365 2675 317 354 2676 897 353 2677 898 356 2678 899 365 2679 317 354 2680 897 356 2681 899 365 2682 317 356 2683 899 358 2684 901 364 2685 314 365 2686 317 358 2687 901 564 2688 316 561 2689 923 365 2690 317 566 2691 329 366 2692 331 346 2693 889 566 2694 329 346 2695 889 345 2696 890 566 2697 329 345 2698 890 352 2699 895 566 2700 329 352 2701 895 354 2702 897 566 2703 329 354 2704 897 365 2705 317 566 2706 329 365 2707 317 561 2708 923 573 2709 330 570 2710 924 366 2711 331 366 2712 331 570 2713 924 575 2714 326 366 2715 331 575 2716 326 367 2717 328 350 2718 893 349 2719 894 344 2720 887 367 2721 328 350 2722 893 344 2723 887 367 2724 328 344 2725 887 346 2726 889 366 2727 331 367 2728 328 346 2729 889 582 2730 327 579 2731 922 367 2732 328 337 2733 928 339 2734 925 591 2735 926 591 2736 926 585 2737 927 337 2738 928 375 2739 929 372 2740 189 320 2741 158 416 2742 856 369 2743 855 398 2744 930 398 2745 930 405 2746 931 416 2747 856 398 2748 930 401 2749 932 410 2750 933 410 2751 933 405 2752 931 398 2753 930 402 2754 230 399 2755 156 323 2756 152 380 2757 864 383 2758 934 428 2759 935 428 2760 935 423 2761 861 380 2762 864 384 2763 231 381 2764 142 321 2765 141 393 2766 135 390 2767 150 322 2768 136 437 2769 937 432 2770 870 389 2771 869 389 2772 869 392 2773 936 437 2774 937 456 2775 939 450 2776 161 289 2777 160 289 2778 160 291 2779 938 456 2780 939 471 2781 941 300 2782 940 297 2783 882 297 2784 882 441 2785 881 471 2786 941 471 2787 941 474 2788 942 303 2789 943 303 2790 943 300 2791 940 471 2792 941 483 2793 947 477 2794 944 317 2795 945 317 2796 945 319 2797 946 483 2798 947 462 2799 949 292 2800 948 301 2801 168 301 2802 168 468 2803 167 462 2804 949 295 2805 951 292 2806 948 462 2807 949 462 2808 949 465 2809 950 295 2810 951 453 2811 955 456 2812 952 291 2813 953 291 2814 953 288 2815 954 453 2816 955 459 2817 165 453 2818 955 288 2819 954 288 2820 954 293 2821 166 459 2822 165 512 2823 286 519 2824 956 360 2825 263 311 2826 960 308 2827 957 507 2828 958 507 2829 958 510 2830 959 311 2831 960 477 2832 944 489 2833 146 312 2834 145 312 2835 145 317 2836 945 477 2837 944 480 2838 213 316 2839 212 309 2840 961 309 2841 961 504 2842 962 480 2843 213 498 2844 192 304 2845 191 313 2846 233 313 2847 233 486 2848 232 498 2849 192 305 2850 966 307 2851 963 501 2852 964 501 2853 964 495 2854 965 305 2855 966 309 2856 961 311 2857 967 510 2858 968 510 2859 968 504 2860 962 309 2861 961 507 2862 958 308 2863 957 305 2864 966 305 2865 966 495 2866 965 507 2867 958 519 2868 956 516 2869 264 360 2870 263 560 2871 906 513 2872 905 524 2873 325 524 2874 325 567 2875 324 560 2876 906 542 2877 972 545 2878 969 554 2879 970 554 2880 970 549 2881 971 542 2882 972 546 2883 918 543 2884 258 363 2885 257 576 2886 318 569 2887 910 522 2888 909 522 2889 909 533 2890 319 576 2891 318 528 2892 279 525 2893 285 361 2894 248 537 2895 913 534 2896 246 362 2897 245 542 2898 972 549 2899 971 578 2900 917 578 2901 917 531 2902 916 542 2903 972 336 2904 267 341 2905 973 612 2906 974 612 2907 974 588 2908 268 336 2909 267 328 2910 273 337 2911 928 585 2912 927 585 2913 927 597 2914 274 328 2915 273 615 2916 978 618 2917 975 343 2918 976 343 2919 976 340 2920 977 615 2921 978 627 2922 982 621 2923 979 357 2924 980 357 2925 980 359 2926 981 627 2927 982 618 2928 984 612 2929 974 341 2930 973 341 2931 973 343 2932 983 618 2933 984 340 2934 977 333 2935 985 603 2936 986 603 2937 986 615 2938 978 340 2939 977 606 2940 240 332 2941 239 329 2942 281 329 2943 281 594 2944 280 606 2945 240 333 2946 985 335 2947 987 609 2948 988 609 2949 988 603 2950 986 333 2951 985 351 2952 992 348 2953 989 651 2954 990 651 2955 990 654 2956 991 351 2957 992 348 2958 989 357 2959 980 621 2960 979 621 2961 979 651 2962 990 348 2963 989 624 2964 311 356 2965 310 353 2966 293 353 2967 293 630 2968 292 624 2969 311 633 2970 996 636 2971 993 355 2972 994 355 2973 994 352 2974 995 633 2975 996 352 2976 995 345 2977 254 639 2978 253 639 2979 253 633 2980 996 352 2981 995 344 2982 998 349 2983 291 648 2984 290 648 2985 290 642 2986 997 344 2987 998 347 2988 1000 344 2989 998 642 2990 997 642 2991 997 645 2992 999 347 2993 1000 299 2994 1002 296 2995 159 444 2996 162 444 2997 162 447 2998 1001 299 2999 1002 369 3000 855 374 3001 854 376 3002 1003 376 3003 1003 370 3004 1004 369 3005 855 370 3006 1005 376 3007 1006 375 3008 929 375 3009 929 368 3010 157 370 3011 1005 374 3012 173 371 3013 172 373 3014 1007 373 3015 1007 376 3016 1008 374 3017 173 376 3018 1006 373 3019 1009 372 3020 189 372 3021 189 375 3022 929 376 3023 1006 378 3024 858 383 3025 860 385 3026 1010 385 3027 1010 379 3028 1011 378 3029 858 379 3030 1012 385 3031 1013 384 3032 231 384 3033 231 377 3034 190 379 3035 1012 383 3036 934 380 3037 864 382 3038 1014 382 3039 1014 385 3040 1015 383 3041 934 385 3042 1013 382 3043 1016 381 3044 142 381 3045 142 384 3046 231 385 3047 1013 387 3048 863 392 3049 866 394 3050 1017 394 3051 1017 388 3052 1018 387 3053 863 388 3054 1019 394 3055 1020 393 3056 135 393 3057 135 386 3058 134 388 3059 1019 392 3060 936 389 3061 869 391 3062 1021 391 3063 1021 394 3064 1022 392 3065 936 394 3066 1020 391 3067 1023 390 3068 150 390 3069 150 393 3070 135 394 3071 1020 396 3072 868 401 3073 872 403 3074 1024 403 3075 1024 397 3076 1025 396 3077 868 397 3078 1026 403 3079 1027 402 3080 230 402 3081 230 395 3082 151 397 3083 1026 401 3084 932 398 3085 930 400 3086 1028 400 3087 1028 403 3088 1029 401 3089 932 403 3090 1027 400 3091 1030 399 3092 156 399 3093 156 402 3094 230 403 3095 1027 405 3096 931 410 3097 933 412 3098 1031 412 3099 1031 406 3100 1032 405 3101 931 406 3102 1033 412 3103 1034 411 3104 227 411 3105 227 404 3106 873 406 3107 1033 410 3108 871 407 3109 867 409 3110 1035 409 3111 1035 412 3112 1036 410 3113 871 412 3114 1034 409 3115 1037 408 3116 228 408 3117 228 411 3118 227 412 3119 1034 414 3120 171 419 3121 174 421 3122 1038 421 3123 1038 415 3124 1039 414 3125 171 415 3126 1040 421 3127 1041 420 3128 207 420 3129 207 413 3130 226 415 3131 1040 419 3132 853 416 3133 856 418 3134 1042 418 3135 1042 421 3136 1043 419 3137 853 421 3138 1041 418 3139 1044 417 3140 208 417 3141 208 420 3142 207 421 3143 1041 423 3144 861 428 3145 935 430 3146 1045 430 3147 1045 424 3148 1046 423 3149 861 424 3150 1047 430 3151 1048 429 3152 236 429 3153 236 422 3154 876 424 3155 1047 428 3156 859 425 3157 857 427 3158 1049 427 3159 1049 430 3160 1050 428 3161 859 430 3162 1048 427 3163 1051 426 3164 237 426 3165 237 429 3166 236 430 3167 1048 432 3168 870 437 3169 937 439 3170 1052 439 3171 1052 433 3172 1053 432 3173 870 433 3174 1054 439 3175 1055 438 3176 878 438 3177 878 431 3178 874 433 3179 1054 437 3180 865 434 3181 862 436 3182 1056 436 3183 1056 439 3184 1057 437 3185 865 439 3186 1055 436 3187 1058 435 3188 877 435 3189 877 438 3190 878 439 3191 1055 513 3192 905 518 3193 904 520 3194 1059 520 3195 1059 514 3196 1060 513 3197 905 514 3198 1061 520 3199 1062 519 3200 956 519 3201 956 512 3202 286 514 3203 1061 518 3204 277 515 3205 276 517 3206 1063 517 3207 1063 520 3208 1064 518 3209 277 520 3210 1062 517 3211 1065 516 3212 264 516 3213 264 519 3214 956 520 3215 1062 522 3216 909 527 3217 912 529 3218 1066 529 3219 1066 523 3220 1067 522 3221 909 523 3222 1068 529 3223 1069 528 3224 279 528 3225 279 521 3226 247 523 3227 1068 527 3228 322 524 3229 325 526 3230 1070 526 3231 1070 529 3232 1071 527 3233 322 529 3234 1069 526 3235 1072 525 3236 285 525 3237 285 528 3238 279 529 3239 1069 531 3240 916 536 3241 915 538 3242 1073 538 3243 1073 532 3244 1074 531 3245 916 532 3246 1075 538 3247 1076 537 3248 913 537 3249 913 530 3250 259 532 3251 1075 536 3252 320 533 3253 319 535 3254 1077 535 3255 1077 538 3256 1078 536 3257 320 538 3258 1076 535 3259 1079 534 3260 246 534 3261 246 537 3262 913 538 3263 1076 540 3264 908 545 3265 920 547 3266 1080 547 3267 1080 541 3268 1081 540 3269 908 541 3270 1082 547 3271 1083 546 3272 918 546 3273 918 539 3274 265 541 3275 1082 545 3276 969 542 3277 972 544 3278 1084 544 3279 1084 547 3280 1085 545 3281 969 547 3282 1083 544 3283 1086 543 3284 258 543 3285 258 546 3286 918 547 3287 1083 549 3288 971 554 3289 970 556 3290 1087 556 3291 1087 550 3292 1088 549 3293 971 550 3294 1089 556 3295 1090 555 3296 312 555 3297 312 548 3298 921 550 3299 1089 554 3300 919 551 3301 907 553 3302 1091 553 3303 1091 556 3304 1092 554 3305 919 556 3306 1090 553 3307 1093 552 3308 313 552 3309 313 555 3310 312 556 3311 1090 558 3312 275 563 3313 278 565 3314 1094 565 3315 1094 559 3316 1095 558 3317 275 559 3318 1096 565 3319 1097 564 3320 316 564 3321 316 557 3322 315 559 3323 1096 563 3324 903 560 3325 906 562 3326 1098 562 3327 1098 565 3328 1099 563 3329 903 565 3330 1097 562 3331 1100 561 3332 923 561 3333 923 564 3334 316 565 3335 1097 567 3336 324 572 3337 323 574 3338 1101 574 3339 1101 568 3340 1102 567 3341 324 568 3342 1103 574 3343 1104 573 3344 330 573 3345 330 566 3346 329 568 3347 1103 572 3348 911 569 3349 910 571 3350 1105 571 3351 1105 574 3352 1106 572 3353 911 574 3354 1104 571 3355 1107 570 3356 924 570 3357 924 573 3358 330 574 3359 1104 576 3360 318 581 3361 321 583 3362 1108 583 3363 1108 577 3364 1109 576 3365 318 577 3366 1110 583 3367 1111 582 3368 327 582 3369 327 575 3370 326 577 3371 1110 581 3372 914 578 3373 917 580 3374 1112 580 3375 1112 583 3376 1113 581 3377 914 583 3378 1111 580 3379 1114 579 3380 922 579 3381 922 582 3382 327 583 3383 1111 443 3384 186 446 3385 185 448 3386 1115 448 3387 1115 445 3388 1116 443 3389 186 445 3390 1117 448 3391 1118 447 3392 1001 447 3393 1001 444 3394 162 445 3395 1117 446 3396 185 440 3397 184 442 3398 1119 442 3399 1119 448 3400 1115 446 3401 185 448 3402 1120 442 3403 1121 441 3404 881 441 3405 881 447 3406 880 448 3407 1120 473 3408 182 467 3409 181 469 3410 1122 469 3411 1122 475 3412 1123 473 3413 182 475 3414 1124 469 3415 1125 468 3416 167 468 3417 167 474 3418 170 475 3419 1124 470 3420 183 473 3421 182 475 3422 1123 475 3423 1123 472 3424 1126 470 3425 183 472 3426 1127 475 3427 1128 474 3428 942 474 3429 942 471 3430 941 472 3431 1127 461 3432 180 464 3433 179 466 3434 1129 466 3435 1129 463 3436 1130 461 3437 180 463 3438 1131 466 3439 1132 465 3440 950 465 3441 950 462 3442 949 463 3443 1131 464 3444 179 458 3445 178 460 3446 1133 460 3447 1133 466 3448 1129 464 3449 179 466 3450 1134 460 3451 1135 459 3452 165 459 3453 165 465 3454 164 466 3455 1134 455 3456 176 449 3457 175 451 3458 1136 451 3459 1136 457 3460 1137 455 3461 176 457 3462 1138 451 3463 1139 450 3464 161 450 3465 161 456 3466 939 457 3467 1138 452 3468 177 455 3469 176 457 3470 1137 457 3471 1137 454 3472 1140 452 3473 177 454 3474 1141 457 3475 1142 456 3476 952 456 3477 952 453 3478 955 454 3479 1141 506 3480 203 509 3481 202 511 3482 1143 511 3483 1143 508 3484 1144 506 3485 203 508 3486 1145 511 3487 1146 510 3488 959 510 3489 959 507 3490 958 508 3491 1145 509 3492 202 503 3493 201 505 3494 1147 505 3495 1147 511 3496 1143 509 3497 202 511 3498 1148 505 3499 1149 504 3500 962 504 3501 962 510 3502 968 511 3503 1148 482 3504 199 476 3505 198 478 3506 1150 478 3507 1150 484 3508 1151 482 3509 199 484 3510 1152 478 3511 1153 477 3512 944 477 3513 944 483 3514 947 484 3515 1152 479 3516 200 482 3517 199 484 3518 1151 484 3519 1151 481 3520 1154 479 3521 200 481 3522 1155 484 3523 1156 483 3524 210 483 3525 210 480 3526 213 481 3527 1155 491 3528 196 485 3529 195 487 3530 1157 487 3531 1157 493 3532 1158 491 3533 196 493 3534 1159 487 3535 1160 486 3536 232 486 3537 232 492 3538 235 493 3539 1159 488 3540 197 491 3541 196 493 3542 1158 493 3543 1158 490 3544 1161 488 3545 197 490 3546 1162 493 3547 1163 492 3548 143 492 3549 143 489 3550 146 490 3551 1162 497 3552 206 500 3553 205 502 3554 1164 502 3555 1164 499 3556 1165 497 3557 206 499 3558 1166 502 3559 1167 501 3560 193 501 3561 193 498 3562 192 499 3563 1166 500 3564 205 494 3565 204 496 3566 1168 496 3567 1168 502 3568 1164 500 3569 205 502 3570 1169 496 3571 1170 495 3572 965 495 3573 965 501 3574 964 502 3575 1169 587 3576 219 590 3577 218 592 3578 1171 592 3579 1171 589 3580 1172 587 3581 219 589 3582 1173 592 3583 1174 591 3584 269 591 3585 269 588 3586 268 589 3587 1173 590 3588 218 584 3589 217 586 3590 1175 586 3591 1175 592 3592 1171 590 3593 218 592 3594 1176 586 3595 1177 585 3596 927 585 3597 927 591 3598 926 592 3599 1176 617 3600 221 611 3601 220 613 3602 1178 613 3603 1178 619 3604 1179 617 3605 221 619 3606 1180 613 3607 1181 612 3608 974 612 3609 974 618 3610 984 619 3611 1180 614 3612 222 617 3613 221 619 3614 1179 619 3615 1179 616 3616 1182 614 3617 222 616 3618 1183 619 3619 1184 618 3620 975 618 3621 975 615 3622 978 616 3623 1183 605 3624 225 608 3625 224 610 3626 1185 610 3627 1185 607 3628 1186 605 3629 225 607 3630 1187 610 3631 1188 609 3632 241 609 3633 241 606 3634 240 607 3635 1187 608 3636 224 602 3637 223 604 3638 1189 604 3639 1189 610 3640 1185 608 3641 224 610 3642 1190 604 3643 1191 603 3644 986 603 3645 986 609 3646 988 610 3647 1190 599 3648 215 593 3649 214 595 3650 1192 595 3651 1192 601 3652 1193 599 3653 215 601 3654 1194 595 3655 1195 594 3656 280 594 3657 280 600 3658 283 601 3659 1194 596 3660 216 599 3661 215 601 3662 1193 601 3663 1193 598 3664 1196 596 3665 216 598 3666 1197 601 3667 1198 600 3668 271 600 3669 271 597 3670 274 598 3671 1197 650 3672 304 653 3673 303 655 3674 1199 655 3675 1199 652 3676 1200 650 3677 304 652 3678 1201 655 3679 1202 654 3680 991 654 3681 991 651 3682 990 652 3683 1201 653 3684 303 647 3685 302 649 3686 1203 649 3687 1203 655 3688 1199 653 3689 303 655 3690 1204 649 3691 1205 648 3692 290 648 3693 290 654 3694 289 655 3695 1204 626 3696 306 620 3697 305 622 3698 1206 622 3699 1206 628 3700 1207 626 3701 306 628 3702 1208 622 3703 1209 621 3704 979 621 3705 979 627 3706 982 628 3707 1208 623 3708 307 626 3709 306 628 3710 1207 628 3711 1207 625 3712 1210 623 3713 307 625 3714 1211 628 3715 1212 627 3716 308 627 3717 308 624 3718 311 625 3719 1211 635 3720 297 629 3721 296 631 3722 1213 631 3723 1213 637 3724 1214 635 3725 297 637 3726 1215 631 3727 1216 630 3728 292 630 3729 292 636 3730 295 637 3731 1215 632 3732 298 635 3733 297 637 3734 1214 637 3735 1214 634 3736 1217 632 3737 298 634 3738 1218 637 3739 1219 636 3740 993 636 3741 993 633 3742 996 634 3743 1218 641 3744 301 644 3745 300 646 3746 1220 646 3747 1220 643 3748 1221 641 3749 301 643 3750 1222 646 3751 1223 645 3752 999 645 3753 999 642 3754 997 643 3755 1222 644 3756 300 638 3757 299 640 3758 1224 640 3759 1224 646 3760 1220 644 3761 300 646 3762 1225 640 3763 1226 639 3764 253 639 3765 253 645 3766 252 646 3767 1225 449 3768 175 443 3769 186 445 3770 1116 445 3771 1116 451 3772 1136 449 3773 175 451 3774 1139 445 3775 1117 444 3776 162 444 3777 162 450 3778 161 451 3779 1139 371 3780 172 378 3781 858 379 3782 1011 379 3783 1011 373 3784 1007 371 3785 172 372 3786 189 373 3787 1009 379 3788 1012 379 3789 1012 377 3790 190 372 3791 189 458 3792 178 452 3793 177 454 3794 1140 454 3795 1140 460 3796 1133 458 3797 178 460 3798 1135 454 3799 1141 453 3800 955 453 3801 955 459 3802 165 460 3803 1135 382 3804 1014 380 3805 864 387 3806 863 387 3807 863 388 3808 1018 382 3809 1014 381 3810 142 382 3811 1016 388 3812 1019 388 3813 1019 386 3814 134 381 3815 142 467 3816 181 461 3817 180 463 3818 1130 463 3819 1130 469 3820 1122 467 3821 181 469 3822 1125 463 3823 1131 462 3824 949 462 3825 949 468 3826 167 469 3827 1125 389 3828 869 396 3829 868 397 3830 1025 397 3831 1025 391 3832 1021 389 3833 869 390 3834 150 391 3835 1023 397 3836 1026 397 3837 1026 395 3838 151 390 3839 150 398 3840 930 369 3841 855 370 3842 1004 370 3843 1004 400 3844 1028 398 3845 930 400 3846 1030 370 3847 1005 368 3848 157 368 3849 157 399 3850 156 400 3851 1030 440 3852 184 470 3853 183 472 3854 1126 472 3855 1126 442 3856 1119 440 3857 184 442 3858 1121 472 3859 1127 471 3860 941 471 3861 941 441 3862 881 442 3863 1121 485 3864 195 497 3865 206 499 3866 1165 499 3867 1165 487 3868 1157 485 3869 195 487 3870 1160 499 3871 1166 498 3872 192 498 3873 192 486 3874 232 487 3875 1160 436 3876 1056 434 3877 862 423 3878 861 423 3879 861 424 3880 1046 436 3881 1056 435 3882 877 436 3883 1058 424 3884 1047 424 3885 1047 422 3886 876 435 3887 877 425 3888 857 414 3889 171 415 3890 1039 415 3891 1039 427 3892 1049 425 3893 857 426 3894 237 427 3895 1051 415 3896 1040 415 3897 1040 413 3898 226 426 3899 237 494 3900 204 506 3901 203 508 3902 1144 508 3903 1144 496 3904 1168 494 3905 204 496 3906 1170 508 3907 1145 507 3908 958 507 3909 958 495 3910 965 496 3911 1170 503 3912 201 479 3913 200 481 3914 1154 481 3915 1154 505 3916 1147 503 3917 201 505 3918 1149 481 3919 1155 480 3920 213 480 3921 213 504 3922 962 505 3923 1149 407 3924 867 432 3925 870 433 3926 1053 433 3927 1053 409 3928 1035 407 3929 867 408 3930 228 409 3931 1037 433 3932 1054 433 3933 1054 431 3934 874 408 3935 228 476 3936 198 488 3937 197 490 3938 1161 490 3939 1161 478 3940 1150 476 3941 198 478 3942 1153 490 3943 1162 489 3944 146 489 3945 146 477 3946 944 478 3947 1153 416 3948 856 405 3949 931 406 3950 1032 406 3951 1032 418 3952 1042 416 3953 856 418 3954 1044 406 3955 1033 404 3956 873 404 3957 873 417 3958 208 418 3959 1044 584 3960 217 596 3961 216 598 3962 1196 598 3963 1196 586 3964 1175 584 3965 217 586 3966 1177 598 3967 1197 597 3968 274 597 3969 274 585 3970 927 586 3971 1177 535 3972 1077 533 3973 319 522 3974 909 522 3975 909 523 3976 1067 535 3977 1077 534 3978 246 535 3979 1079 523 3980 1068 523 3981 1068 521 3982 247 534 3983 246 524 3984 325 513 3985 905 514 3986 1060 514 3987 1060 526 3988 1070 524 3989 325 525 3990 285 526 3991 1072 514 3992 1061 514 3993 1061 512 3994 286 525 3995 285 593 3996 214 605 3997 225 607 3998 1186 607 3999 1186 595 4000 1192 593 4001 214 595 4002 1195 607 4003 1187 606 4004 240 606 4005 240 594 4006 280 595 4007 1195 602 4008 223 614 4009 222 616 4010 1182 616 4011 1182 604 4012 1189 602 4013 223 604 4014 1191 616 4015 1183 615 4016 978 615 4017 978 603 4018 986 604 4019 1191 542 4020 972 531 4021 916 532 4022 1074 532 4023 1074 544 4024 1084 542 4025 972 543 4026 258 544 4027 1086 532 4028 1075 532 4029 1075 530 4030 259 543 4031 258 515 4032 276 540 4033 908 541 4034 1081 541 4035 1081 517 4036 1063 515 4037 276 517 4038 1065 541 4039 1082 539 4040 265 539 4041 265 516 4042 264 517 4043 1065 611 4044 220 587 4045 219 589 4046 1172 589 4047 1172 613 4048 1178 611 4049 220 613 4050 1181 589 4051 1173 588 4052 268 588 4053 268 612 4054 974 613 4055 1181 638 4056 299 632 4057 298 634 4058 1217 634 4059 1217 640 4060 1224 638 4061 299 640 4062 1226 634 4063 1218 633 4064 996 633 4065 996 639 4066 253 640 4067 1226 560 4068 906 567 4069 324 568 4070 1102 568 4071 1102 562 4072 1098 560 4073 906 561 4074 923 562 4075 1100 568 4076 1103 568 4077 1103 566 4078 329 561 4079 923 647 4080 302 641 4081 301 643 4082 1221 643 4083 1221 649 4084 1203 647 4085 302 649 4086 1205 643 4087 1222 642 4088 997 642 4089 997 648 4090 290 649 4091 1205 571 4092 1105 569 4093 910 576 4094 318 576 4095 318 577 4096 1109 571 4097 1105 570 4098 924 571 4099 1107 577 4100 1110 577 4101 1110 575 4102 326 570 4103 924 620 4104 305 650 4105 304 652 4106 1200 652 4107 1200 622 4108 1206 620 4109 305 622 4110 1209 652 4111 1201 651 4112 990 651 4113 990 621 4114 979 622 4115 1209 578 4116 917 549 4117 971 550 4118 1088 550 4119 1088 580 4120 1112 578 4121 917 579 4122 922 580 4123 1114 550 4124 1089 550 4125 1089 548 4126 921 579 4127 922 629 4128 296 623 4129 307 625 4130 1210 625 4131 1210 631 4132 1213 629 4133 296 631 4134 1216 625 4135 1211 624 4136 311 624 4137 311 630 4138 292 631 4139 1216 551 4140 907 558 4141 275 559 4142 1095 559 4143 1095 553 4144 1091 551 4145 907 553 4146 1093 559 4147 1096 557 4148 315 557 4149 315 552 4150 313 553 4151 1093 368 4152 157 375 4153 929 320 4154 158 656 4155 1227 659 4156 1228 660 4157 1229 660 4158 1229 662 4159 1230 656 4160 1227 657 4161 427 661 4162 1231 660 4163 1232 660 4164 1232 659 4165 1233 657 4166 427 658 4167 436 662 4168 1234 660 4169 1235 660 4170 1235 661 4171 1236 658 4172 436 663 4173 426 666 4174 1237 667 4175 1238 667 4176 1238 669 4177 1239 663 4178 426 664 4179 434 668 4180 1240 667 4181 1241 667 4182 1241 666 4183 1242 664 4184 434 665 4185 437 669 4186 1243 667 4187 1244 667 4188 1244 668 4189 1245 665 4190 437 670 4191 1246 673 4192 1247 674 4193 1248 674 4194 1248 676 4195 1249 670 4196 1246 671 4197 439 675 4198 1250 674 4199 1251 674 4200 1251 673 4201 1252 671 4202 439 672 4203 440 676 4204 1253 674 4205 1254 674 4206 1254 675 4207 1255 672 4208 440 677 4209 433 680 4210 1256 681 4211 1257 681 4212 1257 683 4213 1258 677 4214 433 678 4215 441 682 4216 1259 681 4217 1260 681 4218 1260 680 4219 1261 678 4220 441 679 4221 438 683 4222 1262 681 4223 1263 681 4224 1263 682 4225 1264 679 4226 438 684 4227 1265 687 4228 1266 688 4229 1267 688 4230 1267 690 4231 1268 684 4232 1265 685 4233 431 689 4234 1269 688 4235 1270 688 4236 1270 687 4237 1271 685 4238 431 686 4239 424 690 4240 1272 688 4241 1273 688 4242 1273 689 4243 1274 686 4244 424 691 4245 435 694 4246 1275 695 4247 1276 695 4248 1276 697 4249 1277 691 4250 435 692 4251 425 696 4252 1278 695 4253 1279 695 4254 1279 694 4255 1280 692 4256 425 693 4257 430 697 4258 1281 695 4259 1282 695 4260 1282 696 4261 1283 693 4262 430 698 4263 1284 701 4264 1285 702 4265 1286 702 4266 1286 704 4267 1287 698 4268 1284 699 4269 443 703 4270 1288 702 4271 1289 702 4272 1289 701 4273 1290 699 4274 443 700 4275 428 704 4276 1291 702 4277 1292 702 4278 1292 703 4279 1293 700 4280 428 705 4281 432 708 4282 1294 709 4283 1295 709 4284 1295 711 4285 1296 705 4286 432 706 4287 429 710 4288 1297 709 4289 1298 709 4290 1298 708 4291 1299 706 4292 429 707 4293 442 711 4294 1300 709 4295 1301 709 4296 1301 710 4297 1302 707 4298 442 673 4299 1247 670 4300 1246 656 4301 1227 656 4302 1227 662 4303 1230 673 4304 1247 671 4305 439 673 4306 1252 662 4307 1234 662 4308 1234 658 4309 436 671 4310 439 661 4311 1231 657 4312 427 663 4313 426 663 4314 426 669 4315 1239 661 4316 1231 658 4317 436 661 4318 1236 669 4319 1243 669 4320 1243 665 4321 437 658 4322 436 668 4323 1240 664 4324 434 677 4325 433 677 4326 433 683 4327 1258 668 4328 1240 665 4329 437 668 4330 1245 683 4331 1262 683 4332 1262 679 4333 438 665 4334 437 682 4335 1259 678 4336 441 672 4337 440 672 4338 440 675 4339 1255 682 4340 1259 679 4341 438 682 4342 1264 675 4343 1250 675 4344 1250 671 4345 439 679 4346 438 701 4347 1285 698 4348 1284 670 4349 1246 670 4350 1246 676 4351 1249 701 4352 1285 699 4353 443 701 4354 1290 676 4355 1253 676 4356 1253 672 4357 440 699 4358 443 680 4359 1256 677 4360 433 705 4361 432 705 4362 432 711 4363 1296 680 4364 1256 678 4365 441 680 4366 1261 711 4367 1300 711 4368 1300 707 4369 442 678 4370 441 710 4371 1297 706 4372 429 700 4373 428 700 4374 428 703 4375 1293 710 4376 1297 707 4377 442 710 4378 1302 703 4379 1288 703 4380 1288 699 4381 443 707 4382 442 687 4383 1266 684 4384 1265 698 4385 1284 698 4386 1284 704 4387 1287 687 4388 1266 685 4389 431 687 4390 1271 704 4391 1291 704 4392 1291 700 4393 428 685 4394 431 708 4395 1294 705 4396 432 691 4397 435 691 4398 435 697 4399 1277 708 4400 1294 706 4401 429 708 4402 1299 697 4403 1281 697 4404 1281 693 4405 430 706 4406 429 696 4407 1278 692 4408 425 686 4409 424 686 4410 424 689 4411 1274 696 4412 1278 693 4413 430 696 4414 1283 689 4415 1269 689 4416 1269 685 4417 431 693 4418 430 659 4419 1228 656 4420 1227 684 4421 1265 684 4422 1265 690 4423 1268 659 4424 1228 657 4425 427 659 4426 1233 690 4427 1272 690 4428 1272 686 4429 424 657 4430 427 694 4431 1275 691 4432 435 664 4433 434 664 4434 434 666 4435 1242 694 4436 1275 692 4437 425 694 4438 1280 666 4439 1237 666 4440 1237 663 4441 426 692 4442 425 656 4443 1227 670 4444 1246 698 4445 1284 698 4446 1284 684 4447 1265 656 4448 1227 712 4449 1303 715 4450 1304 716 4451 1305 716 4452 1305 718 4453 1306 712 4454 1303 713 4455 478 717 4456 1307 716 4457 1308 716 4458 1308 715 4459 1309 713 4460 478 714 4461 491 718 4462 1310 716 4463 1311 716 4464 1311 717 4465 1312 714 4466 491 719 4467 477 722 4468 1313 723 4469 1314 723 4470 1314 725 4471 1315 719 4472 477 720 4473 489 724 4474 1316 723 4475 1317 723 4476 1317 722 4477 1318 720 4478 489 721 4479 492 725 4480 1319 723 4481 1320 723 4482 1320 724 4483 1321 721 4484 492 726 4485 1322 729 4486 1323 730 4487 1324 730 4488 1324 732 4489 1325 726 4490 1322 727 4491 494 731 4492 1326 730 4493 1327 730 4494 1327 729 4495 1328 727 4496 494 728 4497 495 732 4498 1329 730 4499 1330 730 4500 1330 731 4501 1331 728 4502 495 733 4503 488 736 4504 1332 737 4505 1333 737 4506 1333 739 4507 1334 733 4508 488 734 4509 496 738 4510 1335 737 4511 1336 737 4512 1336 736 4513 1337 734 4514 496 735 4515 493 739 4516 1338 737 4517 1339 737 4518 1339 738 4519 1340 735 4520 493 740 4521 1341 743 4522 1342 744 4523 1343 744 4524 1343 746 4525 1344 740 4526 1341 741 4527 482 745 4528 1345 744 4529 1346 744 4530 1346 743 4531 1347 741 4532 482 742 4533 475 746 4534 1348 744 4535 1349 744 4536 1349 745 4537 1350 742 4538 475 747 4539 490 750 4540 1351 751 4541 1352 751 4542 1352 753 4543 1353 747 4544 490 748 4545 476 752 4546 1354 751 4547 1355 751 4548 1355 750 4549 1356 748 4550 476 749 4551 481 753 4552 1357 751 4553 1358 751 4554 1358 752 4555 1359 749 4556 481 754 4557 1360 757 4558 1361 758 4559 1362 758 4560 1362 760 4561 1363 754 4562 1360 755 4563 498 759 4564 1364 758 4565 1365 758 4566 1365 757 4567 1366 755 4568 498 756 4569 479 760 4570 1367 758 4571 1368 758 4572 1368 759 4573 1369 756 4574 479 761 4575 487 764 4576 1370 765 4577 1371 765 4578 1371 767 4579 1372 761 4580 487 762 4581 480 766 4582 1373 765 4583 1374 765 4584 1374 764 4585 1375 762 4586 480 763 4587 497 767 4588 1376 765 4589 1377 765 4590 1377 766 4591 1378 763 4592 497 768 4593 484 771 4594 1379 772 4595 1380 772 4596 1380 774 4597 1381 768 4598 484 769 4599 511 773 4600 1382 772 4601 1383 772 4602 1383 771 4603 1384 769 4604 511 770 4605 500 774 4606 1385 772 4607 1386 772 4608 1386 773 4609 1387 770 4610 500 775 4611 501 778 4612 1388 779 4613 1389 779 4614 1389 781 4615 1390 775 4616 501 776 4617 514 780 4618 1391 779 4619 1392 779 4620 1392 778 4621 1393 776 4622 514 777 4623 509 781 4624 1394 779 4625 1395 779 4626 1395 780 4627 1396 777 4628 509 782 4629 483 785 4630 1397 786 4631 1398 786 4632 1398 788 4633 1399 782 4634 483 783 4635 515 787 4636 1400 786 4637 1401 786 4638 1401 785 4639 1402 783 4640 515 784 4641 512 788 4642 1403 786 4643 1404 786 4644 1404 787 4645 1405 784 4646 512 789 4647 510 792 4648 1406 793 4649 1407 793 4650 1407 795 4651 1408 789 4652 510 790 4653 513 794 4654 1409 793 4655 1410 793 4656 1410 792 4657 1411 790 4658 513 791 4659 518 795 4660 1412 793 4661 1413 793 4662 1413 794 4663 1414 791 4664 518 796 4665 485 799 4666 1415 800 4667 1416 800 4668 1416 802 4669 1417 796 4670 485 797 4671 499 801 4672 1418 800 4673 1419 800 4674 1419 799 4675 1420 797 4676 499 798 4677 504 802 4678 1421 800 4679 1422 800 4680 1422 801 4681 1423 798 4682 504 803 4683 508 806 4684 1424 807 4685 1425 807 4686 1425 809 4687 1426 803 4688 508 804 4689 505 808 4690 1427 807 4691 1428 807 4692 1428 806 4693 1429 804 4694 505 805 4695 502 809 4696 1430 807 4697 1431 807 4698 1431 808 4699 1432 805 4700 502 810 4701 486 813 4702 1433 814 4703 1434 814 4704 1434 816 4705 1435 810 4706 486 811 4707 503 815 4708 1436 814 4709 1437 814 4710 1437 813 4711 1438 811 4712 503 812 4713 516 816 4714 1439 814 4715 1440 814 4716 1440 815 4717 1441 812 4718 516 817 4719 507 820 4720 1442 821 4721 1443 821 4722 1443 823 4723 1444 817 4724 507 818 4725 517 822 4726 1445 821 4727 1446 821 4728 1446 820 4729 1447 818 4730 517 819 4731 506 823 4732 1448 821 4733 1449 821 4734 1449 822 4735 1450 819 4736 506 729 4737 1323 726 4738 1322 712 4739 1303 712 4740 1303 718 4741 1306 729 4742 1323 727 4743 494 729 4744 1328 718 4745 1310 718 4746 1310 714 4747 491 727 4748 494 717 4749 1307 713 4750 478 719 4751 477 719 4752 477 725 4753 1315 717 4754 1307 714 4755 491 717 4756 1312 725 4757 1319 725 4758 1319 721 4759 492 714 4760 491 724 4761 1316 720 4762 489 733 4763 488 733 4764 488 739 4765 1334 724 4766 1316 721 4767 492 724 4768 1321 739 4769 1338 739 4770 1338 735 4771 493 721 4772 492 738 4773 1335 734 4774 496 728 4775 495 728 4776 495 731 4777 1331 738 4778 1335 735 4779 493 738 4780 1340 731 4781 1326 731 4782 1326 727 4783 494 735 4784 493 757 4785 1361 754 4786 1360 726 4787 1322 726 4788 1322 732 4789 1325 757 4790 1361 755 4791 498 757 4792 1366 732 4793 1329 732 4794 1329 728 4795 495 755 4796 498 736 4797 1332 733 4798 488 761 4799 487 761 4800 487 767 4801 1372 736 4802 1332 734 4803 496 736 4804 1337 767 4805 1376 767 4806 1376 763 4807 497 734 4808 496 766 4809 1373 762 4810 480 756 4811 479 756 4812 479 759 4813 1369 766 4814 1373 763 4815 497 766 4816 1378 759 4817 1364 759 4818 1364 755 4819 498 763 4820 497 743 4821 1342 740 4822 1341 754 4823 1360 754 4824 1360 760 4825 1363 743 4826 1342 741 4827 482 743 4828 1347 760 4829 1367 760 4830 1367 756 4831 479 741 4832 482 764 4833 1370 761 4834 487 747 4835 490 747 4836 490 753 4837 1353 764 4838 1370 762 4839 480 764 4840 1375 753 4841 1357 753 4842 1357 749 4843 481 762 4844 480 752 4845 1354 748 4846 476 742 4847 475 742 4848 475 745 4849 1350 752 4850 1354 749 4851 481 752 4852 1359 745 4853 1345 745 4854 1345 741 4855 482 749 4856 481 715 4857 1304 712 4858 1303 740 4859 1341 740 4860 1341 746 4861 1344 715 4862 1304 713 4863 478 715 4864 1309 746 4865 1348 746 4866 1348 742 4867 475 713 4868 478 750 4869 1351 747 4870 490 720 4871 489 720 4872 489 722 4873 1318 750 4874 1351 748 4875 476 750 4876 1356 722 4877 1313 722 4878 1313 719 4879 477 748 4880 476 788 4881 1403 784 4882 512 769 4883 511 769 4884 511 771 4885 1384 788 4886 1403 782 4887 483 788 4888 1399 771 4889 1379 771 4890 1379 768 4891 484 782 4892 483 773 4893 1382 769 4894 511 776 4895 514 776 4896 514 778 4897 1393 773 4898 1382 770 4899 500 773 4900 1387 778 4901 1388 778 4902 1388 775 4903 501 770 4904 500 780 4905 1391 776 4906 514 790 4907 513 790 4908 513 792 4909 1411 780 4910 1391 777 4911 509 780 4912 1396 792 4913 1406 792 4914 1406 789 4915 510 777 4916 509 794 4917 1409 790 4918 513 784 4919 512 784 4920 512 787 4921 1405 794 4922 1409 791 4923 518 794 4924 1414 787 4925 1400 787 4926 1400 783 4927 515 791 4928 518 816 4929 1439 812 4930 516 783 4931 515 783 4932 515 785 4933 1402 816 4934 1439 810 4935 486 816 4936 1435 785 4937 1397 785 4938 1397 782 4939 483 810 4940 486 795 4941 1412 791 4942 518 818 4943 517 818 4944 517 820 4945 1447 795 4946 1412 789 4947 510 795 4948 1408 820 4949 1442 820 4950 1442 817 4951 507 789 4952 510 822 4953 1445 818 4954 517 812 4955 516 812 4956 516 815 4957 1441 822 4958 1445 819 4959 506 822 4960 1450 815 4961 1436 815 4962 1436 811 4963 503 819 4964 506 802 4965 1421 798 4966 504 811 4967 503 811 4968 503 813 4969 1438 802 4970 1421 796 4971 485 802 4972 1417 813 4973 1433 813 4974 1433 810 4975 486 796 4976 485 823 4977 1448 819 4978 506 804 4979 505 804 4980 505 806 4981 1429 823 4982 1448 817 4983 507 823 4984 1444 806 4985 1424 806 4986 1424 803 4987 508 817 4988 507 808 4989 1427 804 4990 505 798 4991 504 798 4992 504 801 4993 1423 808 4994 1427 805 4995 502 808 4996 1432 801 4997 1418 801 4998 1418 797 4999 499 805 5000 502 774 5001 1385 770 5002 500 797 5003 499 797 5004 499 799 5005 1420 774 5006 1385 768 5007 484 774 5008 1381 799 5009 1415 799 5010 1415 796 5011 485 768 5012 484 809 5013 1430 805 5014 502 775 5015 501 775 5016 501 781 5017 1390 809 5018 1430 803 5019 508 809 5020 1426 781 5021 1394 781 5022 1394 777 5023 509 803 5024 508 712 5025 1303 726 5026 1322 754 5027 1360 754 5028 1360 740 5029 1341 712 5030 1303 824 5031 452 827 5032 1451 828 5033 1452 828 5034 1452 830 5035 1453 824 5036 452 825 5037 458 829 5038 1454 828 5039 1455 828 5040 1455 827 5041 1456 825 5042 458 826 5043 1457 830 5044 1458 828 5045 1459 828 5046 1459 829 5047 1460 826 5048 1457 834 5049 451 837 5050 1461 838 5051 1462 838 5052 1462 840 5053 1463 834 5054 451 835 5055 467 839 5056 1464 838 5057 1465 838 5058 1465 837 5059 1466 835 5060 467 836 5061 455 840 5062 1467 838 5063 1468 838 5064 1468 839 5065 1469 836 5066 455 841 5067 474 844 5068 1470 845 5069 1471 845 5070 1471 847 5071 1472 841 5072 474 842 5073 456 846 5074 1473 845 5075 1474 845 5076 1474 844 5077 1475 842 5078 456 843 5079 444 847 5080 1476 845 5081 1477 845 5082 1477 846 5083 1478 843 5084 444 851 5085 473 854 5086 1479 855 5087 1480 855 5088 1480 857 5089 1481 851 5090 473 852 5091 469 856 5092 1482 855 5093 1483 855 5094 1483 854 5095 1484 852 5096 469 853 5097 457 857 5098 1485 855 5099 1486 855 5100 1486 856 5101 1487 853 5102 457 858 5103 461 861 5104 1488 862 5105 1489 862 5106 1489 864 5107 1490 858 5108 461 859 5109 446 863 5110 1491 862 5111 1492 862 5112 1492 861 5113 1493 859 5114 446 860 5115 454 864 5116 1494 862 5117 1495 862 5118 1495 863 5119 1496 860 5120 454 865 5121 462 868 5122 1497 869 5123 1498 869 5124 1498 871 5125 1499 865 5126 462 866 5127 453 870 5128 1500 869 5129 1501 869 5130 1501 868 5131 1502 866 5132 453 867 5133 472 871 5134 1503 869 5135 1504 869 5136 1504 870 5137 1505 867 5138 472 872 5139 447 875 5140 1506 876 5141 1507 876 5142 1507 878 5143 1508 872 5144 447 873 5145 460 877 5146 1509 876 5147 1510 876 5148 1510 875 5149 1511 873 5150 460 874 5151 463 878 5152 1512 876 5153 1513 876 5154 1513 877 5155 1514 874 5156 463 885 5157 459 888 5158 1515 889 5159 1516 889 5160 1516 891 5161 1517 885 5162 459 886 5163 471 890 5164 1518 889 5165 1519 889 5166 1519 888 5167 1520 886 5168 471 887 5169 464 891 5170 1521 889 5171 1522 889 5172 1522 890 5173 1523 887 5174 464 833 5175 1524 832 5176 449 824 5177 452 824 5178 452 830 5179 1453 833 5180 1524 831 5181 468 833 5182 1525 830 5183 1458 830 5184 1458 826 5185 1457 831 5186 468 841 5187 474 851 5188 473 857 5189 1481 857 5190 1481 844 5191 1470 841 5192 474 844 5193 1475 857 5194 1485 853 5195 457 853 5196 457 842 5197 456 844 5198 1475 850 5199 1526 837 5200 1461 834 5201 451 834 5202 451 848 5203 450 850 5204 1526 849 5205 445 835 5206 467 837 5207 1466 837 5208 1466 850 5209 1527 849 5210 445 829 5211 1454 825 5212 458 853 5213 457 853 5214 457 856 5215 1487 829 5216 1454 826 5217 1457 829 5218 1460 856 5219 1482 856 5220 1482 852 5221 469 826 5222 1457 846 5223 1473 842 5224 456 836 5225 455 836 5226 455 839 5227 1469 846 5228 1473 843 5229 444 846 5230 1478 839 5231 1464 839 5232 1464 835 5233 467 843 5234 444 824 5235 452 834 5236 451 840 5237 1463 840 5238 1463 827 5239 1451 824 5240 452 827 5241 1456 840 5242 1467 836 5243 455 836 5244 455 825 5245 458 827 5246 1456 860 5247 454 866 5248 453 868 5249 1502 868 5250 1502 864 5251 1494 860 5252 454 865 5253 462 858 5254 461 864 5255 1490 864 5256 1490 868 5257 1497 865 5258 462 870 5259 1500 866 5260 453 832 5261 449 832 5262 449 833 5263 1524 870 5264 1500 867 5265 472 870 5266 1505 833 5267 1525 833 5268 1525 831 5269 468 867 5270 472 850 5271 1526 848 5272 450 860 5273 454 860 5274 454 863 5275 1496 850 5276 1526 849 5277 445 850 5278 1527 863 5279 1491 863 5280 1491 859 5281 446 849 5282 445 878 5283 1508 881 5284 1528 879 5285 448 879 5286 448 872 5287 447 878 5288 1508 880 5289 466 881 5290 1529 878 5291 1512 878 5292 1512 874 5293 463 880 5294 466 873 5295 460 885 5296 459 891 5297 1517 891 5298 1517 877 5299 1509 873 5300 460 877 5301 1514 891 5302 1521 887 5303 464 887 5304 464 874 5305 463 877 5306 1514 890 5307 1518 886 5308 471 882 5309 470 882 5310 470 884 5311 1530 890 5312 1518 887 5313 464 890 5314 1523 884 5315 1531 884 5316 1531 883 5317 465 887 5318 464 881 5319 1529 880 5320 466 841 5321 474 841 5322 474 847 5323 1472 881 5324 1529 879 5325 448 881 5326 1528 847 5327 1476 847 5328 1476 843 5329 444 879 5330 448 861 5331 1488 858 5332 461 873 5333 460 873 5334 460 875 5335 1511 861 5336 1488 859 5337 446 861 5338 1493 875 5339 1506 875 5340 1506 872 5341 447 859 5342 446 871 5343 1503 867 5344 472 886 5345 471 886 5346 471 888 5347 1520 871 5348 1503 865 5349 462 871 5350 1499 888 5351 1515 888 5352 1515 885 5353 459 865 5354 462 884 5355 1530 882 5356 470 852 5357 469 852 5358 469 854 5359 1484 884 5360 1530 883 5361 465 884 5362 1531 854 5363 1479 854 5364 1479 851 5365 473 883 5366 465 826 5367 1457 852 5368 469 831 5369 468 892 5370 1532 895 5371 1533 896 5372 1534 896 5373 1534 898 5374 1535 892 5375 1532 893 5376 335 897 5377 1536 896 5378 1537 896 5379 1537 895 5380 1538 893 5381 335 894 5382 348 898 5383 1539 896 5384 1540 896 5385 1540 897 5386 1541 894 5387 348 899 5388 334 902 5389 1542 903 5390 1543 903 5391 1543 905 5392 1544 899 5393 334 900 5394 346 904 5395 1545 903 5396 1546 903 5397 1546 902 5398 1547 900 5399 346 901 5400 349 905 5401 1548 903 5402 1549 903 5403 1549 904 5404 1550 901 5405 349 906 5406 1551 909 5407 1552 910 5408 1553 910 5409 1553 912 5410 1554 906 5411 1551 907 5412 351 911 5413 1555 910 5414 1556 910 5415 1556 909 5416 1557 907 5417 351 908 5418 352 912 5419 1558 910 5420 1559 910 5421 1559 911 5422 1560 908 5423 352 913 5424 345 916 5425 1561 917 5426 1562 917 5427 1562 919 5428 1563 913 5429 345 914 5430 353 918 5431 1564 917 5432 1565 917 5433 1565 916 5434 1566 914 5435 353 915 5436 350 919 5437 1567 917 5438 1568 917 5439 1568 918 5440 1569 915 5441 350 920 5442 1570 923 5443 1571 924 5444 1572 924 5445 1572 926 5446 1573 920 5447 1570 921 5448 339 925 5449 1574 924 5450 1575 924 5451 1575 923 5452 1576 921 5453 339 922 5454 332 926 5455 1577 924 5456 1578 924 5457 1578 925 5458 1579 922 5459 332 927 5460 347 930 5461 1580 931 5462 1581 931 5463 1581 933 5464 1582 927 5465 347 928 5466 333 932 5467 1583 931 5468 1584 931 5469 1584 930 5470 1585 928 5471 333 929 5472 338 933 5473 1586 931 5474 1587 931 5475 1587 932 5476 1588 929 5477 338 934 5478 1589 937 5479 1590 938 5480 1591 938 5481 1591 940 5482 1592 934 5483 1589 935 5484 355 939 5485 1593 938 5486 1594 938 5487 1594 937 5488 1595 935 5489 355 936 5490 336 940 5491 1596 938 5492 1597 938 5493 1597 939 5494 1598 936 5495 336 941 5496 344 944 5497 1599 945 5498 1600 945 5499 1600 947 5500 1601 941 5501 344 942 5502 337 946 5503 1602 945 5504 1603 945 5505 1603 944 5506 1604 942 5507 337 943 5508 354 947 5509 1605 945 5510 1606 945 5511 1606 946 5512 1607 943 5513 354 948 5514 341 951 5515 1608 952 5516 1609 952 5517 1609 954 5518 1610 948 5519 341 949 5520 372 953 5521 1611 952 5522 1612 952 5523 1612 951 5524 1613 949 5525 372 950 5526 357 954 5527 1614 952 5528 1615 952 5529 1615 953 5530 1616 950 5531 357 955 5532 358 958 5533 1617 959 5534 1618 959 5535 1618 961 5536 1619 955 5537 358 956 5538 375 960 5539 1620 959 5540 1621 959 5541 1621 958 5542 1622 956 5543 375 957 5544 370 961 5545 1623 959 5546 1624 959 5547 1624 960 5548 1625 957 5549 370 962 5550 340 965 5551 1626 966 5552 1627 966 5553 1627 968 5554 1628 962 5555 340 963 5556 376 967 5557 1629 966 5558 1630 966 5559 1630 965 5560 1631 963 5561 376 964 5562 373 968 5563 1632 966 5564 1633 966 5565 1633 967 5566 1634 964 5567 373 969 5568 371 972 5569 1635 973 5570 1636 973 5571 1636 975 5572 1637 969 5573 371 970 5574 374 974 5575 1638 973 5576 1639 973 5577 1639 972 5578 1640 970 5579 374 971 5580 379 975 5581 1641 973 5582 1642 973 5583 1642 974 5584 1643 971 5585 379 976 5586 342 979 5587 1644 980 5588 1645 980 5589 1645 982 5590 1646 976 5591 342 977 5592 356 981 5593 1647 980 5594 1648 980 5595 1648 979 5596 1649 977 5597 356 978 5598 361 982 5599 1650 980 5600 1651 980 5601 1651 981 5602 1652 978 5603 361 983 5604 369 986 5605 1653 987 5606 1654 987 5607 1654 989 5608 1655 983 5609 369 984 5610 362 988 5611 1656 987 5612 1657 987 5613 1657 986 5614 1658 984 5615 362 985 5616 359 989 5617 1659 987 5618 1660 987 5619 1660 988 5620 1661 985 5621 359 990 5622 343 993 5623 1662 994 5624 1663 994 5625 1663 996 5626 1664 990 5627 343 991 5628 360 995 5629 1665 994 5630 1666 994 5631 1666 993 5632 1667 991 5633 360 992 5634 377 996 5635 1668 994 5636 1669 994 5637 1669 995 5638 1670 992 5639 377 997 5640 368 1000 5641 1671 1001 5642 1672 1001 5643 1672 1003 5644 1673 997 5645 368 998 5646 378 1002 5647 1674 1001 5648 1675 1001 5649 1675 1000 5650 1676 998 5651 378 999 5652 363 1003 5653 1677 1001 5654 1678 1001 5655 1678 1002 5656 1679 999 5657 363 1004 5658 365 1007 5659 1680 1008 5660 1681 1008 5661 1681 1010 5662 1682 1004 5663 365 1005 5664 396 1009 5665 1683 1008 5666 1684 1008 5667 1684 1007 5668 1685 1005 5669 396 1006 5670 381 1010 5671 1686 1008 5672 1687 1008 5673 1687 1009 5674 1688 1006 5675 381 1011 5676 382 1014 5677 1689 1015 5678 1690 1015 5679 1690 1017 5680 1691 1011 5681 382 1012 5682 399 1016 5683 1692 1015 5684 1693 1015 5685 1693 1014 5686 1694 1012 5687 399 1013 5688 394 1017 5689 1695 1015 5690 1696 1015 5691 1696 1016 5692 1697 1013 5693 394 1018 5694 364 1021 5695 1698 1022 5696 1699 1022 5697 1699 1024 5698 1700 1018 5699 364 1019 5700 400 1023 5701 1701 1022 5702 1702 1022 5703 1702 1021 5704 1703 1019 5705 400 1020 5706 397 1024 5707 1704 1022 5708 1705 1022 5709 1705 1023 5710 1706 1020 5711 397 1025 5712 395 1028 5713 1707 1029 5714 1708 1029 5715 1708 1031 5716 1709 1025 5717 395 1026 5718 398 1030 5719 1710 1029 5720 1711 1029 5721 1711 1028 5722 1712 1026 5723 398 1027 5724 403 1031 5725 1713 1029 5726 1714 1029 5727 1714 1030 5728 1715 1027 5729 403 1032 5730 366 1035 5731 1716 1036 5732 1717 1036 5733 1717 1038 5734 1718 1032 5735 366 1033 5736 380 1037 5737 1719 1036 5738 1720 1036 5739 1720 1035 5740 1721 1033 5741 380 1034 5742 385 1038 5743 1722 1036 5744 1723 1036 5745 1723 1037 5746 1724 1034 5747 385 1039 5748 393 1042 5749 1725 1043 5750 1726 1043 5751 1726 1045 5752 1727 1039 5753 393 1040 5754 386 1044 5755 1728 1043 5756 1729 1043 5757 1729 1042 5758 1730 1040 5759 386 1041 5760 383 1045 5761 1731 1043 5762 1732 1043 5763 1732 1044 5764 1733 1041 5765 383 1046 5766 367 1049 5767 1734 1050 5768 1735 1050 5769 1735 1052 5770 1736 1046 5771 367 1047 5772 384 1051 5773 1737 1050 5774 1738 1050 5775 1738 1049 5776 1739 1047 5777 384 1048 5778 401 1052 5779 1740 1050 5780 1741 1050 5781 1741 1051 5782 1742 1048 5783 401 1053 5784 392 1056 5785 1743 1057 5786 1744 1057 5787 1744 1059 5788 1745 1053 5789 392 1054 5790 402 1058 5791 1746 1057 5792 1747 1057 5793 1747 1056 5794 1748 1054 5795 402 1055 5796 387 1059 5797 1749 1057 5798 1750 1057 5799 1750 1058 5800 1751 1055 5801 387 1060 5802 391 1063 5803 1752 1064 5804 1753 1064 5805 1753 1066 5806 1754 1060 5807 391 1061 5808 407 1065 5809 1755 1064 5810 1756 1064 5811 1756 1063 5812 1757 1061 5813 407 1062 5814 416 1066 5815 1758 1064 5816 1759 1064 5817 1759 1065 5818 1760 1062 5819 416 1067 5820 406 1070 5821 1761 1071 5822 1762 1071 5823 1762 1073 5824 1763 1067 5825 406 1068 5826 414 1072 5827 1764 1071 5828 1765 1071 5829 1765 1070 5830 1766 1068 5831 414 1069 5832 417 1073 5833 1767 1071 5834 1768 1071 5835 1768 1072 5836 1769 1069 5837 417 1074 5838 388 1077 5839 1770 1078 5840 1771 1078 5841 1771 1080 5842 1772 1074 5843 388 1075 5844 419 1079 5845 1773 1078 5846 1774 1078 5847 1774 1077 5848 1775 1075 5849 419 1076 5850 420 1080 5851 1776 1078 5852 1777 1078 5853 1777 1079 5854 1778 1076 5855 420 1081 5856 413 1084 5857 1779 1085 5858 1780 1085 5859 1780 1087 5860 1781 1081 5861 413 1082 5862 421 1086 5863 1782 1085 5864 1783 1085 5865 1783 1084 5866 1784 1082 5867 421 1083 5868 418 1087 5869 1785 1085 5870 1786 1085 5871 1786 1086 5872 1787 1083 5873 418 1088 5874 390 1091 5875 1788 1092 5876 1789 1092 5877 1789 1094 5878 1790 1088 5879 390 1089 5880 411 1093 5881 1791 1092 5882 1792 1092 5883 1792 1091 5884 1793 1089 5885 411 1090 5886 404 1094 5887 1794 1092 5888 1795 1092 5889 1795 1093 5890 1796 1090 5891 404 1095 5892 415 1098 5893 1797 1099 5894 1798 1099 5895 1798 1101 5896 1799 1095 5897 415 1096 5898 405 1100 5899 1800 1099 5900 1801 1099 5901 1801 1098 5902 1802 1096 5903 405 1097 5904 410 1101 5905 1803 1099 5906 1804 1099 5907 1804 1100 5908 1805 1097 5909 410 1102 5910 389 1105 5911 1806 1106 5912 1807 1106 5913 1807 1108 5914 1808 1102 5915 389 1103 5916 423 1107 5917 1809 1106 5918 1810 1106 5919 1810 1105 5920 1811 1103 5921 423 1104 5922 408 1108 5923 1812 1106 5924 1813 1106 5925 1813 1107 5926 1814 1104 5927 408 1109 5928 412 1112 5929 1815 1113 5930 1816 1113 5931 1816 1115 5932 1817 1109 5933 412 1110 5934 409 1114 5935 1818 1113 5936 1819 1113 5937 1819 1112 5938 1820 1110 5939 409 1111 5940 422 1115 5941 1821 1113 5942 1822 1113 5943 1822 1114 5944 1823 1111 5945 422 906 5946 1551 892 5947 1532 898 5948 1535 898 5949 1535 909 5950 1552 906 5951 1551 909 5952 1557 898 5953 1539 894 5954 348 894 5955 348 907 5956 351 909 5957 1557 893 5958 335 899 5959 334 905 5960 1544 905 5961 1544 897 5962 1536 893 5963 335 897 5964 1541 905 5965 1548 901 5966 349 901 5967 349 894 5968 348 897 5969 1541 900 5970 346 913 5971 345 919 5972 1563 919 5973 1563 904 5974 1545 900 5975 346 904 5976 1550 919 5977 1567 915 5978 350 915 5979 350 901 5980 349 904 5981 1550 914 5982 353 908 5983 352 911 5984 1560 911 5985 1560 918 5986 1564 914 5987 353 918 5988 1569 911 5989 1555 907 5990 351 907 5991 351 915 5992 350 918 5993 1569 934 5994 1589 906 5995 1551 912 5996 1554 912 5997 1554 937 5998 1590 934 5999 1589 937 6000 1595 912 6001 1558 908 6002 352 908 6003 352 935 6004 355 937 6005 1595 913 6006 345 941 6007 344 947 6008 1601 947 6009 1601 916 6010 1561 913 6011 345 916 6012 1566 947 6013 1605 943 6014 354 943 6015 354 914 6016 353 916 6017 1566 942 6018 337 936 6019 336 939 6020 1598 939 6021 1598 946 6022 1602 942 6023 337 946 6024 1607 939 6025 1593 935 6026 355 935 6027 355 943 6028 354 946 6029 1607 920 6030 1570 934 6031 1589 940 6032 1592 940 6033 1592 923 6034 1571 920 6035 1570 923 6036 1576 940 6037 1596 936 6038 336 936 6039 336 921 6040 339 923 6041 1576 941 6042 344 927 6043 347 933 6044 1582 933 6045 1582 944 6046 1599 941 6047 344 944 6048 1604 933 6049 1586 929 6050 338 929 6051 338 942 6052 337 944 6053 1604 928 6054 333 922 6055 332 925 6056 1579 925 6057 1579 932 6058 1583 928 6059 333 932 6060 1588 925 6061 1574 921 6062 339 921 6063 339 929 6064 338 932 6065 1588 892 6066 1532 920 6067 1570 926 6068 1573 926 6069 1573 895 6070 1533 892 6071 1532 895 6072 1538 926 6073 1577 922 6074 332 922 6075 332 893 6076 335 895 6077 1538 927 6078 347 900 6079 346 902 6080 1547 902 6081 1547 930 6082 1580 927 6083 347 930 6084 1585 902 6085 1542 899 6086 334 899 6087 334 928 6088 333 930 6089 1585 964 6090 373 949 6091 372 951 6092 1613 951 6093 1613 968 6094 1632 964 6095 373 968 6096 1628 951 6097 1608 948 6098 341 948 6099 341 962 6100 340 968 6101 1628 949 6102 372 956 6103 375 958 6104 1622 958 6105 1622 953 6106 1611 949 6107 372 953 6108 1616 958 6109 1617 955 6110 358 955 6111 358 950 6112 357 953 6113 1616 956 6114 375 970 6115 374 972 6116 1640 972 6117 1640 960 6118 1620 956 6119 375 960 6120 1625 972 6121 1635 969 6122 371 969 6123 371 957 6124 370 960 6125 1625 970 6126 374 964 6127 373 967 6128 1634 967 6129 1634 974 6130 1638 970 6131 374 974 6132 1643 967 6133 1629 963 6134 376 963 6135 376 971 6136 379 974 6137 1643 992 6138 377 963 6139 376 965 6140 1631 965 6141 1631 996 6142 1668 992 6143 377 996 6144 1664 965 6145 1626 962 6146 340 962 6147 340 990 6148 343 996 6149 1664 971 6150 379 998 6151 378 1000 6152 1676 1000 6153 1676 975 6154 1641 971 6155 379 975 6156 1637 1000 6157 1671 997 6158 368 997 6159 368 969 6160 371 975 6161 1637 998 6162 378 992 6163 377 995 6164 1670 995 6165 1670 1002 6166 1674 998 6167 378 1002 6168 1679 995 6169 1665 991 6170 360 991 6171 360 999 6172 363 1002 6173 1679 978 6174 361 991 6175 360 993 6176 1667 993 6177 1667 982 6178 1650 978 6179 361 982 6180 1646 993 6181 1662 990 6182 343 990 6183 343 976 6184 342 982 6185 1646 999 6186 363 984 6187 362 986 6188 1658 986 6189 1658 1003 6190 1677 999 6191 363 1003 6192 1673 986 6193 1653 983 6194 369 983 6195 369 997 6196 368 1003 6197 1673 984 6198 362 978 6199 361 981 6200 1652 981 6201 1652 988 6202 1656 984 6203 362 988 6204 1661 981 6205 1647 977 6206 356 977 6207 356 985 6208 359 988 6209 1661 950 6210 357 977 6211 356 979 6212 1649 979 6213 1649 954 6214 1614 950 6215 357 954 6216 1610 979 6217 1644 976 6218 342 976 6219 342 948 6220 341 954 6221 1610 985 6222 359 955 6223 358 961 6224 1619 961 6225 1619 989 6226 1659 985 6227 359 989 6228 1655 961 6229 1623 957 6230 370 957 6231 370 983 6232 369 989 6233 1655 1020 6234 397 1005 6235 396 1007 6236 1685 1007 6237 1685 1024 6238 1704 1020 6239 397 1024 6240 1700 1007 6241 1680 1004 6242 365 1004 6243 365 1018 6244 364 1024 6245 1700 1005 6246 396 1012 6247 399 1014 6248 1694 1014 6249 1694 1009 6250 1683 1005 6251 396 1009 6252 1688 1014 6253 1689 1011 6254 382 1011 6255 382 1006 6256 381 1009 6257 1688 1012 6258 399 1026 6259 398 1028 6260 1712 1028 6261 1712 1016 6262 1692 1012 6263 399 1016 6264 1697 1028 6265 1707 1025 6266 395 1025 6267 395 1013 6268 394 1016 6269 1697 1026 6270 398 1020 6271 397 1023 6272 1706 1023 6273 1706 1030 6274 1710 1026 6275 398 1030 6276 1715 1023 6277 1701 1019 6278 400 1019 6279 400 1027 6280 403 1030 6281 1715 1048 6282 401 1019 6283 400 1021 6284 1703 1021 6285 1703 1052 6286 1740 1048 6287 401 1052 6288 1736 1021 6289 1698 1018 6290 364 1018 6291 364 1046 6292 367 1052 6293 1736 1027 6294 403 1054 6295 402 1056 6296 1748 1056 6297 1748 1031 6298 1713 1027 6299 403 1031 6300 1709 1056 6301 1743 1053 6302 392 1053 6303 392 1025 6304 395 1031 6305 1709 1054 6306 402 1048 6307 401 1051 6308 1742 1051 6309 1742 1058 6310 1746 1054 6311 402 1058 6312 1751 1051 6313 1737 1047 6314 384 1047 6315 384 1055 6316 387 1058 6317 1751 1034 6318 385 1047 6319 384 1049 6320 1739 1049 6321 1739 1038 6322 1722 1034 6323 385 1038 6324 1718 1049 6325 1734 1046 6326 367 1046 6327 367 1032 6328 366 1038 6329 1718 1055 6330 387 1040 6331 386 1042 6332 1730 1042 6333 1730 1059 6334 1749 1055 6335 387 1059 6336 1745 1042 6337 1725 1039 6338 393 1039 6339 393 1053 6340 392 1059 6341 1745 1040 6342 386 1034 6343 385 1037 6344 1724 1037 6345 1724 1044 6346 1728 1040 6347 386 1044 6348 1733 1037 6349 1719 1033 6350 380 1033 6351 380 1041 6352 383 1044 6353 1733 1006 6354 381 1033 6355 380 1035 6356 1721 1035 6357 1721 1010 6358 1686 1006 6359 381 1010 6360 1682 1035 6361 1716 1032 6362 366 1032 6363 366 1004 6364 365 1010 6365 1682 1041 6366 383 1011 6367 382 1017 6368 1691 1017 6369 1691 1045 6370 1731 1041 6371 383 1045 6372 1727 1017 6373 1695 1013 6374 394 1013 6375 394 1039 6376 393 1045 6377 1727 1074 6378 388 1060 6379 391 1066 6380 1754 1066 6381 1754 1077 6382 1770 1074 6383 388 1077 6384 1775 1066 6385 1758 1062 6386 416 1062 6387 416 1075 6388 419 1077 6389 1775 1061 6390 407 1067 6391 406 1073 6392 1763 1073 6393 1763 1065 6394 1755 1061 6395 407 1065 6396 1760 1073 6397 1767 1069 6398 417 1069 6399 417 1062 6400 416 1065 6401 1760 1068 6402 414 1081 6403 413 1087 6404 1781 1087 6405 1781 1072 6406 1764 1068 6407 414 1072 6408 1769 1087 6409 1785 1083 6410 418 1083 6411 418 1069 6412 417 1072 6413 1769 1082 6414 421 1076 6415 420 1079 6416 1778 1079 6417 1778 1086 6418 1782 1082 6419 421 1086 6420 1787 1079 6421 1773 1075 6422 419 1075 6423 419 1083 6424 418 1086 6425 1787 1102 6426 389 1074 6427 388 1080 6428 1772 1080 6429 1772 1105 6430 1806 1102 6431 389 1105 6432 1811 1080 6433 1776 1076 6434 420 1076 6435 420 1103 6436 423 1105 6437 1811 1081 6438 413 1109 6439 412 1115 6440 1817 1115 6441 1817 1084 6442 1779 1081 6443 413 1084 6444 1784 1115 6445 1821 1111 6446 422 1111 6447 422 1082 6448 421 1084 6449 1784 1110 6450 409 1104 6451 408 1107 6452 1814 1107 6453 1814 1114 6454 1818 1110 6455 409 1114 6456 1823 1107 6457 1809 1103 6458 423 1103 6459 423 1111 6460 422 1114 6461 1823 1088 6462 390 1102 6463 389 1108 6464 1808 1108 6465 1808 1091 6466 1788 1088 6467 390 1091 6468 1793 1108 6469 1812 1104 6470 408 1104 6471 408 1089 6472 411 1091 6473 1793 1109 6474 412 1095 6475 415 1101 6476 1799 1101 6477 1799 1112 6478 1815 1109 6479 412 1112 6480 1820 1101 6481 1803 1097 6482 410 1097 6483 410 1110 6484 409 1112 6485 1820 1096 6486 405 1090 6487 404 1093 6488 1796 1093 6489 1796 1100 6490 1800 1096 6491 405 1100 6492 1805 1093 6493 1791 1089 6494 411 1089 6495 411 1097 6496 410 1100 6497 1805 1060 6498 391 1088 6499 390 1094 6500 1790 1094 6501 1790 1063 6502 1752 1060 6503 391 1063 6504 1757 1094 6505 1794 1090 6506 404 1090 6507 404 1061 6508 407 1063 6509 1757 1095 6510 415 1068 6511 414 1070 6512 1766 1070 6513 1766 1098 6514 1797 1095 6515 415 1098 6516 1802 1070 6517 1761 1067 6518 406 1067 6519 406 1096 6520 405 1098 6521 1802 892 6522 1532 906 6523 1551 934 6524 1589 934 6525 1589 920 6526 1570 892 6527 1532 1130 6528 1827 1137 6529 1824 1175 6530 1825 1175 6531 1825 1172 6532 1826 1130 6533 1827 1116 6534 1828 1145 6535 1829 1139 6536 1830 1147 6537 1831 1123 6538 1832 1131 6539 1833 1171 6540 1834 1164 6541 1835 1152 6542 1836 1171 6543 1834 1152 6544 1836 1147 6545 1831 1171 6546 1834 1147 6547 1831 1131 6548 1833 1178 6549 1838 1165 6550 1837 1172 6551 1826 1172 6552 1826 1175 6553 1825 1178 6554 1838 1144 6555 1842 1148 6556 1839 1151 6557 1840 1151 6558 1840 1159 6559 1841 1144 6560 1842 1166 6561 1846 1177 6562 1843 1157 6563 1844 1157 6564 1844 1150 6565 1845 1166 6566 1846 1158 6567 1847 1179 6568 1848 1174 6569 1849 1158 6570 1847 1174 6571 1849 1139 6572 1830 1158 6573 1847 1139 6574 1830 1145 6575 1829 1148 6576 1839 1144 6577 1842 1118 6578 1850 1118 6579 1850 1124 6580 1851 1148 6581 1839 1116 6582 1828 1119 6583 1852 1120 6584 1853 1120 6585 1853 1122 6586 1854 1116 6587 1828 1117 6588 1855 1121 6589 1856 1120 6590 1857 1120 6591 1857 1119 6592 1858 1117 6593 1855 1118 6594 1850 1122 6595 1859 1120 6596 1860 1120 6597 1860 1121 6598 1861 1118 6599 1850 1123 6600 1832 1126 6601 1862 1127 6602 1863 1127 6603 1863 1129 6604 1864 1123 6605 1832 1124 6606 1851 1128 6607 1865 1127 6608 1866 1127 6609 1866 1126 6610 1867 1124 6611 1851 1125 6612 1868 1129 6613 1869 1127 6614 1870 1127 6615 1870 1128 6616 1871 1125 6617 1868 1130 6618 1827 1133 6619 1872 1134 6620 1873 1134 6621 1873 1136 6622 1874 1130 6623 1827 1131 6624 1833 1135 6625 1875 1134 6626 1876 1134 6627 1876 1133 6628 1877 1131 6629 1833 1132 6630 1878 1136 6631 1879 1134 6632 1880 1134 6633 1880 1135 6634 1881 1132 6635 1878 1137 6636 1824 1140 6637 1882 1141 6638 1883 1141 6639 1883 1143 6640 1884 1137 6641 1824 1138 6642 1885 1142 6643 1886 1141 6644 1887 1141 6645 1887 1140 6646 1888 1138 6647 1885 1139 6648 1830 1143 6649 1889 1141 6650 1890 1141 6651 1890 1142 6652 1891 1139 6653 1830 1150 6654 1845 1153 6655 1892 1154 6656 1893 1154 6657 1893 1156 6658 1894 1150 6659 1845 1151 6660 1840 1155 6661 1895 1154 6662 1896 1154 6663 1896 1153 6664 1897 1151 6665 1840 1152 6666 1836 1156 6667 1898 1154 6668 1899 1154 6669 1899 1155 6670 1900 1152 6671 1836 1157 6672 1844 1160 6673 1901 1161 6674 1902 1161 6675 1902 1163 6676 1903 1157 6677 1844 1158 6678 1847 1162 6679 1904 1161 6680 1905 1161 6681 1905 1160 6682 1906 1158 6683 1847 1159 6684 1841 1163 6685 1907 1161 6686 1908 1161 6687 1908 1162 6688 1909 1159 6689 1841 1164 6690 1835 1167 6691 1910 1168 6692 1911 1168 6693 1911 1170 6694 1912 1164 6695 1835 1165 6696 1837 1169 6697 1913 1168 6698 1914 1168 6699 1914 1167 6700 1915 1165 6701 1837 1166 6702 1846 1170 6703 1916 1168 6704 1917 1168 6705 1917 1169 6706 1918 1166 6707 1846 1177 6708 1843 1180 6709 1919 1181 6710 1920 1181 6711 1920 1183 6712 1921 1177 6713 1843 1178 6714 1838 1182 6715 1922 1181 6716 1923 1181 6717 1923 1180 6718 1924 1178 6719 1838 1179 6720 1848 1183 6721 1925 1181 6722 1926 1181 6723 1926 1182 6724 1927 1179 6725 1848 1136 6726 1879 1132 6727 1878 1138 6728 1885 1138 6729 1885 1140 6730 1888 1136 6731 1879 1130 6732 1827 1136 6733 1874 1140 6734 1882 1140 6735 1882 1137 6736 1824 1130 6737 1827 1119 6738 1852 1116 6739 1828 1139 6740 1830 1139 6741 1830 1142 6742 1891 1119 6743 1852 1117 6744 1855 1119 6745 1858 1142 6746 1886 1142 6747 1886 1138 6748 1885 1117 6749 1855 1135 6750 1875 1131 6751 1833 1123 6752 1832 1123 6753 1832 1129 6754 1864 1135 6755 1875 1132 6756 1878 1135 6757 1881 1129 6758 1869 1129 6759 1869 1125 6760 1868 1132 6761 1878 1117 6762 1855 1125 6763 1868 1128 6764 1871 1128 6765 1871 1121 6766 1856 1117 6767 1855 1121 6768 1861 1128 6769 1865 1124 6770 1851 1124 6771 1851 1118 6772 1850 1121 6773 1861 1122 6774 1854 1146 6775 1928 1145 6776 1829 1145 6777 1829 1116 6778 1828 1122 6779 1854 1118 6780 1850 1144 6781 1842 1146 6782 1929 1146 6783 1929 1122 6784 1859 1118 6785 1850 1126 6786 1862 1123 6787 1832 1147 6788 1831 1147 6789 1831 1149 6790 1930 1126 6791 1862 1124 6792 1851 1126 6793 1867 1149 6794 1931 1149 6795 1931 1148 6796 1839 1124 6797 1851 1153 6798 1892 1150 6799 1845 1157 6800 1844 1157 6801 1844 1163 6802 1903 1153 6803 1892 1151 6804 1840 1153 6805 1897 1163 6806 1907 1163 6807 1907 1159 6808 1841 1151 6809 1840 1162 6810 1904 1158 6811 1847 1145 6812 1829 1145 6813 1829 1146 6814 1928 1162 6815 1904 1159 6816 1841 1162 6817 1909 1146 6818 1929 1146 6819 1929 1144 6820 1842 1159 6821 1841 1149 6822 1930 1147 6823 1831 1152 6824 1836 1152 6825 1836 1155 6826 1900 1149 6827 1930 1148 6828 1839 1149 6829 1931 1155 6830 1895 1155 6831 1895 1151 6832 1840 1148 6833 1839 1173 6834 1932 1172 6835 1826 1165 6836 1837 1165 6837 1837 1167 6838 1915 1173 6839 1932 1171 6840 1834 1173 6841 1933 1167 6842 1910 1167 6843 1910 1164 6844 1835 1171 6845 1834 1165 6846 1837 1178 6847 1838 1180 6848 1924 1180 6849 1924 1169 6850 1913 1165 6851 1837 1169 6852 1918 1180 6853 1919 1177 6854 1843 1177 6855 1843 1166 6856 1846 1169 6857 1918 1182 6858 1922 1178 6859 1838 1175 6860 1825 1175 6861 1825 1176 6862 1934 1182 6863 1922 1174 6864 1849 1179 6865 1848 1182 6866 1927 1182 6867 1927 1176 6868 1935 1174 6869 1849 1173 6870 1933 1171 6871 1834 1131 6872 1833 1131 6873 1833 1133 6874 1877 1173 6875 1933 1172 6876 1826 1173 6877 1932 1133 6878 1872 1133 6879 1872 1130 6880 1827 1172 6881 1826 1156 6882 1898 1152 6883 1836 1164 6884 1835 1164 6885 1835 1170 6886 1912 1156 6887 1898 1150 6888 1845 1156 6889 1894 1170 6890 1916 1170 6891 1916 1166 6892 1846 1150 6893 1845 1160 6894 1901 1157 6895 1844 1177 6896 1843 1177 6897 1843 1183 6898 1921 1160 6899 1901 1158 6900 1847 1160 6901 1906 1183 6902 1925 1183 6903 1925 1179 6904 1848 1158 6905 1847 1176 6906 1934 1175 6907 1825 1137 6908 1824 1137 6909 1824 1143 6910 1884 1176 6911 1934 1174 6912 1849 1176 6913 1935 1143 6914 1889 1143 6915 1889 1139 6916 1830 1174 6917 1849 1138 6918 1885 1132 6919 1878 1125 6920 1868 1125 6921 1868 1117 6922 1855 1138 6923 1885</p>
        </triangles>
      </mesh>
    </geometry>
  </library_geometries>
  <library_visual_scenes>
    <visual_scene id="DiningTable" name="DiningTable">
      <node name="Wood" id="Wood" sid="Wood">
        <matrix sid="matrix">1.000000 0.000000 0.000000 0.000000 0.000000 1.000000 0.000000 0.000000 0.000000 0.000000 1.000000 0.000000 0.000000 0.000000 0.000000 1.000000</matrix>
        <instance_geometry url="#Wood-lib">
          <bind_material>
            <technique_common>
              <instance_material symbol="FBXASC0482FBXASC032-FBXASC032Default" target="#FBXASC0482FBXASC032-FBXASC032Default"/>
            </technique_common>
          </bind_material>
        </instance_geometry>
        <extra>
          <technique profile="FCOLLADA">
            <visibility>1.000000</visibility>
          </technique>
        </extra>
      </node>
      <node name="Black" id="Black" sid="Black">
        <matrix sid="matrix">1.000000 0.000000 0.000000 0.000000 0.000000 1.000000 0.000000 0.000000 0.000000 0.000000 1.000000 0.000000 0.000000 0.000000 0.000000 1.000000</matrix>
        <instance_geometry url="#Black-lib">
          <bind_material>
            <technique_common>
              <instance_material symbol="FBXASC0482FBXASC032-FBXASC032Default" target="#FBXASC0482FBXASC032-FBXASC032Default"/>
            </technique_common>
          </bind_material>
        </instance_geometry>
        <extra>
          <technique profile="FCOLLADA">
            <visibility>1.000000</visibility>
          </technique>
        </extra>
      </node>
      <extra>
        <technique profile="MAX3D">
          <frame_rate>30.000000</frame_rate>
        </technique>
        <technique profile="FCOLLADA">
          <start_time>0.000000</start_time>
          <end_time>3.333333</end_time>
        </technique>
      </extra>
    </visual_scene>
  </library_visual_scenes>
  <scene>
    <instance_visual_scene url="#DiningTable"/>
  </scene>
</COLLADA>
