<?xml version="1.0" encoding="utf-8"?>
<COLLADA xmlns="http://www.collada.org/2005/11/COLLADASchema" version="1.4.1">
  <asset>
    <contributor>
      <author>Blender User</author>
      <authoring_tool>Blender 2.71.0 commit date:2014-06-25, commit time:18:36, hash:9337574</authoring_tool>
    </contributor>
    <created>2015-01-20T14:44:40</created>
    <modified>2015-01-20T14:44:40</modified>
    <unit name="meter" meter="1"/>
    <up_axis>Z_UP</up_axis>
  </asset>
  <library_images/>
  <library_effects>
    <effect id="MTL14-effect">
      <profile_COMMON>
        <technique sid="common">
          <phong>
            <emission>
              <color sid="emission">0 0 0 1</color>
            </emission>
            <ambient>
              <color sid="ambient">0 0 0 1</color>
            </ambient>
            <diffuse>
              <color sid="diffuse">0.0216 0.2488 0.0064 1</color>
            </diffuse>
            <specular>
              <color sid="specular">0.5 0.5 0.5 1</color>
            </specular>
            <shininess>
              <float sid="shininess">50</float>
            </shininess>
            <index_of_refraction>
              <float sid="index_of_refraction">1</float>
            </index_of_refraction>
          </phong>
        </technique>
      </profile_COMMON>
    </effect>
  </library_effects>
  <library_materials>
    <material id="MTL14-material" name="MTL14">
      <instance_effect url="#MTL14-effect"/>
    </material>
  </library_materials>
  <library_geometries>
    <geometry id="_296-mesh" name="1296">
      <mesh>
        <source id="_296-mesh-positions">
          <float_array id="_296-mesh-positions-array" count="17520">-2.55812 -18.24174 8.39701 -2.53921 -18.24174 8.32668 -0.09135 -18.24174 8.67868 -0.09135 -18.86674 8.67868 -0.09135 -18.24174 8.67868 -2.53921 -18.24174 8.32668 -0.09135 -18.24174 8.7515 2.35651 -18.24174 8.32668 2.35669 -18.86674 8.32659 2.35651 -18.24174 8.32668 -0.09135 -18.24174 8.67868 -0.09135 -18.86674 8.67868 -4.78854 -18.24174 7.29929 -2.5394 -18.86674 8.32659 -4.78854 -18.24174 7.29929 -4.82687 -18.24174 7.36122 -6.65717 -18.24174 5.67991 -4.78841 -18.86674 7.29929 -6.65717 -18.24174 5.67991 -6.71167 -18.24174 5.72822 -7.99383 -18.24174 3.59979 -6.65675 -18.86674 5.6803 -7.99383 -18.24174 3.59979 -8.05991 -18.24174 3.63041 -8.69034 -18.24174 1.22742 -7.9935 -18.86674 3.60053 -8.69034 -18.24174 1.22742 -8.76241 -18.24174 1.23787 -8.69034 -18.24174 -1.24505 -8.69035 -18.86674 1.22792 -8.69034 -18.24174 -1.24505 -8.05991 -18.24174 -3.64803 -7.99383 -18.24174 -3.61742 -8.69035 -18.86674 -1.24555 -7.99383 -18.24174 -3.61742 -8.76241 -18.24174 -1.2555 -6.71167 -18.24174 -5.74585 -6.65717 -18.24174 -5.69755 -7.9935 -18.86674 -3.61816 -6.65717 -18.24174 -5.69755 -4.82687 -18.24174 -7.37885 -4.78854 -18.24174 -7.31693 -6.65675 -18.86674 -5.69794 -4.78854 -18.24174 -7.31693 -2.55814 -18.24174 -8.41465 -2.53921 -18.24174 -8.34431 -4.78841 -18.86674 -7.31693 -2.53921 -18.24174 -8.34431 -0.09135 -18.24174 -8.76914 -0.09135 -18.24174 -8.69632 -2.5394 -18.86674 -8.34422 -0.09135 -18.24174 -8.69632 2.37541 -18.24174 -8.41465 2.35651 -18.24174 -8.34431 -0.09135 -18.86674 -8.69632 -0.09135 -18.24174 -8.69632 2.35651 -18.24174 -8.34431 -0.09135 -18.86674 -8.69632 4.60583 -18.24174 -7.31693 2.35669 -18.86674 -8.34422 4.60583 -18.24174 -7.31693 4.64417 -18.24174 -7.37885 6.47446 -18.24174 -5.69755 4.6057 -18.86674 -7.31693 6.47446 -18.24174 -5.69755 6.52896 -18.24174 -5.74585 7.81113 -18.24174 -3.61742 6.47405 -18.86674 -5.69794 7.81113 -18.24174 -3.61742 7.8772 -18.24174 -3.64803 8.50763 -18.24174 -1.24505 7.81079 -18.86674 -3.61816 8.50763 -18.24174 -1.24505 8.5797 -18.24174 -1.25551 8.50763 -18.24174 1.22742 8.50765 -18.86674 -1.24555 8.50763 -18.24174 1.22742 7.8772 -18.24174 3.6304 7.81113 -18.24174 3.59979 8.50765 -18.86674 1.22792 7.81113 -18.24174 3.59979 8.5797 -18.24174 1.23787 6.52896 -18.24174 5.72821 6.47446 -18.24174 5.67991 7.81079 -18.86674 3.60053 6.47446 -18.24174 5.67991 4.64417 -18.24174 7.36122 4.60583 -18.24174 7.29929 6.47405 -18.86674 5.6803 4.60583 -18.24174 7.29929 2.37543 -18.24174 8.39701 4.6057 -18.86674 7.29929 -1.29234 -18.24174 -8.36041 -2.504 -18.24174 -8.22437 -0.09135 -18.24174 -8.57132 -0.09135 -18.86674 -8.57132 -0.09135 -18.24174 -8.57132 -2.504 -18.24174 -8.22437 1.10963 -18.24174 -8.36041 2.32129 -18.24174 -8.22437 2.32147 -18.86674 -8.22429 2.32129 -18.24174 -8.22437 -0.09135 -18.24174 -8.57132 -0.09135 -18.24174 -8.44632 -0.09135 -18.86674 -8.57132 -3.59677 -18.24174 -7.68365 -4.72095 -18.24174 -7.21178 -2.50418 -18.86674 -8.22429 -4.72095 -18.24174 -7.21178 -2.46878 -18.24174 -8.10444 -6.46822 -18.24174 -5.53384 -6.5627 -18.24174 -5.61569 -4.72082 -18.86674 -7.21177 -6.5627 -18.24174 -5.61569 -4.65337 -18.24174 -7.10662 -7.18957 -18.24174 -4.57012 -7.88013 -18.24174 -3.5655 -6.56229 -18.86674 -5.61607 -7.88013 -18.24174 -3.5655 -8.44289 -18.24174 -1.20948 -8.56662 -18.24174 -1.22726 -7.87981 -18.86674 -3.56623 -8.56662 -18.24174 -1.22726 -7.76642 -18.24174 -3.51357 -8.52876 -18.24174 -0.00882 -8.56662 -18.24174 1.20963 -8.56664 -18.86674 -1.22776 -8.56662 -18.24174 1.20963 -8.44289 -18.24174 1.19185 -7.88013 -18.24174 3.54787 -8.56664 -18.86674 1.21012 -7.88013 -18.24174 3.54787 -7.18957 -18.24174 4.55249 -6.5627 -18.24174 5.59806 -7.87981 -18.86674 3.5486 -6.5627 -18.24174 5.59806 -7.76642 -18.24174 3.49594 -6.46822 -18.24174 5.51621 -4.72095 -18.24174 7.19414 -6.56229 -18.86674 5.59845 -4.72095 -18.24174 7.19414 -3.59677 -18.24174 7.66602 -2.504 -18.24174 8.20674 -4.72082 -18.86674 7.19414 -2.504 -18.24174 8.20674 -4.65337 -18.24174 7.08899 -1.29234 -18.24174 8.34277 -0.09135 -18.24174 8.55368 -2.50418 -18.86674 8.20665 -0.09135 -18.24174 8.55368 -2.46878 -18.24174 8.08681 1.10963 -18.24174 8.34277 2.32129 -18.24174 8.20674 -0.09135 -18.86674 8.55368 -0.09135 -18.24174 8.55368 2.32129 -18.24174 8.20674 -0.09135 -18.24174 8.42868 -0.09135 -18.86674 8.55368 3.41406 -18.24174 7.66602 4.53824 -18.24174 7.19414 2.32147 -18.86674 8.20665 4.53824 -18.24174 7.19414 2.28607 -18.24174 8.08681 6.28551 -18.24174 5.51621 6.37999 -18.24174 5.59806 4.53812 -18.86674 7.19414 6.37999 -18.24174 5.59806 4.47066 -18.24174 7.08899 7.00687 -18.24174 4.55249 7.69742 -18.24174 3.54787 6.37958 -18.86674 5.59845 7.69742 -18.24174 3.54787 8.26018 -18.24174 1.19185 8.38391 -18.24174 1.20963 7.6971 -18.86674 3.5486 8.38391 -18.24174 1.20963 7.58371 -18.24174 3.49594 8.34605 -18.24174 -0.00882 8.38391 -18.24174 -1.22726 8.38393 -18.86674 1.21012 8.38391 -18.24174 -1.22726 8.26018 -18.24174 -1.20948 7.69742 -18.24174 -3.5655 8.38393 -18.86674 -1.22776 7.69742 -18.24174 -3.5655 7.00687 -18.24174 -4.57012 6.37999 -18.24174 -5.61569 7.6971 -18.86674 -3.56623 6.37999 -18.24174 -5.61569 7.58371 -18.24174 -3.51357 6.28551 -18.24174 -5.53384 4.53824 -18.24174 -7.21178 6.37958 -18.86674 -5.61607 4.53824 -18.24174 -7.21178 3.41406 -18.24174 -7.68365 4.53812 -18.86674 -7.21177 4.47066 -18.24174 -7.10662 2.28607 -18.24174 -8.10444 -0.09135 -18.86674 8.42868 -0.09135 -18.24174 8.42868 -1.29234 -18.24174 8.34277 2.28626 -18.86674 8.08672 1.10963 -18.24174 8.34277 -0.09135 -18.24174 8.42868 -0.09135 -18.86674 8.42868 -2.46878 -18.24174 8.08681 -2.46896 -18.86674 8.08672 -3.59677 -18.24174 7.66602 -4.65337 -18.24174 7.08899 -4.65324 -18.86674 7.08899 -6.46822 -18.24174 5.51621 -6.46782 -18.86674 5.51659 -7.18957 -18.24174 4.55249 -7.76642 -18.24174 3.49594 -7.7661 -18.86674 3.49667 -8.44289 -18.24174 1.19185 -8.4429 -18.86674 1.19233 -8.52876 -18.24174 -0.00882 -8.44289 -18.24174 -1.20948 -8.4429 -18.86674 -1.20996 -7.76642 -18.24174 -3.51357 -7.7661 -18.86674 -3.5143 -7.18957 -18.24174 -4.57012 -6.46822 -18.24174 -5.53384 -6.46782 -18.86674 -5.53422 -4.65337 -18.24174 -7.10662 -4.65324 -18.86674 -7.10662 -3.59677 -18.24174 -7.68365 -2.46878 -18.24174 -8.10444 -2.46896 -18.86674 -8.10435 -1.29234 -18.24174 -8.36041 -0.09135 -18.24174 -8.44632 -0.09135 -18.86674 -8.44632 -0.09135 -18.24174 -8.44632 1.10963 -18.24174 -8.36041 -0.09135 -18.86674 -8.44632 2.28607 -18.24174 -8.10444 2.28626 -18.86674 -8.10435 3.41406 -18.24174 -7.68365 4.47066 -18.24174 -7.10662 4.47053 -18.86674 -7.10662 6.28551 -18.24174 -5.53384 6.28511 -18.86674 -5.53422 7.00687 -18.24174 -4.57012 7.58371 -18.24174 -3.51357 7.58339 -18.86674 -3.5143 8.26018 -18.24174 -1.20948 8.26019 -18.86674 -1.20996 8.34605 -18.24174 -0.00882 8.26018 -18.24174 1.19185 8.26019 -18.86674 1.19233 7.58371 -18.24174 3.49594 7.58339 -18.86674 3.49667 7.00687 -18.24174 4.55249 6.28551 -18.24174 5.51621 6.28511 -18.86674 5.51659 4.47066 -18.24174 7.08899 4.47053 -18.86674 7.08899 3.41406 -18.24174 7.66602 2.28607 -18.24174 8.08681 -0.15385 -18.24174 -8.37782 -1.28345 -18.24174 -8.29854 -0.09135 -18.24174 -8.38382 -0.09135 -18.86674 -8.38382 -0.09135 -18.24174 -8.38382 -1.28345 -18.24174 -8.29854 -0.02885 -18.24174 -8.37782 1.10074 -18.24174 -8.29854 2.26863 -18.86674 -8.04439 1.10074 -18.24174 -8.29854 -0.09135 -18.24174 -8.38382 -0.09135 -18.24174 -8.37805 -0.09135 -18.86674 -8.38382 -1.97217 -18.24174 -5.17722 -2.45117 -18.24174 -8.04447 -2.45117 -18.24174 -8.04447 -3.03723 -18.24174 -5.23622 -3.57082 -18.24174 -7.6268 -2.45134 -18.86674 -8.04439 -3.57082 -18.24174 -7.6268 -4.22173 -18.24174 -7.28783 -4.10474 -18.24174 -7.35947 -4.10474 -18.24174 -7.35947 -4.32999 -18.24174 -7.22533 -4.61957 -18.24174 -7.05405 -4.61957 -18.24174 -7.05405 -4.27597 -18.24174 -7.25678 -5.25626 -18.24174 -3.06294 -6.42099 -18.24174 -5.49291 -4.61945 -18.86674 -7.05405 -6.42099 -18.24174 -5.49291 -4.85428 -18.24174 -2.75904 -7.30788 -18.24174 -4.24744 -7.13699 -18.24174 -4.53633 -6.42059 -18.86674 -5.49329 -7.13699 -18.24174 -4.53633 -7.44168 -18.24174 -4.02289 -7.44168 -18.24174 -4.02289 -8.46036 -18.24174 -0.07132 -7.70956 -18.24174 -3.48761 -7.70956 -18.24174 -3.48761 -7.37038 -18.24174 -4.13919 -7.33932 -18.24174 -4.19344 -8.38103 -18.24174 -1.20058 -7.70924 -18.86674 -3.48833 -8.38103 -18.24174 -1.20058 -8.46626 -18.24174 -0.00882 -8.38104 -18.86674 -1.20106 -8.46626 -18.24174 -0.00882 -8.46036 -18.24174 0.05368 -8.38103 -18.24174 1.18295 -8.38103 -18.24174 1.18295 -8.46059 -18.24174 -0.00882 -6.09135 -18.24174 0.05368 -7.70956 -18.24174 3.46998 -8.38104 -18.86674 1.18343 -7.70956 -18.24174 3.46998 -7.44168 -18.24174 4.00526 -7.70924 -18.86674 3.4707 -7.44168 -18.24174 4.00526 -7.30788 -18.24174 4.22981 -7.13699 -18.24174 4.5187 -7.13699 -18.24174 4.5187 -7.33932 -18.24174 4.1758 -7.37038 -18.24174 4.12155 -6.28206 -18.24174 3.63756 -6.42099 -18.24174 5.47529 -6.42099 -18.24174 5.47529 -4.85428 -18.24174 2.74141 -4.61957 -18.24174 7.03641 -6.42059 -18.86674 5.47566 -4.61957 -18.24174 7.03641 -5.25626 -18.24174 3.04531 -4.32999 -18.24174 7.2077 -4.10474 -18.24174 7.34183 -4.61945 -18.86674 7.03641 -4.10474 -18.24174 7.34183 -3.62636 -18.24174 4.20465 -3.62947 -18.24174 6.24439 -3.57082 -18.24174 7.60916 -3.57082 -18.24174 7.60916 -4.22173 -18.24174 7.2702 -4.27597 -18.24174 7.23916 -3.03723 -18.24174 5.21859 -2.45117 -18.24174 8.02684 -2.45117 -18.24174 8.02684 -1.97217 -18.24174 5.15959 -1.28345 -18.24174 8.28091 -2.45134 -18.86674 8.02675 -1.28345 -18.24174 8.28091 -0.15385 -18.24174 8.36018 -0.09135 -18.24174 8.36618 -0.09135 -18.24174 8.36618 -0.09135 -18.24174 5.49118 -0.15385 -18.24174 5.99118 -0.02885 -18.24174 8.36018 1.10074 -18.24174 8.28091 -0.09135 -18.86674 8.36618 -0.09135 -18.24174 8.36618 1.10074 -18.24174 8.28091 -0.09135 -18.24174 8.36042 -0.09135 -18.86674 8.36618 1.78946 -18.24174 5.15959 2.26846 -18.24174 8.02684 2.26846 -18.24174 8.02684 2.85452 -18.24174 5.21859 3.38811 -18.24174 7.60916 2.26863 -18.86674 8.02675 3.38811 -18.24174 7.60916 4.03902 -18.24174 7.2702 3.92203 -18.24174 7.34183 3.92203 -18.24174 7.34183 4.14728 -18.24174 7.2077 4.43686 -18.24174 7.03641 4.43686 -18.24174 7.03641 4.09326 -18.24174 7.23916 5.07355 -18.24174 3.04531 6.23828 -18.24174 5.47529 4.43674 -18.86674 7.03641 6.23828 -18.24174 5.47529 4.67157 -18.24174 2.74141 7.12517 -18.24174 4.22981 6.95428 -18.24174 4.5187 6.23788 -18.86674 5.47566 6.95428 -18.24174 4.5187 7.25897 -18.24174 4.00526 7.25897 -18.24174 4.00526 8.27765 -18.24174 0.05368 7.52686 -18.24174 3.46998 7.52686 -18.24174 3.46998 7.18767 -18.24174 4.12155 7.15662 -18.24174 4.1758 8.19832 -18.24174 1.18295 7.52653 -18.86674 3.4707 8.19832 -18.24174 1.18295 8.28355 -18.24174 -0.00882 8.19833 -18.86674 1.18343 8.28355 -18.24174 -0.00882 8.27765 -18.24174 -0.07132 8.19832 -18.24174 -1.20058 8.19832 -18.24174 -1.20058 8.27788 -18.24174 -0.00882 5.90865 -18.24174 -0.07132 7.52686 -18.24174 -3.48761 8.19833 -18.86674 -1.20106 7.52686 -18.24174 -3.48761 7.25897 -18.24174 -4.02289 7.52653 -18.86674 -3.48833 7.25897 -18.24174 -4.02289 7.12517 -18.24174 -4.24744 6.95428 -18.24174 -4.53633 6.95428 -18.24174 -4.53633 7.15662 -18.24174 -4.19344 7.18767 -18.24174 -4.13919 6.09935 -18.24174 -3.65519 6.23828 -18.24174 -5.49291 6.23828 -18.24174 -5.49291 4.67157 -18.24174 -2.75904 4.43686 -18.24174 -7.05405 6.23788 -18.86674 -5.49329 4.43686 -18.24174 -7.05405 5.07355 -18.24174 -3.06294 4.14728 -18.24174 -7.22533 3.92203 -18.24174 -7.35947 4.43674 -18.86674 -7.05405 3.92203 -18.24174 -7.35947 3.44365 -18.24174 -4.22228 3.44676 -18.24174 -6.26202 3.38811 -18.24174 -7.6268 3.38811 -18.24174 -7.6268 4.03902 -18.24174 -7.28783 4.09326 -18.24174 -7.25678 2.85452 -18.24174 -5.23622 2.26846 -18.24174 -8.04447 2.26846 -18.24174 -8.04447 1.78946 -18.24174 -5.17722 -0.09135 -18.24174 -5.50882 -0.02885 -18.24174 -6.00882 -0.09135 -18.86674 5.49118 -0.09135 -18.24174 5.49118 -1.97217 -18.24174 5.15959 -0.02885 -18.24174 5.99118 1.78975 -18.86674 5.15949 1.78946 -18.24174 5.15959 -0.09135 -18.24174 5.49118 -0.09135 -18.86674 5.49118 -3.14548 -18.24174 5.15609 -1.97246 -18.86674 5.15949 -3.62636 -18.24174 4.20465 -3.62669 -18.86674 4.20443 -4.85428 -18.24174 2.74141 -5.31876 -18.24174 2.93706 -5.50769 -18.24174 0.94635 -4.85449 -18.86674 2.74118 -5.50769 -18.24174 0.94635 -5.50769 -18.24174 -0.96398 -5.5078 -18.86674 0.94625 -5.50769 -18.24174 -0.96398 -5.5078 -18.86674 -0.96388 -4.85428 -18.24174 -2.75904 -5.31876 -18.24174 -2.95469 -3.73773 -18.24174 -6.19952 -3.62636 -18.24174 -4.22228 -4.85449 -18.86674 -2.75882 -3.62636 -18.24174 -4.22228 -3.62669 -18.86674 -4.22206 -1.97217 -18.24174 -5.17722 -3.14548 -18.24174 -5.17372 -0.15385 -18.24174 -6.00882 -1.97246 -18.86674 -5.17712 -0.09135 -18.24174 -5.50882 -0.09135 -18.86674 -5.50882 -0.09135 -18.24174 -5.50882 1.78946 -18.24174 -5.17722 -0.09135 -18.86674 -5.50882 2.96277 -18.24174 -5.17372 1.78975 -18.86674 -5.17712 3.44365 -18.24174 -4.22228 3.44399 -18.86674 -4.22206 4.67157 -18.24174 -2.75904 5.13605 -18.24174 -2.95469 5.32498 -18.24174 -0.96398 4.67178 -18.86674 -2.75882 5.32498 -18.24174 -0.96398 5.32498 -18.24174 0.94635 5.32509 -18.86674 -0.96388 5.32498 -18.24174 0.94635 5.32509 -18.86674 0.94625 4.67157 -18.24174 2.74141 5.13605 -18.24174 2.93706 3.55502 -18.24174 6.18189 3.44365 -18.24174 4.20465 4.67178 -18.86674 2.74118 3.44365 -18.24174 4.20465 3.44399 -18.86674 4.20443 2.96277 -18.24174 5.15609 3.03854 -18.69584 -5.55495 2.96277 -18.24174 -5.17372 2.85452 -18.24174 -5.23622 4.14728 -18.86674 -7.22533 4.14728 -18.24174 -7.22533 2.96277 -18.24174 -5.17372 3.42629 -18.86674 -5.97655 3.14679 -18.69584 -5.49245 3.14679 -18.69584 -5.49245 3.03854 -18.69584 -5.55495 2.85452 -18.24174 -5.23622 3.44676 -18.24174 -6.26202 3.31804 -18.86674 -6.03905 4.03902 -18.24174 -7.28783 4.03902 -18.86674 -7.28783 4.03902 -18.24174 -7.28783 4.09326 -18.24174 -7.25678 4.03902 -18.86674 -7.28783 4.09326 -18.86674 -7.25678 4.14728 -18.24174 -7.22533 4.14728 -18.86674 -7.22533 5.39229 -18.69584 -3.24696 5.13605 -18.24174 -2.95469 5.07355 -18.24174 -3.06294 7.18767 -18.86674 -4.13919 7.18767 -18.24174 -4.13919 5.13605 -18.24174 -2.95469 5.93887 -18.86674 -3.4182 5.45479 -18.69584 -3.13872 5.45479 -18.69584 -3.13872 5.39229 -18.69584 -3.24696 5.07355 -18.24174 -3.06294 6.09935 -18.24174 -3.65519 5.87637 -18.86674 -3.52646 7.12517 -18.24174 -4.24744 7.12517 -18.86674 -4.24744 7.12517 -18.24174 -4.24744 7.15662 -18.24174 -4.19344 7.12517 -18.86674 -4.24744 7.15662 -18.86674 -4.19344 7.18767 -18.24174 -4.13919 7.18767 -18.86674 -4.13919 5.90865 -18.24174 0.05368 6.27669 -18.69584 -0.07132 5.90865 -18.24174 0.05368 5.90865 -18.24174 -0.07132 6.16185 -18.24174 3.52931 8.27765 -18.86674 0.05368 8.27765 -18.24174 0.05368 5.90865 -18.24174 0.05368 6.83568 -18.86674 0.05368 6.27669 -18.69584 0.05368 6.27669 -18.69584 0.05368 6.27669 -18.69584 -0.07132 5.90865 -18.24174 -0.07132 8.27765 -18.24174 -0.07132 8.27765 -18.86674 -0.07132 8.27765 -18.24174 -0.07132 8.27788 -18.24174 -0.00882 6.83568 -18.86674 -0.07132 8.27765 -18.86674 -0.07132 8.27788 -18.86674 -0.00882 8.27765 -18.24174 0.05368 8.27765 -18.86674 0.05368 5.45479 -18.69584 3.12108 5.07355 -18.24174 3.04531 5.13605 -18.24174 2.93706 7.12517 -18.86674 4.22981 7.12517 -18.24174 4.22981 5.07355 -18.24174 3.04531 5.87637 -18.86674 3.50882 5.39229 -18.69584 3.22934 5.39229 -18.69584 3.22934 5.45479 -18.69584 3.12108 5.13605 -18.24174 2.93706 6.16185 -18.24174 3.52931 5.93887 -18.86674 3.40057 7.18767 -18.24174 4.12155 7.18767 -18.86674 4.12155 7.18767 -18.24174 4.12155 7.15662 -18.24174 4.1758 7.18767 -18.86674 4.12155 7.15662 -18.86674 4.1758 7.12517 -18.24174 4.22981 7.12517 -18.86674 4.22981 3.14679 -18.69584 5.47483 2.85452 -18.24174 5.21859 2.96277 -18.24174 5.15609 4.03902 -18.86674 7.2702 4.03902 -18.24174 7.2702 2.85452 -18.24174 5.21859 3.31804 -18.86674 6.02141 3.03854 -18.69584 5.53733 3.03854 -18.69584 5.53733 3.14679 -18.69584 5.47483 2.96277 -18.24174 5.15609 3.55502 -18.24174 6.18189 3.42629 -18.86674 5.95891 4.14728 -18.24174 7.2077 4.14728 -18.86674 7.2077 4.14728 -18.24174 7.2077 4.09326 -18.24174 7.23916 4.14728 -18.86674 7.2077 4.09326 -18.86674 7.23916 4.03902 -18.24174 7.2702 4.03902 -18.86674 7.2702 -0.02885 -18.69584 6.35923 -0.15385 -18.24174 5.99118 -0.02885 -18.24174 5.99118 -0.15385 -18.86674 8.36018 -0.15385 -18.24174 8.36018 -0.15385 -18.24174 5.99118 -0.15385 -18.86674 6.91821 -0.15385 -18.69584 6.35923 -0.15385 -18.69584 6.35923 -0.02885 -18.69584 6.35923 -0.02885 -18.24174 5.99118 -0.02885 -18.24174 8.36018 -0.02885 -18.86674 8.36018 -0.02885 -18.24174 8.36018 -0.09135 -18.24174 8.36042 -0.02885 -18.86674 6.91821 -0.02885 -18.86674 8.36018 -0.09135 -18.86674 8.36042 -0.15385 -18.24174 8.36018 -0.15385 -18.86674 8.36018 -3.22125 -18.69584 5.53733 -3.14548 -18.24174 5.15609 -3.03723 -18.24174 5.21859 -4.32999 -18.86674 7.2077 -4.32999 -18.24174 7.2077 -3.14548 -18.24174 5.15609 -3.60899 -18.86674 5.95891 -3.3295 -18.69584 5.47483 -3.3295 -18.69584 5.47483 -3.22125 -18.69584 5.53733 -3.03723 -18.24174 5.21859 -3.62947 -18.24174 6.24439 -3.50075 -18.86674 6.02141 -4.22173 -18.24174 7.2702 -4.22173 -18.86674 7.2702 -4.22173 -18.24174 7.2702 -4.27597 -18.24174 7.23916 -4.22173 -18.86674 7.2702 -4.27597 -18.86674 7.23916 -4.32999 -18.24174 7.2077 -4.32999 -18.86674 7.2077 -5.575 -18.69584 3.22934 -5.31876 -18.24174 2.93706 -5.25626 -18.24174 3.04531 -7.37038 -18.86674 4.12155 -7.37038 -18.24174 4.12155 -5.31876 -18.24174 2.93706 -6.12158 -18.86674 3.40057 -5.6375 -18.69584 3.12108 -5.6375 -18.69584 3.12108 -5.575 -18.69584 3.22934 -5.25626 -18.24174 3.04531 -6.28206 -18.24174 3.63756 -6.05908 -18.86674 3.50882 -7.30788 -18.24174 4.22981 -7.30788 -18.86674 4.22981 -7.30788 -18.24174 4.22981 -7.33932 -18.24174 4.1758 -7.30788 -18.86674 4.22981 -7.33932 -18.86674 4.1758 -7.37038 -18.24174 4.12155 -7.37038 -18.86674 4.12155 -6.09135 -18.24174 -0.07132 -6.4594 -18.69584 0.05368 -6.09135 -18.24174 -0.07132 -6.09135 -18.24174 0.05368 -6.34456 -18.24174 -3.54694 -8.46036 -18.86674 -0.07132 -8.46036 -18.24174 -0.07132 -6.09135 -18.24174 -0.07132 -7.01839 -18.86674 -0.07132 -6.4594 -18.69584 -0.07132 -6.4594 -18.69584 -0.07132 -6.4594 -18.69584 0.05368 -6.09135 -18.24174 0.05368 -8.46036 -18.24174 0.05368 -8.46036 -18.86674 0.05368 -8.46036 -18.24174 0.05368 -8.46059 -18.24174 -0.00882 -7.01839 -18.86674 0.05368 -8.46036 -18.86674 0.05368 -8.46059 -18.86674 -0.00882 -8.46036 -18.24174 -0.07132 -8.46036 -18.86674 -0.07132 -5.6375 -18.69584 -3.13872 -5.25626 -18.24174 -3.06294 -5.31876 -18.24174 -2.95469 -7.30788 -18.86674 -4.24744 -7.30788 -18.24174 -4.24744 -5.25626 -18.24174 -3.06294 -6.05908 -18.86674 -3.52646 -5.575 -18.69584 -3.24696 -5.575 -18.69584 -3.24696 -5.6375 -18.69584 -3.13872 -5.31876 -18.24174 -2.95469 -6.34456 -18.24174 -3.54694 -6.12158 -18.86674 -3.4182 -7.37038 -18.24174 -4.13919 -7.37038 -18.86674 -4.13919 -7.37038 -18.24174 -4.13919 -7.33932 -18.24174 -4.19344 -7.37038 -18.86674 -4.13919 -7.33932 -18.86674 -4.19344 -7.30788 -18.24174 -4.24744 -7.30788 -18.86674 -4.24744 -3.3295 -18.69584 -5.49245 -3.03723 -18.24174 -5.23622 -3.14548 -18.24174 -5.17372 -4.22173 -18.86674 -7.28783 -4.22173 -18.24174 -7.28783 -3.03723 -18.24174 -5.23622 -3.50075 -18.86674 -6.03905 -3.22125 -18.69584 -5.55495 -3.22125 -18.69584 -5.55495 -3.3295 -18.69584 -5.49245 -3.14548 -18.24174 -5.17372 -3.73773 -18.24174 -6.19952 -3.60899 -18.86674 -5.97655 -4.32999 -18.24174 -7.22533 -4.32999 -18.86674 -7.22533 -4.32999 -18.24174 -7.22533 -4.27597 -18.24174 -7.25678 -4.32999 -18.86674 -7.22533 -4.27597 -18.86674 -7.25678 -4.22173 -18.24174 -7.28783 -4.22173 -18.86674 -7.28783 -0.15385 -18.69584 -6.37686 -0.02885 -18.24174 -6.00882 -0.15385 -18.24174 -6.00882 -0.02885 -18.86674 -8.37782 -0.02885 -18.24174 -8.37782 -0.02885 -18.24174 -6.00882 -0.02885 -18.86674 -6.93584 -0.02885 -18.69584 -6.37686 -0.02885 -18.69584 -6.37686 -0.15385 -18.69584 -6.37686 -0.15385 -18.24174 -6.00882 -0.15385 -18.24174 -8.37782 -0.15385 -18.86674 -8.37782 -0.15385 -18.24174 -8.37782 -0.09135 -18.24174 -8.37805 -0.15385 -18.86674 -6.93584 -0.15385 -18.86674 -8.37782 -0.09135 -18.86674 -8.37805 -0.02885 -18.24174 -8.37782 -0.02885 -18.86674 -8.37782 -0.09135 -18.1722 8.92452 -0.09135 -18.24174 8.7515 2.37543 -18.24174 8.39701 -2.40347 -18.1722 8.62012 -2.55812 -18.24174 8.39701 -0.09135 -18.24174 8.7515 -0.09135 -18.1722 8.92452 4.3753 -18.1722 7.72768 4.64417 -18.24174 7.36122 2.22076 -18.1722 8.62012 6.22546 -18.1722 6.308 6.52896 -18.24174 5.72821 7.64514 -18.1722 4.45785 7.8772 -18.24174 3.6304 8.53758 -18.1722 2.3033 8.5797 -18.24174 1.23787 8.84198 -18.1722 -0.00882 8.5797 -18.24174 -1.25551 8.53758 -18.1722 -2.32093 7.8772 -18.24174 -3.64803 7.64514 -18.1722 -4.47548 6.52896 -18.24174 -5.74585 6.22546 -18.1722 -6.32564 4.64417 -18.24174 -7.37885 4.3753 -18.1722 -7.74531 2.37541 -18.24174 -8.41465 2.22076 -18.1722 -8.63776 -0.09135 -18.24174 -8.76914 -0.09135 -18.1722 -8.94215 -0.09135 -18.24174 -8.76914 -2.55814 -18.24174 -8.41465 -0.09135 -18.1722 -8.94215 -4.55801 -18.1722 -7.74531 -4.82687 -18.24174 -7.37885 -2.40347 -18.1722 -8.63776 -6.40817 -18.1722 -6.32564 -6.71167 -18.24174 -5.74585 -7.82785 -18.1722 -4.47548 -8.05991 -18.24174 -3.64803 -8.72029 -18.1722 -2.32093 -8.76241 -18.24174 -1.2555 -9.02469 -18.1722 -0.00882 -8.76241 -18.24174 1.23787 -8.72029 -18.1722 2.3033 -8.05991 -18.24174 3.63041 -7.82785 -18.1722 4.45785 -6.71167 -18.24174 5.72822 -6.40817 -18.1722 6.308 -4.82687 -18.24174 7.36122 -4.55801 -18.1722 7.72768 2.40634 -2.85621 -9.32866 -0.09135 -18.00227 -9.01891 -0.09135 -2.85621 -9.6576 -1.37361 -18.00227 -8.92721 -0.09135 -2.85621 -9.6576 -0.09135 -18.00227 -9.01891 2.41045 -2.85621 -9.34351 2.40634 -2.85621 -9.32866 -0.09135 -2.85621 -9.6576 -2.58849 -2.85621 -9.32881 -0.09198 -2.85621 -9.67289 -2.58849 -2.85621 -9.32881 1.1909 -18.00227 -8.92721 -0.09135 -18.00227 -9.01891 1.1909 -18.00227 -8.92721 -1.37361 -18.00227 -8.92721 -0.09135 -18.00227 -9.01891 2.44707 -18.00227 -8.65395 2.44707 -18.00227 -8.65395 4.7329 -2.85621 -8.36487 3.65157 -18.00227 -8.2047 3.65157 -18.00227 -8.2047 4.77986 -18.00227 -7.5886 4.77986 -18.00227 -7.5886 6.7309 -2.85621 -6.83192 5.80901 -18.00227 -6.8182 5.80901 -18.00227 -6.8182 6.71802 -18.00227 -5.90918 6.71802 -18.00227 -5.90918 8.26469 -2.85621 -4.83328 7.48842 -18.00227 -4.88005 7.48842 -18.00227 -4.88005 8.10452 -18.00227 -3.75175 8.10452 -18.00227 -3.75175 9.22871 -2.85621 -2.50565 8.55377 -18.00227 -2.54726 8.55377 -18.00227 -2.54726 8.82703 -18.00227 -1.29109 8.82703 -18.00227 -1.29109 9.55731 -2.85621 -0.00882 8.91875 -18.00227 -0.00882 8.91875 -18.00227 -0.00882 9.22871 -2.85621 2.48801 8.82703 -18.00227 1.27346 8.82703 -18.00227 1.27346 8.55377 -18.00227 2.52962 8.55377 -18.00227 2.52962 8.26469 -2.85621 4.81565 8.10452 -18.00227 3.73412 8.10452 -18.00227 3.73412 7.48842 -18.00227 4.86242 7.48842 -18.00227 4.86242 6.7309 -2.85621 6.8143 6.71802 -18.00227 5.89155 6.71802 -18.00227 5.89155 5.80901 -18.00227 6.80057 5.80901 -18.00227 6.80057 4.7329 -2.85621 8.34723 4.77986 -18.00227 7.57097 4.77986 -18.00227 7.57097 3.65157 -18.00227 8.18706 3.65157 -18.00227 8.18706 2.40634 -2.85621 9.31102 2.44707 -18.00227 8.63631 2.44707 -18.00227 8.63631 1.1909 -18.00227 8.90957 1.1909 -18.00227 8.90957 -0.09135 -2.85621 9.63997 -0.09135 -18.00227 9.00128 -0.09135 -18.00227 9.00128 -2.58929 -2.85621 9.31096 -0.09135 -18.00227 9.00128 -0.09135 -2.85621 9.63997 -1.37361 -18.00227 8.90957 -0.09135 -18.00227 9.00128 -1.37361 -18.00227 8.90957 -0.09198 -2.85621 9.6499 -0.09135 -2.85621 9.63997 2.40634 -2.85621 9.31102 -2.58929 -2.85621 9.31096 2.40906 -2.85621 9.32069 4.7329 -2.85621 8.34723 4.73796 -2.85621 8.35582 6.7309 -2.85621 6.8143 6.73804 -2.85621 6.82135 8.26469 -2.85621 4.81565 8.27365 -2.85621 4.81999 9.22871 -2.85621 2.48801 9.2381 -2.85621 2.49141 9.55731 -2.85621 -0.00882 9.24327 -2.85621 -2.51043 9.22871 -2.85621 -2.50565 9.56744 -2.85621 -0.00882 8.27829 -2.85621 -4.8403 8.26469 -2.85621 -4.83328 6.74182 -2.85621 -6.84277 6.7309 -2.85621 -6.83192 4.74065 -2.85621 -8.37809 4.7329 -2.85621 -8.36487 2.46092 2.14379 9.51468 -0.09135 2.26879 9.85609 -0.09135 2.14379 9.85082 -2.64456 2.26879 9.51995 -0.09135 2.14379 9.85082 -0.09135 2.26879 9.85609 2.46364 2.14379 9.52435 2.46092 2.14379 9.51468 -0.09135 2.14379 9.85082 -2.64305 2.14379 9.51484 -0.092 2.14379 9.86074 -2.64305 2.14379 9.51484 2.46185 2.26879 9.51995 -0.09135 2.32804 9.8658 -0.09135 2.26879 9.85609 2.46185 2.26879 9.51995 -1.4809 2.38326 9.79132 -2.64456 2.26879 9.51995 -0.09135 2.26879 9.85609 -0.09135 2.32804 9.8658 4.8383 2.14379 8.52983 4.8411 2.26879 8.53445 2.65865 2.38326 9.49967 4.8411 2.26879 8.53445 1.29819 2.38326 9.79132 -0.09135 2.38326 9.88936 6.87997 2.14379 6.96339 6.88419 2.26879 6.96673 5.00513 2.43872 8.52715 6.88419 2.26879 6.96673 2.65865 2.43875 9.54496 8.4473 2.14379 4.92107 8.45191 2.26879 4.92364 7.0153 2.43872 6.94331 8.45191 2.26879 4.92364 9.43237 2.14379 2.54257 9.43741 2.26879 2.54441 8.55458 2.43872 4.8988 9.43741 2.26879 2.54441 9.76816 2.14379 -0.00882 9.77355 2.26879 -0.00882 9.52092 2.43872 2.52908 9.77355 2.26879 -0.00882 9.43237 2.14379 -2.5602 9.43741 2.26879 -2.56204 9.85031 2.43872 -0.0088 9.43741 2.26879 -2.56204 8.45191 2.26879 -4.94127 8.55458 2.43872 -4.91641 8.45191 2.26879 -4.94127 9.52092 2.43872 -2.54669 8.4473 2.14379 -4.9387 6.88419 2.26879 -6.98436 7.01532 2.43872 -6.96093 6.88419 2.26879 -6.98436 6.87997 2.14379 -6.98103 4.8411 2.26879 -8.55208 5.00514 2.43872 -8.54477 4.8411 2.26879 -8.55208 4.8383 2.14379 -8.54746 2.46185 2.26879 -9.53758 2.65865 2.38326 -9.5173 2.46185 2.26879 -9.53758 -0.09135 2.14379 -9.86845 -0.09135 2.26879 -9.87372 1.29817 2.38326 -9.80895 -0.09135 2.26879 -9.87372 2.46092 2.14379 -9.53231 -2.64387 2.14379 -9.53224 -0.09135 2.26879 -9.87372 -0.09135 2.14379 -9.86845 -2.64456 2.26879 -9.53758 -0.09135 2.32804 -9.88343 -0.09135 2.26879 -9.87372 -2.64456 2.26879 -9.53758 -0.09135 2.32804 -9.88343 -0.092 2.14379 -9.88373 -0.09135 2.14379 -9.86845 2.46092 2.14379 -9.53231 -2.64387 2.14379 -9.53224 2.46503 2.14379 -9.54716 4.8383 2.14379 -8.54746 4.84607 2.14379 -8.56068 6.87997 2.14379 -6.98103 6.8909 2.14379 -6.99188 8.4473 2.14379 -4.9387 8.46089 2.14379 -4.94571 9.43237 2.14379 -2.5602 9.44693 2.14379 -2.56501 9.76816 2.14379 -0.00882 9.44174 2.14379 2.54599 9.43237 2.14379 2.54257 9.77829 2.14379 -0.00882 8.45625 2.14379 4.9254 8.4473 2.14379 4.92107 6.88711 2.14379 6.97045 6.87997 2.14379 6.96339 4.84338 2.14379 8.53841 4.8383 2.14379 8.52983 -2.62978 -18.00227 8.63631 -2.62978 -18.00227 8.63631 -4.91599 -2.85621 8.34701 -3.83427 -18.00227 8.18706 -3.83427 -18.00227 8.18706 -4.96257 -18.00227 7.57097 -4.96257 -18.00227 7.57097 -6.91402 -2.85621 6.81388 -5.99171 -18.00227 6.80057 -5.99171 -18.00227 6.80057 -6.90073 -18.00227 5.89155 -6.90073 -18.00227 5.89155 -8.44775 -2.85621 4.81506 -7.67113 -18.00227 4.86242 -7.67113 -18.00227 4.86242 -8.28723 -18.00227 3.73412 -8.28723 -18.00227 3.73412 -9.41162 -2.85621 2.48728 -8.73648 -18.00227 2.52962 -8.73648 -18.00227 2.52962 -9.00974 -18.00227 1.27346 -9.00974 -18.00227 1.27346 -9.74002 -2.85621 -0.00963 -9.10146 -18.00227 -0.00882 -9.10146 -18.00227 -0.00882 -9.00974 -18.00227 -1.29109 -9.00974 -18.00227 -1.29109 -9.41119 -2.85621 -2.50648 -8.73648 -18.00227 -2.54726 -8.73648 -18.00227 -2.54726 -8.44695 -2.85621 -4.83407 -8.28723 -18.00227 -3.75175 -8.28723 -18.00227 -3.75175 -7.67113 -18.00227 -4.88005 -7.67113 -18.00227 -4.88005 -6.91292 -2.85621 -6.83261 -6.90073 -18.00227 -5.90918 -6.90073 -18.00227 -5.90918 -5.99171 -18.00227 -6.8182 -5.99171 -18.00227 -6.8182 -4.91473 -2.85621 -8.36537 -4.96257 -18.00227 -7.5886 -4.96257 -18.00227 -7.5886 -3.83427 -18.00227 -8.2047 -3.83427 -18.00227 -8.2047 -2.62978 -18.00227 -8.65395 -2.62978 -18.00227 -8.65395 -2.59233 -2.85621 -9.34359 -4.91473 -2.85621 -8.36537 -4.92075 -2.85621 -8.3795 -6.91292 -2.85621 -6.83261 -6.9249 -2.85621 -6.84162 -8.44695 -2.85621 -4.83407 -8.45996 -2.85621 -4.84116 -9.41119 -2.85621 -2.50648 -9.42586 -2.85621 -2.50942 -9.74002 -2.85621 -0.00963 -9.42586 -2.85621 2.49179 -9.41162 -2.85621 2.48728 -9.75488 -2.85621 -0.00882 -8.45996 -2.85621 4.82353 -8.44775 -2.85621 4.81506 -6.92479 -2.85621 6.82406 -6.91402 -2.85621 6.81388 -4.92319 -2.85621 8.36017 -4.91599 -2.85621 8.34701 -2.59082 -2.85621 9.32084 -4.92075 -2.85621 8.35595 -5.0238 2.26879 -8.55208 -2.84135 2.38326 -9.5173 -5.0238 2.26879 -8.55208 -0.09135 2.38326 -9.90699 -1.48088 2.38326 -9.80895 -5.02141 2.14379 -8.54723 -7.06689 2.26879 -6.98436 -5.1877 2.43872 -8.54486 -7.06689 2.26879 -6.98436 -2.84135 2.43911 -9.56299 -7.06309 2.14379 -6.98061 -8.63461 2.26879 -4.94127 -7.19794 2.43872 -6.96103 -8.63461 2.26879 -4.94127 -8.63036 2.14379 -4.93809 -9.62012 2.26879 -2.56204 -8.73724 2.43872 -4.9165 -9.62012 2.26879 -2.56204 -9.61528 2.14379 -2.55946 -9.95625 2.26879 -0.00882 -9.70361 2.43872 -2.54675 -9.95625 2.26879 -0.00882 -9.95087 2.14379 -0.00798 -9.62012 2.26879 2.54441 -10.03302 2.43872 -0.00882 -9.62012 2.26879 2.54441 -9.61485 2.14379 2.54343 -8.63461 2.26879 4.92364 -8.73724 2.43872 4.89886 -8.63461 2.26879 4.92364 -9.70361 2.43872 2.52911 -8.62953 2.14379 4.92188 -7.06689 2.26879 6.96673 -7.19794 2.43872 6.94339 -7.06689 2.26879 6.96673 -7.06198 2.14379 6.96409 -5.0238 2.26879 8.53445 -5.1877 2.43872 8.52723 -5.0238 2.26879 8.53445 -5.02014 2.14379 8.53033 -2.84135 2.38326 9.49967 -2.64539 2.14379 9.5245 -5.02014 2.14379 8.53033 -5.02617 2.14379 8.53854 -7.06198 2.14379 6.96409 -7.07388 2.14379 6.97314 -8.62953 2.14379 4.92188 -5.02861 2.14379 8.54277 -8.64255 2.14379 4.92896 -9.61485 2.14379 2.54343 -9.62953 2.14379 2.54635 -9.95087 2.14379 -0.00798 -9.62953 2.14379 -2.56398 -9.61528 2.14379 -2.55946 -9.96571 2.14379 -0.00882 -8.64255 2.14379 -4.94659 -8.63036 2.14379 -4.93809 -7.07399 2.14379 -6.9907 -7.06309 2.14379 -6.98061 -5.02615 2.14379 -8.5621 -5.02141 2.14379 -8.54723 -2.64688 2.14379 -9.54725 2.32147 -18.86674 8.20665 2.35669 -18.86674 8.32659 -0.09135 -18.86674 8.67868 -0.09135 -18.86674 8.55368 -2.5394 -18.86674 8.32659 4.53812 -18.86674 7.19414 4.6057 -18.86674 7.29929 6.37958 -18.86674 5.59845 6.47405 -18.86674 5.6803 7.6971 -18.86674 3.5486 7.81079 -18.86674 3.60053 8.38393 -18.86674 1.21012 8.50765 -18.86674 1.22792 8.50765 -18.86674 -1.24555 8.38393 -18.86674 -1.22776 7.81079 -18.86674 -3.61816 7.6971 -18.86674 -3.56623 6.47405 -18.86674 -5.69794 6.37958 -18.86674 -5.61607 4.6057 -18.86674 -7.31693 4.53812 -18.86674 -7.21177 2.35669 -18.86674 -8.34422 -0.09135 -18.86674 -8.57132 -0.09135 -18.86674 -8.69632 2.32147 -18.86674 -8.22429 -2.50418 -18.86674 -8.22429 -2.5394 -18.86674 -8.34422 -4.72082 -18.86674 -7.21177 -4.78841 -18.86674 -7.31693 -6.56229 -18.86674 -5.61607 -6.65675 -18.86674 -5.69794 -7.87981 -18.86674 -3.56623 -7.9935 -18.86674 -3.61816 -8.56664 -18.86674 -1.22776 -8.69035 -18.86693 -1.24555 -8.69035 -18.86674 1.22792 -8.56664 -18.86674 1.21012 -7.9935 -18.86674 3.60053 -7.87981 -18.86674 3.5486 -6.65675 -18.86674 5.6803 -6.56229 -18.86674 5.59845 -4.78841 -18.86674 7.29929 -4.72082 -18.86674 7.19414 -2.50418 -18.86674 8.20665 2.26863 -18.86674 8.02675 2.28626 -18.86674 8.08672 -0.09135 -18.86674 8.42868 -0.09135 -18.86674 8.36618 -2.46896 -18.86674 8.08672 4.43674 -18.86674 7.03641 4.47053 -18.86674 7.08899 6.23788 -18.86674 5.47566 6.28511 -18.86674 5.51659 7.52653 -18.86674 3.4707 7.58339 -18.86674 3.49667 8.19833 -18.86674 1.18343 8.26019 -18.86674 1.19233 8.26019 -18.86674 -1.20996 8.19833 -18.86674 -1.20106 7.58339 -18.86674 -3.5143 7.52653 -18.86674 -3.48833 6.28511 -18.86674 -5.53422 6.23788 -18.86674 -5.49329 4.47053 -18.86674 -7.10662 4.43674 -18.86674 -7.05405 2.28626 -18.86674 -8.10435 -0.09135 -18.86674 -8.38382 -0.09135 -18.86674 -8.44632 2.26863 -18.86674 -8.04439 -2.45134 -18.86674 -8.04439 -2.46896 -18.86674 -8.10435 -4.61945 -18.86674 -7.05405 -4.65324 -18.86674 -7.10662 -6.42059 -18.86674 -5.49329 -6.46782 -18.86674 -5.53422 -7.70924 -18.86674 -3.48833 -7.7661 -18.86674 -3.5143 -8.38104 -18.86674 -1.20106 -8.4429 -18.86674 -1.20996 -8.4429 -18.86674 1.19233 -8.38104 -18.86674 1.18343 -7.7661 -18.86674 3.49667 -7.70924 -18.86674 3.4707 -6.46782 -18.86674 5.51659 -6.42059 -18.86674 5.47566 -4.65324 -18.86674 7.08899 -4.61945 -18.86674 7.03641 -2.45134 -18.86674 8.02675 1.76808 -18.86674 5.10086 1.78975 -18.86674 5.15949 -0.09135 -18.86674 5.49118 -0.09135 -18.86674 5.42868 -1.97246 -18.86674 5.15949 3.40347 -18.86674 4.15677 3.44399 -18.86674 4.20443 4.61745 -18.86674 2.71016 4.67178 -18.86674 2.74118 5.26343 -18.86674 0.93549 5.32509 -18.86674 0.94625 5.32509 -18.86674 -0.96388 5.26343 -18.86674 -0.95312 4.67178 -18.86674 -2.75882 4.61745 -18.86674 -2.72779 3.44399 -18.86674 -4.22206 3.40347 -18.86674 -4.1744 1.78975 -18.86674 -5.17712 -0.09135 -18.86674 -5.44632 -0.09135 -18.86674 -5.50882 1.76808 -18.86674 -5.11848 -1.95079 -18.86674 -5.11848 -1.97246 -18.86674 -5.17712 -3.58618 -18.86674 -4.1744 -3.62669 -18.86674 -4.22206 -4.80016 -18.86674 -2.72779 -4.85449 -18.86674 -2.75882 -5.44614 -18.86674 -0.95312 -5.5078 -18.86674 -0.96388 -5.5078 -18.86674 0.94625 -5.44614 -18.86674 0.93549 -4.85449 -18.86674 2.74118 -4.80016 -18.86674 2.71016 -3.62669 -18.86674 4.20443 -3.58618 -18.86674 4.15677 -1.95079 -18.86674 5.10086 -0.09135 -17.61674 5.42868 -0.09135 -18.86674 5.42868 -1.95079 -18.86674 5.10086 1.76837 -17.61674 5.10076 1.76808 -18.86674 5.10086 -0.09135 -18.86674 5.42868 -0.09135 -17.61674 5.42868 -1.95108 -17.61674 5.10076 -3.58618 -18.86674 4.15677 -3.5865 -17.61674 4.15655 -4.80016 -18.86674 2.71016 -4.80037 -17.61674 2.70994 -5.44614 -18.86674 0.93549 -5.44624 -17.61674 0.9354 -5.44614 -18.86674 -0.95312 -5.44624 -17.61674 -0.95303 -4.80016 -18.86674 -2.72779 -4.80037 -17.61674 -2.72757 -3.58618 -18.86674 -4.1744 -3.5865 -17.61674 -4.17419 -1.95079 -18.86674 -5.11848 -1.95108 -17.61674 -5.1184 -0.09135 -18.86674 -5.44632 -0.09135 -17.61674 -5.44632 -0.09135 -18.86674 -5.44632 1.76808 -18.86674 -5.11848 -0.09135 -17.61674 -5.44632 1.76837 -17.61674 -5.1184 3.40347 -18.86674 -4.1744 3.40379 -17.61674 -4.17419 4.61745 -18.86674 -2.72779 4.61766 -17.61674 -2.72757 5.26343 -18.86674 -0.95312 5.26354 -17.61674 -0.95303 5.26343 -18.86674 0.93549 5.26354 -17.61674 0.9354 4.61745 -18.86674 2.71016 4.61766 -17.61674 2.70994 3.40347 -18.86674 4.15677 3.40379 -17.61674 4.15655 -1.86438 -17.36674 4.86628 -1.86441 -17.36674 -4.8839 -0.09135 -17.36674 -5.19632 -0.09135 -17.43997 -5.37309 -0.09135 -17.36674 -5.19632 -1.86441 -17.36674 -4.8839 -0.09135 -17.36674 5.17868 1.68167 -17.36674 -4.88391 1.5663 -17.43997 -5.11054 1.68167 -17.36674 -4.88391 -0.09135 -17.36674 -5.19632 -0.09135 -17.43997 -5.37309 -3.42512 -17.36674 3.96562 -3.42514 -17.36674 -3.98324 -3.2444 -17.43997 -4.34861 -3.42514 -17.36674 -3.98324 -1.74901 -17.43997 -5.11054 -4.58359 -17.36674 2.58541 -4.5836 -17.36674 -2.60302 -4.43115 -17.43997 -3.16186 -4.5836 -17.36674 -2.60302 -5.20001 -17.36674 0.89217 -5.20001 -17.36674 -0.90978 -5.19308 -17.43997 -1.66647 -5.20001 -17.36674 -0.90978 -5.45563 -17.43997 -0.00882 -5.20001 -17.36674 0.89217 -5.19308 -17.43997 1.64884 -4.58359 -17.36674 2.58541 -4.43115 -17.43997 3.14423 -3.42512 -17.36674 3.96562 -3.2444 -17.43997 4.33097 -1.86438 -17.36674 4.86628 -1.74901 -17.43997 5.09291 -0.09135 -17.36674 5.17868 1.6817 -17.36674 4.86627 -0.09135 -17.43997 5.35546 -0.09135 -17.36674 5.17868 1.6817 -17.36674 4.86627 -0.09135 -17.43997 5.35546 3.24242 -17.36674 -3.98325 3.24243 -17.36674 3.96561 3.06169 -17.43997 4.33097 3.24243 -17.36674 3.96561 1.5663 -17.43997 5.09291 4.40088 -17.36674 -2.60304 4.40089 -17.36674 2.58539 4.24844 -17.43997 3.14423 4.40089 -17.36674 2.58539 5.0173 -17.36674 -0.90981 5.0173 -17.36674 0.89215 5.01038 -17.43997 1.64884 5.0173 -17.36674 0.89215 5.27292 -17.43997 -0.00882 5.0173 -17.36674 -0.90981 5.01038 -17.43997 -1.66647 4.40088 -17.36674 -2.60304 4.24844 -17.43997 -3.16186 3.24242 -17.36674 -3.98325 3.06169 -17.43997 -4.34861 -1.95108 -17.61674 -5.1184 -0.09135 -17.61674 -5.44632 -0.09135 -17.61674 -5.44632 1.76837 -17.61674 -5.1184 -0.09135 -17.61674 5.42868 -1.95108 -17.61674 5.10076 1.76837 -17.61674 5.10076 -0.09135 -17.61674 5.42868 -3.5865 -17.61674 4.15655 -4.80037 -17.61674 2.70994 -5.44624 -17.61674 0.9354 -5.44624 -17.61674 -0.95303 -4.80037 -17.61674 -2.72757 -3.5865 -17.61674 -4.17419 3.40379 -17.61674 -4.17419 4.61766 -17.61674 -2.72757 5.26354 -17.61674 -0.95303 5.26354 -17.61674 0.9354 4.61766 -17.61674 2.70994 3.40379 -17.61674 4.15655 5.0613 2.50826 8.69501 5.10408 2.50826 8.82686 2.65865 2.50826 9.86539 5.13107 2.54487 8.91354 2.65865 2.50826 9.86539 5.10408 2.50826 8.82686 2.65865 2.50826 9.72485 2.65865 2.41726 10.08251 2.65865 2.50826 9.72485 2.65865 2.50826 9.86539 2.65865 2.54489 9.95713 2.65865 2.54489 9.95713 7.1194 2.50826 7.08422 7.19983 2.50826 7.19529 7.25157 2.54487 7.2688 7.19983 2.50826 7.19529 8.69588 2.50826 5.0002 8.80591 2.50826 5.08033 8.8773 2.54487 5.13369 8.80591 2.50826 5.08033 9.68578 2.50826 2.58211 9.81482 2.50826 2.62354 9.89874 2.54487 2.65208 9.81482 2.50826 2.62354 10.02324 2.50826 -0.00875 10.15865 2.50826 -0.01079 10.24704 2.54487 -0.00882 10.15865 2.50826 -0.01079 9.81375 2.50826 -2.64518 9.81375 2.50826 -2.64518 9.68581 2.50826 -2.59963 8.80368 2.50826 -5.10184 9.89874 2.54487 -2.66972 8.80368 2.50826 -5.10184 8.69592 2.50826 -5.01774 7.19638 2.50826 -7.21641 8.8773 2.54487 -5.15132 7.19638 2.50826 -7.21641 7.11946 2.50826 -7.10179 5.09958 2.50826 -8.84709 7.25157 2.54487 -7.28643 5.09958 2.50826 -8.84709 2.65865 2.50826 -9.74249 2.65865 2.50826 -9.88303 5.13107 2.54487 -8.93118 2.65865 2.50826 -9.88303 5.06136 2.50826 -8.71262 2.65865 2.47084 -9.60569 2.65865 2.50826 -9.88303 2.65865 2.50826 -9.74249 2.65865 2.43864 -9.56247 2.65865 2.41726 -10.10014 2.65865 2.54489 -9.97477 2.65865 3.25826 -12.26272 2.65865 2.54489 -9.97477 2.65865 2.47084 -9.60569 2.65865 2.50826 -9.74249 5.06136 2.50826 -8.71262 7.11946 2.50826 -7.10179 2.65865 2.43864 -9.56247 8.69592 2.50826 -5.01774 9.68581 2.50826 -2.59963 10.02324 2.50826 -0.00875 9.68578 2.50826 2.58211 8.69588 2.50826 5.0002 7.1194 2.50826 7.08422 5.0613 2.50826 8.69501 2.65865 2.47124 9.58874 2.65865 2.50826 9.72485 2.65865 2.47124 9.58874 -5.2869 2.50826 8.82679 -2.84135 2.50826 9.72485 -2.84135 2.50826 9.86539 -2.84135 2.47545 9.59613 -2.84135 2.50826 9.86539 -2.84135 2.50826 9.72485 -5.31378 2.54487 8.91354 -5.2869 2.50826 8.82679 -2.84135 2.50826 9.86539 -2.84135 2.43913 9.54537 -2.84135 2.41726 10.08251 -2.84135 2.54489 9.95713 -2.84135 3.25826 12.24509 -2.84135 2.54489 9.95713 -5.244 2.50826 8.69501 -2.84135 2.47545 9.59613 -2.84135 2.50826 9.72485 -5.244 2.50826 8.69501 -7.30211 2.50826 7.08422 -7.30211 2.50826 7.08422 -2.84135 2.43913 9.54537 -7.38272 2.50826 7.1951 -8.87859 2.50826 5.0002 -8.87859 2.50826 5.0002 -8.98882 2.50826 5.07998 -9.86848 2.50826 2.58211 -9.86848 2.50826 2.58211 -9.99767 2.50826 2.62302 -10.20595 2.50826 -0.00875 -10.20595 2.50826 -0.00875 -9.99631 2.50826 -2.64574 -9.86852 2.50826 -2.59963 -9.86852 2.50826 -2.59963 -10.34135 2.50826 -0.01143 -8.98611 2.50826 -5.10231 -8.87863 2.50826 -5.01774 -8.87863 2.50826 -5.01774 -7.37874 2.50826 -7.21676 -7.30217 2.50826 -7.10179 -7.30217 2.50826 -7.10179 -5.28191 2.50826 -8.84732 -5.24406 2.50826 -8.71262 -5.24406 2.50826 -8.71262 -2.84135 2.50826 -9.88303 -2.84135 2.50826 -9.74249 -2.84135 2.47544 -9.61374 -2.84135 2.50826 -9.74249 -2.84135 2.41726 -10.10014 -2.84135 2.50826 -9.74249 -2.84135 2.50826 -9.88303 -2.84135 2.47544 -9.61374 -5.31378 2.54487 -8.93118 -2.84135 2.50826 -9.88303 -5.28191 2.50826 -8.84732 -2.84135 2.54489 -9.97477 -2.84135 2.54489 -9.97477 -7.43428 2.54487 -7.28643 -7.37874 2.50826 -7.21676 -9.06001 2.54487 -5.15132 -8.98611 2.50826 -5.10231 -10.08145 2.54487 -2.66972 -9.99631 2.50826 -2.64574 -10.34135 2.50826 -0.01143 -10.42975 2.54487 -0.00882 -9.99767 2.50826 2.62302 -10.08145 2.54487 2.65208 -8.98882 2.50826 5.07998 -9.06001 2.54487 5.13369 -7.38272 2.50826 7.1951 -7.43428 2.54487 7.2688 5.14256 2.63326 8.94924 2.65865 7.63326 9.99509 2.65865 2.63326 9.99509 2.65865 3.25826 12.24509 2.65865 2.63326 9.99509 2.65865 7.63326 9.99509 5.14256 2.63326 8.94924 2.65865 2.63326 9.99509 5.14256 7.63326 8.94924 5.15402 7.72165 8.98494 2.65865 7.63326 9.99509 5.14256 7.63326 8.94924 2.65865 7.72059 10.03197 2.65865 7.66879 10.92898 2.65865 7.72059 10.03197 2.65865 4.38326 12.24509 2.65865 7.43239 11.11225 7.27328 2.63326 7.2989 7.27328 7.63326 7.2989 7.29498 7.72165 7.32901 7.27328 7.63326 7.2989 8.90704 2.63326 5.15542 8.90704 7.63326 5.15542 8.93677 7.72165 5.17718 8.90704 7.63326 5.15542 9.93359 2.63326 2.66347 9.93359 7.63326 2.66347 9.96844 7.72165 2.67488 9.93359 7.63326 2.66347 10.28365 2.63326 -0.00882 10.28365 7.63326 -0.00882 10.28365 7.63326 -0.00882 9.93359 2.63326 -2.6811 9.93359 7.63326 -2.6811 10.32025 7.72165 -0.00879 9.93359 7.63326 -2.6811 8.90704 2.63326 -5.17306 8.90704 7.63326 -5.17306 9.96846 7.72165 -2.69245 8.90704 7.63326 -5.17306 7.27328 2.63326 -7.31653 7.27328 7.63326 -7.31653 8.9368 7.72165 -5.19476 7.27328 7.63326 -7.31653 5.14256 2.63326 -8.96687 5.14256 7.63326 -8.96687 7.29503 7.72165 -7.3466 5.14256 7.63326 -8.96687 2.65865 2.63326 -10.01272 2.65865 7.63326 -10.01272 5.15407 7.72165 -9.00254 2.65865 7.63326 -10.01272 2.65865 7.43239 -11.12988 2.65865 7.63326 -10.01272 2.65865 2.63326 -10.01272 2.65865 7.72164 -10.05068 2.65865 7.66879 -10.94661 2.65865 7.72164 -10.05068 2.65865 2.63326 -10.01272 5.14256 2.63326 -8.96687 2.65865 4.38326 -12.26272 7.27328 2.63326 -7.31653 8.90704 2.63326 -5.17306 9.93359 2.63326 -2.6811 10.28365 2.63326 -0.00882 9.93359 2.63326 2.66347 8.90704 2.63326 5.15542 7.27328 2.63326 7.2989 -5.32527 7.63326 8.94924 -5.32527 2.63326 8.94924 -2.84135 2.63326 9.99509 -2.84135 2.63326 9.99509 -5.32527 2.63326 8.94924 -2.84135 7.63326 9.99509 -2.84135 7.43239 11.11225 -2.84135 7.63326 9.99509 -2.84135 2.63326 9.99509 -2.84135 4.38326 12.24509 -7.45599 7.63326 7.2989 -7.45599 2.63326 7.2989 -7.45599 2.63326 7.2989 -9.08975 7.63326 5.15542 -9.08975 2.63326 5.15542 -9.08975 2.63326 5.15542 -10.1163 7.63326 2.66347 -10.1163 2.63326 2.66347 -10.1163 2.63326 2.66347 -10.46635 7.63326 -0.00882 -10.46635 2.63326 -0.00882 -10.46635 2.63326 -0.00882 -10.1163 7.63326 -2.6811 -10.1163 2.63326 -2.6811 -10.1163 2.63326 -2.6811 -9.08975 7.63326 -5.17306 -9.08975 2.63326 -5.17306 -9.08975 2.63326 -5.17306 -7.45599 7.63326 -7.31653 -7.45599 2.63326 -7.31653 -7.45599 2.63326 -7.31653 -5.32527 7.63326 -8.96687 -5.32527 2.63326 -8.96687 -5.32527 2.63326 -8.96687 -2.84135 7.63326 -10.01272 -2.84135 2.63326 -10.01272 -2.84135 2.63326 -10.01272 -2.84135 3.25826 -12.26272 -2.84135 2.63326 -10.01272 -2.84135 7.63326 -10.01272 -5.33675 7.72165 -9.00256 -2.84135 7.63326 -10.01272 -5.32527 7.63326 -8.96687 -2.84135 7.72082 -10.04984 -2.84135 7.66879 -10.94661 -2.84135 7.72082 -10.04984 -2.84135 4.38326 -12.26272 -2.84135 7.43239 -11.12988 -7.47771 7.72165 -7.34663 -7.45599 7.63326 -7.31653 -9.11949 7.72165 -5.1948 -9.08975 7.63326 -5.17306 -10.15115 7.72165 -2.6925 -10.1163 7.63326 -2.6811 -10.46635 7.63326 -0.00882 -10.50296 7.72165 -0.00883 -10.1163 7.63326 2.66347 -10.15115 7.72165 2.67483 -9.08975 7.63326 5.15542 -9.11951 7.72165 5.17713 -7.45599 7.63326 7.2989 -7.47772 7.72165 7.32897 -5.32527 7.63326 8.94924 -5.33678 7.72165 8.98492 -2.84135 7.63326 9.99509 -2.84135 7.72163 10.03305 -2.84135 7.66879 10.92898 -2.84135 7.72163 10.03305 5.18269 7.75826 9.07047 3.99472 7.75826 9.93435 2.65865 7.75826 10.38349 3.78334 7.83148 10.2079 2.65865 7.75826 10.38349 3.99472 7.75826 9.93435 2.65865 7.75826 10.12467 2.65865 7.75826 10.12467 2.65865 7.75826 10.38349 1.22572 7.83148 10.83829 2.59618 7.75826 10.39982 2.65865 7.75826 10.64355 2.65865 7.75826 10.38349 2.59618 7.75826 10.39982 2.65865 7.75826 10.64355 5.26047 7.75826 9.3143 5.26047 7.75826 9.3143 7.34825 7.75826 7.40065 6.43416 7.75826 8.53403 6.11577 7.83148 8.98375 6.43416 7.75826 8.53403 7.49567 7.75826 7.60694 7.49567 7.75826 7.60694 9.0091 7.75826 5.22851 8.42677 7.75826 6.54894 8.08745 7.83148 7.23698 8.42677 7.75826 6.54894 9.21147 7.75826 5.37819 9.21147 7.75826 5.37819 10.05292 7.75826 2.70095 9.8363 7.75826 4.11478 9.58383 7.83148 5.06911 9.8363 7.75826 4.11478 10.2905 7.75826 2.78037 10.2905 7.75826 2.78037 10.56621 7.75826 -1.41552 10.56621 7.75826 1.39791 10.51791 7.83148 2.60613 10.56621 7.75826 1.39791 10.40865 7.75826 -0.01126 10.65865 7.75826 -0.00882 10.65865 7.75826 -0.00882 10.83542 7.83148 -0.00882 10.65865 7.75826 -0.00882 10.56621 7.75826 -1.41552 10.83542 7.83148 -0.00882 10.29051 7.75826 -2.79797 10.51791 7.83148 -2.62376 10.29051 7.75826 -2.79797 10.0516 7.75826 -2.72346 9.83632 7.75826 -4.13238 9.83632 7.75826 -4.13238 9.00647 7.75826 -5.25072 9.21149 7.75826 -5.3958 9.58383 7.83148 -5.08674 9.21149 7.75826 -5.3958 8.42677 7.75826 -6.56655 8.42677 7.75826 -6.56655 7.34431 7.75826 -7.42222 7.49568 7.75826 -7.62456 8.08745 7.83148 -7.25461 7.49568 7.75826 -7.62456 6.43416 7.75826 -8.55166 6.43416 7.75826 -8.55166 5.17778 7.75826 -9.09091 5.26047 7.75826 -9.33193 6.11577 7.83148 -9.00137 5.26047 7.75826 -9.33193 3.99472 7.75826 -9.95198 3.99472 7.75826 -9.95198 2.65865 7.75826 -10.1423 2.65865 7.75826 -10.40112 3.78334 7.83148 -10.22553 2.65865 7.75826 -10.40112 2.65865 7.75826 -10.40112 2.65865 7.75826 -10.1423 2.59618 7.75826 -10.41745 2.53365 7.75826 -10.66119 2.59618 7.75826 -10.41745 2.65865 7.75826 -10.40112 2.65865 7.75826 -10.66119 2.65865 7.75826 -10.66119 2.65865 7.75826 -10.1423 5.17778 7.75826 -9.09091 7.34431 7.75826 -7.42222 9.00647 7.75826 -5.25072 10.0516 7.75826 -2.72346 10.40865 7.75826 -0.01126 10.05292 7.75826 2.70095 9.0091 7.75826 5.22851 7.34825 7.75826 7.40065 5.18269 7.75826 9.07047 2.65865 7.75826 10.12467 -4.17743 7.75826 9.93435 -2.84135 7.75826 10.12467 -2.84135 7.75826 10.38349 -2.84135 7.75826 10.38349 -2.84135 7.75826 10.12467 -3.96605 7.83148 10.2079 -4.17743 7.75826 9.93435 -2.84135 7.75826 10.38349 -2.77888 7.75826 10.39982 -2.71635 7.75826 10.64355 -2.77888 7.75826 10.39982 -2.84135 7.75826 10.38349 -2.84135 7.75826 10.64355 -2.84135 7.75826 10.64355 -5.36551 7.75826 9.07042 -2.84135 7.75826 10.12467 -5.36551 7.75826 9.07042 -6.61687 7.75826 8.53402 -7.53113 7.75826 7.40048 -7.53113 7.75826 7.40048 -5.44318 7.75826 9.3143 -8.60948 7.75826 6.54892 -9.19199 7.75826 5.2282 -9.19199 7.75826 5.2282 -7.67839 7.75826 7.60692 -10.01903 7.75826 4.11475 -10.23575 7.75826 2.70049 -10.23575 7.75826 2.70049 -9.3942 7.75826 5.37817 -10.47322 7.75826 2.78033 -10.59135 7.75826 -0.01183 -10.59135 7.75826 -0.01183 -10.47321 7.75826 -2.798 -10.23419 7.75826 -2.72397 -10.23419 7.75826 -2.72397 -10.74892 7.75826 1.39788 -9.39418 7.75826 -5.39582 -9.18894 7.75826 -5.25114 -9.18894 7.75826 -5.25114 -10.01901 7.75826 -4.13241 -7.67837 7.75826 -7.62456 -7.5267 7.75826 -7.42254 -7.5267 7.75826 -7.42254 -8.60948 7.75826 -6.56657 -5.44318 7.75826 -9.33194 -5.36014 7.75826 -9.09112 -5.36014 7.75826 -9.09112 -6.61687 7.75826 -8.55167 -2.84135 7.75826 -10.40112 -2.84135 7.75826 -10.1423 -2.84135 7.75826 -10.1423 -4.17743 7.75826 -9.95198 -2.84135 7.75826 -10.1423 -2.84135 7.75826 -10.40112 -3.96605 7.83148 -10.22553 -2.84135 7.75826 -10.40112 -4.17743 7.75826 -9.95198 -1.40843 7.83148 -10.85593 -2.77888 7.75826 -10.41745 -2.84135 7.75826 -10.66119 -2.84135 7.75826 -10.40112 -2.77888 7.75826 -10.41745 -2.84135 7.75826 -10.66119 -5.44318 7.75826 -9.33194 -6.29848 7.83148 -9.00137 -6.61687 7.75826 -8.55167 -7.67837 7.75826 -7.62456 -8.27016 7.83148 -7.25461 -8.60948 7.75826 -6.56657 -9.39418 7.75826 -5.39582 -9.76654 7.83148 -5.08674 -10.01901 7.75826 -4.13241 -10.47321 7.75826 -2.798 -10.74892 7.75826 -1.41554 -10.70062 7.83148 -2.62376 -10.74892 7.75826 -1.41554 -10.84135 7.75826 -0.00882 -10.84135 7.75826 -0.00882 -11.01813 7.83148 -0.00882 -10.84135 7.75826 -0.00882 -10.74892 7.75826 1.39788 -11.01813 7.83148 -0.00882 -10.70062 7.83148 2.60613 -10.47322 7.75826 2.78033 -10.01903 7.75826 4.11475 -9.76654 7.83148 5.06911 -9.3942 7.75826 5.37817 -8.60948 7.75826 6.54892 -8.27016 7.83148 7.23698 -7.67839 7.75826 7.60692 -6.61687 7.75826 8.53402 -6.29848 7.83148 8.98375 -5.44318 7.75826 9.3143 -10.71654 8.50826 -2.85583 -10.71654 8.00826 -2.85583 -11.09135 8.00826 -0.00882 -11.09135 8.00826 -0.00882 -10.71654 8.00826 -2.85583 -11.09135 8.50826 -0.00882 -10.71654 8.00826 2.83819 -11.09135 8.50826 -0.00882 -11.09135 8.00826 -0.00882 -10.71654 8.00826 2.83819 -11.09135 8.00826 -0.00882 -9.61763 8.50826 -5.50882 -9.61763 8.00826 -5.50882 -9.61763 8.00826 -5.50882 -7.86952 8.50826 -7.78699 -7.86952 8.00826 -7.78699 -7.86952 8.00826 -7.78699 -5.59135 8.50826 -9.5351 -5.59135 8.00826 -9.5351 -5.59135 8.00826 -9.5351 -2.93837 8.50826 -10.634 -2.93837 8.00826 -10.634 -2.93837 8.00826 -10.634 -0.09135 8.50826 -11.00882 -0.09135 8.00826 -11.00882 -0.09135 8.00826 -11.00882 2.75566 8.50826 -10.634 2.75566 8.00826 -10.634 1.22572 7.83148 -10.85593 2.75566 8.00826 -10.634 5.40865 8.50826 -9.5351 5.40865 8.00826 -9.5351 5.40865 8.00826 -9.5351 7.68681 8.50826 -7.78699 7.68681 8.00826 -7.78699 7.68681 8.00826 -7.78699 9.43492 8.50826 -5.50882 9.43492 8.00826 -5.50882 9.43492 8.00826 -5.50882 10.53383 8.50826 -2.85583 10.53383 8.00826 -2.85583 10.53383 8.00826 -2.85583 10.90865 8.50826 -0.00882 10.90865 8.00826 -0.00882 10.90865 8.00826 -0.00882 10.53383 8.50826 2.83819 10.90865 8.00826 -0.00882 10.90865 8.50826 -0.00882 10.53383 8.00826 2.83819 10.90865 8.00826 -0.00882 10.53383 8.00826 2.83819 10.83542 8.68504 -0.00882 10.90865 8.50826 -0.00882 10.53383 8.50826 -2.85583 10.51791 8.68504 2.60613 10.53383 8.50826 2.83819 10.90865 8.50826 -0.00882 10.83542 8.68504 -0.00882 9.58383 8.68504 -5.08674 9.43492 8.50826 -5.50882 10.51791 8.68504 -2.62376 8.08745 8.68504 -7.25461 7.68681 8.50826 -7.78699 6.11577 8.68504 -9.00137 5.40865 8.50826 -9.5351 3.78334 8.68504 -10.22553 2.75566 8.50826 -10.634 1.22572 8.68504 -10.85593 -0.09135 8.50826 -11.00882 -1.40843 8.68504 -10.85593 -2.93837 8.50826 -10.634 -3.96605 8.68504 -10.22553 -5.59135 8.50826 -9.5351 -6.29848 8.68504 -9.00137 -7.86952 8.50826 -7.78699 -8.27016 8.68504 -7.25461 -9.61763 8.50826 -5.50882 -9.76654 8.68504 -5.08674 -10.71654 8.50826 -2.85583 -10.70062 8.68504 -2.62376 -11.09135 8.50826 -0.00882 -10.71654 8.50826 2.83819 -11.01813 8.68504 -0.00882 -11.09135 8.50826 -0.00882 -10.71654 8.50826 2.83819 -11.01813 8.68504 -0.00882 9.43492 8.50826 5.49118 9.43492 8.00826 5.49118 9.43492 8.00826 5.49118 7.68681 8.50826 7.76936 7.68681 8.00826 7.76936 7.68681 8.00826 7.76936 5.40865 8.50826 9.51746 5.40865 8.00826 9.51746 5.40865 8.00826 9.51746 2.75566 8.50826 10.61637 2.75566 8.00826 10.61637 2.75566 8.00826 10.61637 -0.09135 8.50826 10.99118 -0.09135 8.00826 10.99118 -0.09135 8.00826 10.99118 -2.93837 8.50826 10.61637 -2.93837 8.00826 10.61637 -1.40843 7.83148 10.83829 -2.93837 8.00826 10.61637 -5.59135 8.50826 9.51746 -5.59135 8.00826 9.51746 -5.59135 8.00826 9.51746 -7.86952 8.50826 7.76936 -7.86952 8.00826 7.76936 -7.86952 8.00826 7.76936 -9.61763 8.50826 5.49118 -9.61763 8.00826 5.49118 -9.61763 8.00826 5.49118 -9.76654 8.68504 5.06911 -9.61763 8.50826 5.49118 -10.70062 8.68504 2.60613 -8.27016 8.68504 7.23698 -7.86952 8.50826 7.76936 -6.29848 8.68504 8.98375 -5.59135 8.50826 9.51746 -3.96605 8.68504 10.2079 -2.93837 8.50826 10.61637 -1.40843 8.68504 10.83829 -0.09135 8.50826 10.99118 1.22572 8.68504 10.83829 2.75566 8.50826 10.61637 3.78334 8.68504 10.2079 5.40865 8.50826 9.51746 6.11577 8.68504 8.98375 7.68681 8.50826 7.76936 8.08745 8.68504 7.23698 9.43492 8.50826 5.49118 9.58383 8.68504 5.06911 -2.05504 -16.77513 -5.40914 -2.05504 -16.77513 5.39151 -0.09135 -16.77513 5.73747 -0.09135 -16.84835 5.91425 -0.09135 -16.77513 5.73747 -2.05504 -16.77513 5.39151 -0.09135 -16.77513 -5.7551 1.87233 -16.77513 5.39151 1.73897 -16.84835 5.62435 1.87233 -16.77513 5.39151 -0.09135 -16.77513 5.73747 -0.09135 -16.84835 5.91425 -3.78387 -16.77513 -4.4116 -3.78387 -16.77513 4.39397 -3.57285 -16.84835 4.78304 -3.78387 -16.77513 4.39397 -1.92168 -16.84835 5.62435 -5.06726 -16.77513 -2.88271 -5.06724 -16.77513 2.86509 -4.88321 -16.84835 3.47267 -5.06724 -16.77513 2.86509 -5.75018 -16.77513 -1.00694 -5.75018 -16.77513 0.98932 -5.72452 -16.84835 1.82151 -5.75018 -16.77513 0.98932 -6.01442 -16.84835 -0.00882 -5.75018 -16.77513 -1.00694 -5.72452 -16.84835 -1.83914 -5.06726 -16.77513 -2.88271 -4.88321 -16.84835 -3.4903 -3.78387 -16.77513 -4.4116 -3.57285 -16.84835 -4.80067 -2.05504 -16.77513 -5.40914 -1.92168 -16.84835 -5.64198 -0.09135 -16.77513 -5.7551 1.87233 -16.77513 -5.40914 -0.09135 -16.84835 -5.93188 -0.09135 -16.77513 -5.7551 1.87233 -16.77513 -5.40914 -0.09135 -16.84835 -5.93188 3.60117 -16.77513 4.39397 3.60117 -16.77513 -4.41161 3.39014 -16.84835 -4.80067 3.60117 -16.77513 -4.41161 1.73897 -16.84835 -5.64198 4.88455 -16.77513 2.86509 4.88454 -16.77513 -2.88272 4.7005 -16.84835 -3.4903 4.88454 -16.77513 -2.88272 5.56747 -16.77513 0.98931 5.56747 -16.77513 -1.00695 5.54181 -16.84835 -1.83914 5.56747 -16.77513 -1.00695 5.83171 -16.84835 -0.00882 5.56747 -16.77513 0.98931 5.54181 -16.84835 1.82151 4.88455 -16.77513 2.86509 4.7005 -16.84835 3.47267 3.60117 -16.77513 4.39397 3.39014 -16.84835 4.78304 1.95949 -17.02513 -5.64349 -0.09135 -17.52513 -6.0051 -0.09135 -17.02513 -6.0051 -2.1422 -17.52513 -5.64349 -0.09135 -17.02513 -6.0051 -0.09135 -17.52513 -6.0051 1.95949 -17.02513 -5.64349 -0.09135 -17.02513 -6.0051 -2.1422 -17.02513 -5.64349 -0.09135 -17.02513 -6.0051 -2.1422 -17.02513 -5.64349 1.95949 -17.52513 -5.64349 -0.09135 -17.7019 -6.07832 -0.09135 -17.52513 -6.0051 1.95949 -17.52513 -5.64349 -1.96693 -17.7019 -5.78127 -2.1422 -17.52513 -5.64349 -0.09135 -17.52513 -6.0051 -0.09135 -17.7019 -6.07832 3.76299 -17.02513 -4.60224 3.76299 -17.52513 -4.60224 3.47621 -17.7019 -4.91915 3.76299 -17.52513 -4.60224 1.78422 -17.7019 -5.78127 5.10158 -17.02513 -3.00697 5.10158 -17.52513 -3.00697 4.81898 -17.7019 -3.57639 5.10158 -17.52513 -3.00697 5.81383 -17.02513 -1.05006 5.81383 -17.52513 -1.05006 5.68109 -17.7019 -1.8844 5.81383 -17.52513 -1.05006 5.81383 -17.02513 1.03243 5.81383 -17.52513 1.03243 5.97815 -17.7019 -0.00882 5.81383 -17.52513 1.03243 5.10158 -17.02513 2.98933 5.10158 -17.52513 2.98933 5.68109 -17.7019 1.86676 5.10158 -17.52513 2.98933 3.76299 -17.02513 4.58461 3.76299 -17.52513 4.58461 4.81898 -17.7019 3.55875 3.76299 -17.52513 4.58461 1.95949 -17.02513 5.62585 1.95949 -17.52513 5.62585 3.47621 -17.7019 4.90152 1.95949 -17.52513 5.62585 -0.09135 -17.02513 5.98747 -0.09135 -17.52513 5.98747 1.78422 -17.7019 5.76363 -0.09135 -17.52513 5.98747 -2.1422 -17.02513 5.62585 -0.09135 -17.52513 5.98747 -0.09135 -17.02513 5.98747 -2.1422 -17.52513 5.62585 -0.09135 -17.7019 6.06069 -0.09135 -17.52513 5.98747 -2.1422 -17.52513 5.62585 -0.09135 -17.7019 6.06069 -0.09135 -17.02513 5.98747 1.95949 -17.02513 5.62585 -2.1422 -17.02513 5.62585 -0.09135 -17.02513 5.98747 3.76299 -17.02513 4.58461 5.10158 -17.02513 2.98933 5.81383 -17.02513 1.03243 5.81383 -17.02513 -1.05006 5.10158 -17.02513 -3.00697 3.76299 -17.02513 -4.60224 -2.52716 -17.77513 -8.30843 -2.22591 -17.77513 -5.87904 -0.09135 -17.77513 -6.2551 -0.09135 -17.77513 -6.2551 -2.22591 -17.77513 -5.87904 -0.09135 -17.77513 -8.65854 2.04321 -17.77513 -5.87904 2.04321 -17.77513 -5.87904 -0.09135 -17.77513 -6.2551 -4.10516 -17.77513 -4.79471 -3.65892 -17.7019 -4.91915 -4.10516 -17.77513 -4.79471 -4.76697 -17.77513 -7.2858 -5.50021 -17.77513 -3.1328 -5.00169 -17.7019 -3.57639 -5.50021 -17.77513 -3.1328 -6.62767 -17.77513 -5.6738 -6.24257 -17.77513 -1.09381 -5.8638 -17.7019 -1.8844 -6.24257 -17.77513 -1.09381 -6.24258 -17.77513 1.07615 -6.16086 -17.7019 -0.00882 -6.24258 -17.77513 1.07615 -4.76697 -17.77513 7.26817 -5.50023 -17.77513 3.11514 -5.8638 -17.7019 1.86676 -5.50023 -17.77513 3.11514 -6.62767 -17.77513 5.65618 -4.10519 -17.77513 4.77706 -5.00169 -17.7019 3.55875 -4.10519 -17.77513 4.77706 -2.52716 -17.77513 8.29081 -2.22592 -17.77513 5.8614 -3.65892 -17.7019 4.90152 -2.22592 -17.77513 5.8614 -0.09135 -17.77513 8.64091 -0.09135 -17.77513 6.23747 -1.96693 -17.7019 5.76363 -0.09135 -17.77513 6.23747 2.34445 -17.77513 8.29081 2.0432 -17.77513 5.86141 -0.09135 -17.77513 6.23747 2.0432 -17.77513 5.86141 3.92245 -17.77513 4.77707 3.92245 -17.77513 4.77707 4.58426 -17.77513 7.26817 5.3175 -17.77513 3.11516 5.3175 -17.77513 3.11516 6.44496 -17.77513 5.65618 6.05986 -17.77513 1.07618 6.05986 -17.77513 1.07618 6.05987 -17.77513 -1.09378 6.05987 -17.77513 -1.09378 4.58426 -17.77513 -7.2858 5.31752 -17.77513 -3.13277 5.31752 -17.77513 -3.13277 6.44496 -17.77513 -5.67381 3.92248 -17.77513 -4.79469 3.92248 -17.77513 -4.79469 2.34445 -17.77513 -8.30844 -0.09135 -17.70559 -8.83155 -0.09135 -17.77513 -8.65854 2.34445 -17.77513 -8.30844 -2.37485 -17.70559 -8.53093 -2.52716 -17.77513 -8.30843 -0.09135 -17.77513 -8.65854 -0.09135 -17.70559 -8.83155 4.32001 -17.70559 -7.64953 4.58426 -17.77513 -7.2858 2.19214 -17.70559 -8.53093 6.14726 -17.70559 -6.24744 6.44496 -17.77513 -5.67381 7.77626 -17.77513 3.5852 7.77626 -17.77513 -3.60284 7.54936 -17.70559 -4.42018 7.77626 -17.77513 -3.60284 8.47025 -17.77513 1.22262 8.47025 -17.77513 -1.24026 8.43076 -17.70559 -2.29231 8.47025 -17.77513 -1.24026 8.73138 -17.70559 -0.00882 8.47025 -17.77513 1.22262 8.43076 -17.70559 2.27468 7.77626 -17.77513 3.5852 7.54936 -17.70559 4.40255 6.44496 -17.77513 5.65618 6.14726 -17.70559 6.2298 4.58426 -17.77513 7.26817 4.32001 -17.70559 7.6319 2.34445 -17.77513 8.29081 2.19214 -17.70559 8.51329 -0.09135 -17.77513 8.64091 -0.09135 -17.70559 8.81392 -0.09135 -17.77513 8.64091 -2.52716 -17.77513 8.29081 -0.09135 -17.70559 8.81392 -4.50272 -17.70559 7.6319 -4.76697 -17.77513 7.26817 -2.37485 -17.70559 8.51329 -6.32997 -17.70559 6.2298 -6.62767 -17.77513 5.65618 -7.95897 -17.77513 -3.60284 -7.95897 -17.77513 3.58521 -7.73207 -17.70559 4.40255 -7.95897 -17.77513 3.58521 -8.65296 -17.77513 -1.24025 -8.65296 -17.77513 1.22263 -8.61346 -17.70559 2.27468 -8.65296 -17.77513 1.22263 -8.91409 -17.70559 -0.00882 -8.65296 -17.77513 -1.24025 -8.61346 -17.70559 -2.29231 -7.95897 -17.77513 -3.60284 -7.73207 -17.70559 -4.42018 -6.62767 -17.77513 -5.6738 -6.32997 -17.70559 -6.24744 -4.76697 -17.77513 -7.2858 -4.50272 -17.70559 -7.64953 2.37262 -2.85621 9.18519 -0.09135 -17.53566 8.89069 -0.09135 -2.85621 9.5097 -1.35788 -17.53566 8.8001 -0.09135 -2.85621 9.5097 -0.09135 -17.53566 8.89069 2.35729 -2.85621 9.12751 2.37262 -2.85621 9.18519 -0.09135 -2.85621 9.5097 -2.55637 -2.85621 9.18498 -0.09198 -2.85621 9.4499 -2.55637 -2.85621 9.18498 1.17517 -17.53566 8.8001 -0.09135 -17.53566 8.89069 1.17517 -17.53566 8.8001 -1.35788 -17.53566 8.8001 -0.09135 -17.53566 8.89069 2.41591 -17.53566 8.5302 2.41591 -17.53566 8.5302 4.66775 -2.85621 8.23442 3.60562 -17.53566 8.08646 3.60562 -17.53566 8.08646 4.72008 -17.53566 7.47793 4.72008 -17.53566 7.47793 6.63878 -2.85621 6.72218 5.73657 -17.53566 6.71698 5.73657 -17.53566 6.71698 6.63445 -17.53566 5.81912 6.63445 -17.53566 5.81912 8.15189 -2.85621 4.75052 7.39539 -17.53566 4.80262 7.39539 -17.53566 4.80262 8.00392 -17.53566 3.68818 8.00392 -17.53566 3.68818 9.10289 -2.85621 2.4543 8.44766 -17.53566 2.49847 8.44766 -17.53566 2.49847 8.71756 -17.53566 1.25772 8.71756 -17.53566 1.25772 9.42705 -2.85621 -0.00882 8.80815 -17.53566 -0.00882 8.80815 -17.53566 -0.00882 9.10289 -2.85621 -2.47193 8.71756 -17.53566 -1.27535 8.71756 -17.53566 -1.27535 8.44766 -17.53566 -2.5161 8.44766 -17.53566 -2.5161 8.15189 -2.85621 -4.76814 8.00392 -17.53566 -3.70581 8.00392 -17.53566 -3.70581 7.39539 -17.53566 -4.82025 7.39539 -17.53566 -4.82025 6.63878 -2.85621 -6.73981 6.63445 -17.53566 -5.83675 6.63445 -17.53566 -5.83675 5.73657 -17.53566 -6.73462 5.73657 -17.53566 -6.73462 4.66775 -2.85621 -8.25205 4.72008 -17.53566 -7.49556 4.72008 -17.53566 -7.49556 3.60562 -17.53566 -8.1041 3.60562 -17.53566 -8.1041 2.37262 -2.85621 -9.20283 2.41591 -17.53566 -8.54783 2.41591 -17.53566 -8.54783 1.17517 -17.53566 -8.81773 1.17517 -17.53566 -8.81773 -0.09135 -2.85621 -9.52733 -0.09135 -17.53566 -8.90832 -0.09135 -17.53566 -8.90832 -2.55637 -2.85621 -9.20261 -0.09135 -17.53566 -8.90832 -0.09135 -2.85621 -9.52733 -1.35788 -17.53566 -8.81773 -0.09135 -17.53566 -8.90832 -1.35788 -17.53566 -8.81773 2.34572 -2.85621 -9.10203 -0.09135 -2.85621 -9.52733 2.37262 -2.85621 -9.20283 -2.52751 -2.85621 -9.10217 -2.55637 -2.85621 -9.20261 -0.09196 -2.85621 -9.42289 4.61565 -2.85621 -8.16158 4.66775 -2.85621 -8.25205 6.56506 -2.85621 -6.66599 6.63878 -2.85621 -6.73981 8.06178 -2.85621 -4.71532 8.15189 -2.85621 -4.76814 9.0018 -2.85621 -2.44572 9.10289 -2.85621 -2.47193 9.36745 -2.85621 -0.00882 9.42705 -2.85621 -0.00882 9.3228 -2.85621 -0.00882 9.10289 -2.85621 2.4543 9.04492 -2.85621 2.43964 8.15189 -2.85621 4.75052 8.10043 -2.85621 4.72 6.63878 -2.85621 6.72218 6.59662 -2.85621 6.67992 4.66775 -2.85621 8.23442 4.63797 -2.85621 8.18261 2.4272 2.14379 -9.40648 -0.09135 2.63326 -9.75882 -0.09135 2.14379 -9.73818 -2.61526 2.63326 -9.42637 -0.09135 2.14379 -9.73818 -0.09135 2.63326 -9.75882 2.4003 2.14379 -9.30568 2.4272 2.14379 -9.40648 -0.09135 2.14379 -9.73818 -2.61098 2.14379 -9.40626 -0.09198 2.14379 -9.63373 -2.61098 2.14379 -9.40626 2.43256 2.63326 -9.42637 -0.09135 2.63326 -10.00882 -0.09135 2.63326 -9.75882 2.43256 2.63326 -9.42637 -2.67973 2.63326 -9.66795 -2.61526 2.63326 -9.42637 4.77318 2.14379 -8.43465 4.78319 2.63326 -8.45271 2.49696 2.63326 -9.66797 4.78319 2.63326 -8.45271 6.78786 2.14379 -6.8889 6.80293 2.63326 -6.90311 4.90832 2.63326 -8.66912 6.80293 2.63326 -6.90311 8.33447 2.14379 -4.87357 8.35254 2.63326 -4.88335 6.97914 2.63326 -7.08037 8.35254 2.63326 -4.88335 9.30655 2.14379 -2.5265 9.3262 2.63326 -2.53272 8.56882 2.63326 -5.00896 9.3262 2.63326 -2.53272 9.63789 2.14379 -0.00882 9.65865 2.63326 -0.00882 9.56795 2.63326 -2.59658 9.65865 2.63326 -0.00882 9.30655 2.14379 2.50886 9.3262 2.63326 2.5151 9.56796 2.63326 2.57888 9.3262 2.63326 2.5151 9.90852 2.63326 -0.00885 8.35254 2.63326 4.86572 8.56885 2.63326 4.99127 8.35254 2.63326 4.86572 8.33447 2.14379 4.85594 6.80293 2.63326 6.88547 6.97917 2.63326 7.06269 6.80293 2.63326 6.88547 6.78786 2.14379 6.87127 4.78319 2.63326 8.43507 4.90839 2.63326 8.65146 4.78319 2.63326 8.43507 4.77318 2.14379 8.41701 2.43256 2.63326 9.40873 2.49702 2.63326 9.65032 2.43256 2.63326 9.40873 -0.09135 2.14379 9.72054 -0.09135 2.63326 9.74118 -0.09135 2.63326 9.74118 2.4272 2.14379 9.38885 -2.61096 2.14379 9.38863 -0.09135 2.63326 9.74118 -0.09135 2.14379 9.72054 -0.09135 2.63326 9.99118 -2.61526 2.63326 9.40873 -2.61526 2.63326 9.40873 2.41187 2.14379 9.33117 -0.09135 2.14379 9.72054 2.4272 2.14379 9.38885 -2.59363 2.14379 9.33131 -2.61096 2.14379 9.38863 -0.09198 2.14379 9.66074 4.74339 2.14379 8.36521 4.77318 2.14379 8.41701 6.7457 2.14379 6.82902 6.78786 2.14379 6.87127 8.28304 2.14379 4.82541 8.33447 2.14379 4.85594 9.24857 2.14379 2.49422 9.30655 2.14379 2.50886 9.57829 2.14379 -0.00882 9.63789 2.14379 -0.00882 9.30655 2.14379 -2.5265 9.20544 2.14379 -2.5003 8.33447 2.14379 -4.87357 9.53365 2.14379 -0.00882 8.24438 2.14379 -4.82072 6.78786 2.14379 -6.8889 6.71414 2.14379 -6.81509 4.77318 2.14379 -8.43465 4.72107 2.14379 -8.34418 -4.9659 2.63326 -8.45271 -4.9659 2.63326 -8.45271 -5.0911 2.63326 -8.66908 -6.98564 2.63326 -6.90311 -4.95604 2.14379 -8.43469 -6.98564 2.63326 -6.90311 -7.16188 2.63326 -7.08033 -8.53525 2.63326 -4.88335 -6.81715 -17.53566 -5.83675 -8.53525 2.63326 -4.88335 -4.85062 -2.85621 -8.25209 -4.90279 -17.53566 -7.49556 -5.91928 -17.53566 -6.73462 -8.75156 2.63326 -5.0089 -9.50891 2.63326 -2.53272 -8.18663 -17.53566 -3.70581 -9.50891 2.63326 -2.53272 -7.57809 -17.53566 -4.82025 -9.75067 2.63326 -2.59652 -9.84136 2.63326 -0.00882 -8.90027 -17.53566 -1.27535 -9.84136 2.63326 -0.00882 -8.63037 -17.53566 -2.5161 -9.75066 2.63326 2.57895 -9.50891 2.63326 2.5151 -8.99086 -17.53566 -0.00882 -9.50891 2.63326 2.5151 -10.09123 2.63326 -0.00879 -8.75153 2.63326 4.99132 -8.53525 2.63326 4.86572 -8.63037 -17.53566 2.49847 -8.53525 2.63326 4.86572 -8.90027 -17.53566 1.25772 -7.16185 2.63326 7.06274 -6.98564 2.63326 6.88547 -7.57809 -17.53566 4.80262 -6.98564 2.63326 6.88547 -8.18663 -17.53566 3.68818 -5.09103 2.63326 8.65149 -4.9659 2.63326 8.43507 -5.91928 -17.53566 6.71698 -4.9659 2.63326 8.43507 -6.81715 -17.53566 5.81912 -2.67967 2.63326 9.65033 -4.95604 2.14379 8.41706 -4.90279 -17.53566 7.47793 -0.09135 2.70648 -10.18559 -0.09135 2.63326 -10.00882 2.49696 2.63326 -9.66797 -2.52681 2.70648 -9.88988 -2.67973 2.63326 -9.66795 -0.09135 2.63326 -10.00882 -0.09135 2.70648 -10.18559 4.63803 2.70648 -9.01991 4.90832 2.63326 -8.66912 2.3441 2.70648 -9.88988 6.65709 2.70648 -7.62624 6.97914 2.63326 -7.08037 8.28397 2.70648 -5.78989 8.56882 2.63326 -5.00896 9.4241 2.70648 -3.61755 9.56795 2.63326 -2.59658 10.01121 2.70648 -1.23549 9.90852 2.63326 -0.00885 10.01121 2.70648 1.21786 9.56796 2.63326 2.57888 9.4241 2.70648 3.59992 8.56885 2.63326 4.99127 8.28397 2.70648 5.77225 6.97917 2.63326 7.06269 6.65709 2.70648 7.60861 4.90839 2.63326 8.65146 4.63803 2.70648 9.00227 2.49702 2.63326 9.65032 2.3441 2.70648 9.87224 -0.09135 2.63326 9.99118 -0.09135 2.70648 10.16796 -0.09135 2.63326 9.99118 -2.67967 2.63326 9.65033 -0.09135 2.70648 10.16796 -4.82074 2.70648 9.00227 -5.09103 2.63326 8.65149 -2.52681 2.70648 9.87224 -6.8398 2.70648 7.60861 -7.16185 2.63326 7.06274 -8.46668 2.70648 5.77225 -8.75153 2.63326 4.99132 -9.60681 2.70648 3.59992 -9.75066 2.63326 2.57895 -10.19392 2.70648 1.21786 -10.09123 2.63326 -0.00879 -10.19392 2.70648 -1.23549 -9.75067 2.63326 -2.59652 -9.60681 2.70648 -3.61755 -8.75156 2.63326 -5.0089 -8.46668 2.70648 -5.78989 -7.16188 2.63326 -7.08033 -6.8398 2.70648 -7.62624 -5.0911 2.63326 -8.66908 -4.82074 2.70648 -9.01991 2.56154 2.88326 -9.90955 2.56154 7.75826 -9.90956 -0.09135 7.75826 -10.25882 -0.09135 7.84665 -10.29543 -0.09135 7.75826 -10.25882 2.56154 7.75826 -9.90956 -0.09135 2.88326 -10.25882 -2.74425 7.75826 -9.90956 -0.09135 2.88326 -10.25882 -0.09135 7.75826 -10.25882 -2.5531 7.84665 -9.99651 -2.74425 7.75826 -9.90956 -0.09135 7.75826 -10.25882 -0.09135 7.84665 -10.29543 5.03365 2.88326 -8.88557 5.03365 7.75826 -8.88558 4.68907 7.84665 -9.11716 5.03365 7.75826 -8.88558 2.37039 7.84665 -9.99651 7.15649 2.88326 -7.25666 7.15649 7.75826 -7.25667 6.72994 7.84665 -7.70846 7.15649 7.75826 -7.25667 8.7854 2.88326 -5.13381 8.7854 7.75826 -5.13382 8.37436 7.84665 -5.85228 8.7854 7.75826 -5.13382 9.80939 2.88326 -2.66171 9.80939 7.75826 -2.66171 9.52679 7.84665 -3.6565 9.80939 7.75826 -2.66171 10.15865 2.88326 -0.00882 10.15865 7.75826 -0.00882 10.12025 7.84665 -1.24873 10.15865 7.75826 -0.00882 9.80939 2.88326 2.64408 9.80939 7.75826 2.64408 10.12025 7.84665 1.2311 9.80939 7.75826 2.64408 8.7854 2.88326 5.11618 8.7854 7.75826 5.11619 9.52679 7.84665 3.63887 8.7854 7.75826 5.11619 7.15649 2.88326 7.23903 7.15648 7.75826 7.23903 8.37436 7.84665 5.83464 7.15648 7.75826 7.23903 5.03365 2.88326 8.86794 5.03365 7.75826 8.86795 6.72994 7.84665 7.69082 5.03365 7.75826 8.86795 2.56154 2.88326 9.89193 2.56154 7.75826 9.89193 4.68907 7.84665 9.09953 2.56154 7.75826 9.89193 -0.09135 2.88326 10.24118 -0.09135 7.75826 10.24118 2.37039 7.84665 9.97889 -0.09135 7.75826 10.24118 -2.74425 2.88326 9.89193 -0.09135 7.75826 10.24118 -0.09135 2.88326 10.24118 -2.74425 7.75826 9.89193 -0.09135 7.84665 10.2778 -0.09135 7.75826 10.24118 -2.74425 7.75826 9.89193 -0.09135 7.84665 10.2778 -0.09135 2.88326 10.24118 2.56154 2.88326 9.89193 -2.74425 2.88326 9.89193 -0.09135 2.88326 10.24118 5.03365 2.88326 8.86794 7.15649 2.88326 7.23903 8.7854 2.88326 5.11618 9.80939 2.88326 2.64408 10.15865 2.88326 -0.00882 9.80939 2.88326 -2.66171 8.7854 2.88326 -5.13381 7.15649 2.88326 -7.25666 5.03365 2.88326 -8.88557 2.56154 2.88326 -9.90955 -0.09135 2.88326 -10.25882 -2.74425 2.88326 -9.90955 -0.09135 2.88326 -10.25882 -2.74425 2.88326 -9.90955 2.6586 8.13326 -10.27177 2.65858 8.63326 -10.27178 -0.09135 8.63326 -10.63382 -0.09135 8.72165 -10.67043 -0.09135 8.63326 -10.63382 2.65858 8.63326 -10.27178 -0.09135 8.13326 -10.63382 -2.84129 8.63326 -10.27178 -0.09135 8.13326 -10.63382 -0.09135 8.63326 -10.63382 -2.64285 8.72165 -10.36062 -2.84129 8.63326 -10.27178 -0.09135 8.63326 -10.63382 -0.09135 8.72165 -10.67043 5.22115 8.13326 -9.21034 5.22115 8.63326 -9.21034 4.86334 8.72165 -9.4492 5.22115 8.63326 -9.21034 2.46014 8.72165 -10.36062 7.42166 8.13326 -7.52183 7.42165 8.63326 -7.52183 6.97861 8.72165 -7.98914 7.42165 8.63326 -7.52183 9.11017 8.13326 -5.32131 9.11017 8.63326 -5.32132 8.68298 8.72165 -6.0653 9.11017 8.63326 -5.32132 10.1716 8.13326 -2.75877 10.1716 8.63326 -2.75877 9.87743 8.72165 -3.78947 10.1716 8.63326 -2.75877 10.53365 8.13326 -0.00882 10.53365 8.63326 -0.00882 10.49252 8.72165 -1.29393 10.53365 8.63326 -0.00882 10.1716 8.13326 2.74113 10.1716 8.63326 2.74114 10.49252 8.72165 1.2763 10.1716 8.63326 2.74114 9.11017 8.13326 5.30368 9.11017 8.63326 5.30369 9.87743 8.72165 3.77184 9.11017 8.63326 5.30369 7.42166 8.13326 7.50419 7.42165 8.63326 7.5042 8.68298 8.72165 6.04767 7.42165 8.63326 7.5042 5.22115 8.13326 9.1927 5.22115 8.63326 9.19271 6.97861 8.72165 7.97152 5.22115 8.63326 9.19271 2.6586 8.13326 10.25415 2.65858 8.63326 10.25415 4.86334 8.72165 9.43157 2.65858 8.63326 10.25415 -0.09135 8.13326 10.61618 -0.09135 8.63326 10.61618 2.46014 8.72165 10.34299 -0.09135 8.63326 10.61618 -2.84131 8.13326 10.25415 -0.09135 8.63326 10.61618 -0.09135 8.13326 10.61618 -2.84129 8.63326 10.25415 -0.09135 8.72165 10.6528 -0.09135 8.63326 10.61618 -2.84129 8.63326 10.25415 -0.09135 8.72165 10.6528 -0.09135 7.95648 10.54296 -0.09135 8.13326 10.61618 2.6586 8.13326 10.25415 -2.61656 7.95648 10.23634 -2.84131 8.13326 10.25415 -0.09135 8.13326 10.61618 -0.09135 7.95648 10.54296 4.8123 7.95648 9.33432 5.22115 8.13326 9.1927 2.43385 7.95648 10.23634 6.90576 7.95648 7.8893 7.42166 8.13326 7.50419 8.59259 7.95648 5.98527 9.11017 8.13326 5.30368 9.77473 7.95648 3.7329 10.1716 8.13326 2.74113 10.38348 7.95648 1.26306 10.53365 8.13326 -0.00882 10.38348 7.95648 -1.28069 10.1716 8.13326 -2.75877 9.77473 7.95648 -3.75053 9.11017 8.13326 -5.32131 8.59259 7.95648 -6.00291 7.42166 8.13326 -7.52183 6.90576 7.95648 -7.90694 5.22115 8.13326 -9.21034 4.8123 7.95648 -9.35195 2.6586 8.13326 -10.27177 2.43385 7.95648 -10.25397 -0.09135 8.13326 -10.63382 -2.84131 8.13326 -10.27177 -0.09135 7.95648 -10.56059 -0.09135 8.13326 -10.63382 -2.84131 8.13326 -10.27177 -0.09135 7.95648 -10.56059 -3.94569 -17.02513 4.58461 -3.94569 -17.52513 4.58461 -3.94569 -17.52513 4.58461 -5.28429 -17.02513 2.98933 -5.28429 -17.52513 2.98933 -5.28429 -17.52513 2.98933 -5.99654 -17.02513 1.03243 -5.99654 -17.52513 1.03243 -5.99654 -17.52513 1.03243 -5.99654 -17.02513 -1.05006 -5.99654 -17.52513 -1.05006 -5.99654 -17.52513 -1.05006 -5.28429 -17.02513 -3.00697 -5.28429 -17.52513 -3.00697 -5.28429 -17.52513 -3.00697 -3.94569 -17.02513 -4.60224 -3.94569 -17.52513 -4.60224 -3.94569 -17.52513 -4.60224 -3.94569 -17.02513 -4.60224 -5.28429 -17.02513 -3.00697 -5.99654 -17.02513 -1.05006 -5.99654 -17.02513 1.03243 -5.28429 -17.02513 2.98933 -3.94569 -17.02513 4.58461 -4.85062 -2.85621 8.23446 -4.82076 -2.85621 8.18274 -4.85062 -2.85621 8.23446 -4.95604 2.14379 8.41706 -3.78833 -17.53566 8.08646 -4.82076 -2.85621 8.18274 -4.85062 -2.85621 8.23446 -4.92618 2.14379 8.36534 -4.95604 2.14379 8.41706 -4.92618 2.14379 8.36534 -4.90385 2.14379 -8.34431 -4.95604 2.14379 -8.43469 -2.58208 2.14379 -9.30583 -4.90385 2.14379 -8.34431 -4.95604 2.14379 -8.43469 -4.85062 -2.85621 -8.25209 -2.59862 -17.53566 -8.54783 -4.79843 -2.85621 -8.16171 -4.85062 -2.85621 -8.25209 -3.78833 -17.53566 -8.1041 -4.79843 -2.85621 -8.16171 -2.59862 -17.53566 -8.54783 -3.78833 -17.53566 -8.1041 -4.90279 -17.53566 -7.49556 -5.91928 -17.53566 -6.73462 -6.81715 -17.53566 -5.83675 -7.57809 -17.53566 -4.82025 -8.18663 -17.53566 -3.70581 -8.63037 -17.53566 -2.5161 -8.90027 -17.53566 -1.27535 -8.99086 -17.53566 -0.00882 -8.90027 -17.53566 1.25772 -8.63037 -17.53566 2.49847 -8.18663 -17.53566 3.68818 -7.57809 -17.53566 4.80262 -6.81715 -17.53566 5.81912 -5.91928 -17.53566 6.71698 -4.90279 -17.53566 7.47793 -3.78833 -17.53566 8.08646 -2.59862 -17.53566 8.5302 -2.59862 -17.53566 8.5302 -2.53906 -2.85621 9.12765 -5.21635 2.88326 8.86794 -5.21635 7.75826 8.86795 -4.87178 7.84665 9.09953 -5.21635 7.75826 8.86795 -2.5531 7.84665 9.97889 -7.3392 2.88326 7.23903 -7.3392 7.75826 7.23903 -6.91264 7.84665 7.69082 -7.3392 7.75826 7.23903 -8.96811 2.88326 5.11618 -8.96811 7.75826 5.11619 -8.55707 7.84665 5.83464 -8.96811 7.75826 5.11619 -9.9921 2.88326 2.64408 -9.9921 7.75826 2.64408 -9.7095 7.84665 3.63887 -9.9921 7.75826 2.64408 -10.34135 2.88326 -0.00882 -10.34135 7.75826 -0.00882 -10.30296 7.84665 1.2311 -10.34135 7.75826 -0.00882 -9.9921 2.88326 -2.66171 -9.9921 7.75826 -2.66171 -10.30296 7.84665 -1.24873 -9.9921 7.75826 -2.66171 -8.96811 2.88326 -5.13382 -8.96811 7.75826 -5.13382 -9.7095 7.84665 -3.6565 -8.96811 7.75826 -5.13382 -7.3392 2.88326 -7.25666 -7.33919 7.75826 -7.25667 -8.55707 7.84665 -5.85228 -7.33919 7.75826 -7.25667 -5.21635 2.88326 -8.88557 -5.21635 7.75826 -8.88558 -6.91264 7.84665 -7.70846 -5.21635 7.75826 -8.88558 -4.87178 7.84665 -9.11716 -5.21635 2.88326 -8.88557 -7.3392 2.88326 -7.25666 -8.96811 2.88326 -5.13382 -9.9921 2.88326 -2.66171 -10.34135 2.88326 -0.00882 -9.9921 2.88326 2.64408 -8.96811 2.88326 5.11618 -7.3392 2.88326 7.23903 -5.21635 2.88326 8.86794 -5.40385 8.13326 9.1927 -5.40385 8.63326 9.19271 -5.04605 8.72165 9.43157 -5.40385 8.63326 9.19271 -2.64285 8.72165 10.34299 -7.60437 8.13326 7.50419 -7.60435 8.63326 7.5042 -7.16132 8.72165 7.97152 -7.60435 8.63326 7.5042 -9.29288 8.13326 5.30368 -9.29288 8.63326 5.30369 -8.86569 8.72165 6.04767 -9.29288 8.63326 5.30369 -10.35431 8.13326 2.74113 -10.35431 8.63326 2.74114 -10.06013 8.72165 3.77184 -10.35431 8.63326 2.74114 -10.71635 8.13326 -0.00882 -10.71635 8.63326 -0.00882 -10.67523 8.72165 1.2763 -10.71635 8.63326 -0.00882 -10.35431 8.13326 -2.75877 -10.35431 8.63326 -2.75877 -10.67523 8.72165 -1.29393 -10.35431 8.63326 -2.75877 -9.29288 8.13326 -5.32132 -9.29288 8.63326 -5.32132 -10.06013 8.72165 -3.78947 -9.29288 8.63326 -5.32132 -7.60437 8.13326 -7.52183 -7.60435 8.63326 -7.52183 -8.86569 8.72165 -6.0653 -7.60435 8.63326 -7.52183 -5.40385 8.13326 -9.21034 -5.40385 8.63326 -9.21034 -7.16132 8.72165 -7.98914 -5.40385 8.63326 -9.21034 -5.04605 8.72165 -9.4492 -4.99501 7.95648 -9.35195 -5.40385 8.13326 -9.21034 -2.61656 7.95648 -10.25397 -7.08847 7.95648 -7.90694 -7.60437 8.13326 -7.52183 -8.7753 7.95648 -6.00291 -9.29288 8.13326 -5.32132 -9.95744 7.95648 -3.75053 -10.35431 8.13326 -2.75877 -10.56619 7.95648 -1.28069 -10.71635 8.13326 -0.00882 -10.56619 7.95648 1.26306 -10.35431 8.13326 2.74113 -9.95744 7.95648 3.7329 -9.29288 8.13326 5.30368 -8.7753 7.95648 5.98527 -7.60437 8.13326 7.50419 -7.08847 7.95648 7.8893 -5.40385 8.13326 9.1927 -4.99501 7.95648 9.33432 -0.15385 -18.86674 -8.37782 -0.02885 -18.86674 -8.37782 -0.02885 -18.86674 -6.93584 -0.15385 -18.86674 -6.93584 -0.15385 -18.86674 -6.93584 -0.02885 -18.86674 -6.93584 -0.09135 -18.86674 -8.37805 -4.32999 -18.86674 -7.22533 -4.22173 -18.86674 -7.28783 -3.50075 -18.86674 -6.03905 -3.60899 -18.86674 -5.97655 -3.60899 -18.86674 -5.97655 -3.50075 -18.86674 -6.03905 -4.27597 -18.86674 -7.25678 -7.37038 -18.86674 -4.13919 -7.30788 -18.86674 -4.24744 -6.05908 -18.86674 -3.52646 -6.12158 -18.86674 -3.4182 -6.12158 -18.86674 -3.4182 -6.05908 -18.86674 -3.52646 -7.33932 -18.86674 -4.19344 -8.46036 -18.86674 0.05368 -8.46036 -18.86674 -0.07132 -7.01839 -18.86674 -0.07132 -7.01839 -18.86674 0.05368 -7.01839 -18.86674 0.05368 -7.01839 -18.86674 -0.07132 -8.46059 -18.86674 -0.00882 -7.30788 -18.86674 4.22981 -7.37038 -18.86674 4.12155 -6.12158 -18.86674 3.40057 -6.05908 -18.86674 3.50882 -6.05908 -18.86674 3.50882 -6.12158 -18.86674 3.40057 -7.33932 -18.86674 4.1758 -4.22173 -18.86674 7.2702 -4.32999 -18.86674 7.2077 -3.60899 -18.86674 5.95891 -3.50075 -18.86674 6.02141 -3.50075 -18.86674 6.02141 -3.60899 -18.86674 5.95891 -4.27597 -18.86674 7.23916 -0.02885 -18.86674 8.36018 -0.15385 -18.86674 8.36018 -0.15385 -18.86674 6.91821 -0.02885 -18.86674 6.91821 -0.02885 -18.86674 6.91821 -0.15385 -18.86674 6.91821 -0.09135 -18.86674 8.36042 4.14728 -18.86674 7.2077 4.03902 -18.86674 7.2702 3.31804 -18.86674 6.02141 3.42629 -18.86674 5.95891 3.42629 -18.86674 5.95891 3.31804 -18.86674 6.02141 4.09326 -18.86674 7.23916 7.18767 -18.86674 4.12155 7.12517 -18.86674 4.22981 5.87637 -18.86674 3.50882 5.93887 -18.86674 3.40057 5.93887 -18.86674 3.40057 5.87637 -18.86674 3.50882 7.15662 -18.86674 4.1758 8.27765 -18.86674 -0.07132 8.27765 -18.86674 0.05368 6.83568 -18.86674 0.05368 6.83568 -18.86674 -0.07132 6.83568 -18.86674 -0.07132 6.83568 -18.86674 0.05368 8.27788 -18.86674 -0.00882 7.12517 -18.86674 -4.24744 7.18767 -18.86674 -4.13919 5.93887 -18.86674 -3.4182 5.87637 -18.86674 -3.52646 5.87637 -18.86674 -3.52646 5.93887 -18.86674 -3.4182 7.15662 -18.86674 -4.19344 4.03902 -18.86674 -7.28783 4.14728 -18.86674 -7.22533 3.42629 -18.86674 -5.97655 3.31804 -18.86674 -6.03905 3.31804 -18.86674 -6.03905 3.42629 -18.86674 -5.97655 4.09326 -18.86674 -7.25678 -2.7766 7.88326 10.01266 -0.09135 7.88326 10.36618 -0.09135 7.88326 10.36618 -2.7766 7.88326 10.01266 -0.09135 7.88326 10.36618 2.59389 7.88326 10.01266 -0.09135 7.88326 10.36618 2.59389 7.88326 10.01266 -5.27885 7.88326 8.9762 -7.42758 7.88326 7.32742 -9.07637 7.88326 5.17868 -10.11284 7.88326 2.67643 -10.46635 7.88326 -0.00882 -10.11284 7.88326 -2.69406 -9.07637 7.88326 -5.19632 -7.42758 7.88326 -7.34505 -5.27885 7.88326 -8.99383 -2.7766 7.88326 -10.0303 -0.09135 7.88326 -10.38382 2.59389 7.88326 -10.0303 -0.09135 7.88326 -10.38382 -0.09135 7.88326 -10.38382 -2.7766 7.88326 -10.0303 2.59389 7.88326 -10.0303 -0.09135 7.88326 -10.38382 -5.27885 7.88326 -8.99383 -7.42758 7.88326 -7.34505 -9.07637 7.88326 -5.19632 -10.11284 7.88326 -2.69406 -10.46635 7.88326 -0.00882 -10.11284 7.88326 2.67643 -9.07637 7.88326 5.17868 -7.42758 7.88326 7.32742 -5.27885 7.88326 8.9762 5.09615 7.88326 -8.99383 7.24487 7.88326 -7.34505 8.89366 7.88326 -5.19632 9.93013 7.88326 -2.69406 10.28365 7.88326 -0.00882 9.93013 7.88326 2.67643 8.89366 7.88326 5.17868 7.24487 7.88326 7.32742 5.09615 7.88326 8.9762 5.09615 7.88326 8.9762 7.24487 7.88326 7.32742 8.89366 7.88326 5.17868 9.93013 7.88326 2.67643 10.28365 7.88326 -0.00882 9.93013 7.88326 -2.69406 8.89366 7.88326 -5.19632 7.24487 7.88326 -7.34505 5.09615 7.88326 -8.99383 2.65865 2.38326 9.90129 2.65865 2.38326 9.49967 2.65865 2.43875 9.54496 2.65865 2.38326 9.90129 1.29819 2.38326 9.79132 2.65865 2.38326 9.49967 2.65865 2.39183 9.99348 2.65865 2.38326 -9.5173 2.65865 2.38326 -9.91892 2.65865 2.38326 -9.5173 1.29817 2.38326 -9.80895 2.65865 2.39183 -10.01112 2.65865 2.38326 -9.91892 -0.09135 2.38326 -9.90699 -0.09135 2.38326 -9.90699 -2.84135 2.38326 -9.91892 -1.48088 2.38326 -9.80895 -0.09135 2.38326 9.88936 -0.09135 2.38326 9.88936 -2.84135 2.38326 9.90129 -1.4809 2.38326 9.79132 -2.84135 2.38326 9.49967 -2.84135 2.38326 9.49967 -2.84135 2.39183 9.99348 -2.84135 2.38326 9.90129 -2.84135 2.38326 -9.5173 -2.84135 2.38326 -9.91892 -2.84135 2.38326 -9.5173 -2.84135 2.43911 -9.56299 -2.84135 2.39183 -10.01112 2.69095 8.75826 10.37489 -0.09135 8.75826 10.74118 -0.09135 8.75826 10.74118 2.69095 8.75826 10.37489 -2.87366 8.75826 10.37489 -2.87366 8.75826 10.37489 -0.09135 8.75826 10.74118 5.28365 8.75826 9.30096 5.28365 8.75826 9.30096 7.51004 8.75826 7.59258 7.51004 8.75826 7.59258 9.21842 8.75826 5.36618 9.21842 8.75826 5.36618 10.29234 8.75826 2.77349 10.29234 8.75826 2.77349 10.65865 8.75826 -0.00882 10.65865 8.75826 -0.00882 10.65865 8.75826 -0.00882 10.29234 8.75826 -2.79112 10.29234 8.75826 -2.79112 -5.46635 8.75826 9.30096 -7.69275 8.75826 7.59258 -9.40112 8.75826 5.36618 -10.47505 8.75826 2.77349 -10.84135 8.75826 -0.00882 -10.47505 8.75826 -2.79112 -10.84135 8.75826 -0.00882 -10.84135 8.75826 -0.00882 -10.47505 8.75826 2.77349 -10.47505 8.75826 -2.79112 -9.40112 8.75826 5.36618 -7.69275 8.75826 7.59258 -5.46635 8.75826 9.30096 -9.40112 8.75826 -5.38382 -7.69275 8.75826 -7.61021 -5.46635 8.75826 -9.31859 -2.87366 8.75826 -10.39252 -0.09135 8.75826 -10.75882 2.69095 8.75826 -10.39252 5.28365 8.75826 -9.31859 7.51004 8.75826 -7.61021 9.21842 8.75826 -5.38382 9.21842 8.75826 -5.38382 7.51004 8.75826 -7.61021 5.28365 8.75826 -9.31859 2.69095 8.75826 -10.39252 -0.09135 8.75826 -10.75882 -0.09135 8.75826 -10.75882 -2.87366 8.75826 -10.39252 -5.46635 8.75826 -9.31859 -7.69275 8.75826 -7.61021 -9.40112 8.75826 -5.38382 -2.71635 7.75826 10.41576 -2.71635 7.75826 10.41576 -0.09135 7.75826 10.74118 -0.09135 7.75826 10.36618 -0.09135 7.75826 10.74118 -2.71635 7.75826 10.41576 -2.71635 7.66879 10.92898 -2.71635 7.75826 10.41576 -2.71635 7.75826 10.64355 -2.71635 7.75826 10.02861 -2.71635 7.75826 10.02861 2.53365 7.75826 10.41576 2.53365 7.75826 10.41576 2.53365 7.75826 10.02861 2.53365 7.75826 10.41576 2.53365 7.75826 10.64355 2.53365 2.39974 10.02861 2.53365 7.75826 10.64355 2.53365 7.75826 10.41576 2.53365 7.75826 10.02861 2.53365 7.75826 -10.4334 2.53365 7.75826 -10.4334 -0.09135 7.75826 -10.75882 -0.09135 7.75826 -10.38382 -0.09135 7.75826 -10.75882 2.53365 7.75826 -10.4334 2.53365 7.66879 -10.94661 2.53365 7.75826 -10.4334 2.53365 7.75826 -10.66119 2.53365 7.75826 -10.04625 2.53365 7.75826 -10.04625 -2.71635 7.75826 -10.4334 -2.71635 7.75826 -10.4334 -2.71635 7.75826 -10.04625 -2.71635 7.75826 -10.4334 -2.71635 7.75826 -10.66119 -2.71635 2.39974 -10.04625 -2.71635 7.75826 -10.66119 -2.71635 7.75826 -10.4334 -2.71635 7.75826 -10.04625 9.44174 2.14379 2.54599 9.56744 -2.85621 -0.00882 9.77829 2.14379 -0.00882 8.45625 2.14379 4.9254 9.2381 -2.85621 2.49141 6.88711 2.14379 6.97045 8.27365 -2.85621 4.81999 2.53365 4.38326 -12.26272 2.65865 7.43239 -11.12988 2.65865 4.38326 -12.26272 2.53365 7.66879 -10.94661 2.65865 7.66879 -10.94661 2.65865 7.43239 -11.12988 2.53365 7.43239 -11.12988 2.53365 7.43239 -11.12988 2.62527 3.44482 -12.26272 2.65865 4.38326 -12.26272 2.65865 3.25826 -12.26272 2.55789 4.27469 -12.26272 2.53365 4.38326 -12.26272 2.62527 4.1967 -12.26272 2.53365 2.41726 -10.10014 2.65865 3.25826 -12.26272 2.65865 2.41726 -10.10014 2.53365 3.25826 -12.26272 2.53365 3.25826 -12.26272 2.53365 2.41726 -10.10014 2.65865 2.41726 -10.10014 2.65865 2.39183 -10.01112 -2.84135 2.39183 -10.01112 2.65865 2.38326 -9.91892 -2.71635 2.39974 -10.04625 2.53365 2.40772 -10.07339 2.53365 2.39974 -10.04625 -2.84135 2.38326 -9.91892 2.53365 7.75826 -10.66119 2.65865 7.75826 -10.66119 -2.71635 7.66879 -10.94661 -2.84135 7.66879 -10.94661 -2.84135 7.75826 -10.66119 -2.71635 7.75826 -10.66119 -2.84135 2.41726 -10.10014 -2.71635 3.25826 -12.26272 -2.84135 2.41726 -10.10014 -2.84135 3.25826 -12.26272 -2.71635 2.41726 -10.10014 -2.71635 2.40772 -10.07339 -2.71635 2.41726 -10.10014 -2.80798 4.1967 -12.26272 -2.84135 3.25826 -12.26272 -2.84135 4.38326 -12.26272 -2.7406 3.36682 -12.26272 -2.71635 3.25826 -12.26272 -2.80798 3.44482 -12.26272 -2.71635 7.43239 -11.12988 -2.84135 4.38326 -12.26272 -2.84135 7.43239 -11.12988 -2.71635 4.38326 -12.26272 -2.71635 4.38326 -12.26272 -2.71635 7.43239 -11.12988 -2.84135 7.43239 -11.12988 -2.71635 7.66879 -10.94661 2.53365 7.43239 -11.12988 2.53365 4.38326 -12.26272 1.79437 4.38055 -12.26272 1.57291 4.38326 -12.26272 2.47702 4.38326 -11.59394 2.53365 4.38326 -12.26272 1.57291 4.38326 -12.26272 1.99025 4.37234 -12.26272 2.16287 4.35851 -12.26272 2.31427 4.33865 -12.26272 2.36993 4.32869 -12.26272 2.44578 4.31168 -12.26272 2.53365 4.38326 -11.58113 2.53365 4.38326 -11.58113 -2.71635 4.38326 -11.58113 -2.71635 4.38326 -12.26272 -2.71635 7.43239 -11.12988 -2.71635 4.32741 -11.44425 -2.7406 4.27469 -12.26272 -2.62849 4.31168 -12.26272 -2.55264 4.32869 -12.26272 -2.49698 4.33865 -12.26272 -2.34558 4.35851 -12.26272 -2.17296 4.37234 -12.26272 -1.97708 4.38055 -12.26272 -1.75561 4.38326 -12.26272 -2.65973 4.38326 -11.59394 -1.75561 4.38326 -12.26272 -2.71635 4.38326 -12.26272 -2.71635 4.38326 -11.58113 2.53365 3.25826 -11.58113 2.53365 3.25826 -12.26272 2.53365 2.41726 -10.10014 2.53365 2.40772 -10.07339 2.53365 3.44576 -11.38889 2.53365 3.31411 -11.44425 2.55789 3.36682 -12.26272 2.44578 3.32984 -12.26272 2.36993 3.31283 -12.26272 2.31427 3.30286 -12.26272 2.16287 3.28301 -12.26272 1.99025 3.26918 -12.26272 1.79437 3.26097 -12.26272 1.57291 3.25826 -12.26272 -0.09161 3.25826 -11.87501 1.57291 3.25826 -12.26272 2.53365 3.25826 -12.26272 2.47702 3.25826 -11.59394 2.53365 3.25826 -11.58113 -0.09135 2.52758 -10.38382 2.31815 2.41726 -10.10014 -2.50085 2.41726 -10.10014 2.42674 2.40779 -10.07359 -2.50085 2.41726 -10.10014 2.31815 2.41726 -10.10014 -0.09135 7.75826 -10.38382 -0.09135 2.52758 -10.38382 -2.50085 2.41726 -10.10014 -2.60945 2.40779 -10.07359 -2.60945 2.40779 -10.07359 2.53365 7.75826 -10.04625 2.31815 2.41726 -10.10014 2.42674 2.40779 -10.07359 -2.71635 2.41726 -10.10014 -2.71635 3.25826 -12.26272 -2.71635 2.40772 -10.07339 -1.97708 3.26097 -12.26272 -1.75561 3.25826 -12.26272 -2.71635 3.25826 -11.58113 -2.71635 3.25826 -12.26272 -1.75561 3.25826 -12.26272 -2.17296 3.26918 -12.26272 -2.34558 3.28301 -12.26272 -2.49698 3.30286 -12.26272 -2.55264 3.31283 -12.26272 -2.62849 3.32984 -12.26272 -2.71635 3.25826 -11.58113 -0.09135 3.31318 -12.5078 -1.75561 3.25826 -12.26272 -1.97708 3.26097 -12.26272 -2.65973 3.25826 -11.59394 -0.09135 3.25826 -12.37519 -0.09135 3.25826 -12.37519 -2.17296 3.26918 -12.26272 -2.34558 3.28301 -12.26272 -2.49698 3.30286 -12.26272 -2.55264 3.31283 -12.26272 -0.09134 3.44576 -12.56272 -2.62849 3.32984 -12.26272 -2.7406 3.36682 -12.26272 -2.80798 3.44482 -12.26272 -0.09134 4.19576 -12.56272 -2.80798 3.44482 -12.26272 -2.80798 4.1967 -12.26272 -0.09134 3.44576 -12.56272 -2.62849 4.31168 -12.26272 -2.80798 4.1967 -12.26272 -2.7406 4.27469 -12.26272 -2.55264 4.32869 -12.26272 -0.09135 4.32834 -12.5078 -0.09134 4.19576 -12.56272 -2.34558 4.35851 -12.26272 -2.49698 4.33865 -12.26272 -2.17296 4.37234 -12.26272 -1.97708 4.38055 -12.26272 -1.75561 4.38326 -12.26272 -0.09109 4.38326 -11.87501 -0.09135 4.38326 -12.37519 -0.09135 4.38326 -12.37519 1.57291 4.38326 -12.26272 1.79437 4.38055 -12.26272 1.99025 4.37234 -12.26272 2.16287 4.35851 -12.26272 2.31427 4.33865 -12.26272 2.36993 4.32869 -12.26272 2.44578 4.31168 -12.26272 2.55789 4.27469 -12.26272 2.62527 4.1967 -12.26272 2.62527 4.1967 -12.26272 2.62527 3.44482 -12.26272 2.44578 3.32984 -12.26272 2.62527 3.44482 -12.26272 2.55789 3.36682 -12.26272 2.36993 3.31283 -12.26272 2.16287 3.28301 -12.26272 2.31427 3.30286 -12.26272 1.99025 3.26918 -12.26272 1.79437 3.26097 -12.26272 1.57291 3.25826 -12.26272 2.53365 2.39974 -10.04625 2.53365 2.39974 -10.04625 2.53365 4.19576 -11.38889 2.53365 4.32741 -11.44425 -2.71635 2.39974 -10.04625 -2.71635 7.75826 -10.04625 -2.71635 4.19576 -11.38889 -2.71635 3.44576 -11.38889 -2.71635 3.31411 -11.44425 2.47702 3.25826 -11.59394 2.53365 3.25826 -11.58113 2.53365 3.31411 -11.44425 2.4483 3.31318 -11.4645 2.53365 3.44576 -11.38889 2.43642 3.44576 -11.41089 2.53365 3.44576 -11.38889 2.53365 4.19576 -11.38889 2.43642 3.44576 -11.41089 2.43642 4.19576 -11.41089 2.53365 4.19576 -11.38889 2.53365 4.32741 -11.44425 2.43642 4.19576 -11.41089 2.44853 4.32834 -11.46445 2.53365 4.38326 -11.58113 2.47702 4.38326 -11.59394 -2.65973 4.38326 -11.59394 -2.71635 4.38326 -11.58113 -2.71635 4.32741 -11.44425 -2.63101 4.32834 -11.4645 -2.71635 4.19576 -11.38889 -2.61912 4.19576 -11.41089 -2.71635 4.19576 -11.38889 -2.71635 3.44576 -11.38889 -2.61912 4.19576 -11.41089 -2.61912 3.44576 -11.41089 -2.71635 3.44576 -11.38889 -2.71635 3.31411 -11.44425 -2.61912 3.44576 -11.41089 -2.63124 3.31318 -11.46445 -2.71635 3.25826 -11.58113 -2.65973 3.25826 -11.59394 -0.0916 3.44576 -11.68772 -0.09111 4.19576 -11.68772 -2.61912 4.19576 -11.41089 -0.09111 4.28951 -11.71284 -2.61912 4.19576 -11.41089 -0.09111 4.19576 -11.68772 -2.61912 3.44576 -11.41089 -2.63101 4.32834 -11.4645 2.43642 3.44576 -11.41089 2.43642 4.19576 -11.41089 2.44853 4.32834 -11.46445 2.43642 4.19576 -11.41089 -0.0916 3.35201 -11.71284 2.43642 3.44576 -11.41089 -0.0916 3.44576 -11.68772 2.4483 3.31318 -11.4645 -2.63124 3.31318 -11.46445 -2.61912 3.44576 -11.41089 -0.09111 4.35814 -11.78147 2.47702 4.38326 -11.59394 -0.09109 4.38326 -11.87501 -2.65973 4.38326 -11.59394 -0.0916 3.28338 -11.78147 -2.65973 3.25826 -11.59394 -0.09161 3.25826 -11.87501 2.47702 3.25826 -11.59394 2.53365 7.66879 10.92898 2.65865 7.66879 10.92898 2.65865 7.75826 10.64355 2.53365 7.75826 10.64355 -2.84135 2.38326 9.90129 2.65865 2.38326 9.90129 2.65865 2.39183 9.99348 2.53365 2.39974 10.02861 2.65865 2.41726 10.08251 -2.84135 2.39183 9.99348 2.53365 3.25826 12.24509 2.65865 2.41726 10.08251 2.65865 3.25826 12.24509 2.53365 2.41726 10.08251 2.53365 2.40772 10.05576 2.53365 2.41726 10.08251 2.62527 4.1967 12.24509 2.65865 3.25826 12.24509 2.65865 4.38326 12.24509 2.55766 3.36671 12.24509 2.53365 3.25826 12.24509 2.62527 3.44482 12.24509 2.53365 7.43239 11.11225 2.65865 4.38326 12.24509 2.65865 7.43239 11.11225 2.53365 4.38326 12.24509 2.53365 4.38326 12.24509 2.53365 7.43239 11.11225 2.65865 7.43239 11.11225 -2.71635 4.38326 12.24509 -2.84135 7.43239 11.11225 -2.84135 4.38326 12.24509 -2.71635 7.66879 10.92898 -2.84135 7.66879 10.92898 -2.84135 7.43239 11.11225 -2.71635 7.43239 11.11225 -2.71635 7.43239 11.11225 -2.80798 3.44482 12.24509 -2.84135 4.38326 12.24509 -2.84135 3.25826 12.24509 -2.74037 4.27481 12.24509 -2.71635 4.38326 12.24509 -2.80798 4.1967 12.24509 -2.71635 2.41726 10.08251 -2.84135 3.25826 12.24509 -2.84135 2.41726 10.08251 -2.71635 3.25826 12.24509 -2.71635 3.25826 12.24509 -2.71635 2.41726 10.08251 -2.84135 2.41726 10.08251 -2.71635 2.40772 10.05576 -2.71635 2.39974 10.02861 -2.71635 7.75826 10.64355 -2.84135 7.75826 10.64355 2.53365 7.66879 10.92898 2.53365 4.38326 11.5635 2.53365 4.38326 12.24509 2.53365 7.43239 11.11225 2.53365 4.32741 11.42662 2.55766 4.27481 12.24509 2.44533 4.31179 12.24509 2.31367 4.33875 12.24509 2.16222 4.35857 12.24509 1.98965 4.37238 12.24509 1.79399 4.38056 12.24509 1.57291 4.38326 12.24509 -0.09161 4.38326 11.85737 1.57291 4.38326 12.24509 2.53365 4.38326 12.24509 2.47702 4.38326 11.57631 2.53365 4.38326 11.5635 -2.71635 7.43239 11.11225 -2.71635 4.38326 12.24509 -1.9767 4.38056 12.24509 -1.75561 4.38326 12.24509 -2.71635 4.38326 11.5635 -2.71635 4.38326 12.24509 -1.75561 4.38326 12.24509 -2.17236 4.37238 12.24509 -2.34492 4.35857 12.24509 -2.49638 4.33875 12.24509 -2.55263 4.32869 12.24509 -2.62804 4.31179 12.24509 -2.71635 4.38326 11.5635 -2.71635 3.25826 11.5635 -2.71635 3.25826 12.24509 -2.71635 2.41726 10.08251 -2.71635 2.40772 10.05576 -2.71635 3.44576 11.37126 -2.71635 3.31411 11.42662 -2.74037 3.36671 12.24509 -2.62804 3.32972 12.24509 -2.49638 3.30276 12.24509 -2.34492 3.28295 12.24509 -2.17236 3.26914 12.24509 -1.9767 3.26096 12.24509 -1.75561 3.25826 12.24509 -2.65973 3.25826 11.57631 -1.75561 3.25826 12.24509 -2.71635 3.25826 12.24509 -2.71635 3.25826 11.5635 -0.09135 2.52758 10.36618 -2.50085 2.41726 10.08251 2.31815 2.41726 10.08251 -2.60945 2.40779 10.05597 2.31815 2.41726 10.08251 -2.50085 2.41726 10.08251 -0.09135 7.75826 10.36618 -0.09135 2.52758 10.36618 2.31815 2.41726 10.08251 2.42674 2.40779 10.05597 2.42674 2.40779 10.05597 -2.71635 7.75826 10.02861 -2.50085 2.41726 10.08251 -2.60945 2.40779 10.05597 2.53365 2.41726 10.08251 2.53365 3.25826 12.24509 2.53365 2.40772 10.05576 1.79399 3.26096 12.24509 1.57291 3.25826 12.24509 2.47702 3.25826 11.57631 2.53365 3.25826 12.24509 1.57291 3.25826 12.24509 1.98965 3.26914 12.24509 2.16222 3.28295 12.24509 2.31367 3.30276 12.24509 2.36992 3.31283 12.24509 2.44533 3.32972 12.24509 2.53365 3.25826 11.5635 2.53365 3.25826 11.5635 -0.09135 3.31318 12.49017 1.57291 3.25826 12.24509 1.79399 3.26096 12.24509 -0.09109 3.25826 11.85737 -0.09135 3.25826 12.35756 -0.09135 3.25826 12.35756 1.98965 3.26914 12.24509 2.16222 3.28295 12.24509 2.31367 3.30276 12.24509 2.36992 3.31283 12.24509 -0.09135 3.44576 12.54509 2.44533 3.32972 12.24509 2.55766 3.36671 12.24509 2.62527 3.44482 12.24509 -0.09135 4.19576 12.54509 2.62527 3.44482 12.24509 2.62527 4.1967 12.24509 -0.09135 3.44576 12.54509 2.44533 4.31179 12.24509 2.62527 4.1967 12.24509 2.55766 4.27481 12.24509 2.36992 4.32869 12.24509 -0.09135 4.32834 12.49017 -0.09135 4.19576 12.54509 2.36992 4.32869 12.24509 2.16222 4.35857 12.24509 2.31367 4.33875 12.24509 1.98965 4.37238 12.24509 1.79399 4.38056 12.24509 1.57291 4.38326 12.24509 -0.09135 4.38326 12.35756 -0.09135 4.38326 12.35756 -1.75561 4.38326 12.24509 -1.9767 4.38056 12.24509 -2.65973 4.38326 11.57631 -2.17236 4.37238 12.24509 -2.34492 4.35857 12.24509 -2.49638 4.33875 12.24509 -2.55263 4.32869 12.24509 -2.62804 4.31179 12.24509 -2.74037 4.27481 12.24509 -2.80798 4.1967 12.24509 -2.80798 4.1967 12.24509 -2.80798 3.44482 12.24509 -2.62804 3.32972 12.24509 -2.80798 3.44482 12.24509 -2.74037 3.36671 12.24509 -2.55263 3.31283 12.24509 -2.55263 3.31283 12.24509 -2.34492 3.28295 12.24509 -2.49638 3.30276 12.24509 -2.17236 3.26914 12.24509 -1.9767 3.26096 12.24509 -1.75561 3.25826 12.24509 -2.71635 2.39974 10.02861 -2.71635 2.39974 10.02861 -2.71635 4.19576 11.37126 -2.71635 4.32741 11.42662 2.53365 2.39974 10.02861 2.53365 7.75826 10.02861 2.53365 4.19576 11.37126 2.53365 3.44576 11.37126 2.53365 3.31411 11.42662 2.47702 4.38326 11.57631 2.53365 4.38326 11.5635 2.53365 4.32741 11.42662 2.4483 4.32834 11.44687 2.53365 4.19576 11.37126 2.43642 4.19576 11.39325 2.53365 4.19576 11.37126 2.53365 3.44576 11.37126 2.43642 4.19576 11.39325 2.43642 3.44576 11.39325 2.53365 3.44576 11.37126 2.53365 3.31411 11.42662 2.43642 3.44576 11.39325 2.44853 3.31318 11.44682 2.53365 3.25826 11.5635 2.47702 3.25826 11.57631 -2.65973 3.25826 11.57631 -2.71635 3.25826 11.5635 -2.71635 3.31411 11.42662 -2.63101 3.31318 11.44687 -2.71635 3.44576 11.37126 -2.61912 3.44576 11.39325 -2.71635 3.44576 11.37126 -2.71635 4.19576 11.37126 -2.61912 3.44576 11.39325 -2.61912 4.19576 11.39325 -2.71635 4.19576 11.37126 -2.71635 4.32741 11.42662 -2.61912 4.19576 11.39325 -2.63124 4.32834 11.44682 -2.71635 4.38326 11.5635 -2.65973 4.38326 11.57631 -0.09111 3.44576 11.67009 -0.0916 4.19576 11.67009 2.43642 4.19576 11.39325 -0.0916 4.28951 11.69521 2.43642 4.19576 11.39325 -0.0916 4.19576 11.67009 2.43642 3.44576 11.39325 2.4483 4.32834 11.44687 -2.61912 3.44576 11.39325 -2.61912 4.19576 11.39325 -2.63124 4.32834 11.44682 -2.61912 4.19576 11.39325 -0.09111 3.35201 11.69521 -2.61912 3.44576 11.39325 -0.09111 3.44576 11.67009 -2.63101 3.31318 11.44687 2.44853 3.31318 11.44682 2.43642 3.44576 11.39325 -0.0916 4.35814 11.76384 -2.65973 4.38326 11.57631 -0.09161 4.38326 11.85737 2.47702 4.38326 11.57631 -0.09111 3.28338 11.76384 2.47702 3.25826 11.57631 -0.09109 3.25826 11.85737 -2.65973 3.25826 11.57631 9.24327 -2.85621 -2.51043 9.44693 2.14379 -2.56501 9.78365 2.14379 -0.00882 9.78365 2.14379 -0.00882 9.5728 -2.85621 -0.00882 9.56744 -2.85621 -0.00882 9.5728 -2.85621 -0.00882 9.78365 2.14379 -0.00882 9.77829 2.14379 -0.00882 8.27829 -2.85621 -4.8403 8.46089 2.14379 -4.94571 6.74182 -2.85621 -6.84277 6.8909 2.14379 -6.99188 4.74065 -2.85621 -8.37809 4.84607 2.14379 -8.56068 2.41045 -2.85621 -9.34351 2.46503 2.14379 -9.54716 -0.09198 -2.85621 -9.67289 -0.092 2.14379 -9.88373 -2.59233 -2.85621 -9.34359 -2.64688 2.14379 -9.54725 -4.92075 -2.85621 -8.3795 -5.02615 2.14379 -8.5621 -6.9249 -2.85621 -6.84162 -5.02615 2.14379 -8.5621 -4.92075 -2.85621 -8.3795 -7.07399 2.14379 -6.9907 9.5728 -2.85621 -0.00882 9.57829 2.14379 -0.00882 9.36745 -2.85621 -0.00882 9.04492 -2.85621 2.43964 9.57829 2.14379 -0.00882 9.3228 -2.85621 -0.00882 9.36745 -2.85621 -0.00882 9.24857 2.14379 2.49422 8.10043 -2.85621 4.72 8.28304 2.14379 4.82541 6.59662 -2.85621 6.67992 6.7457 2.14379 6.82902 4.63797 -2.85621 8.18261 4.74339 2.14379 8.36521 2.35729 -2.85621 9.12751 2.41187 2.14379 9.33117 -0.09198 -2.85621 9.4499 -0.09198 2.14379 9.66074 -2.53906 -2.85621 9.12765 -2.59363 2.14379 9.33131 -4.82076 -2.85621 8.18274 -4.92618 2.14379 8.36534 -4.90385 2.14379 -8.34431 -4.79843 -2.85621 -8.16171 -2.52751 -2.85621 -9.10217 -2.58208 2.14379 -9.30583 -0.09196 -2.85621 -9.42289 -0.09198 2.14379 -9.63373 2.34572 -2.85621 -9.10203 2.4003 2.14379 -9.30568 4.61565 -2.85621 -8.16158 4.72107 2.14379 -8.34418 6.56506 -2.85621 -6.66599 6.71414 2.14379 -6.81509 8.06178 -2.85621 -4.71532 8.24438 2.14379 -4.82072 9.0018 -2.85621 -2.44572 9.20544 2.14379 -2.5003 9.3228 -2.85621 -0.00882 9.53365 2.14379 -0.00882 9.53365 2.14379 -0.00882 -8.45996 -2.85621 -4.84116 -8.64255 2.14379 -4.94659 -9.42586 -2.85621 -2.50942 -9.62953 2.14379 -2.56398 -9.75488 -2.85621 -0.00882 -9.96571 2.14379 -0.00882 -9.42586 -2.85621 2.49179 -9.62953 2.14379 2.54635 -8.45996 -2.85621 4.82353 -8.64255 2.14379 4.92896 -6.92479 -2.85621 6.82406 -7.07388 2.14379 6.97314 -4.92319 -2.85621 8.36017 -5.02617 2.14379 8.53854 -4.92319 -2.85621 8.36017 -4.92075 -2.85621 8.35595 -5.02861 2.14379 8.54277 -5.02861 2.14379 8.54277 -5.02617 2.14379 8.53854 -4.92075 -2.85621 8.35595 -2.59082 -2.85621 9.32084 -2.64539 2.14379 9.5245 -0.09198 -2.85621 9.6499 -0.092 2.14379 9.86074 2.40906 -2.85621 9.32069 2.46364 2.14379 9.52435 4.73796 -2.85621 8.35582 4.84338 2.14379 8.53841 6.73804 -2.85621 6.82135 10.69061 8.88325 -1.42828 9.80707 8.88325 -2.65977 10.15591 8.88325 -0.00882 10.04608 8.90867 -0.00882 10.15591 8.88325 -0.00882 9.80707 8.88325 -2.65977 10.78365 8.88325 -0.00882 9.80707 8.88325 2.64214 9.75151 8.90867 2.41723 9.80707 8.88325 2.64214 10.15591 8.88325 -0.00882 10.04608 8.90867 -0.00882 9.95572 8.88325 -4.17075 8.78343 8.88325 -5.13173 8.8849 8.90867 -4.71992 8.78343 8.88325 -5.13173 10.41304 8.88325 -2.82365 9.75151 8.90867 -2.43487 8.5361 8.88325 -6.62937 7.15489 8.88325 -7.25434 7.49663 8.90867 -6.73119 7.15489 8.88325 -7.25434 9.32648 8.88325 -5.4466 6.52861 8.88325 -8.6367 5.0325 8.88325 -8.88302 5.66736 8.90867 -8.35177 5.0325 8.88325 -8.88302 7.59813 8.88325 -7.69884 5.34584 8.88325 -9.42694 2.56094 8.88325 -9.90681 3.50343 8.90867 -9.48749 2.56094 8.88325 -9.90681 4.07007 8.88325 -10.05604 -0.09135 8.88325 -10.25601 1.13058 8.90867 -10.07234 -0.09135 8.88325 -10.25601 -4.25282 8.88325 -10.05601 -2.74364 8.88325 -9.90682 -1.31329 8.90867 -10.07234 -2.74364 8.88325 -9.90682 2.7231 8.88325 -10.51324 -5.5286 8.88325 -9.42692 -5.21519 8.88325 -8.88303 -3.68614 8.90867 -9.48749 -5.21519 8.88325 -8.88303 -7.78088 8.88325 -7.6988 -7.33758 8.88325 -7.25435 -5.85007 8.90867 -8.35177 -7.33758 8.88325 -7.25435 -6.71136 8.88325 -8.63667 -9.50922 8.88325 -5.44656 -8.96614 8.88325 -5.13174 -7.67934 8.90867 -6.73119 -8.96614 8.88325 -5.13174 -8.71886 8.88325 -6.62933 -10.59576 8.88325 -2.82359 -9.98978 8.88325 -2.65978 -9.06761 8.90867 -4.71992 -9.98978 8.88325 -2.65978 -10.13844 8.88325 -4.1707 -10.96635 8.88325 -0.00882 -10.33862 8.88325 -0.00882 -9.93422 8.90867 -2.43487 -10.33862 8.88325 -0.00882 -10.87332 8.88325 -1.42825 -10.87332 8.88325 1.41063 -9.98978 8.88325 2.64212 -10.22879 8.90867 -0.00882 -10.33862 8.88325 -0.00882 -9.98978 8.88325 2.64212 -10.22879 8.90867 -0.00882 -10.13843 8.88325 4.15311 -8.96614 8.88325 5.11409 -9.06761 8.90867 4.70228 -8.96614 8.88325 5.11409 -10.59575 8.88325 2.806 -9.93422 8.90867 2.41723 -8.71881 8.88325 6.61172 -7.3376 8.88325 7.23669 -7.67934 8.90867 6.71354 -7.3376 8.88325 7.23669 -9.50919 8.88325 5.42895 -6.71132 8.88325 8.61906 -5.21521 8.88325 8.86537 -5.85007 8.90867 8.33412 -5.21521 8.88325 8.86537 -7.78084 8.88325 7.68119 -5.52855 8.88325 9.4093 -2.74365 8.88325 9.88917 -3.68614 8.90867 9.46984 -2.74365 8.88325 9.88917 -4.25278 8.88325 10.03839 -0.09135 8.88325 10.23836 -1.31329 8.90867 10.05469 -0.09135 8.88325 10.23836 4.07011 8.88325 10.03837 2.56093 8.88325 9.88917 1.13058 8.90867 10.05469 2.56093 8.88325 9.88917 -2.90581 8.88325 10.49559 5.34589 8.88325 9.40927 5.03249 8.88325 8.86538 3.50343 8.90867 9.46984 5.03249 8.88325 8.86538 7.59818 8.88325 7.68115 7.15488 8.88325 7.23671 5.66736 8.90867 8.33412 7.15488 8.88325 7.23671 6.52866 8.88325 8.61903 9.32651 8.88325 5.42891 8.78343 8.88325 5.1141 7.49663 8.90867 6.71354 8.78343 8.88325 5.1141 8.53615 8.88325 6.61168 10.41306 8.88325 2.80594 8.8849 8.90867 4.70228 9.95574 8.88325 4.15306 10.69061 8.88325 1.4106 10.96042 8.81003 -0.00882 10.78365 8.88325 -0.00882 10.69061 8.88325 1.4106 10.68333 8.81003 -2.46808 10.69061 8.88325 -1.42828 10.78365 8.88325 -0.00882 10.96042 8.81003 -0.00882 10.68333 8.81003 2.45043 10.41306 8.88325 2.80594 9.95574 8.88325 4.15306 9.86595 8.81003 4.78636 9.32651 8.88325 5.42891 8.53615 8.88325 6.61168 8.54927 8.81003 6.88185 7.59818 8.88325 7.68115 6.79932 8.81003 8.6318 6.52866 8.88325 8.61903 5.34589 8.88325 9.40927 4.70383 8.81003 9.94848 4.07011 8.88325 10.03837 2.72316 8.88325 10.49557 2.72316 8.88325 10.49557 -1.51071 8.88325 10.77307 1.32805 8.88325 10.77306 2.3679 8.81003 10.76586 1.32805 8.88325 10.77306 -0.09132 8.88325 10.86609 -0.09132 8.88325 10.86609 -0.09135 8.81003 11.04295 -1.51071 8.88325 10.77307 -2.55061 8.81003 10.76586 -2.90581 8.88325 10.49559 -4.25278 8.88325 10.03839 -4.88654 8.81003 9.94848 -5.52855 8.88325 9.4093 -6.71132 8.88325 8.61906 -6.98203 8.81003 8.6318 -7.78084 8.88325 7.68119 -8.73198 8.81003 6.88185 -8.71881 8.88325 6.61172 -9.50919 8.88325 5.42895 -10.04866 8.81003 4.78636 -10.13843 8.88325 4.15311 -10.59575 8.88325 2.806 -10.86604 8.81003 2.45043 -10.87332 8.88325 1.41063 -10.96635 8.88325 -0.00882 -11.14313 8.81003 -0.00882 -10.96635 8.88325 -0.00882 -10.87332 8.88325 -1.42825 -11.14313 8.81003 -0.00882 -10.86604 8.81003 -2.46808 -10.59576 8.88325 -2.82359 -10.13844 8.88325 -4.1707 -10.04866 8.81003 -4.80401 -9.50922 8.88325 -5.44656 -8.71886 8.88325 -6.62933 -8.73198 8.81003 -6.89949 -7.78088 8.88325 -7.6988 -6.98203 8.81003 -8.64945 -6.71136 8.88325 -8.63667 -5.5286 8.88325 -9.42692 -4.88654 8.81003 -9.96613 -4.25282 8.88325 -10.05601 -2.90587 8.88325 -10.51322 -2.90587 8.88325 -10.51322 1.328 8.88325 -10.79071 -1.51076 8.88325 -10.79071 -2.55061 8.81003 -10.78351 -1.51076 8.88325 -10.79071 -0.09138 8.88325 -10.88374 -0.09138 8.88325 -10.88374 -0.09135 8.81003 -11.0606 1.328 8.88325 -10.79071 2.3679 8.81003 -10.78351 2.7231 8.88325 -10.51324 4.07007 8.88325 -10.05604 4.70383 8.81003 -9.96613 5.34584 8.88325 -9.42694 6.52861 8.88325 -8.6367 6.79932 8.81003 -8.64945 7.59813 8.88325 -7.69884 8.54927 8.81003 -6.89949 8.5361 8.88325 -6.62937 9.32648 8.88325 -5.4466 9.86595 8.81003 -4.80401 9.95572 8.88325 -4.17075 10.41304 8.88325 -2.82365 5.3707 10.00825 1.97882 8.94368 10.00825 1.28873 9.03638 10.00825 -0.00882 9.14621 9.98283 -0.00882 9.03638 10.00825 -0.00882 8.94368 10.00825 1.28873 5.72115 10.00825 -0.00882 8.94368 10.00825 -1.30636 8.87779 9.98283 -2.21952 8.94368 10.00825 -1.30636 9.03638 10.00825 -0.00882 9.14621 9.98283 -0.00882 8.66702 10.00825 2.56147 8.87779 9.98283 2.20187 8.66702 10.00825 2.56147 4.36128 10.00825 3.72725 8.21201 10.00825 3.7819 8.21201 10.00825 3.7819 2.81462 10.00825 5.02503 7.58794 10.00825 4.92513 8.08811 9.98283 4.28409 7.58794 10.00825 4.92513 0.91769 10.00825 5.71541 6.8075 10.00825 5.9679 6.8075 10.00825 5.9679 -6.0693 10.00825 6.88897 5.8866 10.00825 6.88897 6.82306 9.98283 6.11682 5.8866 10.00825 6.88897 -6.99022 10.00825 5.96789 -5.02669 10.00825 7.66959 4.84396 10.00825 7.66959 5.15619 9.98283 7.59354 4.84396 10.00825 7.66959 -3.88356 10.00825 8.29387 3.70084 10.00825 8.29387 3.70084 10.00825 8.29387 -2.66322 10.00825 8.74908 2.4805 10.00825 8.74908 3.18433 9.98283 8.62845 2.4805 10.00825 8.74908 -1.39052 10.00825 9.02598 1.20779 10.00825 9.02598 1.20779 10.00825 9.02598 -0.09135 10.00825 9.1189 1.02211 9.98283 9.16139 -0.09135 10.00825 9.1189 -1.20482 9.98283 9.16139 -1.39052 10.00825 9.02598 -2.66322 10.00825 8.74908 -3.36704 9.98283 8.62845 -3.88356 10.00825 8.29387 -5.02669 10.00825 7.66959 -5.3389 9.98283 7.59354 -6.0693 10.00825 6.88897 -7.00577 9.98283 6.11682 -6.99022 10.00825 5.96789 -2.99733 10.00825 5.02503 -7.77065 10.00825 4.92513 -7.77065 10.00825 4.92513 -1.1004 10.00825 5.71541 -4.54399 10.00825 3.72725 -8.39473 10.00825 3.78189 -8.27081 9.98283 4.28409 -8.39473 10.00825 3.78189 -8.84973 10.00825 2.56146 -8.84973 10.00825 2.56146 -5.55341 10.00825 1.97882 -9.12639 10.00825 1.28872 -9.0605 9.98283 2.20187 -9.12639 10.00825 1.28872 -5.90385 10.00825 -0.00882 -9.21909 10.00825 -0.00882 -9.21909 10.00825 -0.00882 -5.55341 10.00825 -1.99646 -9.12639 10.00825 -1.30637 -9.32892 9.98283 -0.00882 -9.21909 10.00825 -0.00882 -9.12639 10.00825 -1.30637 -9.32892 9.98283 -0.00882 -8.84973 10.00825 -2.57912 -9.0605 9.98283 -2.21952 -8.84973 10.00825 -2.57912 -4.54399 10.00825 -3.7449 -8.39471 10.00825 -3.79955 -8.39471 10.00825 -3.79955 -2.99733 10.00825 -5.04268 -7.77065 10.00825 -4.94278 -8.27081 9.98283 -4.30173 -7.77065 10.00825 -4.94278 -1.1004 10.00825 -5.73306 -6.9902 10.00825 -5.98555 -6.9902 10.00825 -5.98555 5.8866 10.00825 -6.90662 -6.0693 10.00825 -6.90662 -7.00577 9.98283 -6.13446 -6.0693 10.00825 -6.90662 6.80751 10.00825 -5.98554 4.84398 10.00825 -7.68723 -5.02667 10.00825 -7.68724 -5.3389 9.98283 -7.61119 -5.02667 10.00825 -7.68724 3.70085 10.00825 -8.31151 -3.88354 10.00825 -8.31152 -3.88354 10.00825 -8.31152 2.48052 10.00825 -8.76673 -2.66321 10.00825 -8.76673 -3.36704 9.98283 -8.6461 -2.66321 10.00825 -8.76673 1.20781 10.00825 -9.04363 -1.3905 10.00825 -9.04363 -1.3905 10.00825 -9.04363 -0.09135 10.00825 -9.13655 -1.20482 9.98283 -9.17904 -0.09135 10.00825 -9.13655 1.02211 9.98283 -9.17904 1.20781 10.00825 -9.04363 2.48052 10.00825 -8.76673 3.18433 9.98283 -8.6461 3.70085 10.00825 -8.31151 4.84398 10.00825 -7.68723 5.15619 9.98283 -7.61119 5.8866 10.00825 -6.90662 6.82306 9.98283 -6.13446 6.80751 10.00825 -5.98554 2.81462 10.00825 -5.04268 7.58794 10.00825 -4.94277 7.58794 10.00825 -4.94277 0.91769 10.00825 -5.73306 4.36128 10.00825 -3.7449 8.21202 10.00825 -3.79954 8.08811 9.98283 -4.30173 8.21202 10.00825 -3.79954 8.66702 10.00825 -2.5791 8.66702 10.00825 -2.5791 5.3707 10.00825 -1.99646 -5.86725 10.09664 -0.00882 -5.90385 10.00825 -0.00882 -5.55341 10.00825 1.97882 -5.58455 10.09664 -1.79367 -5.55341 10.00825 -1.99646 -5.90385 10.00825 -0.00882 -5.86725 10.09664 -0.00882 -4.76415 10.09664 3.38616 -4.54399 10.00825 3.72725 -5.58455 10.09664 1.77602 -3.48634 10.09664 4.66397 -2.99733 10.00825 5.02503 -1.8762 10.09664 5.48437 -1.1004 10.00825 5.71541 -0.09135 10.09664 5.76706 0.91769 10.00825 5.71541 1.6935 10.09664 5.48437 2.81462 10.00825 5.02503 3.30363 10.09664 4.66397 4.36128 10.00825 3.72725 4.58144 10.09664 3.38616 5.3707 10.00825 1.97882 5.40184 10.09664 1.77602 5.72115 10.00825 -0.00882 5.68454 10.09664 -0.00882 5.72115 10.00825 -0.00882 5.3707 10.00825 -1.99646 5.68454 10.09664 -0.00882 4.58144 10.09664 -3.40381 4.36128 10.00825 -3.7449 5.40184 10.09664 -1.79367 3.30363 10.09664 -4.68162 2.81462 10.00825 -5.04268 1.6935 10.09664 -5.50202 0.91769 10.00825 -5.73306 -0.09135 10.09664 -5.78471 -1.1004 10.00825 -5.73306 -1.8762 10.09664 -5.50202 -2.99733 10.00825 -5.04268 -3.48634 10.09664 -4.68162 -4.54399 10.00825 -3.7449 -4.76415 10.09664 -3.40381 9.61613 8.97977 -2.60992 8.91597 9.91174 -2.42232 9.23372 9.91174 -0.00882 9.23372 9.91174 -0.00882 8.91597 9.91174 -2.42232 9.95857 8.97977 -0.00882 8.91597 9.91174 2.40466 9.95857 8.97977 -0.00882 9.23372 9.91174 -0.00882 8.91597 9.91174 2.40466 9.23372 9.91174 -0.00882 8.61215 8.97977 -5.03378 7.98439 9.91174 -4.67135 7.98439 9.91174 -4.67135 7.01503 8.97977 -7.1152 6.50247 9.91174 -6.60264 6.50247 9.91174 -6.60264 4.93361 8.97977 -8.71232 4.57118 9.91174 -8.08456 4.57118 9.91174 -8.08456 2.50977 8.97977 -9.71632 2.32216 9.91174 -9.01614 2.32216 9.91174 -9.01614 -0.09135 8.97977 -10.05875 -0.09135 9.91174 -9.33389 -0.09135 9.91174 -9.33389 -2.69247 8.97977 -9.71632 -2.50487 9.91174 -9.01614 -2.50487 9.91174 -9.01614 -5.11633 8.97977 -8.71232 -4.75389 9.91174 -8.08456 -4.75389 9.91174 -8.08456 -7.19774 8.97977 -7.11519 -6.68518 9.91174 -6.60264 -6.68518 9.91174 -6.60264 -8.79486 8.97977 -5.03378 -8.1671 9.91174 -4.67135 -8.1671 9.91174 -4.67135 -9.79884 8.97977 -2.60992 -9.09868 9.91174 -2.42231 -9.09868 9.91174 -2.42231 -10.14128 8.97977 -0.00882 -9.41643 9.91174 -0.00882 -9.41643 9.91174 -0.00882 -9.79884 8.97977 2.59227 -9.41643 9.91174 -0.00882 -10.14128 8.97977 -0.00882 -9.09868 9.91174 2.40467 -9.41643 9.91174 -0.00882 -9.09868 9.91174 2.40467 -10.14128 8.97977 -0.00882 -9.79884 8.97977 -2.60992 -9.79884 8.97977 2.59227 -10.14128 8.97977 -0.00882 -8.79486 8.97977 -5.03378 -7.19774 8.97977 -7.11519 -5.11633 8.97977 -8.71232 -2.69247 8.97977 -9.71632 -0.09135 8.97977 -10.05875 2.50977 8.97977 -9.71632 4.93361 8.97977 -8.71232 7.01503 8.97977 -7.1152 8.61215 8.97977 -5.03378 9.61613 8.97977 -2.60992 9.95857 8.97977 -0.00882 9.61613 8.97977 2.59227 9.95857 8.97977 -0.00882 9.61613 8.97977 2.59227 -8.79486 8.97977 5.01613 -8.1671 9.91174 4.6537 -8.1671 9.91174 4.6537 -7.19774 8.97977 7.09755 -6.68518 9.91174 6.58499 -6.68518 9.91174 6.58499 -5.11632 8.97977 8.69467 -4.75389 9.91174 8.06692 -4.75389 9.91174 8.06692 -2.69247 8.97977 9.69867 -2.50487 9.91174 8.9985 -2.50487 9.91174 8.9985 -0.09135 8.97977 10.04111 -0.09135 9.91174 9.31624 -0.09135 9.91174 9.31624 2.50977 8.97977 9.69867 2.32216 9.91174 8.9985 2.32216 9.91174 8.9985 4.93362 8.97977 8.69467 4.57118 9.91174 8.06692 4.57118 9.91174 8.06692 7.01503 8.97977 7.09755 6.50247 9.91174 6.58499 6.50247 9.91174 6.58499 8.61215 8.97977 5.01613 7.98439 9.91174 4.6537 7.98439 9.91174 4.6537 8.61215 8.97977 5.01613 7.01503 8.97977 7.09755 4.93362 8.97977 8.69467 2.50977 8.97977 9.69867 -0.09135 8.97977 10.04111 -2.69247 8.97977 9.69867 -5.11632 8.97977 8.69467 -7.19774 8.97977 7.09755 -8.79486 8.97977 5.01613 -2.08574 10.13325 -1.71547 -5.43628 10.13325 -1.95278 -5.77885 10.13325 -0.00882 -5.77885 10.13325 -0.00882 -5.43628 10.13325 -1.95278 -2.64326 10.13325 0.60616 -5.43628 10.13325 1.93512 -5.43628 10.13325 1.93512 -5.77885 10.13325 -0.00882 -2.64389 10.13325 -0.62117 -1.09135 10.13325 -2.43588 -4.44865 10.13325 -3.66405 -4.44865 10.13325 -3.66405 -0.90099 10.13325 -4.78315 -2.93513 10.13325 -4.93426 -2.93513 10.13325 -4.93426 -1.09135 10.13325 -4.19633 0.89607 10.13325 -5.60994 -1.07877 10.13325 -5.60995 -1.07877 10.13325 -5.60995 -0.40099 10.13325 -5.14715 0.89607 10.13325 -5.60994 0.21828 10.13325 -5.14715 2.75244 10.13325 -4.93424 2.75244 10.13325 -4.93424 0.90865 10.13325 -4.19633 4.26596 10.13325 -3.66403 4.26596 10.13325 -3.66403 0.71828 10.13325 -4.78315 0.90865 10.13325 -2.43588 5.25357 10.13325 -1.95277 5.25357 10.13325 -1.95277 2.4612 10.13325 -0.62111 5.59615 10.13325 -0.00882 5.59615 10.13325 -0.00882 1.90315 10.13325 -1.71532 1.9014 10.13325 1.69973 5.25357 10.13325 1.93514 5.59615 10.13325 -0.00882 5.25357 10.13325 1.93514 2.46056 10.13325 0.60612 0.90865 10.13325 2.41824 4.26595 10.13325 3.6464 4.26595 10.13325 3.6464 0.71828 10.13325 4.7655 2.75243 10.13325 4.91661 2.75243 10.13325 4.91661 0.90865 10.13325 4.17868 -1.07878 10.13325 5.59229 0.89606 10.13325 5.5923 0.89606 10.13325 5.5923 0.21828 10.13325 5.1295 -1.07878 10.13325 5.59229 -0.40099 10.13325 5.1295 -2.93515 10.13325 4.9166 -2.93515 10.13325 4.9166 -1.09135 10.13325 4.17868 -4.44867 10.13325 3.64638 -4.44867 10.13325 3.64638 -0.90099 10.13325 4.7655 -1.09135 10.13325 2.41824 -2.08411 10.13325 1.69975 -1.91719 10.06003 -1.6398 -1.09135 10.13325 -2.43588 -2.08574 10.13325 -1.71547 -0.99173 10.11254 -2.38536 -1.09135 10.13325 -4.19633 -1.09135 10.13325 -2.43588 -0.94322 10.05983 -2.30386 -1.01111 10.11431 -2.36522 -0.99173 10.11254 -2.38536 -1.09135 10.13325 -2.43588 -1.01111 10.11431 -2.36522 -2.46758 10.06003 -0.59821 -2.64389 10.13325 -0.62117 -2.64326 10.13325 0.60616 -2.46774 10.06003 0.57985 -2.08411 10.13325 1.69975 -1.91768 10.06003 1.62161 -1.09135 10.13325 2.41824 -0.91458 10.06003 4.17868 -1.09135 10.13325 2.41824 -1.09135 10.13325 4.17868 -1.01096 10.11424 2.34747 -0.99573 10.11424 2.36974 -1.01096 10.11424 2.34747 -1.09135 10.13325 2.41824 -0.99573 10.11424 2.36974 -0.91458 10.06003 4.17868 -1.09135 10.13325 4.17868 -0.90099 10.13325 4.7655 -0.75735 10.06003 4.66256 -0.40099 10.13325 5.1295 -0.34575 10.06003 4.96161 0.21828 10.13325 5.1295 0.57465 10.06003 4.66256 0.71828 10.13325 4.7655 0.16304 10.06003 4.96161 0.90865 10.13325 4.17868 0.80902 10.11254 2.36771 0.90865 10.13325 4.17868 0.90865 10.13325 2.41824 0.73187 10.06003 4.17868 0.77243 10.09288 2.34886 0.73187 10.06003 4.17868 1.73448 10.06003 1.62216 0.90865 10.13325 2.41824 1.9014 10.13325 1.69973 0.76051 10.05983 2.28621 0.8284 10.11431 2.34758 0.80902 10.11254 2.36771 0.90865 10.13325 2.41824 0.8284 10.11431 2.34758 2.28487 10.06003 0.58056 2.46056 10.13325 0.60612 2.4612 10.13325 -0.62111 2.28503 10.06003 -0.5975 1.90315 10.13325 -1.71532 1.73497 10.06003 -1.63926 0.90865 10.13325 -2.43588 0.73187 10.06003 -4.19633 0.90865 10.13325 -2.43588 0.90865 10.13325 -4.19633 0.81302 10.11424 -2.38739 0.82825 10.11424 -2.36511 0.90865 10.13325 -2.43588 0.81302 10.11424 -2.38739 0.82825 10.11424 -2.36511 0.73187 10.06003 -4.19633 0.90865 10.13325 -4.19633 0.71828 10.13325 -4.78315 0.57465 10.06003 -4.68021 0.21828 10.13325 -5.14715 0.16304 10.06003 -4.97926 -0.40099 10.13325 -5.14715 -0.75735 10.06003 -4.68021 -0.90099 10.13325 -4.78315 -0.34575 10.06003 -4.97926 -1.09135 10.13325 -4.19633 -0.95514 10.09288 -2.36652 -0.91458 10.06003 -4.19633 -0.91458 10.06003 -4.19633 -1.84749 9.88325 -1.60776 -1.84749 9.63325 -1.60776 -0.88303 9.63325 -2.24799 -0.88457 9.60965 -2.25236 -0.88303 9.63325 -2.24799 -1.84749 9.63325 -1.60776 -0.88303 9.88325 -2.24799 -0.85283 9.63325 -2.27084 -0.88303 9.88325 -2.24799 -0.88303 9.63325 -2.24799 -0.85283 9.63325 -2.27084 -0.88303 9.63325 -2.24799 -0.88457 9.60965 -2.25236 -2.39474 9.88325 -0.58764 -2.39474 9.63325 -0.58764 -2.29787 9.57912 -0.96868 -2.39474 9.63325 -0.58764 -0.88902 9.58936 -2.26497 -0.89342 9.57909 -2.27752 -1.73183 9.57912 -1.76919 -2.39474 9.88325 0.57 -2.39474 9.63325 0.57 -2.4976 9.57912 -0.00882 -2.39474 9.63325 0.57 -1.84749 9.88325 1.59011 -1.84749 9.63325 1.59011 -2.29787 9.57912 0.95103 -1.84749 9.63325 1.59011 -0.88303 9.88325 2.23035 -0.88303 9.63325 2.23035 -1.73183 9.57912 1.75154 -0.88303 9.63325 2.23035 -0.85283 9.88325 2.25319 -0.88303 9.63325 2.23035 -0.88303 9.88325 2.23035 -0.88919 9.58884 2.24781 -0.86414 9.60377 2.25107 -0.88919 9.58884 2.24781 -0.88303 9.63325 2.23035 -0.85263 9.63325 2.25346 -0.85263 9.63325 2.25346 -0.8968 9.97328 2.24325 -0.88303 9.88325 2.23035 -1.84749 9.88325 1.59011 -0.85283 9.88325 2.25319 -0.88303 9.88325 2.23035 -0.8968 9.97328 2.24325 -2.39474 9.88325 0.57 -0.94173 10.05799 2.28482 -2.39474 9.88325 -0.58764 -1.84749 9.88325 -1.60776 -0.88303 9.88325 -2.24799 -0.93837 10.05375 -2.2994 -0.89667 9.97281 -2.26075 -0.88292 10.01088 -2.29928 -0.89667 9.97281 -2.26075 -0.88303 9.88325 -2.24799 -0.85283 9.88325 -2.27084 -0.85283 9.88325 -2.27084 1.66478 9.88325 1.59011 1.66478 9.63325 1.59011 0.70032 9.63325 2.23035 0.70186 9.60965 2.23471 0.70032 9.63325 2.23035 1.66478 9.63325 1.59011 0.70032 9.88325 2.23035 0.67012 9.63325 2.25319 0.70032 9.88325 2.23035 0.70032 9.63325 2.23035 0.70186 9.60965 2.23471 0.67012 9.63325 2.25319 0.70032 9.63325 2.23035 2.21204 9.88325 0.57 2.21204 9.63325 0.57 2.11516 9.57912 0.95103 2.21204 9.63325 0.57 1.54912 9.57912 1.75154 0.71071 9.57909 2.25987 0.70631 9.58936 2.24732 2.21204 9.88325 -0.58764 2.21204 9.63325 -0.58764 2.3149 9.57912 -0.00882 2.21204 9.63325 -0.58764 1.66478 9.88325 -1.60776 1.66478 9.63325 -1.60776 2.11516 9.57912 -0.96868 1.66478 9.63325 -1.60776 0.70032 9.88325 -2.24799 0.70032 9.63325 -2.24799 1.54912 9.57912 -1.76919 0.70032 9.63325 -2.24799 0.67012 9.88325 -2.27084 0.70032 9.63325 -2.24799 0.70032 9.88325 -2.24799 0.70648 9.58884 -2.26546 0.68143 9.60377 -2.26871 0.70648 9.58884 -2.26546 0.70032 9.63325 -2.24799 0.66992 9.63325 -2.2711 0.66992 9.63325 -2.2711 0.7141 9.97328 -2.2609 0.70032 9.88325 -2.24799 1.66478 9.88325 -1.60776 0.67012 9.88325 -2.27084 0.70032 9.88325 -2.24799 0.7141 9.97328 -2.2609 2.21204 9.88325 -0.58764 0.75902 10.05799 -2.30247 2.21204 9.88325 0.57 1.66478 9.88325 1.59011 0.70032 9.88325 2.23035 0.75566 10.05375 2.28175 0.71396 9.97281 2.24311 0.70021 10.01088 2.28164 0.71396 9.97281 2.24311 0.70032 9.88325 2.23035 0.67012 9.88325 2.25319 0.67012 9.88325 2.25319 -4.03633 8.63325 10.39323 -2.62373 8.54194 10.82412 -2.48283 8.57075 10.85609 -2.49858 8.39397 10.92762 -2.48283 8.57075 10.85609 -2.62373 8.54194 10.82412 -1.43233 8.63325 11.03506 -0.09135 8.57075 11.11618 -2.49858 8.39397 10.92762 -0.09135 8.57075 11.11618 -2.48283 8.57075 10.85609 -2.74303 8.46004 10.79554 -2.60376 8.38562 10.88459 -2.74303 8.46004 10.79554 -2.82196 8.33843 10.77586 -2.69643 8.31504 10.84867 -2.82196 8.33843 10.77586 -2.84959 8.19575 10.76883 -2.84959 8.19575 10.76883 -2.84959 7.57075 10.76883 -2.7141 7.57075 10.85772 -2.84959 8.19575 10.76883 -2.84959 7.57075 10.76883 -2.73479 8.19575 10.83426 -2.73479 8.19575 10.83426 -5.13457 7.57075 9.90733 -2.53658 7.57075 10.71596 -2.84959 7.57075 10.76883 -5.13457 7.57075 9.90733 -2.7141 7.57075 10.85772 -6.41107 8.63325 9.14687 -7.17691 7.57075 8.56785 -4.86238 7.57075 9.90257 -7.17691 7.57075 8.56785 -8.41853 8.63325 7.36842 -8.87837 7.57075 6.81423 -8.69066 7.57075 6.85062 -8.87837 7.57075 6.81423 -6.94806 7.57075 8.59258 -9.94205 8.63325 5.16122 -10.15593 7.57075 4.73128 -10.00169 7.57075 4.76439 -10.15593 7.57075 4.73128 -10.89308 8.63325 2.65356 -10.94783 7.57075 2.42043 -10.81532 7.57075 2.43967 -10.94783 7.57075 2.42043 -11.21635 8.63325 -0.00882 -11.21635 7.57075 -0.00882 -11.21635 7.57075 -0.00882 -10.89308 8.63325 -2.67121 -11.21635 7.57075 -0.00882 -11.21635 8.63325 -0.00882 -10.94783 7.57075 -2.43808 -11.09135 7.57075 -0.00882 -10.94783 7.57075 -2.43808 -11.21635 8.63325 -0.00882 -10.89308 8.63325 2.65356 -10.89308 8.63325 -2.67121 -11.21635 8.63325 -0.00882 -9.94205 8.63325 5.16122 -8.41853 8.63325 7.36842 -6.41107 8.63325 9.14687 -4.03633 8.63325 10.39323 -1.43233 8.63325 11.03506 1.24962 8.63325 11.03506 1.24962 8.63325 11.03506 2.30012 8.57075 10.85609 3.85362 8.63325 10.39323 3.85362 8.63325 10.39323 4.95186 7.57075 9.90733 6.22836 8.63325 9.14687 6.22836 8.63325 9.14687 2.66689 8.19575 10.76883 2.63917 8.33869 10.77588 2.56006 8.4603 10.7956 2.44086 8.54201 10.82416 6.9942 7.57075 8.56785 8.23583 8.63325 7.36842 8.23583 8.63325 7.36842 8.69566 7.57075 6.81423 9.75934 8.63325 5.16122 9.75934 8.63325 5.16122 9.97322 7.57075 4.73128 10.71037 8.63325 2.65356 10.71037 8.63325 2.65356 11.03365 7.57075 -0.00882 11.03365 8.63325 -0.00882 11.03365 8.63325 -0.00882 10.76512 7.57075 2.42043 10.76512 7.57075 -2.43808 11.03365 8.63325 -0.00882 11.03365 7.57075 -0.00882 10.71037 8.63325 -2.67121 11.03365 8.63325 -0.00882 10.71037 8.63325 -2.67121 10.90865 7.57075 -0.00882 11.03365 7.57075 -0.00882 10.76512 7.57075 2.42043 10.63261 7.57075 -2.45731 10.76512 7.57075 -2.43808 10.63261 7.57075 2.43967 9.97322 7.57075 4.73128 9.81898 7.57075 4.76439 8.69566 7.57075 6.81423 8.50795 7.57075 6.85062 6.9942 7.57075 8.56785 6.76535 7.57075 8.59258 4.95186 7.57075 9.90733 2.66689 7.57075 10.76883 2.35387 7.57075 10.71596 2.66689 7.57075 10.76883 4.67967 7.57075 9.90257 2.55208 8.19575 10.83426 2.66689 7.57075 10.76883 2.66689 8.19575 10.76883 2.53139 7.57075 10.85772 2.53139 7.57075 10.85772 2.55208 8.19575 10.83426 2.66689 8.19575 10.76883 2.63917 8.33869 10.77588 2.51372 8.31505 10.84867 2.56006 8.4603 10.7956 2.42105 8.38563 10.88459 2.44086 8.54201 10.82416 2.30012 8.57075 10.85609 -0.09135 8.44575 11.14967 2.30012 8.57075 10.85609 2.31587 8.39397 10.92761 2.31587 8.39397 10.92761 -5.13457 7.57075 -9.92497 -2.84959 8.19575 -10.78648 -2.84959 7.57075 -10.78648 -2.73479 8.19575 -10.85191 -2.84959 7.57075 -10.78648 -2.84959 8.19575 -10.78648 -2.53658 7.57075 -10.7336 -5.13457 7.57075 -9.92497 -2.84959 7.57075 -10.78648 -2.7141 7.57075 -10.87537 -2.7141 7.57075 -10.87537 -4.03633 8.63325 -10.41088 -2.82188 8.33869 -10.79353 -2.73479 8.19575 -10.85191 -2.84959 8.19575 -10.78648 -2.82188 8.33869 -10.79353 -2.74277 8.4603 -10.81325 -2.69643 8.31505 -10.86632 -2.74277 8.4603 -10.81325 -2.62357 8.54201 -10.8418 -2.60376 8.38563 -10.90224 -2.62357 8.54201 -10.8418 -2.48283 8.57075 -10.87374 -2.48283 8.57075 -10.87374 -1.43233 8.63325 -11.05271 -0.09135 8.57075 -11.13383 -0.09135 8.44575 -11.16732 -2.48283 8.57075 -10.87374 -0.09135 8.57075 -11.13383 -2.49858 8.39397 -10.94526 -2.49858 8.39397 -10.94526 1.24962 8.63325 -11.05271 2.30012 8.57075 -10.87374 2.31587 8.39397 -10.94526 2.30012 8.57075 -10.87374 3.85362 8.63325 -10.41088 2.44102 8.54194 -10.84177 2.31587 8.39397 -10.94526 2.30012 8.57075 -10.87374 2.44102 8.54194 -10.84177 2.56032 8.46004 -10.81319 2.42105 8.38562 -10.90224 2.56032 8.46004 -10.81319 2.63925 8.33843 -10.79351 2.51372 8.31504 -10.86632 2.63925 8.33843 -10.79351 2.66689 8.19575 -10.78648 2.66689 8.19575 -10.78648 2.66689 7.57075 -10.78648 2.53139 7.57075 -10.87537 2.66689 8.19575 -10.78648 2.66689 7.57075 -10.78648 2.55208 8.19575 -10.85191 2.55208 8.19575 -10.85191 4.95186 7.57075 -9.92497 2.35387 7.57075 -10.7336 2.66689 7.57075 -10.78648 4.95186 7.57075 -9.92497 2.53139 7.57075 -10.87537 6.22836 8.63325 -9.16452 6.9942 7.57075 -8.58549 4.67967 7.57075 -9.92022 6.9942 7.57075 -8.58549 8.23583 8.63325 -7.38606 8.69566 7.57075 -6.83188 8.50795 7.57075 -6.86826 8.69566 7.57075 -6.83188 6.76535 7.57075 -8.61023 9.75934 8.63325 -5.17887 9.97322 7.57075 -4.74893 9.81898 7.57075 -4.78204 9.97322 7.57075 -4.74893 9.75934 8.63325 -5.17887 8.23583 8.63325 -7.38606 6.22836 8.63325 -9.16452 3.85362 8.63325 -10.41088 1.24962 8.63325 -11.05271 -1.43233 8.63325 -11.05271 -4.03633 8.63325 -10.41088 -6.41107 8.63325 -9.16452 -6.41107 8.63325 -9.16452 -7.17691 7.57075 -8.58549 -8.41853 8.63325 -7.38606 -8.41853 8.63325 -7.38606 -8.87837 7.57075 -6.83188 -9.94205 8.63325 -5.17887 -9.94205 8.63325 -5.17887 -10.15593 7.57075 -4.74893 -10.81532 7.57075 -2.45731 -10.15593 7.57075 -4.74893 -10.00169 7.57075 -4.78204 -8.87837 7.57075 -6.83188 -8.69066 7.57075 -6.86826 -7.17691 7.57075 -8.58549 -6.94806 7.57075 -8.61023 -4.86238 7.57075 -9.92022 -0.84135 9.63325 -4.19633 -0.84135 9.88325 -2.30692 -0.84135 9.63325 -2.30692 -0.84135 9.63325 -2.30692 -0.84135 9.88325 -2.30692 -0.84598 9.60965 -2.30692 -0.84135 9.63325 -4.19633 -0.84135 9.63325 -2.30692 -0.85966 9.602 -2.27567 -0.84598 9.60965 -2.30692 -0.84135 9.63325 -2.30692 -0.84135 9.88325 -4.19633 -0.84135 9.88325 -2.30692 -0.84135 9.88325 -4.19633 -0.85794 9.97281 -2.31571 -0.84135 9.88325 -2.30692 -0.85794 9.97281 -2.31571 -0.69812 9.63325 -4.63716 -0.84135 9.88325 -4.19633 -0.84135 9.63325 -4.19633 -0.69812 9.88325 -4.63716 -0.84135 9.88325 -4.19633 -0.69812 9.88325 -4.63716 -0.7234 9.57912 -4.65553 -0.69812 9.63325 -4.63716 -0.84135 9.63325 -4.19633 -0.8726 9.57912 -4.19633 -0.85936 9.58936 -2.30692 -0.8726 9.57912 -4.19633 -0.84135 9.63325 2.28927 -0.84135 9.88325 4.17868 -0.84135 9.63325 4.17868 -0.69812 9.88325 4.61951 -0.84135 9.63325 4.17868 -0.84135 9.88325 4.17868 -0.8726 9.57912 4.17868 -0.84135 9.63325 2.28927 -0.84135 9.63325 4.17868 -0.69812 9.63325 4.61951 -0.8726 9.57912 4.17868 -0.84135 9.63325 4.17868 -0.69812 9.63325 4.61951 -0.84135 9.88325 2.28927 -0.85812 9.97328 2.29815 -0.84135 9.88325 4.17868 -0.84135 9.88325 2.28927 -0.69812 9.88325 4.61951 -0.84135 9.88325 4.17868 -0.84958 9.63325 2.25828 -0.84135 9.88325 2.28927 -0.84135 9.63325 2.28927 -0.88309 10.01119 2.28179 -0.85812 9.97328 2.29815 -0.84135 9.88325 2.28927 -0.85966 9.58906 2.28927 -0.84958 9.63325 2.25828 -0.84135 9.63325 2.28927 -0.85966 9.58906 2.28927 0.51541 9.63325 4.61951 0.65865 9.88325 4.17868 0.65865 9.63325 4.17868 0.65865 9.88325 2.28927 0.65865 9.63325 4.17868 0.65865 9.88325 4.17868 0.5407 9.57912 4.63788 0.51541 9.63325 4.61951 0.65865 9.63325 4.17868 0.65865 9.63325 2.28927 0.66327 9.60965 2.28927 0.65865 9.63325 4.17868 0.65865 9.63325 2.28927 0.67665 9.58936 2.28927 0.6899 9.57912 4.17868 0.6899 9.57912 4.17868 0.51541 9.88325 4.61951 0.65865 9.88325 4.17868 0.51541 9.88325 4.61951 0.65865 9.88325 2.28927 0.65865 9.88325 4.17868 0.14041 9.63325 4.89197 0.14041 9.88325 4.89197 0.14041 9.88325 4.89197 -0.32312 9.63325 4.89197 -0.32312 9.88325 4.89197 -0.32312 9.88325 4.89197 -0.7234 9.57912 4.63788 -0.32312 9.63325 4.89197 -0.33278 9.57912 4.92169 0.14041 9.63325 4.89197 0.15007 9.57912 4.92169 0.65865 9.63325 -2.30692 0.65865 9.88325 -4.19633 0.65865 9.63325 -4.19633 0.51541 9.88325 -4.63716 0.65865 9.63325 -4.19633 0.65865 9.88325 -4.19633 0.6899 9.57912 -4.19633 0.65865 9.63325 -2.30692 0.65865 9.63325 -4.19633 0.51541 9.63325 -4.63716 0.6899 9.57912 -4.19633 0.65865 9.63325 -4.19633 0.51541 9.63325 -4.63716 0.65865 9.88325 -2.30692 0.67541 9.97328 -2.3158 0.65865 9.88325 -4.19633 0.65865 9.88325 -2.30692 0.51541 9.88325 -4.63716 0.65865 9.88325 -4.19633 0.66687 9.63325 -2.27592 0.65865 9.88325 -2.30692 0.65865 9.63325 -2.30692 0.70038 10.01119 -2.29944 0.67541 9.97328 -2.3158 0.65865 9.88325 -2.30692 0.67696 9.58906 -2.30692 0.66687 9.63325 -2.27592 0.65865 9.63325 -2.30692 0.67696 9.58906 -2.30692 0.65865 9.63325 2.28927 0.65865 9.88325 2.28927 0.67696 9.602 2.25802 0.65865 9.63325 2.28927 0.66327 9.60965 2.28927 0.67523 9.97281 2.29807 0.65865 9.88325 2.28927 0.67523 9.97281 2.29807 -0.32312 9.63325 -4.90961 -0.32312 9.88325 -4.90961 -0.32312 9.88325 -4.90961 0.14041 9.63325 -4.90961 0.14041 9.88325 -4.90961 0.14041 9.88325 -4.90961 0.5407 9.57912 -4.65553 0.14041 9.63325 -4.90961 0.15007 9.57912 -4.93934 -0.32312 9.63325 -4.90961 -0.33278 9.57912 -4.93934 -0.09135 8.32075 -11.63383 2.35387 8.32075 -11.1179 2.35387 8.32075 -11.37375 2.40193 8.31114 -11.08518 2.35387 8.32075 -11.37375 2.35387 8.32075 -11.1179 2.35657 8.31942 -11.39948 -0.09135 8.32075 -11.63383 2.35387 8.32075 -11.37375 2.44226 8.28414 -11.37375 2.35657 8.31942 -11.39948 2.35387 8.32075 -11.37375 2.44226 8.28414 -11.37375 -0.09135 8.32075 -11.38383 -0.09135 8.35425 -11.25883 2.35387 8.32075 -11.1179 -0.09135 8.32075 -11.38383 2.35387 8.32075 -11.1179 2.40193 8.31114 -11.08518 -2.53658 8.32075 -11.37375 -2.53658 8.32075 -11.1179 -2.53658 8.32075 -11.1179 -2.62497 8.28414 -11.37375 -2.53658 8.32075 -11.1179 -2.53658 8.32075 -11.37375 -2.5846 8.31116 -11.08521 -2.53658 8.32075 -11.1179 -2.5846 8.31116 -11.08521 -0.09135 8.28726 -11.75883 -2.53658 8.32075 -11.37375 -2.53928 8.31942 -11.39948 -2.62497 8.28414 -11.37375 -2.53658 8.32075 -11.37375 -2.53928 8.31942 -11.39948 2.35924 8.31546 -11.42495 -0.09135 8.07075 -11.88383 -0.09135 7.57075 -11.88369 -2.46147 7.57075 -11.6449 -0.09135 7.57075 -11.75883 -2.46147 7.57075 -11.6449 -0.09135 7.57075 -11.88369 -2.46147 8.07075 -11.6449 -2.60519 7.57075 -11.55808 -2.46147 8.07075 -11.6449 -2.46147 7.57075 -11.6449 -2.53658 7.57075 -11.50158 -2.60519 7.57075 -11.55808 2.27876 8.07075 -11.6449 2.27876 7.57075 -11.6449 2.27876 7.57075 -11.6449 2.34906 8.10757 -11.61914 2.27876 7.57075 -11.6449 2.27876 8.07075 -11.6449 2.42248 7.57075 -11.55808 2.40118 8.1368 -11.58105 2.42248 7.57075 -11.55808 -0.09135 8.19575 -11.85033 2.27876 8.07075 -11.6449 -0.09135 8.07075 -11.88383 2.31317 8.14439 -11.62651 2.34906 8.10757 -11.61914 2.27876 8.07075 -11.6449 2.31317 8.14439 -11.62651 -2.49623 8.14519 -11.62618 -2.46147 8.07075 -11.6449 -2.5325 8.10797 -11.61874 -2.49623 8.14519 -11.62618 -2.46147 8.07075 -11.6449 -2.5325 8.10797 -11.61874 2.47887 7.57075 -11.02867 2.47887 8.19509 -11.38691 2.47887 8.19575 -11.37375 2.44414 8.27782 -11.41725 2.47887 8.19575 -11.37375 2.47887 8.19509 -11.38691 2.47887 8.19575 -11.02867 2.47887 8.19575 -11.02867 2.47887 8.19575 -11.37375 2.47887 8.1931 -11.39993 2.47887 8.1931 -11.39993 2.47887 7.57075 -11.39993 2.47887 8.1931 -11.39993 2.47887 7.57075 -11.39993 2.46075 8.17473 -11.49335 2.44414 8.27782 -11.41725 2.47887 8.1931 -11.39993 2.46075 8.17473 -11.49335 2.35387 7.57075 -11.50158 2.47887 7.57075 -11.39993 2.47887 7.57075 -11.02867 2.53139 8.19575 -10.87537 2.47887 7.57075 -11.02867 2.47887 8.19575 -11.02867 2.46945 8.24335 -11.03587 2.53139 8.19575 -10.87537 2.47887 8.19575 -11.02867 2.46945 8.24335 -11.03587 -2.66158 7.57075 -11.39993 -2.66158 7.57075 -11.02867 -2.66158 8.19575 -11.02867 -2.66158 8.19575 -11.02867 -2.66158 7.57075 -11.02867 -2.66158 8.1931 -11.39993 -2.66158 8.19509 -11.38691 -2.66158 8.19575 -11.37375 -2.65213 8.24341 -11.03588 -2.66158 8.19575 -11.37375 -2.66158 8.19575 -11.02867 -2.7141 8.19575 -10.87537 -2.66158 8.19575 -11.02867 -2.7141 8.19575 -10.87537 -2.65213 8.24341 -11.03588 -2.66158 7.57075 -11.02867 -2.66158 7.57075 -11.39993 -2.64462 8.1756 -11.4904 -2.66158 7.57075 -11.39993 -2.66158 8.1931 -11.39993 -2.66158 8.1931 -11.39993 -2.66158 8.19509 -11.38691 -2.61719 8.22031 -11.52113 -2.64462 8.1756 -11.4904 -2.66158 8.1931 -11.39993 -2.62685 8.27782 -11.41725 -2.62685 8.27782 -11.41725 -2.66158 8.19575 -11.37375 -2.6252 8.28391 -11.05603 -0.09135 8.32075 11.36618 -0.09135 8.32075 11.61618 2.35387 8.32075 11.3561 -0.09135 8.28726 11.74118 2.35387 8.32075 11.3561 -0.09135 8.32075 11.61618 2.35387 8.32075 11.10025 2.44226 8.28414 11.3561 2.35387 8.32075 11.10025 2.35387 8.32075 11.3561 2.35657 8.31942 11.38184 2.44226 8.28414 11.3561 2.35387 8.32075 11.3561 2.35657 8.31942 11.38184 -2.53658 8.32075 11.10025 -2.53658 8.32075 11.3561 -2.53928 8.31942 11.38184 -2.53658 8.32075 11.3561 -2.54195 8.31546 11.4073 -2.58464 8.31114 11.06754 -2.53658 8.32075 11.3561 -2.53658 8.32075 11.10025 -2.62497 8.28414 11.3561 -2.53928 8.31942 11.38184 -2.53658 8.32075 11.3561 -2.62497 8.28414 11.3561 -0.09135 8.35425 11.24118 -2.53658 8.32075 11.10025 -0.09135 8.32075 11.36618 -2.53658 8.32075 11.10025 -2.58464 8.31114 11.06754 2.35387 8.32075 11.10025 2.40189 8.31116 11.06757 2.35387 8.32075 11.10025 2.40189 8.31116 11.06757 -0.09135 7.57075 11.86604 -0.09135 8.07075 11.86618 -2.46147 8.07075 11.62725 -0.09135 8.19575 11.83268 -2.46147 8.07075 11.62725 -0.09135 8.07075 11.86618 -2.46147 7.57075 11.62725 -2.53212 8.10777 11.6013 -2.46147 7.57075 11.62725 -2.46147 8.07075 11.62725 -2.49605 8.14478 11.6087 -2.53212 8.10777 11.6013 -2.46147 8.07075 11.62725 -2.49605 8.14478 11.6087 2.27876 7.57075 11.62725 2.27876 8.07075 11.62725 2.3131 8.1442 11.60894 2.27876 8.07075 11.62725 2.42248 7.57075 11.54043 2.27876 8.07075 11.62725 2.27876 7.57075 11.62725 2.34888 8.10748 11.60159 2.34888 8.10748 11.60159 2.3131 8.1442 11.60894 2.27876 8.07075 11.62725 -0.09135 7.57075 11.74118 2.27876 7.57075 11.62725 -0.09135 7.57075 11.86604 2.35387 7.57075 11.48393 2.42248 7.57075 11.54043 -2.46147 7.57075 11.62725 -2.60519 7.57075 11.54043 -2.58391 8.13681 11.56338 -2.60519 7.57075 11.54043 2.47887 7.57075 11.38228 2.47887 7.57075 11.01102 2.47887 8.19575 11.01102 2.47887 8.19575 11.01102 2.47887 7.57075 11.01102 2.47887 8.1931 11.38228 2.47887 8.19509 11.36926 2.47887 8.19575 11.3561 2.46942 8.24341 11.01823 2.47887 8.19575 11.3561 2.47887 8.19575 11.01102 2.53139 8.19575 10.85772 2.47887 8.19575 11.01102 2.53139 8.19575 10.85772 2.46942 8.24341 11.01823 2.47887 7.57075 11.01102 2.47887 7.57075 11.38228 2.45923 8.17361 11.4794 2.47887 7.57075 11.38228 2.47887 8.1931 11.38228 2.47887 8.1931 11.38228 2.47887 8.19509 11.36926 2.43449 8.22034 11.50345 2.45923 8.17361 11.4794 2.47887 8.1931 11.38228 2.44414 8.27782 11.3996 2.44414 8.27782 11.3996 2.47887 8.19575 11.3561 2.44249 8.28391 11.03838 -2.66158 7.57075 11.01102 -2.66158 8.19509 11.36926 -2.66158 8.19575 11.3561 -2.62685 8.27782 11.3996 -2.66158 8.19575 11.3561 -2.66158 8.19509 11.36926 -2.66158 8.19575 11.01102 -2.66158 8.19575 11.01102 -2.66158 8.19575 11.3561 -2.66158 8.1931 11.38228 -2.66158 8.1931 11.38228 -2.66158 7.57075 11.38228 -2.66158 8.1931 11.38228 -2.66158 7.57075 11.38228 -2.6425 8.17402 11.47807 -2.62685 8.27782 11.3996 -2.66158 8.1931 11.38228 -2.6425 8.17402 11.47807 -2.53658 7.57075 11.48393 -2.66158 7.57075 11.38228 -2.66158 7.57075 11.01102 -2.7141 8.19575 10.85772 -2.66158 7.57075 11.01102 -2.66158 8.19575 11.01102 -2.65216 8.24335 11.01821 -2.7141 8.19575 10.85772 -2.66158 8.19575 11.01102 -2.65216 8.24335 11.01821 10.41344 8.75825 2.80452 9.62946 8.75825 2.59631 9.9725 8.75825 -0.00882 9.13504 9.83499 -0.00882 9.9725 8.75825 -0.00882 9.62946 8.75825 2.59631 10.78365 8.75825 -0.00882 9.62946 8.75825 -2.61396 9.04114 9.83499 -1.32187 9.62946 8.75825 -2.61396 9.9725 8.75825 -0.00882 9.13504 9.83499 -0.00882 8.62396 8.75825 5.02338 8.76131 9.83499 2.59054 8.62396 8.75825 5.02338 9.04114 9.83499 1.30423 9.32709 8.75825 5.42791 7.02481 8.75825 7.10733 7.6704 9.83499 4.97934 7.02481 8.75825 7.10733 8.30127 9.83499 3.82396 7.59877 8.75825 7.68055 4.94086 8.75825 8.70649 5.95065 9.83499 6.96402 4.94086 8.75825 8.70649 6.8815 9.83499 6.03318 5.34637 8.75825 9.40899 2.51379 8.75825 9.71198 3.74144 9.83499 8.3838 2.51379 8.75825 9.71198 4.89682 9.83499 7.75291 2.7234 8.75825 10.4955 -0.09135 8.75825 10.05504 1.22169 9.83499 9.12366 -0.09135 8.75825 10.05504 2.50803 9.83499 8.84384 -5.5291 8.75825 9.40899 -2.6965 8.75825 9.71198 -0.09135 9.83499 9.21758 -2.6965 8.75825 9.71198 -5.12357 8.75825 8.70649 -2.69074 9.83499 8.84384 -5.12357 8.75825 8.70649 -1.4044 9.83499 9.12367 -7.78149 8.75825 7.68054 -7.20752 8.75825 7.10733 -5.07953 9.83499 7.75291 -7.20752 8.75825 7.10733 -3.92413 9.83499 8.3838 -9.5098 8.75825 5.4279 -8.80667 8.75825 5.02338 -7.06421 9.83499 6.03318 -8.80667 8.75825 5.02338 -6.13336 9.83499 6.96402 -10.59615 8.75825 2.8045 -9.81217 8.75825 2.59631 -8.48398 9.83499 3.82396 -9.81217 8.75825 2.59631 -7.8531 9.83499 4.97934 -10.96635 8.75825 -0.00882 -10.15521 8.75825 -0.00882 -9.22385 9.83499 1.30423 -10.15521 8.75825 -0.00882 -8.94402 9.83499 2.59055 -10.59615 8.75825 -2.82217 -9.81217 8.75825 -2.61396 -9.31775 9.83499 -0.00882 -10.15521 8.75825 -0.00882 -9.81217 8.75825 -2.61396 -9.31775 9.83499 -0.00882 -8.80667 8.75825 -5.04102 -8.94402 9.83499 -2.60819 -8.80667 8.75825 -5.04102 -9.22385 9.83499 -1.32187 -9.5098 8.75825 -5.44556 -7.20752 8.75825 -7.12498 -7.8531 9.83499 -4.99699 -7.20752 8.75825 -7.12498 -8.48398 9.83499 -3.8416 -7.78148 8.75825 -7.6982 -5.12357 8.75825 -8.72414 -6.13336 9.83499 -6.98167 -5.12357 8.75825 -8.72414 -7.06421 9.83499 -6.05083 -5.52908 8.75825 -9.42664 -2.6965 8.75825 -9.72962 -3.92415 9.83499 -8.40145 -2.6965 8.75825 -9.72962 -5.07953 9.83499 -7.77056 -2.90611 8.75825 -10.51315 -0.09135 8.75825 -10.07269 -1.4044 9.83499 -9.14131 -0.09135 8.75825 -10.07269 -2.69074 9.83499 -8.86149 5.34639 8.75825 -9.42663 2.51379 8.75825 -9.72962 -0.09135 9.83499 -9.23522 2.51379 8.75825 -9.72962 4.94086 8.75825 -8.72414 2.50803 9.83499 -8.86149 4.94086 8.75825 -8.72414 1.22169 9.83499 -9.14131 7.59879 8.75825 -7.69819 7.02481 8.75825 -7.12498 4.89682 9.83499 -7.77056 7.02481 8.75825 -7.12498 3.74143 9.83499 -8.40145 9.32709 8.75825 -5.44555 8.62396 8.75825 -5.04102 6.8815 9.83499 -6.05083 8.62396 8.75825 -5.04102 5.95065 9.83499 -6.98167 10.41344 8.75825 -2.82215 8.30127 9.83499 -3.84161 7.6704 9.83499 -4.99699 8.76131 9.83499 -2.60819 10.87204 8.72164 -0.00882 10.78365 8.75825 -0.00882 10.41344 8.75825 -2.82215 10.55345 8.72164 2.61489 10.41344 8.75825 2.80452 10.78365 8.75825 -0.00882 10.87204 8.72164 -0.00882 9.61624 8.72164 -5.10377 9.32709 8.75825 -5.44555 10.55345 8.72164 -2.63254 8.11485 8.72164 -7.27889 7.59879 8.75825 -7.69819 6.13657 8.72164 -9.03152 5.34639 8.75825 -9.42663 2.72342 8.75825 -10.51315 3.79631 8.72164 -10.25977 2.72342 8.75825 -10.51315 -0.09135 8.75825 -10.88374 1.23013 8.72164 -10.89227 -0.09135 8.75825 -10.88374 -1.41284 8.72164 -10.89227 -2.90611 8.75825 -10.51315 -3.97902 8.72164 -10.25977 -5.52908 8.75825 -9.42664 -6.31928 8.72164 -9.03152 -7.78148 8.75825 -7.6982 -8.29756 8.72164 -7.27889 -9.5098 8.75825 -5.44556 -9.79895 8.72164 -5.10377 -10.59615 8.75825 -2.82217 -10.73616 8.72164 -2.63254 -10.96635 8.75825 -0.00882 -11.05475 8.72164 -0.00882 -10.96635 8.75825 -0.00882 -10.59615 8.75825 2.8045 -11.05475 8.72164 -0.00882 -9.79895 8.72164 5.08612 -9.5098 8.75825 5.4279 -10.73616 8.72164 2.61489 -8.29756 8.72164 7.26125 -7.78149 8.75825 7.68054 -6.31928 8.72164 9.01387 -5.5291 8.75825 9.40899 -2.90613 8.75825 10.4955 -3.97902 8.72164 10.24212 -2.90613 8.75825 10.4955 -0.09135 8.75825 10.86609 -1.41284 8.72164 10.87463 -0.09135 8.75825 10.86609 1.23013 8.72164 10.87463 2.7234 8.75825 10.4955 3.79631 8.72164 10.24212 5.34637 8.75825 9.40899 6.13657 8.72164 9.01387 7.59877 8.75825 7.68055 8.11485 8.72164 7.26125 9.32709 8.75825 5.42791 9.61624 8.72164 5.08612 5.25324 9.88325 -1.95372 8.66704 9.88325 -2.57903 9.03638 9.88325 -0.00882 9.09129 9.87054 -0.00882 9.03638 9.88325 -0.00882 8.66704 9.88325 -2.57903 5.59615 9.88325 -0.00882 8.66704 9.88325 2.56139 9.04114 9.83499 1.30423 8.66704 9.88325 2.56139 9.03638 9.88325 -0.00882 9.09129 9.87054 -0.00882 2.75212 9.88325 -4.93443 7.58798 9.88325 -4.94272 8.76131 9.83499 -2.60819 7.58798 9.88325 -4.94272 4.26553 9.88325 -3.66455 9.04114 9.83499 -1.32187 9.13504 9.83499 -0.00882 -6.06934 9.88325 -6.90659 5.88663 9.88325 -6.90659 7.6704 9.83499 -4.99699 5.88663 9.88325 -6.90659 0.896 9.88325 -5.60996 8.30127 9.83499 -3.84161 -3.88357 9.88325 -8.31151 3.70088 9.88325 -8.3115 5.95065 9.83499 -6.98167 3.70088 9.88325 -8.3115 6.8815 9.83499 -6.05083 -1.39052 9.88325 -9.04363 1.20782 9.88325 -9.04363 3.74143 9.83499 -8.40145 1.20782 9.88325 -9.04363 4.89682 9.83499 -7.77056 1.22169 9.83499 -9.14131 -1.39052 9.88325 -9.04363 2.50803 9.83499 -8.86149 -2.69074 9.83499 -8.86149 -3.88357 9.88325 -8.31151 -1.4044 9.83499 -9.14131 -0.09135 9.83499 -9.23522 -5.07953 9.83499 -7.77056 -6.06934 9.88325 -6.90659 -3.92415 9.83499 -8.40145 -1.07871 9.88325 -5.60996 -7.77068 9.88325 -4.94273 -7.06421 9.83499 -6.05083 -7.77068 9.88325 -4.94273 -6.13336 9.83499 -6.98167 -4.44824 9.88325 -3.66455 -8.84975 9.88325 -2.57903 -8.48398 9.83499 -3.8416 -8.84975 9.88325 -2.57903 -2.93483 9.88325 -4.93443 -7.8531 9.83499 -4.99699 -5.77885 9.88325 -0.00882 -9.21909 9.88325 -0.00882 -9.22385 9.83499 -1.32187 -9.21909 9.88325 -0.00882 -5.43594 9.88325 -1.95372 -8.94402 9.83499 -2.60819 -5.43594 9.88325 1.93607 -8.84975 9.88325 2.56137 -9.274 9.87054 -0.00882 -9.21909 9.88325 -0.00882 -8.84975 9.88325 2.56137 -9.274 9.87054 -0.00882 -2.93483 9.88325 4.91678 -7.77069 9.88325 4.92507 -8.94402 9.83499 2.59055 -7.77069 9.88325 4.92507 -4.44824 9.88325 3.6469 -9.22385 9.83499 1.30423 -9.31775 9.83499 -0.00882 5.88663 9.88325 6.88894 -6.06934 9.88325 6.88894 -7.8531 9.83499 4.97934 -6.06934 9.88325 6.88894 -1.07871 9.88325 5.59231 -8.48398 9.83499 3.82396 3.70087 9.88325 8.29386 -3.88359 9.88325 8.29385 -6.13336 9.83499 6.96402 -3.88359 9.88325 8.29385 -7.06421 9.83499 6.03318 1.20781 9.88325 9.02598 -1.39053 9.88325 9.02598 -3.92413 9.83499 8.3838 -1.39053 9.88325 9.02598 -5.07953 9.83499 7.75291 -1.4044 9.83499 9.12367 1.20781 9.88325 9.02598 -2.69074 9.83499 8.84384 2.50803 9.83499 8.84384 3.70087 9.88325 8.29386 1.22169 9.83499 9.12366 -0.09135 9.83499 9.21758 4.89682 9.83499 7.75291 5.88663 9.88325 6.88894 3.74144 9.83499 8.3838 0.896 9.88325 5.59231 7.58797 9.88325 4.92508 6.8815 9.83499 6.03318 7.58797 9.88325 4.92508 5.95065 9.83499 6.96402 4.26553 9.88325 3.6469 8.30127 9.83499 3.82396 2.75212 9.88325 4.91678 7.6704 9.83499 4.97934 5.25324 9.88325 1.93607 8.76131 9.83499 2.59054 -5.74225 9.97164 -0.00882 -5.77885 9.88325 -0.00882 -5.43594 9.88325 -1.95372 -5.46567 9.97164 1.7374 -5.43594 9.88325 1.93607 -5.77885 9.88325 -0.00882 -5.74225 9.97164 -0.00882 -4.66303 9.97164 -3.33033 -4.44824 9.88325 -3.66455 -5.46567 9.97164 -1.75504 -3.41286 9.97164 -4.58049 -2.93483 9.88325 -4.93443 -1.83757 9.97164 -5.38314 -1.07871 9.88325 -5.60996 -0.09135 9.97164 -5.65971 0.896 9.88325 -5.60996 1.65486 9.97164 -5.38314 2.75212 9.88325 -4.93443 3.23015 9.97164 -4.58049 4.26553 9.88325 -3.66455 4.48032 9.97164 -3.33033 5.25324 9.88325 -1.95372 5.28296 9.97164 -1.75504 5.59615 9.88325 -0.00882 5.55954 9.97164 -0.00882 5.59615 9.88325 -0.00882 5.25324 9.88325 1.93607 5.55954 9.97164 -0.00882 4.48032 9.97164 3.31269 4.26553 9.88325 3.6469 5.28296 9.97164 1.7374 3.23015 9.97164 4.56284 2.75212 9.88325 4.91678 1.65486 9.97164 5.36549 0.896 9.88325 5.59231 -0.09135 9.97164 5.64206 -1.07871 9.88325 5.59231 -1.83757 9.97164 5.36549 -2.93483 9.88325 4.91678 -3.41286 9.97164 4.56284 -4.44824 9.88325 3.6469 -4.66303 9.97164 3.31269 9.13504 9.83499 -0.00882 -9.31775 9.83499 -0.00882 -5.31883 10.00825 1.89243 -1.9575 10.00825 1.65462 -0.96635 10.00825 2.33305 -0.96635 9.63325 2.33305 -0.96635 10.00825 2.33305 -1.9575 10.00825 1.65462 -4.35312 10.00825 3.56584 -0.96635 10.00825 4.17868 -0.96635 9.63325 4.17868 -0.96635 10.00825 4.17868 -0.96635 10.00825 2.33305 -0.96635 9.63325 2.33305 -5.65385 10.00825 -0.00882 -2.51816 10.00825 0.59155 -1.95773 9.63325 1.6545 -2.51816 10.00825 0.59155 -2.51816 10.00825 -0.6092 -2.51811 9.63325 0.59185 -2.51816 10.00825 -0.6092 -5.31882 10.00825 -1.9101 -1.9575 10.00825 -1.67226 -1.95772 9.63325 -1.67215 -1.9575 10.00825 -1.67226 -2.51811 9.63325 -0.6095 -0.96635 10.00825 -2.3507 -0.96635 10.00825 -2.3507 -4.35312 10.00825 -3.5835 -0.96635 10.00825 -4.19633 -0.96635 9.63325 -2.3507 -0.96635 10.00825 -2.3507 -0.96635 10.00825 -4.19633 -0.96635 9.63325 -2.3507 -2.87312 10.00825 -4.82571 -0.7995 10.00825 -4.7101 -0.96635 9.63325 -4.19633 -0.96635 10.00825 -4.19633 -0.7995 10.00825 -4.7101 -0.96635 9.63325 -4.19633 -0.36169 10.00825 -5.02846 -0.79924 9.63325 -4.71063 -0.36169 10.00825 -5.02846 -1.05743 10.00825 -5.48669 0.17899 10.00825 -5.02846 -0.36174 9.63325 -5.0285 0.17899 10.00825 -5.02846 2.69043 10.00825 -4.82569 0.61679 10.00825 -4.7101 0.61653 9.63325 -4.71063 0.61679 10.00825 -4.7101 0.17903 9.63325 -5.0285 4.17041 10.00825 -3.58349 0.78365 10.00825 -4.19633 0.78365 10.00825 -4.19633 0.78365 10.00825 -2.3507 0.78365 9.63325 -4.19633 0.78365 10.00825 -4.19633 0.78365 10.00825 -2.3507 0.78365 9.63325 -4.19633 5.13612 10.00825 -1.91008 1.7748 10.00825 -1.67226 0.78365 9.63325 -2.3507 0.78365 10.00825 -2.3507 1.7748 10.00825 -1.67226 0.78365 9.63325 -2.3507 5.47115 10.00825 -0.00882 2.33545 10.00825 -0.6092 1.77502 9.63325 -1.67215 2.33545 10.00825 -0.6092 2.33545 10.00825 0.59155 2.3354 9.63325 -0.6095 2.33545 10.00825 0.59155 5.13611 10.00825 1.89245 1.7748 10.00825 1.65462 1.77502 9.63325 1.6545 1.7748 10.00825 1.65462 2.3354 9.63325 0.59185 0.78365 10.00825 2.33305 0.78365 10.00825 2.33305 4.17041 10.00825 3.56585 0.78365 10.00825 4.17868 0.78365 9.63325 2.33305 0.78365 10.00825 2.33305 0.78365 10.00825 4.17868 0.78365 9.63325 2.33305 2.69041 10.00825 4.80806 0.61679 10.00825 4.69245 0.78365 9.63325 4.17868 0.78365 10.00825 4.17868 0.61679 10.00825 4.69245 0.78365 9.63325 4.17868 0.17899 10.00825 5.01082 0.61653 9.63325 4.69299 0.17899 10.00825 5.01082 0.87473 10.00825 5.46905 -0.36169 10.00825 5.01082 0.17903 9.63325 5.01085 -0.36169 10.00825 5.01082 -2.87314 10.00825 4.80804 -0.7995 10.00825 4.69245 -0.79924 9.63325 4.69299 -0.7995 10.00825 4.69245 -0.36174 9.63325 5.01085 -0.96635 10.00825 4.17868 -0.96635 9.63325 4.17868 -5.65385 10.00825 -0.00882 -5.31883 10.00825 1.89243 -5.31882 10.00825 -1.9101 -5.65385 10.00825 -0.00882 -4.35312 10.00825 3.56584 -2.87314 10.00825 4.80804 -1.05745 10.00825 5.46904 -1.05745 10.00825 5.46904 0.87473 10.00825 5.46905 2.69041 10.00825 4.80806 4.17041 10.00825 3.56585 5.13611 10.00825 1.89245 5.47115 10.00825 -0.00882 5.47115 10.00825 -0.00882 5.13612 10.00825 -1.91008 4.17041 10.00825 -3.58349 2.69043 10.00825 -4.82569 0.87474 10.00825 -5.48669 0.87474 10.00825 -5.48669 -1.05743 10.00825 -5.48669 -2.87312 10.00825 -4.82571 -4.35312 10.00825 -3.5835 -1.92517 9.57916 1.64409 -0.96635 9.63325 2.33305 -1.95773 9.63325 1.6545 -0.9494 9.59046 2.32126 -0.96635 9.63325 4.17868 -0.96635 9.63325 2.33305 -0.9494 9.59046 2.32126 -2.48672 9.57916 0.58886 -2.51811 9.63325 0.59185 -2.51811 9.63325 -0.6095 -2.48672 9.57916 -0.6065 -1.95772 9.63325 -1.67215 -1.92517 9.57916 -1.66174 -0.96635 9.63325 -2.3507 -0.93517 9.57916 -4.19633 -0.96635 9.63325 -2.3507 -0.96635 9.63325 -4.19633 -0.9494 9.59046 -2.33891 -0.9494 9.59046 -2.33891 1.74246 9.57916 -1.66174 0.78365 9.63325 -2.3507 1.77502 9.63325 -1.67215 0.76669 9.59046 -2.33891 0.78365 9.63325 -4.19633 0.78365 9.63325 -2.3507 0.76669 9.59046 -2.33891 2.30402 9.57916 -0.6065 2.3354 9.63325 -0.6095 2.3354 9.63325 0.59185 2.30402 9.57916 0.58886 1.77502 9.63325 1.6545 1.74246 9.57916 1.64409 0.78365 9.63325 2.33305 0.75246 9.57916 4.17868 0.78365 9.63325 2.33305 0.78365 9.63325 4.17868 0.76669 9.59046 2.32126 0.76669 9.59046 2.32126 -10.71654 8.63325 2.83818 -11.09135 7.57075 -0.00882 -11.09135 8.63325 -0.00882 -10.81532 7.57075 -2.45731 -11.09135 8.63325 -0.00882 -11.09135 7.57075 -0.00882 -10.71654 8.63325 2.83818 -11.09135 8.63325 -0.00882 -10.71654 8.63325 -2.85582 -11.09135 8.63325 -0.00882 -10.71654 8.63325 -2.85582 -10.81532 7.57075 2.43967 -10.00169 7.57075 4.76439 -9.61765 8.63325 5.49117 -8.69066 7.57075 6.85062 -7.86954 8.63325 7.76935 -6.94806 7.57075 8.59258 -5.59135 8.63325 9.51745 -4.86238 7.57075 9.90257 -2.53658 8.19575 10.71596 -2.53658 7.57075 10.71596 -2.93837 8.63325 10.61636 -2.53658 8.19575 11.48393 -2.53658 7.57075 10.71596 -2.53658 8.19575 10.71596 -2.53658 7.57075 11.48393 -0.09135 8.63325 10.99118 -0.09135 8.19575 10.99118 -2.53658 8.19575 11.48393 -2.53658 8.19575 10.71596 -0.09135 8.19575 10.99118 2.75566 8.63325 10.61636 2.35387 8.19575 10.71596 -0.09135 8.19575 11.74118 2.35387 8.19575 10.71596 2.35387 7.57075 10.71596 2.35387 7.57075 11.48393 2.35387 8.19575 10.71596 2.35387 7.57075 10.71596 2.35387 8.19575 11.48393 2.35387 8.19575 11.48393 4.67967 7.57075 9.90257 5.40865 8.63325 9.51745 6.76535 7.57075 8.59258 7.68683 8.63325 7.76935 8.50795 7.57075 6.85062 9.43494 8.63325 5.49117 9.81898 7.57075 4.76439 10.53383 8.63325 2.83818 10.63261 7.57075 2.43967 10.90865 8.63325 -0.00882 10.90865 7.57075 -0.00882 10.53383 8.63325 -2.85582 10.90865 7.57075 -0.00882 10.90865 8.63325 -0.00882 10.63261 7.57075 -2.45731 10.90865 8.63325 -0.00882 10.53383 8.63325 2.83818 10.53383 8.63325 -2.85582 10.90865 8.63325 -0.00882 9.43494 8.63325 5.49117 7.68683 8.63325 7.76935 5.40865 8.63325 9.51745 2.75566 8.63325 10.61636 -0.09135 8.63325 10.99118 -2.93837 8.63325 10.61636 -5.59135 8.63325 9.51745 -7.86954 8.63325 7.76935 -9.61765 8.63325 5.49117 9.81898 7.57075 -4.78204 9.43494 8.63325 -5.50882 8.50795 7.57075 -6.86826 7.68683 8.63325 -7.787 6.76535 7.57075 -8.61023 5.40865 8.63325 -9.5351 4.67967 7.57075 -9.92022 2.35387 8.19575 -10.7336 2.35387 7.57075 -10.7336 2.75566 8.63325 -10.63401 2.35387 8.19575 -11.50158 2.35387 7.57075 -10.7336 2.35387 8.19575 -10.7336 2.35387 7.57075 -11.50158 -0.09135 8.63325 -11.00883 -0.09135 8.19575 -11.00883 2.35387 8.19575 -11.50158 2.35387 8.19575 -10.7336 -0.09135 8.19575 -11.00883 -2.93837 8.63325 -10.63401 -2.53658 8.19575 -10.7336 -0.09135 8.19575 -11.75883 -2.53658 8.19575 -10.7336 -2.53658 7.57075 -10.7336 -2.53658 7.57075 -11.50158 -2.53658 8.19575 -10.7336 -2.53658 7.57075 -10.7336 -2.53658 8.19575 -11.50158 -2.53658 8.19575 -11.50158 -4.86238 7.57075 -9.92022 -5.59135 8.63325 -9.5351 -6.94806 7.57075 -8.61023 -7.86954 8.63325 -7.787 -8.69066 7.57075 -6.86826 -9.61765 8.63325 -5.50882 -10.00169 7.57075 -4.78204 -9.61765 8.63325 -5.50882 -7.86954 8.63325 -7.787 -5.59135 8.63325 -9.5351 -2.93837 8.63325 -10.63401 -0.09135 8.63325 -11.00883 2.75566 8.63325 -10.63401 5.40865 8.63325 -9.5351 7.68683 8.63325 -7.787 9.43494 8.63325 -5.50882 -0.93517 9.57916 -4.19633 -0.96635 9.63325 -4.19633 -0.79924 9.63325 -4.71063 -0.774 9.57916 4.67465 -0.79924 9.63325 4.69299 -0.96635 9.63325 4.17868 -0.93558 9.5794 2.31155 -0.93517 9.57916 4.17868 -0.93517 9.57916 4.17868 0.75246 9.57916 4.17868 0.78365 9.63325 4.17868 0.61653 9.63325 4.69299 0.59129 9.57916 4.67465 0.17903 9.63325 5.01085 0.1694 9.57916 4.98119 -0.36174 9.63325 5.01085 -0.35211 9.57916 4.98119 0.59129 9.57916 -4.6923 0.61653 9.63325 -4.71063 0.78365 9.63325 -4.19633 0.75287 9.5794 -2.32919 0.75246 9.57916 -4.19633 0.75246 9.57916 -4.19633 -0.774 9.57916 -4.6923 -0.36174 9.63325 -5.0285 -0.35211 9.57916 -4.99883 0.17903 9.63325 -5.0285 0.1694 9.57916 -4.99883 2.35387 7.57075 -11.50158 2.35387 8.19575 -11.50158 -0.09135 8.19575 -11.75883 -0.09135 7.57075 -11.75883 -2.53658 8.19575 -11.50158 -2.53658 7.57075 -11.50158 -0.09135 7.57075 11.74118 -0.09135 8.19575 11.74118 2.35387 8.19575 11.48393 2.35387 7.57075 11.48393 -2.53658 7.57075 11.48393 -2.53658 8.19575 11.48393 2.40019 8.13622 11.56435 -0.87834 9.57912 -2.28888 -0.85936 9.58936 -2.30692 -2.58398 8.13685 -11.58096 -2.58398 8.13685 -11.58096 -2.51997 8.20413 -11.59344 2.35924 8.31546 -11.42495 2.35927 8.27871 -11.5145 2.43448 8.2203 -11.52114 2.35927 8.27871 -11.5145 2.35924 8.31546 -11.42495 2.33675 8.20274 -11.59444 -2.54228 8.28045 -11.51173 -2.54195 8.31546 -11.42495 -2.51997 8.20413 -11.59344 2.33675 8.20274 -11.59444 2.40118 8.1368 -11.58105 -2.54195 8.31546 -11.42495 -2.54195 8.31546 -11.42495 -2.54228 8.28045 -11.51173 -2.61719 8.2203 11.50349 -2.58391 8.13681 11.56338 -2.51944 8.20267 11.57683 -2.5417 8.27729 11.49906 2.35884 8.27647 11.50032 2.35924 8.31546 11.4073 2.35924 8.31546 11.4073 2.35884 8.27647 11.50032 2.35924 8.31546 11.4073 2.33636 8.20169 11.57753 2.33636 8.20169 11.57753 2.40019 8.13622 11.56435 -2.51944 8.20267 11.57683 -2.5417 8.27729 11.49906 -2.54195 8.31546 11.4073 -2.54195 8.31546 11.4073 -0.94322 10.05983 -2.30386 -0.95514 10.09288 -2.36652 -0.93837 10.05375 -2.2994 -0.95448 10.07247 2.2965 -0.94173 10.05799 2.28482 -0.95448 10.07247 2.2965 -0.95523 10.09294 2.34889 -0.90852 10.05375 -2.34227 -0.90852 10.05375 -2.34227 0.77252 10.09294 -2.36654 0.74525 10.07247 -2.3524 0.77252 10.09294 -2.36654 0.74525 10.07247 -2.3524 0.77177 10.07247 -2.31415 0.75902 10.05799 -2.30247 0.77177 10.07247 -2.31415 0.77243 10.09288 2.34886 0.76051 10.05983 2.28621 0.75566 10.05375 2.28175 -0.95523 10.09294 2.34889 -0.92796 10.07247 2.33475 -0.92796 10.07247 2.33475 0.72581 10.05375 2.32462 0.72581 10.05375 2.32462 2.44253 8.28386 -11.05598 2.44253 8.28386 -11.05598 -2.6252 8.28391 -11.05603 2.44249 8.28391 11.03838 -2.62524 8.28386 11.03834 -2.62524 8.28386 11.03834 -0.88902 9.58936 -2.26497 -0.89342 9.57909 -2.27752 -0.90385 9.57075 -2.30692 -0.90385 9.57075 -2.30692 -0.93558 9.5794 -2.32919 -0.89104 9.58389 2.25315 -0.89354 9.57905 2.25991 -0.93558 9.5794 2.31155 -0.90385 9.57075 2.28927 -0.89354 9.57905 2.25991 -0.89104 9.58389 2.25315 -0.90385 9.57075 2.28927 -0.90385 9.57075 -2.30692 -0.93558 9.5794 -2.32919 -0.90385 9.57075 2.28927 0.75287 9.5794 2.31155 0.75287 9.5794 2.31155 0.72115 9.57075 2.28927 0.72115 9.57075 2.28927 0.69563 9.57912 2.27123 0.72115 9.57075 2.28927 0.67665 9.58936 2.28927 0.71071 9.57909 2.25987 0.75287 9.5794 -2.32919 0.71083 9.57905 -2.27756 0.72115 9.57075 -2.30692 0.72115 9.57075 -2.30692 0.70833 9.58389 -2.27079 0.72115 9.57075 -2.30692 0.71083 9.57905 -2.27756 0.70833 9.58389 -2.27079 0.70631 9.58936 2.24732</float_array>
          <technique_common>
            <accessor source="#_296-mesh-positions-array" count="5840" stride="3">
              <param name="X" type="float"/>
              <param name="Y" type="float"/>
              <param name="Z" type="float"/>
            </accessor>
          </technique_common>
        </source>
        <source id="_296-mesh-normals">
          <float_array id="_296-mesh-normals-array" count="17292">0 -1 0 -0.14234 0 0.98982 0 -1 0 0.14234 -0.0001 0.98982 0 -1 0 0.14236 0 0.98981 0 -1 0 -0.41546 -0.00001 0.90961 -0.14236 -0.0001 0.98981 0 -1 0 -0.65491 -0.00014 0.75571 0 -1 0 -0.41548 -0.00009 0.9096 0 -1 0 -0.84128 -0.00022 0.5406 0 -1 0 -0.65487 0.00004 0.75574 0 -1 0 -0.9595 -0.00018 0.2817 0 -1 0 -0.84122 0.00019 0.54069 0 -1 0 -1 0.00002 0 0 -1 0 -0.95947 0.00025 0.2818 0 -1 0 -0.9595 0.00025 -0.2817 0 -1 0 0 -1 0 -1 0.00002 0 0 -1 0 -0.84128 0.00019 -0.5406 0 -1 0 -0.95947 -0.00018 -0.2818 0 -1 0 -0.65491 0.00004 -0.75571 0 -1 0 -0.84122 -0.00022 -0.54069 0 -1 0 -0.41546 -0.00009 -0.90961 0 -1 0 -0.65487 -0.00014 -0.75574 0 -1 0 -0.14234 -0.0001 -0.98982 0 -1 0 -0.41548 -0.00001 -0.9096 0 -1 0 0.14234 0 -0.98982 0 -1 0 -0.14237 0 -0.98981 0 -1 0 0.41546 -0.00001 -0.90961 0.14237 -0.0001 -0.98981 0 -1 0 0.65491 -0.00014 -0.75571 0 -1 0 0.41548 -0.00009 -0.9096 0 -1 0 0.84128 -0.00022 -0.5406 0 -1 0 0.65487 0.00004 -0.75574 0 -1 0 0.9595 -0.00018 -0.2817 0 -1 0 0.84122 0.00019 -0.54069 0 -1 0 1 0.00002 0 0 -1 0 0.95947 0.00025 -0.2818 0 -1 0 0.9595 0.00025 0.2817 0 -1 0 0 -1 0 1 0.00002 0 0 -1 0 0.84128 0.00019 0.5406 0 -1 0 0.95947 -0.00018 0.2818 0 -1 0 0.65491 0.00004 0.75571 0 -1 0 0.84122 -0.00022 0.54069 0 -1 0 0.41546 -0.00009 0.90961 0 -1 0 0.65487 -0.00014 0.75574 0 -1 0 0.41548 -0.00001 0.9096 0 -1 0 0.14234 0 0.98982 0 -1 0 -0.14234 0.00009 0.98982 0 -1 0 0 -1 0 -0.14236 0 0.98981 0 -1 0 0.41547 0 0.90961 0 -1 0 0 -1 0 0.14236 0.00009 0.98981 0 -1 0 0.65491 0.00014 0.75571 0 -1 0 0 -1 0 0.41549 0.00009 0.9096 0 -1 0 0.84128 0.00022 0.5406 0 -1 0 0.65487 -0.00003 0.75574 0 -1 0 0.9595 0.00016 0.2817 0 -1 0 0 -1 0 0.84122 -0.0002 0.54069 0 -1 0 1 -0.00002 0 0 -1 0 0.95947 -0.00025 0.2818 0 -1 0 0.9595 -0.00024 -0.2817 0 -1 0 1 -0.00002 0 0 -1 0 0.84128 -0.0002 -0.5406 0 -1 0 0 -1 0 0.95947 0.00016 -0.2818 0 -1 0 0.65491 -0.00003 -0.75571 0 -1 0 0.84122 0.00022 -0.54069 0 -1 0 0.41547 0.00008 -0.90961 0 -1 0 0 -1 0 0.65487 0.00013 -0.75574 0 -1 0 0.14234 0.0001 -0.98982 0 -1 0 0 -1 0 0.41548 0.00001 -0.9096 0 -1 0 -0.14234 0 -0.98982 0 -1 0 0 -1 0 0.14236 0 -0.98981 0 -1 0 -0.41547 0.00001 -0.90961 0 -1 0 0 -1 0 -0.14236 0.0001 -0.98981 0 -1 0 -0.65491 0.00013 -0.75571 0 -1 0 0 -1 0 -0.41548 0.00008 -0.9096 0 -1 0 -0.84128 0.00022 -0.5406 0 -1 0 -0.65487 -0.00003 -0.75574 0 -1 0 -0.9595 0.00016 -0.2817 0 -1 0 0 -1 0 -0.84122 -0.0002 -0.54069 0 -1 0 -1 -0.00002 0 0 -1 0 -0.95947 -0.00024 -0.2818 0 -1 0 -0.9595 -0.00025 0.2817 0 -1 0 -1 -0.00002 0 0 -1 0 -0.84128 -0.0002 0.5406 0 -1 0 0 -1 0 -0.95947 0.00016 0.2818 0 -1 0 -0.65491 -0.00003 0.75571 0 -1 0 -0.84122 0.00022 0.54069 0 -1 0 -0.41547 0.00009 0.90961 0 -1 0 0 -1 0 -0.65487 0.00014 0.75574 0 -1 0 0 -1 0 -0.41549 0 0.9096 -0.07135 0 0.99745 0.06881 -0.26453 0.96192 0.14236 0 0.98981 -0.20503 -0.26445 0.94235 -0.34952 -0.00003 0.93693 -0.14236 -0.0001 0.98981 -0.46225 -0.26437 0.84642 -0.65491 -0.00013 0.75571 -0.41548 -0.00008 0.9096 -0.80057 -0.00015 0.59924 -0.65488 0.00004 0.75574 -0.84642 -0.2646 0.46212 -0.9595 -0.00017 0.2817 -0.84122 0.0002 0.54069 -0.99745 0.00008 0.07134 -0.95947 0.00024 0.28181 -0.96196 -0.26438 -0.0688 -0.9595 0.00024 -0.2817 -1 0.00002 0 -0.87771 0.00011 -0.4792 -0.95947 -0.00017 -0.28181 -0.77215 -0.26411 -0.57796 -0.65491 0.00004 -0.75571 -0.84122 -0.00021 -0.54069 -0.4793 -0.00009 -0.87765 -0.65488 -0.00013 -0.75574 -0.33707 -0.26444 -0.90358 -0.2126 -0.00007 -0.97714 -0.41549 0 -0.9096 -0.06881 -0.26453 -0.96192 0.07135 0 -0.99745 -0.14236 0 -0.98981 0.20503 -0.26445 -0.94235 0.34952 -0.00002 -0.93693 0.14236 -0.00009 -0.98981 0.46225 -0.26437 -0.84643 0.65491 -0.00013 -0.75571 0.41549 -0.00008 -0.9096 0.80057 -0.00015 -0.59924 0.65488 0.00004 -0.75574 0.84642 -0.26461 -0.46212 0.9595 -0.00017 -0.2817 0.84122 0.0002 -0.54069 0.99745 0.00008 -0.07134 0.95947 0.00024 -0.28181 0.96196 -0.26438 0.0688 0.9595 0.00024 0.2817 1 0.00002 0 0.8777 0.00011 0.4792 0.95947 -0.00017 0.28181 0.77215 -0.2641 0.57796 0.65491 0.00004 0.75571 0.84122 -0.00021 0.54069 0.4793 -0.00009 0.87765 0.65488 -0.00013 0.75574 0.33707 -0.26444 0.90358 0.2126 -0.00007 0.97714 0.41548 -0.00001 0.9096 0 -1 0 0.07136 0 0.99745 0 -1 0 -0.06885 0.2627 0.96242 0 -1 0 0 -1 0 -0.14236 0 0.98981 0 -1 0 0.20514 0.26262 0.94284 0 -1 0 0 -1 0 0.34951 0.00003 0.93693 0 -1 0 0.14236 0.00009 0.98981 0 -1 0 0.43864 0.20035 0.87605 0 -1 0 0 -1 0 0.47253 0.37716 0.79653 0 -1 0 0 -1 0 0 -1 0 0.65491 0.00013 0.75571 0 -1 0 0 -1 0 0.41548 0.00008 0.9096 0 -1 0 0.80058 0.00014 0.59923 0 -1 0 0.65487 -0.00005 0.75574 0 -1 0 0.84257 0.20022 0.5 0 -1 0 0.82797 0.37784 0.41436 0 -1 0 0 -1 0 0 -1 0 0 -1 0 0.9595 0.00017 0.28171 0.84123 -0.00019 0.54068 0 -1 0 0.99745 -0.00008 0.07134 0.95947 -0.00024 0.28181 0 -1 0 0.96246 0.26254 -0.06884 0 -1 0 0 -1 0 0 -1 0 0.9595 -0.00024 -0.28171 0 -1 0 1 -0.00002 0 0 -1 0 0.89426 -0.00006 -0.44754 0.95947 0.00017 -0.28181 0 -1 0 0.85798 0.06816 -0.50914 0 -1 0 0 -1 0 0 -1 0 0 -1 0 0.77255 0.26227 -0.57825 0 -1 0 0 -1 0 0.65491 -0.00004 -0.75571 0 -1 0 0 -1 0 0.84123 0.00021 -0.54068 0 -1 0 0.51022 0.0001 -0.86005 0 -1 0 0 -1 0 0.65487 0.00013 -0.75574 0 -1 0 0.44667 0.0681 -0.8921 0 -1 0 0 -1 0 0 -1 0 0 -1 0 0.33724 0.26264 -0.90404 0 -1 0 0 -1 0 0.2126 0.00007 -0.97714 0 -1 0 0.41548 0.00001 -0.9096 0 -1 0 0.06885 0.26271 -0.96241 0 -1 0 0 -1 0 0 -1 0 0 -1 0 -0.07135 0 -0.99745 0 -1 0 0 -1 0 0.14236 0 -0.98981 0 -1 0 -0.20514 0.26263 -0.94284 0 -1 0 0 -1 0 -0.34951 0.00003 -0.93693 0 -1 0 -0.14236 0.00009 -0.98981 0 -1 0 -0.43863 0.20034 -0.87605 0 -1 0 0 -1 0 -0.47253 0.37717 -0.79653 0 -1 0 0 -1 0 0 -1 0 -0.65491 0.00013 -0.75571 0 -1 0 0 -1 0 -0.41548 0.00009 -0.9096 0 -1 0 -0.80058 0.00015 -0.59923 0 -1 0 -0.65487 -0.00004 -0.75574 0 -1 0 -0.84257 0.20022 -0.5 0 -1 0 -0.82797 0.37784 -0.41437 0 -1 0 0 -1 0 0 -1 0 0 -1 0 -0.9595 0.00017 -0.28171 -0.84123 -0.00019 -0.54068 0 -1 0 -0.99745 -0.00008 -0.07134 -0.95947 -0.00024 -0.28181 0 -1 0 -0.96246 0.26254 0.06884 0 -1 0 0 -1 0 0 -1 0 -0.9595 -0.00024 0.28171 0 -1 0 -1 -0.00002 0 0 -1 0 -0.89426 -0.00006 0.44754 -0.95947 0.00017 0.28181 0 -1 0 -0.85798 0.06817 0.50914 0 -1 0 0 -1 0 0 -1 0 0 -1 0 -0.77255 0.26228 0.57826 0 -1 0 0 -1 0 -0.65491 -0.00005 0.75571 0 -1 0 0 -1 0 -0.84123 0.0002 0.54068 0 -1 0 -0.51022 0.0001 0.86005 0 -1 0 0 -1 0 -0.65487 0.00013 0.75574 0 -1 0 -0.44668 0.06809 0.8921 0 -1 0 0 -1 0 0 -1 0 0 -1 0 -0.33724 0.26264 0.90404 0 -1 0 0 -1 0 -0.2126 0.00007 0.97714 0 -1 0 -0.41548 0.00001 0.9096 0 -1 0 0 -1 0 0 -1 0 -0.17363 0 0.98481 0 -1 0 0.17363 -0.00007 0.98481 0 -1 0 0.17365 0 0.98481 0 -1 0 -0.49996 0.0001 0.86605 0 -1 0 -0.17365 -0.00007 0.98481 -0.76601 0.00019 0.64282 0 -1 0 -0.5 -0.00003 0.86603 0 -1 0 -0.93968 0.0002 0.34205 0 -1 0 -0.76605 0.00003 0.64278 0 -1 0 -1 0.00017 0 0 -1 0 -0.93969 0.00011 0.34202 0 -1 0 -0.93968 0.00011 -0.34205 0 -1 0 0 -1 0 0 -1 0 -1 0.00017 0 0 -1 0 -0.76601 0.00003 -0.64282 0 -1 0 -0.93969 0.0002 -0.34202 0 -1 0 -0.49996 -0.00004 -0.86605 0 -1 0 0 -1 0 -0.76605 0.00018 -0.64279 0 -1 0 -0.17363 -0.00008 -0.98481 0 -1 0 -0.5 0.00009 -0.86603 0.17363 0 -0.98481 0 -1 0 -0.17365 0 -0.98481 0 -1 0 0.49996 0.00009 -0.86605 0 -1 0 0.17365 -0.00008 -0.98481 0.76601 0.00018 -0.64282 0 -1 0 0.5 -0.00004 -0.86603 0 -1 0 0.93968 0.0002 -0.34205 0 -1 0 0.76605 0.00003 -0.64279 0 -1 0 1 0.00017 0 0 -1 0 0.93969 0.00011 -0.34202 0 -1 0 0.93968 0.00011 0.34205 0 -1 0 0 -1 0 0 -1 0 1 0.00017 0 0 -1 0 0.76601 0.00003 0.64282 0 -1 0 0.93969 0.0002 0.34202 0 -1 0 0.49996 -0.00003 0.86605 0 -1 0 0 -1 0 0.76605 0.00019 0.64278 0 -1 0 0.5 0.0001 0.86603 -0.38846 -0.62965 0.67278 0.86602 0 0.5 0.86602 0 0.5 0.86602 -0.00001 0.50001 -0.38846 -0.62965 0.67278 -0.86603 -0.00001 -0.49999 -0.86602 -0.00002 -0.5 -0.86602 -0.00002 -0.5 0.4968 0 -0.86787 -0.86603 0 -0.49999 0.50314 0 -0.8642 0.4968 0 -0.86787 0.50314 0 -0.8642 -0.67279 -0.62966 0.38843 0.5 0 0.86603 0.5 -0.00001 0.86603 0.5 -0.00001 0.86603 -0.67278 -0.62966 0.38845 -0.5 -0.00001 -0.86603 -0.5 0.00001 -0.86603 -0.50001 0.00001 -0.86602 0.86417 0 -0.5032 -0.5 0 -0.86603 0.86787 0 -0.4968 0.86417 0 -0.5032 0.86787 0 -0.4968 0 -1 0 -0.77688 -0.62965 0 0 -1 0 0 0 1 0 -1 0 0 0 1 0 0 1 -0.77688 -0.62965 0 0 0 -1 0.99999 0 -0.00366 0 0 -1 0 0 -1 0.99999 0 0.00366 0.99999 0 -0.00366 0 -1 0 0.99999 0 0.00366 -0.67279 -0.62966 -0.38843 -0.5 0 0.86603 -0.5 0 0.86603 -0.5 0 0.86602 -0.67279 -0.62966 -0.38843 0.5 0 -0.86602 0.49999 0.00001 -0.86603 0.5 0 -0.86602 0.86787 0 0.4968 0.5 0 -0.86603 0.86419 0 0.50317 0.86787 0 0.4968 0.86419 0 0.50317 -0.38846 -0.62966 -0.67278 -0.86603 0 0.5 -0.86603 -0.00002 0.49999 -0.86601 0.00002 0.50002 -0.38846 -0.62966 -0.67278 0.86602 -0.00001 -0.5 0.86602 0 -0.5 0.86602 0 -0.50001 0.50319 0 0.86418 0.86602 0 -0.5 0.49675 0 0.86789 0.50319 0 0.86418 0.49675 0 0.86789 0 -0.62966 -0.77687 -1 0 0 -1 0 0 -1 0 0 0 -0.62966 -0.77687 1 0 0 0.00372 0 0.99999 1 0 0 1 0 0 -0.00372 0 0.99999 0.00372 0 0.99999 -0.00372 0 0.99999 0.38846 -0.62966 -0.67278 -0.86602 0 -0.5 -0.86602 0 -0.5 -0.86601 -0.00002 -0.50002 0.38846 -0.62966 -0.67278 0.86603 0 0.49999 0.86602 -0.00002 0.5 0.86602 -0.00002 0.50001 -0.49675 0 0.86789 0.86603 0 0.49999 -0.50319 0 0.86418 -0.49675 0 0.86789 -0.50319 0 0.86418 0.67279 -0.62966 -0.38843 -0.5 0 -0.86603 -0.5 -0.00001 -0.86603 -0.5 0 -0.86602 0.67279 -0.62966 -0.38843 0.5 0 0.86602 0.5 -0.00001 0.86603 0.5 0 0.86602 -0.86419 0 0.50317 0.5 0 0.86603 -0.86787 0 0.4968 -0.86419 0 0.50317 -0.86787 0 0.4968 0 -1 0 0.77688 -0.62965 0 0 -1 0 0 0 -1 0 -1 0 0 0 -1 0 0 -1 0.77688 -0.62965 0 0 0 1 -0.99999 0 0.00366 0 0 1 0 0 1 -0.99999 0 -0.00366 -0.99999 0 0.00366 0 -1 0 -0.99999 0 -0.00366 0.67279 -0.62966 0.38843 0.5 0 -0.86603 0.5 0.00001 -0.86603 0.50002 -0.00002 -0.86601 0.67278 -0.62966 0.38846 -0.5 -0.00001 0.86603 -0.5 -0.00001 0.86603 -0.5 -0.00001 0.86603 -0.86787 0 -0.4968 -0.5 0 0.86603 -0.86417 0 -0.5032 -0.86787 0 -0.4968 -0.86417 0 -0.5032 0.38846 -0.62965 0.67278 0.86603 0 -0.5 0.86603 -0.00001 -0.49999 0.86602 0.00001 -0.50001 0.38846 -0.62965 0.67278 -0.86602 0 0.5 -0.86602 0 0.5 -0.86602 0 0.50001 -0.50314 0 -0.8642 -0.86602 0 0.5 -0.4968 0 -0.86787 -0.50314 0 -0.8642 -0.4968 0 -0.86787 0 -0.62965 0.77688 1 0 0 1 0 0 1 0 0 0 -0.62965 0.77688 -1 0 0 -0.00378 0 -0.99999 -1 0 0 -1 0 0 0.00378 0 -0.99999 -0.00378 0 -0.99999 0.00378 0 -0.99999 0.05351 -0.92653 0.37239 -0.04696 -0.94394 0.32676 -0.04904 -0.92675 0.37248 0.1243 -0.95416 0.27225 0.1637 -0.90389 0.39521 0.04267 -0.94505 0.32414 0.18261 -0.96033 0.21077 0.29226 -0.87722 0.38088 0.22365 -0.96401 0.14374 0.41801 -0.84993 0.32075 0.24813 -0.96598 0.07286 0.51952 -0.82692 0.21519 0.25627 -0.9666 0 0.57642 -0.81362 0.07589 0.24813 -0.96598 -0.07286 0.57642 -0.81362 -0.07589 0.22365 -0.96401 -0.14374 0.51952 -0.82692 -0.21519 0.18261 -0.96033 -0.21077 0.41801 -0.84993 -0.32075 0.1243 -0.95416 -0.27226 0.29226 -0.87722 -0.38089 0.04696 -0.94394 -0.32676 0.1637 -0.90389 -0.39519 -0.05351 -0.92653 -0.3724 0.04904 -0.92674 -0.37248 -0.1243 -0.95416 -0.27225 -0.04267 -0.94505 -0.32414 -0.1637 -0.90389 -0.39521 -0.18261 -0.96033 -0.21077 -0.29225 -0.87723 -0.38087 -0.22365 -0.96401 -0.14374 -0.41801 -0.84993 -0.32075 -0.24813 -0.96598 -0.07286 -0.51952 -0.82692 -0.21519 -0.25627 -0.9666 0 -0.57642 -0.81362 -0.07589 -0.24813 -0.96598 0.07286 -0.57642 -0.81362 0.07589 -0.22365 -0.96401 0.14374 -0.51952 -0.82692 0.21519 -0.18261 -0.96033 0.21077 -0.41801 -0.84993 0.32075 -0.1243 -0.95416 0.27225 -0.29226 -0.87722 0.38088 -0.1637 -0.90389 0.39519 0.13046 -0.04177 -0.99057 -0.07127 -0.04202 -0.99657 0 -1 0 -0.13045 -0.03673 -0.99077 0 -1 0 0 -1 0 0.0713 -0.03215 -0.99694 0.06504 -0.41082 -0.90939 -0.0442 -0.78489 -0.61806 -0.11912 -0.40876 -0.90483 0.21237 -0.04292 -0.97625 0.19895 -0.35209 -0.91458 0.09713 -0.66804 -0.73776 0.34925 -0.03484 -0.93638 0.3056 -0.48504 -0.81935 0.38241 -0.04009 -0.92312 0.4788 -0.04346 -0.87685 0.4549 -0.31472 -0.83308 0.28904 -0.65539 -0.6978 0.59886 -0.03718 -0.79999 0.49361 -0.56706 -0.65939 0.60826 -0.03875 -0.79279 0.70644 -0.04364 -0.70643 0.67412 -0.30189 -0.67411 0.47358 -0.62834 -0.61718 0.79993 -0.03915 -0.59882 0.60944 -0.64841 -0.45623 0.79275 -0.03774 -0.60837 0.87685 -0.04346 -0.4788 0.83308 -0.3147 -0.4549 0.64455 -0.58305 -0.49458 0.93617 -0.04076 -0.34917 0.64793 -0.72234 -0.24167 0.92326 -0.03707 -0.38238 0.97625 -0.04292 -0.21236 0.91457 -0.35211 -0.19895 0.79302 -0.51305 -0.32848 0.99657 -0.04202 -0.07128 0.61809 -0.78486 -0.04421 0.99078 -0.03673 -0.13039 0.99694 -0.03216 0.07131 0.90939 -0.41082 0.06505 0.99059 -0.04176 0.13037 0.90483 -0.40876 -0.11912 0.97625 -0.04292 0.21236 0.91457 -0.3521 0.19895 0.73778 -0.66802 0.09713 0.93638 -0.03484 0.34925 0.81934 -0.48507 0.3056 0.92315 -0.04009 0.38233 0.87685 -0.04346 0.4788 0.83309 -0.31469 0.45491 0.6978 -0.65539 0.28904 0.79999 -0.03716 0.59886 0.65939 -0.56704 0.49362 0.79272 -0.03875 0.60835 0.70644 -0.04364 0.70643 0.67412 -0.3019 0.67411 0.61719 -0.62832 0.47359 0.59881 -0.03914 0.79993 0.4562 -0.64845 0.60942 0.60828 -0.03774 0.79282 0.4788 -0.04346 0.87685 0.4549 -0.31471 0.83308 0.49458 -0.58305 0.64455 0.34917 -0.04076 0.93617 0.24167 -0.72234 0.64793 0.38245 -0.03707 0.92323 0.21237 -0.04292 0.97625 0.19895 -0.35211 0.91457 0.32849 -0.51303 0.79303 0.07128 -0.04202 0.99657 0.04421 -0.78488 0.61806 0.13049 -0.03673 0.99077 -0.13047 -0.04177 0.99057 -0.0713 -0.03214 0.99694 -0.06504 -0.41081 0.9094 0.11912 -0.40875 0.90484 0 -1 0 0 -1 0 0 -1 0 0 -1 0 0 -1 0 0 -1 0 0 -1 0 0 -1 0 0 -1 0 0 -1 0 0 -1 0 0 -1 0 0 -1 0 0 -1 0 0 -1 0 0 -1 0 0 -1 0 0 -1 0 0 -1 0 0 -1 0 0 -1 0 0 -1 0 0 -1 0 0.13046 -0.04178 0.99057 -0.13041 -0.04178 0.99058 0 1 0 -0.13043 -0.04211 0.99056 0 1 0 0 1 0 0.13041 -0.04275 0.99054 0.12884 -0.16042 0.9786 -0.09122 -0.71527 0.69287 -0.05922 -0.16149 0.9851 0.38233 -0.04265 0.92304 0.34307 -0.44307 0.82825 0.38239 -0.04178 0.92306 0.20603 -0.18395 0.9611 0.11472 -0.38982 0.91372 0.03649 -0.8551 0.51718 0.60823 -0.04163 0.79267 0.53261 -0.4843 0.69411 0.60815 -0.04288 0.79266 0.29563 -0.60407 0.74007 0.37621 -0.32589 0.86733 0.79266 -0.04171 0.60823 0.70149 -0.46709 0.53827 0.79259 -0.04293 0.60825 0.58056 -0.34642 0.73684 0.92303 -0.04281 0.38233 0.82559 -0.44885 0.34197 0.92309 -0.04188 0.3823 0.74309 -0.3672 0.55946 0.99054 -0.04268 0.13041 0.89539 -0.4294 0.11788 0.99058 -0.04182 0.13037 0.85342 -0.38801 0.34801 0.99058 -0.04182 -0.13041 0.90484 -0.40876 -0.11912 0.99055 -0.04268 -0.13036 0.90501 -0.40885 0.11746 0.92303 -0.04281 -0.38233 0.8256 -0.44883 -0.34197 0.89551 -0.4296 -0.11623 0.85344 -0.38798 -0.34802 0.79266 -0.0417 -0.60823 0.70148 -0.46711 -0.53827 0.92309 -0.04187 -0.3823 0.7431 -0.36717 -0.55946 0.60823 -0.04163 -0.79267 0.5326 -0.48431 -0.6941 0.79259 -0.04293 -0.60825 0.58056 -0.34642 -0.73684 0.38233 -0.04263 -0.92304 0.34307 -0.44307 -0.82825 0.60816 -0.04286 -0.79266 0.3693 -0.31898 -0.87285 0.13041 -0.04178 -0.99058 0.09122 -0.71527 -0.69287 0.13045 -0.04275 -0.99053 0.38238 -0.04178 -0.92306 0.20603 -0.18395 -0.9611 -0.13047 -0.04178 -0.99057 -0.13041 -0.04304 -0.99053 -0.12884 -0.16042 -0.9786 0.05922 -0.16149 -0.9851 0 1 0 0 1 0 0 1 0 0 1 0 0 1 0 0 1 0 0 1 0 0 1 0 0 1 0 0 1 0 0 1 0 0 1 0 0 1 0 0 1 0 0 1 0 0 1 0 0 1 0 0 1 0 0 1 0 0 1 0 0 1 0 0 1 0 0 1 0 -0.21237 -0.04292 0.97625 -0.19895 -0.35211 0.91457 -0.09713 -0.66803 0.73777 -0.34925 -0.03483 0.93638 -0.3056 -0.48506 0.81935 -0.38244 -0.0401 0.92311 -0.4788 -0.04345 0.87685 -0.4549 -0.31471 0.83308 -0.28904 -0.65539 0.6978 -0.59886 -0.03717 0.79999 -0.49361 -0.56705 0.6594 -0.6083 -0.03875 0.79276 -0.70644 -0.04364 0.70643 -0.67412 -0.3019 0.67411 -0.47357 -0.62835 0.61717 -0.79993 -0.03914 0.59882 -0.60944 -0.64842 0.45622 -0.79279 -0.03774 0.60832 -0.87685 -0.04346 0.4788 -0.83309 -0.31469 0.45491 -0.64455 -0.58304 0.49459 -0.93617 -0.04075 0.34917 -0.64793 -0.72235 0.24166 -0.92329 -0.03707 0.38231 -0.97625 -0.04292 0.21236 -0.91457 -0.3521 0.19895 -0.79302 -0.51304 0.32848 -0.99657 -0.04201 0.07128 -0.61809 -0.78486 0.04421 -0.99079 -0.03673 0.13031 -0.99657 -0.04202 -0.07128 -0.90939 -0.41082 -0.06505 -0.90483 -0.40876 0.11912 -0.97625 -0.04292 -0.21236 -0.91457 -0.35211 -0.19895 -0.99077 -0.03673 -0.13048 -0.73778 -0.66802 -0.09713 -0.93638 -0.03483 -0.34925 -0.81934 -0.48508 -0.3056 -0.92312 -0.04009 -0.38242 -0.87685 -0.04346 -0.4788 -0.83308 -0.3147 -0.4549 -0.6978 -0.65539 -0.28904 -0.79999 -0.03716 -0.59887 -0.65938 -0.56706 -0.49361 -0.79266 -0.03875 -0.60843 -0.70644 -0.04364 -0.70643 -0.67412 -0.30189 -0.67411 -0.61719 -0.62832 -0.47359 -0.59882 -0.03913 -0.79993 -0.45621 -0.64844 -0.60943 -0.6082 -0.03775 -0.79289 -0.4788 -0.04346 -0.87685 -0.4549 -0.31472 -0.83308 -0.49458 -0.58306 -0.64455 -0.34917 -0.04076 -0.93617 -0.24166 -0.72236 -0.64792 -0.38238 -0.03707 -0.92326 -0.21237 -0.04292 -0.97625 -0.19895 -0.35209 -0.91458 -0.32849 -0.51302 -0.79304 0 -1 0 0 -1 0 0 -1 0 0 -1 0 0 -1 0 0 -1 0 0 -1 0 0 -1 0 0 -1 0 0 -1 0 0 -1 0 0 -1 0 0 -1 0 0 -1 0 0 -1 0 0 -1 0 0 -1 0 0 -1 0 0 -1 0 0 -1 0 0 -1 0 0 -1 0 0 -1 0 -0.38235 -0.04154 -0.92308 -0.34307 -0.44307 -0.82825 -0.11472 -0.38982 -0.91372 -0.03649 -0.85511 -0.51717 -0.20603 -0.18395 -0.9611 -0.60821 -0.04238 -0.79264 -0.53263 -0.48423 -0.69414 -0.38239 -0.0431 -0.92299 -0.29534 -0.60487 -0.73953 -0.37626 -0.32606 -0.86724 -0.79264 -0.04236 -0.60821 -0.7015 -0.46706 -0.53828 -0.60821 -0.04229 -0.79265 -0.58053 -0.34652 -0.73682 -0.9231 -0.04115 -0.38236 -0.82562 -0.44878 -0.34198 -0.79264 -0.04244 -0.60821 -0.74307 -0.36723 -0.55945 -0.99061 -0.04103 -0.13042 -0.89541 -0.42935 -0.11788 -0.92305 -0.04363 -0.38221 -0.85342 -0.38801 -0.34802 -0.99058 -0.04181 0.13041 -0.90483 -0.40876 0.11912 -0.99052 -0.04355 -0.13028 -0.90501 -0.40885 -0.11746 -0.92307 -0.04189 0.38235 -0.82562 -0.44877 0.34198 -0.99053 -0.04274 0.13045 -0.89553 -0.42956 0.11623 -0.85342 -0.38801 0.34802 -0.79269 -0.0408 0.60826 -0.70151 -0.46705 0.53828 -0.92301 -0.04291 0.38238 -0.74308 -0.36721 0.55946 -0.60826 -0.04062 0.7927 -0.53263 -0.48423 0.69414 -0.79249 -0.04398 0.6083 -0.58053 -0.3465 0.73683 -0.38235 -0.04157 0.92308 -0.34307 -0.44307 0.82825 -0.60805 -0.04389 0.79269 -0.36928 -0.3191 0.87282 -0.3823 -0.0424 0.92307 -0.20603 -0.18395 0.9611 0 1 0 0 1 0 0 1 0 0 1 0 0 1 0 0 1 0 0 1 0 0 1 0 0 1 0 0 1 0 0 1 0 0 1 0 0 1 0 0 1 0 0 1 0 0 1 0 0 1 0 0 1 0 0 1 0 0 1 0 0 1 0 0 1 0 0 1 0 0 -1 0 0 -1 0 0 -1 0 0 -1 0 0 -1 0 0 -1 0 0 -1 0 0 -1 0 0 -1 0 0 -1 0 0 -1 0 0 -1 0 0 -1 0 0 -1 0 0 -1 0 0 -1 0 0 -1 0 0 -1 0 0 -1 0 0 -1 0 0 -1 0 0 -1 0 0 -1 0 0 -1 0 0 -1 0 0 -1 0 0 -1 0 0 -1 0 0 -1 0 0 -1 0 0 -1 0 0.00148 -1 0.00035 0 -1 0 0.00152 -1 0.00008 0 -1 0 0 -1 0 0 -1 0 0 -1 0 0 -1 0 0 -1 0 0 -1 0 0 -1 0 0 -1 0 0 -1 0 0 -1 0 0 -1 0 0 -1 0 0 -1 0 0 -1 0 0 -1 0 0 -1 0 0 -1 0 0 -1 0 0 -1 0 0 -1 0 0 -1 0 0 -1 0 0 -1 0 0 -1 0 0 -1 0 0 -1 0 0 -1 0 0 -1 0 0 -1 0 0 -1 0 0 -1 0 0 -1 0 0 -1 0 0 -1 0 0 -1 0 0 -1 0 0 -1 0 0 -1 0 0 -1 0 0 -1 0 0 -1 0 0 -1 0 0 -1 0 0 -1 0 0 -1 0 0 -1 0 0 -1 0 0 -1 0 0 -1 0 0 -1 0 0 -1 0 0 -1 0 0 -1 0 0 -1 0 0 -1 0 0 -1 0 0 -1 0 0 -1 0 0 -1 0 0 -1 0 0 -1 0 0 -1 0 0 -1 0 0 -1 0 0 -1 0 0 -1 0 0 -1 0 0 -1 0 0 -1 0 0 -1 0 0 -1 0 0 -1 0 0 -1 0 0 -1 0 0 -1 0 0 -1 0 0 -1 0 0 -1 0 0 -1 0 0 -1 0 0 -1 0 0 -1 0 0 -1 0 0 -1 0 0 -1 0 0 -1 0 0 -1 0 0 -1 0 0 -1 0 0.17363 0 -0.98481 -0.17363 -0.00003 -0.98481 -0.17365 0 -0.98481 0.49996 0.00005 -0.86605 0.17365 -0.00003 -0.98481 0.76601 0.00009 -0.64283 0.5 -0.00002 -0.86603 0.93968 0.0001 -0.34205 0.76604 0.00002 -0.64279 1 0.00009 0 0.93969 0.00006 -0.34202 0.93968 0.00006 0.34205 1 0.00009 0 0.76601 0.00002 0.64283 0.93969 0.0001 0.34202 0.49996 -0.00002 0.86605 0.76604 0.00009 0.64279 0.17363 -0.00003 0.98481 0.5 0.00006 0.86602 -0.17363 0 0.98481 0.17365 0 0.98481 -0.49996 0.00006 0.86605 -0.17365 -0.00003 0.98481 -0.76601 0.00009 0.64283 -0.5 -0.00002 0.86602 -0.93968 0.0001 0.34205 -0.76604 0.00002 0.64279 -1 0.00009 0 -0.93969 0.00006 0.34202 -0.93968 0.00006 -0.34205 -1 0.00009 0 -0.76601 0.00002 -0.64283 -0.93969 0.0001 -0.34202 -0.49996 -0.00002 -0.86605 -0.76604 0.00009 -0.64279 -0.5 0.00005 -0.86603 0 -1 0 0.06728 -0.92178 0.38182 0 -1 0 0 -1 0 -0.05883 -0.94077 0.33391 -0.0605 -0.92218 0.38199 0 -1 0 0.15398 -0.95136 0.26683 0 -1 0 0.05244 -0.94214 0.33109 0.19964 -0.89812 0.39182 0 -1 0 0.22141 -0.95731 0.18583 0 -1 0 0.3459 -0.87218 0.3459 0 -1 0 0.26187 -0.96038 0.09533 0 -1 0 0.47017 -0.84944 0.23956 0.27538 -0.96133 0 0.54207 -0.83594 0.08585 0.26187 -0.96038 -0.09533 0.54208 -0.83593 -0.08586 0.22141 -0.95731 -0.18584 0.47016 -0.84945 -0.23956 0.15398 -0.95136 -0.26684 0.3459 -0.87218 -0.34591 0.05883 -0.94077 -0.3339 0.19963 -0.89813 -0.39179 0 -1 0 -0.06728 -0.92179 -0.38182 0.0605 -0.92219 -0.38198 0 -1 0 -0.15398 -0.95136 -0.26683 0 -1 0 -0.05244 -0.94214 -0.33108 -0.19964 -0.89813 -0.39181 0 -1 0 -0.22141 -0.95731 -0.18583 0 -1 0 -0.3459 -0.87218 -0.34591 0 -1 0 -0.26187 -0.96038 -0.09533 0 -1 0 -0.47017 -0.84944 -0.23956 -0.27538 -0.96133 0 -0.54207 -0.83594 -0.08585 -0.26187 -0.96038 0.09533 -0.54208 -0.83593 0.08586 -0.22141 -0.95731 0.18584 -0.47016 -0.84945 0.23956 -0.15398 -0.95136 0.26684 -0.3459 -0.87218 0.3459 -0.19963 -0.89813 0.39181 0.16877 -0.23546 0.95712 -0.16078 -0.37772 0.91185 0.14479 -0.37867 0.91414 0.16079 -0.3777 -0.91186 -0.16877 -0.23542 -0.95713 -0.14479 -0.37865 -0.91415 0.49683 -0.11242 -0.86054 0.39636 -0.48762 -0.7779 0.15269 -0.21736 -0.96407 0.76588 -0.02081 -0.64265 0.58724 -0.55703 -0.58725 0.93913 0.03458 -0.34181 0.71429 -0.59777 -0.36395 0.99859 0.05301 0 0.77762 -0.61656 -0.12316 0.93913 0.03458 0.34181 0.77762 -0.61656 0.12316 0.76588 -0.02081 0.64265 0.71429 -0.59777 0.36395 0.49683 -0.1124 0.86054 0.58725 -0.55703 0.58725 0.39635 -0.48764 0.77789 -0.49683 -0.1124 0.86054 -0.1527 -0.2174 0.96407 -0.39635 -0.48764 0.77789 -0.76588 -0.02081 0.64265 -0.58725 -0.55703 0.58725 -0.93913 0.03458 0.34181 -0.71429 -0.59777 0.36395 -0.99859 0.05301 0 -0.77762 -0.61656 0.12316 -0.93913 0.03458 -0.34181 -0.77762 -0.61656 -0.12316 -0.76588 -0.02081 -0.64265 -0.71429 -0.59777 -0.36395 -0.49683 -0.11242 -0.86054 -0.58724 -0.55703 -0.58725 -0.39636 -0.48762 -0.7779 0 -1 0 0.14682 -0.92678 0.34572 0 -1 0 1 0 0 0.15464 -0.91753 0.36638 1 0 0 0 -1 0 0.23194 -0.92598 0.29793 0 -1 0 0.24236 -0.91849 0.31247 0 -1 0 0.30259 -0.92501 0.22978 0 -1 0 0.31257 -0.9196 0.238 0 -1 0 0.3537 -0.92401 0.14525 0 -1 0 0.36103 -0.92064 0.1486 0 -1 0 0.38124 -0.92314 0.04976 0 -1 0 0.3849 -0.92158 0.05038 0 -1 0 0.38314 -0.92233 -0.05016 0 -1 0 0.35548 -0.92318 -0.14616 0 -1 0 0.38289 -0.92243 -0.05012 0 -1 0 0.30416 -0.92414 -0.2312 0 -1 0 0.35897 -0.92158 -0.14775 0 -1 0 0.2332 -0.92504 -0.29986 0 -1 0 0.31063 -0.92063 -0.23652 0 -1 0 0.14762 -0.92586 -0.34784 0 -1 0 0 -1 0 0.24068 -0.91967 -0.31029 1 0 0 1 0 0 1 0 0 0.15464 -0.91753 -0.36638 1 0 0 1 0 0 0.11238 -0.95845 -0.26218 0.23714 -0.92302 -0.30298 0.14599 -0.93029 -0.33652 0.22836 -0.78071 -0.58167 0.30496 -0.924 -0.23068 0.22843 -0.92939 -0.28992 0.35181 -0.92493 -0.14402 0.29668 -0.92849 -0.22336 0.37478 -0.92583 -0.04881 0.34592 -0.9276 -0.14106 0.37481 -0.92581 0.04882 0.37264 -0.92672 0.04836 0.37266 -0.92671 -0.04837 0.35183 -0.92492 0.14403 0.3459 -0.92761 0.14105 0.30497 -0.924 0.2307 0.29666 -0.9285 0.22335 0.23715 -0.92301 0.303 0.22842 -0.9294 0.28991 0.11178 -0.9589 0.26079 0.14596 -0.93029 0.33653 0.22792 -0.78182 0.58035 1 0 0 0 -1 0 -1 0 0 -0.1468 -0.92681 0.34565 -1 0 0 -1 0 0 -0.15464 -0.91753 0.36638 -1 0 0 -1 0 0 0 -1 0 -0.10528 -0.96363 0.24563 0 -1 0 -0.23712 -0.92303 0.30297 -0.14589 -0.93028 0.33659 -0.22355 -0.79266 0.5672 0 -1 0 -0.30495 -0.92401 0.23068 0 -1 0 -0.22844 -0.92938 0.28994 0 -1 0 -0.3518 -0.92493 0.14402 0 -1 0 -0.29667 -0.92849 0.22336 0 -1 0 -0.37479 -0.92582 0.04882 0 -1 0 -0.3459 -0.92761 0.14106 0 -1 0 -0.37266 -0.9267 -0.04854 0 -1 0 0 -1 0 -0.37264 -0.92672 0.04837 0 -1 0 -0.35179 -0.92494 -0.14401 0 -1 0 -0.34593 -0.9276 -0.14107 -0.37481 -0.92582 -0.04865 0 -1 0 -0.30494 -0.92401 -0.23067 0 -1 0 -0.2967 -0.92848 -0.22338 0 -1 0 -0.23711 -0.92304 -0.30295 0 -1 0 -0.22845 -0.92937 -0.28996 0 -1 0 -0.1053 -0.96362 -0.24567 0 -1 0 -0.1459 -0.93028 -0.3366 -0.22358 -0.79261 -0.56726 -1 0 0 -1 0 0 -0.1477 -0.92577 -0.34805 -0.15464 -0.91753 -0.36638 -1 0 0 -0.23332 -0.92495 -0.30004 -0.24055 -0.91976 -0.31013 -0.30435 -0.92404 -0.23136 -0.31043 -0.92074 -0.23637 -0.35573 -0.92307 -0.14628 -0.35871 -0.9217 -0.14765 -0.38259 -0.92256 -0.05011 -0.38093 -0.92327 0.0497 -0.38344 -0.9222 -0.05019 -0.35347 -0.92412 0.14514 -0.38517 -0.92147 0.05042 -0.30245 -0.92508 0.22966 -0.36121 -0.92055 0.14868 -0.23187 -0.92603 0.29782 -0.31267 -0.91954 0.23807 -0.24239 -0.91847 0.3125 0.38805 0 0.92164 1 0 0 0.36081 -0.36808 0.85693 1 0 0 1 0 0 0.38805 0 0.92164 0.35744 -0.38928 0.84894 0.36067 -0.36288 0.85921 1 0 0 1 0 0 1 0 0 1 0 0 0.61235 0 0.79059 0.56464 -0.38697 0.72899 0.61235 0 0.79059 0.56827 -0.37047 0.73472 0.79532 0 0.60619 0.73413 -0.38463 0.55956 0.79532 0 0.60619 0.7377 -0.37285 0.56284 0.92462 0 0.38089 0.85437 -0.38232 0.35196 0.92462 0 0.38089 0.85698 -0.37517 0.35332 0.99153 0 0.12988 0.91815 -0.37755 0.12027 0.99153 0 0.12988 0.99153 0 -0.12988 0.91723 -0.37982 -0.12015 0.99153 0 -0.12988 0.91718 -0.3799 0.12023 0.92462 0 -0.38089 0.85441 -0.38224 -0.35197 0.92462 0 -0.38089 0.91811 -0.37762 -0.12035 0.79532 0 -0.60619 0.73417 -0.38452 -0.55959 0.79532 0 -0.60619 0.85696 -0.37522 -0.35331 0.61235 0 -0.79059 0.56466 -0.3869 -0.72902 0.61235 0 -0.79059 0.73767 -0.37293 -0.56282 0.38805 0 -0.92164 0.35747 -0.38913 -0.849 0.38805 0 -0.92164 0.56828 -0.37045 -0.73473 1 0 0 0.36005 -0.36821 -0.8572 1 0 0 1 0 0 0.36082 -0.36802 -0.85696 1 0 0 1 0 0 1 0 0 0.56877 -0.37051 -0.73432 0.35819 -0.3893 -0.84861 0.73798 -0.37283 -0.56249 0.56515 -0.38694 -0.72862 0.85707 -0.3752 -0.35307 0.73441 -0.38462 -0.5592 0.91816 -0.37751 -0.12027 0.85451 -0.38223 -0.35172 0.91721 -0.37985 0.12015 0.91722 -0.37987 -0.12006 0.85708 -0.37518 0.35307 0.85451 -0.38224 0.35172 0.91817 -0.37751 0.12018 0.73798 -0.37283 0.56249 0.73442 -0.3846 0.55921 0.56877 -0.37051 0.73432 0.56515 -0.38694 0.72862 0.35819 -0.3893 0.84861 -0.38805 0 0.92164 -0.36081 -0.36808 0.85693 -0.38805 0 0.92164 -1 0 0 -1 0 0 -1 0 0 -1 0 0 -0.61235 0 0.79059 -0.56877 -0.37051 0.73432 -0.61235 0 0.79059 -0.35819 -0.3893 0.84861 -0.79532 0 0.60619 -0.73798 -0.37283 0.56249 -0.79532 0 0.60619 -0.56515 -0.38694 0.72862 -0.92462 0 0.38089 -0.85708 -0.37518 0.35307 -0.92462 0 0.38089 -0.73442 -0.3846 0.55921 -0.99153 0 0.12988 -0.91816 -0.37752 0.12027 -0.99153 0 0.12988 -0.85451 -0.38224 0.35172 -0.99153 0 -0.12988 -0.91721 -0.37986 -0.12015 -0.99153 0 -0.12988 -0.91722 -0.37986 0.12006 -0.92462 0 -0.38089 -0.85707 -0.3752 -0.35307 -0.92462 0 -0.38089 -0.91817 -0.37751 -0.12018 -0.85451 -0.38223 -0.35172 -0.79532 0 -0.60619 -0.73798 -0.37283 -0.56249 -0.79532 0 -0.60619 -0.73441 -0.38462 -0.5592 -0.61235 0 -0.79059 -0.56877 -0.37051 -0.73432 -0.61235 0 -0.79059 -0.56515 -0.38694 -0.72862 -0.38805 0 -0.92164 -0.36082 -0.36802 -0.85696 -0.38805 0 -0.92164 -0.35819 -0.3893 -0.84861 -1 0 0 -1 0 0 -1 0 0 -0.35745 -0.38921 -0.84897 -0.36053 -0.36408 -0.85876 -1 0 0 -1 0 0 -1 0 0 -1 0 0 -0.56463 -0.387 -0.72898 -0.56828 -0.37045 -0.73473 -0.73413 -0.38466 -0.55955 -0.73767 -0.37292 -0.56282 -0.85439 -0.38227 -0.35196 -0.85695 -0.37525 -0.35331 -0.91815 -0.37753 -0.12027 -0.91722 -0.37984 0.12015 -0.91719 -0.37988 -0.12024 -0.85444 -0.38215 0.35198 -0.91815 -0.3775 0.12036 -0.73414 -0.3846 0.55957 -0.85694 -0.37527 0.3533 -0.56467 -0.38687 0.72903 -0.73769 -0.37286 0.56284 -0.35745 -0.38922 0.84896 -0.56826 -0.37054 0.7347 -0.36005 -0.36817 0.85722 -1 0 0 -1 0 0 0 -1 0 0.11358 -0.93432 0.33786 0 -1 0 1 0 0 0.14262 -0.80303 0.57862 0.17358 -0.72733 0.66397 0 1 0 1 0 0 0 -1 0 0.19024 -0.90166 0.38836 0 -1 0 0.19182 -0.93805 0.28854 0 -1 0 0.2662 -0.81969 0.5072 0 -1 0 0.32419 -0.87012 0.3712 0 -1 0 0.25828 -0.93895 0.2273 0 -1 0 0.35504 -0.84459 0.40076 0 -1 0 0.48692 -0.81018 0.32636 0 -1 0 0.31264 -0.9372 0.15462 0 -1 0 0.40185 -0.87269 0.27738 0 -1 0 0.69134 -0.68314 0.23531 0 -1 0 0.35437 -0.93243 0.07067 0 -1 0 0 -1 0 0.40829 -0.89962 0.15484 0 -1 0 0.91874 -0.39022 0.06037 0.38257 -0.92359 -0.02514 0.38228 -0.92288 0.04642 0 -1 0 0.35438 -0.93243 -0.07067 0.59538 -0.80018 -0.07229 0 -1 0 0.39569 -0.90845 -0.13468 0 -1 0 0 -1 0 0.31264 -0.9372 -0.15462 0 -1 0 0.54407 -0.81327 -0.20634 0 -1 0 0.39106 -0.88225 -0.26212 0 -1 0 0.25828 -0.93895 -0.2273 0 -1 0 0.45146 -0.83611 -0.31162 0 -1 0 0.36307 -0.83389 -0.41571 0 -1 0 0.19182 -0.93805 -0.28854 0 -1 0 0.33421 -0.86371 -0.37725 0 -1 0 0.29822 -0.73516 -0.60877 0 -1 0 0.11358 -0.93432 -0.33786 0 -1 0 0.21066 -0.89136 -0.40138 1 0 0 0.13622 -0.84249 -0.52121 0 1 0 1 0 0 0 1 0 0.15307 -0.91764 -0.36676 0.24264 -0.91754 -0.31503 0.14501 -0.92724 -0.34524 0.31381 -0.9186 -0.2402 0.2306 -0.92625 -0.29814 0.36279 -0.91971 -0.15003 0.30148 -0.92531 -0.23002 0.38652 -0.92088 -0.05088 0.35278 -0.92433 -0.14544 0.38338 -0.92222 0.05028 0.38099 -0.92323 -0.04994 0.36047 -0.92082 0.14886 0.35502 -0.92333 0.14637 0.38405 -0.92194 0.05035 0.31168 -0.91981 0.23832 0.30351 -0.92426 0.23157 0.24099 -0.91883 0.31253 0.23218 -0.92519 0.30018 0.15532 -0.91519 0.37189 0.14619 -0.92622 0.34747 1 0 0 0 -1 0 -1 0 0 -0.11358 -0.93432 0.33786 -0.1362 -0.84262 0.521 0 1 0 -1 0 0 0 1 0 0 -1 0 -0.1532 -0.9176 0.3668 0 -1 0 -0.24096 -0.91885 0.31249 0 -1 0 0 -1 0 -0.14599 -0.92622 0.34756 0 -1 0 -0.3116 -0.91986 0.23824 0 -1 0 0 -1 0 -0.23222 -0.92517 0.30023 0 -1 0 -0.36033 -0.92088 0.14879 0 -1 0 0 -1 0 -0.30362 -0.9242 0.23166 0 -1 0 -0.38379 -0.92205 0.05032 0 -1 0 -0.35517 -0.92326 0.14643 0 -1 0 -0.38668 -0.92081 -0.05092 0 -1 0 0 -1 0 -0.38363 -0.92212 0.05029 -0.38074 -0.92333 -0.04991 0 -1 0 -0.36302 -0.9196 -0.15015 0 -1 0 0 -1 0 -0.35251 -0.92445 -0.14533 0 -1 0 -0.31398 -0.9185 -0.24035 0 -1 0 0 -1 0 -0.30135 -0.92538 -0.22992 0 -1 0 -0.24274 -0.91746 -0.31519 0 -1 0 0 -1 0 -0.2305 -0.92632 -0.29801 0 -1 0 -0.15473 -0.91575 -0.37075 0 -1 0 0 -1 0 -0.14512 -0.9273 -0.34505 -1 0 0 -1 0 0 -0.11358 -0.93432 -0.33786 -0.14262 -0.80303 -0.57862 -0.17344 -0.72771 -0.6636 0 1 0 -1 0 0 -0.19024 -0.90166 -0.38836 -0.19183 -0.93805 -0.28855 -0.26621 -0.81968 -0.50721 -0.32421 -0.87011 -0.37121 -0.25828 -0.93895 -0.2273 -0.35504 -0.8446 -0.40076 -0.48691 -0.81019 -0.32636 -0.31264 -0.9372 -0.15462 -0.40185 -0.87268 -0.27738 -0.69135 -0.68313 -0.23531 0 -1 0 -0.35437 -0.93243 -0.07067 -0.40829 -0.89962 -0.15484 0 -1 0 -0.91874 -0.39022 -0.06037 -0.38257 -0.92359 0.02514 -0.38228 -0.92288 -0.04642 -0.35438 -0.93243 0.07067 -0.59538 -0.80018 0.07229 -0.39569 -0.90845 0.13468 -0.31264 -0.9372 0.15462 -0.54407 -0.81328 0.20634 -0.39106 -0.88225 0.26211 -0.25828 -0.93895 0.2273 -0.45146 -0.83611 0.31162 -0.36306 -0.83389 0.4157 -0.19182 -0.93806 0.28854 -0.3342 -0.86371 0.37723 -0.29821 -0.73517 0.60877 -0.21066 -0.89136 0.40138 -0.99144 0 -0.13053 -0.91711 -0.3799 -0.12074 -0.99144 0 -0.13053 -0.99144 0 0.13053 -0.9594 -0.25218 0.12631 -0.91811 -0.38031 0.11148 -0.92388 0 -0.38268 -0.91552 -0.13425 -0.37922 -0.92388 0 -0.38268 -0.96361 -0.24034 -0.117 -0.81939 -0.48171 -0.31075 -0.79335 0 -0.60876 -0.79286 -0.03532 -0.60838 -0.79335 0 -0.60876 -0.68589 -0.55264 -0.47344 -0.60876 0 -0.79335 -0.60828 0.0398 -0.79272 -0.60876 0 -0.79335 -0.53016 -0.60069 -0.59842 -0.38268 0 -0.92388 -0.38115 0.08959 -0.92016 -0.38268 0 -0.92388 -0.36034 -0.63148 -0.68657 -0.13053 0 -0.99144 -0.12967 0.11424 -0.98495 -0.13053 0 -0.99144 -0.18214 -0.64865 -0.73897 0.13053 0 -0.99144 0.12967 0.11424 -0.98495 0.13053 0 -0.99144 0 -0.65416 -0.75635 0.38268 0 -0.92388 0.38115 0.08959 -0.92016 0.38268 0 -0.92388 0.18214 -0.64865 -0.73897 0.60876 0 -0.79335 0.60828 0.0398 -0.79272 0.60876 0 -0.79335 0.36034 -0.63148 -0.68657 0.79335 0 -0.60876 0.79286 -0.03532 -0.60838 0.79335 0 -0.60876 0.53016 -0.60069 -0.59842 0.92388 0 -0.38268 0.91552 -0.13425 -0.37922 0.92388 0 -0.38268 0.68589 -0.55264 -0.47344 0.99144 0 -0.13053 0.9594 -0.25218 -0.12631 0.99144 0 -0.13053 0.81939 -0.48171 -0.31075 0.99144 0 0.13053 0.99144 0 0.13053 0.91711 -0.3799 0.12074 0.91811 -0.38031 -0.11148 0.91711 0.3799 -0.12074 0.9594 0.25218 0.12631 0.91811 0.38031 0.11148 0.91552 0.13425 -0.37922 0.96361 0.24034 -0.117 0.81939 0.48171 -0.31075 0.79286 0.03532 -0.60838 0.68589 0.55264 -0.47344 0.60828 -0.0398 -0.79272 0.53016 0.60069 -0.59842 0.38115 -0.08959 -0.92016 0.36034 0.63148 -0.68657 0.12967 -0.11424 -0.98495 0.18214 0.64865 -0.73897 -0.12967 -0.11424 -0.98495 0 0.65416 -0.75635 -0.38115 -0.08959 -0.92016 -0.18214 0.64865 -0.73897 -0.60828 -0.0398 -0.79272 -0.36034 0.63148 -0.68657 -0.79286 0.03532 -0.60838 -0.53016 0.60069 -0.59842 -0.91552 0.13425 -0.37922 -0.68589 0.55264 -0.47344 -0.9594 0.25218 -0.12631 -0.81939 0.48171 -0.31075 -0.99144 0 0.13053 -0.91711 0.3799 0.12074 -0.91811 0.38031 -0.11148 0.92388 0 0.38268 0.91552 -0.13423 0.37922 0.92388 0 0.38268 0.81939 -0.4817 0.31075 0.96361 -0.24034 0.117 0.79335 0 0.60876 0.79286 -0.03533 0.60838 0.79335 0 0.60876 0.6859 -0.55262 0.47345 0.60876 0 0.79335 0.60828 0.03981 0.79272 0.60876 0 0.79335 0.53016 -0.60069 0.59842 0.38268 0 0.92388 0.38115 0.08958 0.92017 0.38268 0 0.92388 0.36034 -0.63148 0.68657 0.13053 0 0.99144 0.12967 0.11424 0.98495 0.13053 0 0.99144 0.18214 -0.64865 0.73897 -0.13053 0 0.99144 -0.12967 0.11424 0.98495 -0.13053 0 0.99144 0 -0.65416 0.75635 -0.38268 0 0.92388 -0.38115 0.08958 0.92017 -0.38268 0 0.92388 -0.18214 -0.64865 0.73897 -0.60876 0 0.79335 -0.60828 0.03981 0.79272 -0.60876 0 0.79335 -0.36034 -0.63148 0.68657 -0.79335 0 0.60876 -0.79286 -0.03533 0.60838 -0.79335 0 0.60876 -0.53016 -0.60069 0.59842 -0.92388 0 0.38268 -0.91552 -0.13423 0.37922 -0.92388 0 0.38268 -0.6859 -0.55262 0.47345 -0.81939 -0.4817 0.31075 -0.91552 0.13423 0.37922 -0.81939 0.4817 0.31075 -0.96361 0.24034 0.117 -0.79286 0.03533 0.60838 -0.6859 0.55262 0.47345 -0.60828 -0.03981 0.79272 -0.53016 0.60069 0.59842 -0.38115 -0.08958 0.92017 -0.36034 0.63148 0.68657 -0.12967 -0.11424 0.98495 -0.18214 0.64865 0.73897 0.12967 -0.11424 0.98495 0 0.65416 0.75635 0.38115 -0.08958 0.92017 0.18214 0.64865 0.73897 0.60828 -0.03981 0.79272 0.36034 0.63148 0.68657 0.79286 0.03533 0.60838 0.53016 0.60069 0.59842 0.91552 0.13423 0.37922 0.6859 0.55262 0.47345 0.81939 0.4817 0.31075 0 1 0 -0.06727 0.92179 0.38182 0 1 0 0 1 0 0.05807 0.94233 0.3296 0.0605 0.92219 0.38198 0 1 0 -0.1507 0.95345 0.26118 0 1 0 -0.20251 0.895 0.39745 -0.0517 0.94381 0.32642 0 1 0 -0.21555 0.95958 0.18093 0 1 0 -0.35551 0.86442 0.35551 0 1 0 -0.25419 0.96272 0.09255 0 1 0 -0.488 0.83668 0.24865 -0.26705 0.96368 0 -0.56556 0.81983 0.08958 -0.2542 0.96271 -0.09255 -0.56555 0.81983 -0.08958 -0.21555 0.95958 -0.18094 -0.48803 0.83666 -0.24866 -0.1507 0.95346 -0.26117 -0.35551 0.86443 -0.3555 -0.05807 0.94233 -0.3296 -0.20251 0.895 -0.39744 0 1 0 0.06727 0.92178 -0.38182 -0.0605 0.92218 -0.38199 0 1 0 0.1507 0.95345 -0.26118 0 1 0 0.0517 0.94381 -0.32642 0.20251 0.895 -0.39744 0 1 0 0.21555 0.95958 -0.18093 0 1 0 0.35552 0.86442 -0.35552 0 1 0 0.25419 0.96272 -0.09255 0 1 0 0.488 0.83668 -0.24865 0.26705 0.96368 0 0.56556 0.81983 -0.08958 0.2542 0.96271 0.09255 0.56555 0.81983 0.08958 0.21555 0.95958 0.18094 0.48803 0.83665 0.24867 0.1507 0.95346 0.26117 0.35551 0.86443 0.3555 0.20251 0.895 0.39744 0.17365 0 -0.98481 -0.17365 0 -0.98481 0.16941 0.2195 -0.96079 -0.17365 0 -0.98481 -0.16078 0.37772 -0.91185 0.14479 0.37867 -0.91414 0.17365 0 -0.98481 0.16079 0.37769 -0.91187 -0.1492 0.51158 -0.84618 -0.14479 0.37863 -0.91415 0.5 0 -0.86603 0.40165 0.59558 -0.69568 0.5 0 -0.86603 0.13327 0.52368 -0.84143 0.44102 0.23736 -0.86554 0.76605 0 -0.64279 0.58486 0.64583 -0.49075 0.76605 0 -0.64279 0.70202 0.11968 -0.70203 0.93969 0 -0.34202 0.69547 0.67249 -0.25313 0.93969 0 -0.34202 0.89037 0.03797 -0.45366 1 0 0 0.73244 0.68083 0 1 0 0 0.98768 -0.00331 -0.15643 0.93969 0 0.34202 0.69547 0.67249 0.25313 0.93969 0 0.34202 0.98768 -0.00331 0.15643 0.76605 0 0.64279 0.58486 0.64583 0.49075 0.76605 0 0.64279 0.89036 0.03798 0.45366 0.5 0 0.86603 0.40164 0.59558 0.69568 0.5 0 0.86603 0.70202 0.11968 0.70203 0.17365 0 0.98481 0.1492 0.51158 0.84618 0.17365 0 0.98481 0.44102 0.23736 0.86554 -0.17365 0 0.98481 -0.17365 0 0.98481 -0.16079 0.3777 0.91186 0.14479 0.37865 0.91415 0.16079 0.3777 0.91186 -0.16941 0.21948 0.96079 -0.14479 0.37865 0.91415 0.49831 0.08217 0.8631 0.15329 0.19943 0.96785 0.39376 0.49774 0.77279 0.7659 -0.01946 0.64266 0.57992 0.57218 0.57992 0.93665 -0.08044 0.34091 0.70248 0.61515 0.35793 0.99492 -0.10065 0 0.76318 0.63478 0.12088 0.93665 -0.08044 -0.34091 0.76318 0.63478 -0.12088 0.7659 -0.01945 -0.64267 0.70247 0.61516 -0.35793 0.49831 0.08217 -0.8631 0.57992 0.57218 -0.57992 0.39375 0.49776 -0.77279 0 1 0 -0.06727 0.92179 -0.38181 0 1 0 0.07986 0.88777 -0.45331 0 1 0 0.0605 0.92219 -0.38197 0 1 0 -0.26804 0.84402 -0.46453 -0.0737 0.88206 -0.46534 -0.15291 0.94157 -0.30011 0 1 0 -0.46258 0.79702 -0.38831 0 1 0 -0.2166 0.95193 -0.21661 0 1 0 -0.61145 0.75932 -0.22262 0 1 0 -0.25726 0.95741 -0.13108 0 1 0 -0.66733 0.74476 0 -0.27718 0.95981 -0.0439 0 1 0 -0.61143 0.75934 0.22261 0 1 0 0 1 0 -0.27717 0.95982 0.0439 0 1 0 -0.46258 0.79702 0.3883 -0.25726 0.95741 0.13108 0 1 0 -0.26804 0.84401 0.46454 0 1 0 -0.2166 0.95193 0.2166 0 1 0 -0.07986 0.88777 0.45331 0 1 0 -0.15291 0.94157 0.30011 0 1 0 0.06727 0.92179 0.38182 0 1 0 -0.0605 0.92219 0.38198 0 1 0 0.26804 0.84401 0.46454 0.0737 0.88206 0.46533 0.15291 0.94157 0.30011 0 1 0 0.46258 0.79702 0.38831 0 1 0 0.21661 0.95193 0.21661 0 1 0 0.61145 0.75932 0.22262 0 1 0 0.25726 0.95741 0.13108 0 1 0 0.66733 0.74476 0 0.27718 0.95981 0.0439 0 1 0 0.61143 0.75934 -0.22261 0 1 0 0 1 0 0.27717 0.95982 -0.0439 0 1 0 0.4626 0.79701 -0.38831 0.25726 0.95741 -0.13108 0 1 0 0.26804 0.84401 -0.46454 0 1 0 0.2166 0.95193 -0.2166 0 1 0 0.15291 0.94157 -0.30011 -0.05352 0.92653 0.3724 0.04702 0.9438 0.32716 0.04904 0.92674 0.37248 -0.1246 0.95394 0.2729 -0.04273 0.94489 0.32458 -0.1634 0.90426 0.39449 -0.18319 0.96007 0.21146 -0.29114 0.87823 0.37942 0 1 0 -0.22449 0.96373 0.14431 0 1 0 -0.41574 0.8517 0.31901 0 1 0 -0.24914 0.9657 0.07318 0 1 0 -0.51641 0.8292 0.2139 -0.25732 0.96633 0 -0.57308 0.81602 0.07545 -0.24914 0.9657 -0.07318 -0.57308 0.81602 -0.07545 -0.22449 0.96373 -0.14431 -0.5164 0.8292 -0.2139 -0.18319 0.96007 -0.21146 -0.41574 0.8517 -0.31901 -0.1246 0.95394 -0.27289 -0.29113 0.87823 -0.37941 -0.04702 0.94379 -0.32717 -0.1634 0.90426 -0.39449 0.05352 0.92653 -0.37239 -0.04904 0.92675 -0.37248 0.1246 0.95394 -0.2729 0.1634 0.90426 -0.39449 0.04273 0.94489 -0.32458 0.1832 0.96006 -0.21146 0.29113 0.87823 -0.37941 0 1 0 0.22449 0.96373 -0.14431 0 1 0 0.41574 0.8517 -0.31901 0 1 0 0.24914 0.9657 -0.07318 0 1 0 0.51641 0.8292 -0.2139 0.25732 0.96633 0 0.57308 0.81602 -0.07545 0.24914 0.9657 0.07318 0.57308 0.81602 0.07545 0.22449 0.96373 0.14431 0.51641 0.8292 0.2139 0.18319 0.96007 0.21146 0.41573 0.85171 0.319 0.1246 0.95394 0.2729 0.29114 0.87823 0.37942 0.1634 0.90426 0.39447 -0.13046 0.04177 -0.99057 0.07128 0.04202 -0.99657 0 -1 0 0.13052 0.03663 -0.99077 0 -1 0 0 -1 0 -0.0713 0.03197 -0.99694 -0.06504 0.41081 -0.9094 0.04442 0.78246 -0.62111 0.11912 0.40875 -0.90484 -0.21237 0.04293 -0.97625 -0.19889 0.35285 -0.9143 -0.0974 0.66575 -0.73979 -0.34925 0.03471 -0.93639 -0.30577 0.48419 -0.8198 -0.38241 0.04006 -0.92312 -0.47879 0.04348 -0.87685 -0.45469 0.31597 -0.83272 -0.28978 0.65315 -0.69959 -0.59887 0.03709 -0.79999 -0.49428 0.56543 -0.66028 -0.60826 0.03869 -0.79279 -0.70643 0.04367 -0.70644 -0.67379 0.30332 -0.6738 -0.47461 0.62624 -0.61852 -0.79993 0.0391 -0.59882 -0.61092 0.64624 -0.45733 -0.79275 0.03766 -0.60838 -0.87685 0.04349 -0.4788 -0.83271 0.31597 -0.4547 -0.64556 0.58128 -0.49535 -0.93617 0.04074 -0.34918 -0.65032 0.71989 -0.24256 -0.92326 0.03698 -0.38238 -0.97625 0.04294 -0.21236 -0.91429 0.35288 -0.19888 -0.79365 0.5119 -0.32874 -0.99657 0.04202 -0.07128 -0.62113 0.78245 -0.04443 -0.99079 0.03664 -0.13039 -0.99694 0.03198 0.07131 -0.90939 0.41082 0.06505 -0.99059 0.04176 0.13037 -0.90483 0.40876 -0.11912 -0.97625 0.04294 0.21236 -0.91429 0.35288 0.19888 -0.7398 0.66574 0.0974 -0.93638 0.03471 0.34925 -0.81978 0.48423 0.30576 -0.92315 0.04006 0.38234 -0.87685 0.04349 0.4788 -0.83271 0.31597 0.4547 -0.69957 0.65317 0.28977 -0.79999 0.03708 0.59886 -0.66029 0.56541 0.49429 -0.79272 0.03869 0.60836 -0.70643 0.04367 0.70644 -0.67379 0.30332 0.6738 -0.61851 0.62625 0.4746 -0.59882 0.03909 0.79993 -0.45734 0.64622 0.61094 -0.60829 0.03767 0.79282 -0.47879 0.04348 0.87685 -0.45469 0.316 0.83271 -0.49535 0.58129 0.64555 -0.34917 0.04074 0.93617 -0.24255 0.71991 0.6503 -0.38246 0.03698 0.92323 -0.21237 0.04293 0.97625 -0.19889 0.35284 0.9143 -0.32876 0.51185 0.79368 -0.07128 0.04202 0.99657 -0.04442 0.78246 0.62112 -0.13048 0.03664 0.99077 0.13049 0.04177 0.99057 0.0713 0.03196 0.99694 0.06504 0.41082 0.90939 -0.11912 0.40876 0.90483 0 -1 0 0 -1 0 0 -1 0 0 -1 0 0 -1 0 0 -1 0 0 -1 0 0 -1 0 0 -1 0 0 -1 0 0 -1 0 0 -1 0 0 -1 0 0 -1 0 0 -1 0 0 -1 0 0 -1 0 0 -1 0 0 -1 0 0 -1 0 0 -1 0 0 -1 0 0 -1 0 0 -1 0 0 -1 0 -0.13046 0.04178 0.99057 0.13048 0.04178 0.99057 0 1 0 0.13049 0.04184 0.99057 0 1 0 0 1 0 -0.13048 0.04168 0.99057 0 1 0 0 1 0 0 1 0 -0.38235 0.04188 0.92307 0 1 0 -0.38238 0.04169 0.92306 0 1 0 -0.60818 0.04174 0.7927 0 1 0 -0.60819 0.04168 0.7927 0 1 0 -0.79271 0.04141 0.60819 0 1 0 -0.79261 0.04207 0.60827 0 1 0 -0.92307 0.04193 0.38235 0 1 0 -0.92309 0.04171 0.38231 0 1 0 -0.99056 0.042 0.13047 0 1 0 -0.9906 0.04143 0.13037 0 1 0 -0.99059 0.04144 -0.13048 0 1 0 -0.99058 0.042 -0.13037 0 1 0 0 1 0 -0.92307 0.04193 -0.38235 0 1 0 0 1 0 -0.79271 0.04142 -0.60819 0 1 0 -0.92309 0.04171 -0.38231 0 1 0 -0.60818 0.04173 -0.7927 0 1 0 -0.79261 0.04206 -0.60827 0 1 0 -0.38235 0.04188 -0.92307 0 1 0 -0.60819 0.04168 -0.7927 0 1 0 -0.13048 0.04177 -0.99057 0 1 0 -0.13046 0.04167 -0.99058 -0.38238 0.04169 -0.92306 0.13049 0.04177 -0.99057 0 1 0 0.13048 0.04183 -0.99057 0 1 0 0 1 0 0 1 0 0 1 0 0 1 0 0 1 0 0 1 0 0 1 0 0 1 0 0 1 0 0 1 0 0 1 0 0 1 0 0 1 0 0 1 0 0 1 0 0 1 0 0 1 0 0 1 0 0 1 0 0 1 0 0 1 0 0 1 0 0 1 0 0 1 0 0 1 0 0 1 0 0.38236 0.04128 0.92309 0 1 0 0.60819 0.04142 0.79271 0 1 0 0.38242 0.04167 0.92305 0 1 0 0.7928 0.03878 0.60825 0 1 0 0.60823 0.04177 0.79266 0.60332 0.03891 0.79655 0.59884 0.03834 0.79995 0.70644 0.04325 0.70645 0 1 0 0.9232 0.03828 0.3824 0 1 0 0.79991 0.03983 0.5988 0.87686 0.04311 0.47881 0 1 0 0.99072 0.03803 0.1305 0 1 0 0.93616 0.04107 0.34917 0.97626 0.0427 0.21236 0 1 0 0.99057 0.04177 -0.13048 0 1 0 0 1 0 0.99657 0.04202 0.07128 0 1 0 0.92312 0.04053 -0.38237 0 1 0 0.99686 0.03453 -0.0713 0.97626 0.0427 -0.21236 0 1 0 0.79277 0.03953 -0.60824 0 1 0 0.93632 0.03657 -0.34923 0.87686 0.04311 -0.4788 0 1 0 0.60825 0.03878 -0.7928 0 1 0 0.79995 0.03834 -0.59884 0.70644 0.04325 -0.70645 0 1 0 0.38235 0.04167 -0.92308 0 1 0 0.5304 0.04184 -0.84671 0.59881 0.03983 -0.7999 0 1 0 0.38243 0.04127 -0.92306 -0.05033 0.92271 0.3822 0.04488 0.93908 0.34077 0.04642 0.92288 0.38228 -0.12054 0.9491 0.291 -0.0411 0.94007 0.33851 -0.15285 0.90233 0.40303 -0.17964 0.95546 0.23415 -0.27062 0.87924 0.39206 -0.22343 0.95952 0.17147 -0.3877 0.8554 0.34348 -0.25245 0.96194 0.10456 -0.48851 0.83404 0.25639 -0.26698 0.96306 0.03514 -0.55658 0.81939 0.13718 -0.26698 0.96306 -0.03514 -0.58057 0.81421 0 -0.25245 0.96194 -0.10455 -0.55658 0.81939 -0.13718 -0.22342 0.95952 -0.17146 -0.48852 0.83403 -0.2564 -0.17964 0.95546 -0.23414 -0.38769 0.85541 -0.34347 -0.12054 0.9491 -0.29099 -0.27063 0.87923 -0.39207 -0.04488 0.93908 -0.34077 -0.15286 0.90232 -0.40305 0.05033 0.92271 -0.3822 -0.04642 0.92288 -0.38227 0.12054 0.9491 -0.29099 0.15285 0.90233 -0.40303 0.0411 0.94007 -0.33851 0.17964 0.95546 -0.23415 0.27061 0.87924 -0.39205 0.22343 0.95952 -0.17147 0.38771 0.85539 -0.34348 0.25245 0.96194 -0.10456 0.48851 0.83404 -0.25639 0.26698 0.96306 -0.03514 0.55658 0.81939 -0.13718 0.26698 0.96306 0.03514 0.58057 0.81421 0 0.25245 0.96194 0.10455 0.55658 0.81939 0.13718 0.22342 0.95952 0.17146 0.48851 0.83404 0.25639 0.17964 0.95546 0.23414 0.3877 0.8554 0.34347 0.12054 0.9491 0.29098 0.27062 0.87923 0.39206 0.15286 0.90232 0.40305 -0.13053 0 0.99144 -0.12074 0.37983 0.91714 -0.13053 0 0.99144 0.13053 0 0.99144 0.10728 0.56963 0.81487 0.11148 0.38025 0.91814 -0.38268 0 0.92388 -0.28041 0.68049 0.67698 -0.38268 0 0.92388 -0.09801 0.58211 0.80718 -0.35053 0.15121 0.92427 -0.60876 0 0.79335 -0.40599 0.74514 0.52909 -0.60876 0 0.79335 -0.5671 -0.05824 0.82159 -0.79336 0 0.60876 -0.49347 0.78301 0.37865 -0.79336 0 0.60876 -0.7306 -0.21747 0.64725 -0.92388 0 0.38269 -0.54907 0.80424 0.22743 -0.92388 0 0.38269 -0.83826 -0.32211 0.43996 -0.99144 0 0.13053 -0.57616 0.81381 0.07585 -0.99144 0 0.13053 -0.8981 -0.38002 0.22136 -0.99144 0 -0.13053 -0.57616 0.81381 -0.07585 -0.99144 0 -0.13053 -0.91722 -0.39839 0 -0.92388 0 -0.38269 -0.54907 0.80423 -0.22744 -0.92388 0 -0.38269 -0.8981 -0.38002 -0.22136 -0.79335 0 -0.60876 -0.49347 0.78302 -0.37865 -0.79336 0 -0.60876 -0.83826 -0.32212 -0.43995 -0.60876 0 -0.79335 -0.40597 0.74516 -0.52907 -0.60876 0 -0.79335 -0.73062 -0.21735 -0.64727 -0.38268 0 -0.92388 -0.28041 0.68051 -0.67696 -0.38268 0 -0.92388 -0.5671 -0.05821 -0.82159 -0.13053 0 -0.99144 -0.10727 0.56968 -0.81484 -0.13053 0 -0.99144 -0.35052 0.15128 -0.92425 0.13053 0 -0.99144 0.13053 0 -0.99144 0.12074 0.3799 -0.91711 -0.11148 0.38031 -0.91811 -0.12074 0.37988 -0.91712 0.12598 0.26151 -0.95694 0.11148 0.3803 -0.91812 -0.3782 0.15257 -0.91306 -0.11669 0.25054 -0.96105 -0.31198 0.47534 -0.82263 -0.60763 0.06102 -0.79188 -0.47718 0.54258 -0.69131 -0.79332 -0.00889 -0.60874 -0.60508 0.58867 -0.53605 -0.92245 -0.05552 -0.3821 -0.69585 0.6184 -0.36521 -0.98838 -0.07863 -0.13012 -0.74999 0.6351 -0.18485 -0.98838 -0.07863 0.13012 -0.76797 0.64048 0 -0.92245 -0.05553 0.3821 -0.74999 0.6351 0.18485 -0.79332 -0.00891 0.60873 -0.69585 0.61839 0.36522 -0.60763 0.06102 0.79188 -0.60508 0.58866 0.53605 -0.3782 0.15257 0.91306 -0.47718 0.54258 0.69131 -0.12599 0.26148 0.95695 -0.31199 0.47531 0.82264 0.13053 0 0.99144 0.12074 0.3799 0.91711 -0.11148 0.38031 0.91811 -0.13053 0.00001 0.99144 -0.12074 0.37983 0.91714 -0.13053 0 0.99144 0.13053 0 0.99144 0.10676 0.57534 0.81092 0.11148 0.38025 0.91814 -0.38268 0.00001 0.92388 -0.27778 0.68782 0.67063 -0.38268 0 0.92388 -0.09749 0.58809 0.80289 -0.351 0.14217 0.92552 -0.60876 -0.00002 0.79335 -0.40082 0.75265 0.52236 -0.60876 0.00001 0.79335 -0.56645 -0.07532 0.82065 -0.79335 0.00001 0.60876 -0.48611 0.79029 0.37301 -0.79335 -0.00002 0.60876 -0.72686 -0.23876 0.64394 -0.92388 0.00001 0.38268 -0.54016 0.81128 0.22374 -0.92388 0.00001 0.38268 -0.83103 -0.34519 0.43616 -0.99144 0 0.13053 -0.56643 0.82073 0.07457 -0.99144 0 0.13053 -0.88845 -0.40336 0.21898 -0.99144 0 -0.13053 -0.56643 0.82073 -0.07457 -0.99144 0 -0.13053 -0.90668 -0.42183 0 -0.92388 0 -0.38268 -0.54016 0.81128 -0.22374 -0.92388 0 -0.38268 -0.88845 -0.40336 -0.21898 -0.79335 -0.00002 -0.60876 -0.48611 0.79029 -0.37301 -0.79335 0 -0.60876 -0.83103 -0.34519 -0.43616 -0.60876 0.00001 -0.79335 -0.40081 0.75267 -0.52234 -0.60876 -0.00001 -0.79335 -0.72687 -0.23874 -0.64395 -0.38268 0 -0.92388 -0.27778 0.68784 -0.67061 -0.38268 0.00001 -0.92388 -0.56645 -0.07528 -0.82065 -0.13053 0 -0.99145 -0.10676 0.57534 -0.81091 -0.13053 0 -0.99144 -0.351 0.14217 -0.92552 0.13053 0 -0.99144 0.13053 0 -0.99145 0.12074 0.3799 -0.91711 -0.11148 0.38031 -0.91811 -0.12074 0.37988 -0.91712 0.12615 0.25687 -0.95818 0.11148 0.3803 -0.91812 -0.37873 0.14346 -0.91432 -0.11685 0.24547 -0.96234 -0.31137 0.47854 -0.821 -0.60805 0.04821 -0.79243 -0.47531 0.54765 -0.6886 -0.79312 -0.02434 -0.60858 -0.60174 0.59474 -0.5331 -0.92144 -0.07261 -0.38167 -0.6912 0.62502 -0.36277 -0.98682 -0.0965 -0.12992 -0.74449 0.64192 -0.1835 -0.98682 -0.0965 0.12992 -0.76215 0.6474 0 -0.92144 -0.07262 0.38167 -0.74449 0.64192 0.1835 -0.79312 -0.02434 0.60858 -0.6912 0.62501 0.36277 -0.60805 0.0482 0.79243 -0.60174 0.59474 0.5331 -0.37873 0.14343 0.91433 -0.47531 0.54764 0.6886 -0.12615 0.25686 0.95818 -0.31137 0.47853 0.82101 0.13053 0.00001 0.99144 0.12074 0.3799 0.91711 -0.11148 0.38031 0.91811 -0.5 0 0.86603 -0.40164 0.59558 0.69568 -0.5 0 0.86603 -0.44102 0.23736 0.86554 -0.13327 0.52368 0.84143 -0.76605 0 0.64279 -0.58486 0.64583 0.49075 -0.76605 0 0.64279 -0.70202 0.11968 0.70203 -0.93969 0 0.34202 -0.69547 0.67249 0.25313 -0.93969 0 0.34202 -0.89036 0.03798 0.45366 -1 0 0 -0.73244 0.68083 0 -1 0 0 -0.98768 -0.00331 0.15643 -0.93969 0 -0.34202 -0.69547 0.67249 -0.25313 -0.93969 0 -0.34202 -0.98768 -0.00331 -0.15643 -0.76605 0 -0.64279 -0.58486 0.64583 -0.49075 -0.76605 0 -0.64279 -0.89037 0.03797 -0.45366 -0.5 0 -0.86603 -0.40165 0.59558 -0.69568 -0.5 0 -0.86603 -0.70202 0.11968 -0.70203 -0.44102 0.23736 -0.86554 -0.49831 0.08217 -0.8631 -0.15329 0.19945 -0.96784 -0.39375 0.49776 -0.77279 -0.7659 -0.01945 -0.64267 -0.57992 0.57218 -0.57992 -0.93665 -0.08044 -0.34091 -0.70247 0.61516 -0.35793 -0.99492 -0.10065 0 -0.76318 0.63478 -0.12088 -0.93665 -0.08044 0.34091 -0.76318 0.63478 0.12088 -0.7659 -0.01946 0.64266 -0.70248 0.61515 0.35793 -0.49831 0.08217 0.8631 -0.57992 0.57218 0.57992 -0.39376 0.49774 0.77279 0.52001 0.04212 -0.85312 -0.86602 0 -0.50001 0.47879 0.04349 -0.87685 0.38249 0.03699 -0.92322 0 -1 0 0 1 0 -0.86602 0 -0.50001 0 1 0 0 1 0 0 1 0 0 1 0 -0.866 0 0.50004 0.38245 0.04007 0.92311 0 -1 0 0.34925 0.03471 0.93639 0.47879 0.04349 0.87685 -0.866 0 0.50004 0.21237 0.04293 0.97625 0 -1 0 0.19889 0.35284 0.9143 0.09739 0.66575 0.73979 0.30577 0.48417 0.81981 0.45469 0.316 0.83271 0.28978 0.65316 0.69958 0.49428 0.56544 0.66028 0.67379 0.30332 0.6738 0.4746 0.62624 0.61852 0.61093 0.64623 0.45733 0.83271 0.31597 0.4547 0.64556 0.58127 0.49535 0.65032 0.7199 0.24256 0.91429 0.35288 0.19888 0.79366 0.5119 0.32874 0.62113 0.78245 0.04443 0.90939 0.41082 -0.06505 0.90483 0.40876 0.11912 0.91429 0.35288 -0.19888 0.7398 0.66574 -0.0974 0.81977 0.48423 -0.30576 0.83271 0.31597 -0.4547 0.69958 0.65316 -0.28977 0.66029 0.56541 -0.49429 0.67379 0.30332 -0.6738 0.61851 0.62626 -0.4746 0.45735 0.64621 -0.61094 0.45469 0.31597 -0.83272 0.49535 0.58128 -0.64555 0.34917 0.04075 -0.93617 0.24256 0.71989 -0.65032 0.21237 0.04293 -0.97625 0.19889 0.35285 -0.9143 0.32875 0.51186 -0.79368 0 -1 0 0 -1 0 0.38268 0 -0.92388 0.28041 0.68051 -0.67696 0.38268 0 -0.92388 0.35052 0.15128 -0.92425 0.09801 0.58216 -0.80715 0.60876 0 -0.79335 0.40599 0.74514 -0.52909 0.60876 0 -0.79335 0.5671 -0.05821 -0.82159 0.79336 0 -0.60876 0.49348 0.78301 -0.37866 0.79336 0 -0.60876 0.7306 -0.21747 -0.64725 0.92388 0 -0.38269 0.54907 0.80423 -0.22744 0.92388 0 -0.38269 0.83826 -0.32212 -0.43995 0.99144 0 -0.13053 0.57616 0.81381 -0.07585 0.99144 0 -0.13053 0.8981 -0.38002 -0.22136 0.99144 0 0.13053 0.57616 0.81381 0.07585 0.99144 0 0.13053 0.91722 -0.39839 0 0.92388 0 0.38269 0.54907 0.80424 0.22743 0.92388 0 0.38269 0.8981 -0.38002 0.22136 0.79335 0 0.60876 0.49346 0.78302 0.37865 0.79335 0 0.60876 0.83826 -0.32211 0.43996 0.60876 0 0.79335 0.40597 0.74516 0.52907 0.60876 0 0.79335 0.73062 -0.21735 0.64727 0.38268 0 0.92388 0.28041 0.68049 0.67698 0.38268 0 0.92388 0.5671 -0.05824 0.82159 0.35053 0.15121 0.92427 0.3782 0.15257 0.91306 0.11669 0.2505 0.96106 0.31199 0.47531 0.82264 0.60763 0.06102 0.79188 0.47718 0.54258 0.69131 0.79332 -0.00889 0.60874 0.60508 0.58866 0.53605 0.92245 -0.05552 0.3821 0.69585 0.6184 0.36521 0.98838 -0.07863 0.13012 0.74999 0.6351 0.18485 0.98838 -0.07863 -0.13012 0.76797 0.64048 0 0.92245 -0.05552 -0.3821 0.74999 0.6351 -0.18485 0.79332 -0.00889 -0.60874 0.69585 0.6184 -0.36521 0.60763 0.06102 -0.79188 0.60508 0.58867 -0.53605 0.3782 0.15257 -0.91306 0.47718 0.54258 -0.69131 0.31198 0.47534 -0.82263 0.38268 0.00001 -0.92388 0.27778 0.68784 -0.67061 0.38268 0 -0.92388 0.351 0.14217 -0.92552 0.09749 0.58809 -0.8029 0.60876 -0.00001 -0.79335 0.40081 0.75267 -0.52234 0.60876 0.00001 -0.79335 0.56645 -0.07528 -0.82065 0.79335 0 -0.60876 0.48611 0.79029 -0.37301 0.79335 -0.00002 -0.60876 0.72687 -0.23874 -0.64395 0.92388 0 -0.38268 0.54016 0.81128 -0.22374 0.92388 0 -0.38268 0.83103 -0.34519 -0.43616 0.99144 0 -0.13053 0.56643 0.82073 -0.07457 0.99144 0 -0.13053 0.88845 -0.40336 -0.21898 0.99144 0 0.13053 0.56643 0.82073 0.07457 0.99144 0 0.13053 0.90668 -0.42183 0 0.92388 0 0.38268 0.54016 0.81128 0.22374 0.92388 0.00001 0.38268 0.88845 -0.40336 0.21898 0.79335 -0.00002 0.60876 0.48611 0.79029 0.37301 0.79335 0 0.60876 0.83103 -0.34519 0.43616 0.60876 0.00001 0.79335 0.40082 0.75265 0.52236 0.60876 -0.00002 0.79335 0.72686 -0.23876 0.64394 0.38268 0 0.92388 0.27778 0.68782 0.67062 0.38268 0.00001 0.92388 0.56645 -0.07532 0.82065 0.351 0.14217 0.92552 0.37873 0.14343 0.91433 0.31137 0.47853 0.82101 0.11685 0.24545 0.96234 0.60805 0.0482 0.79243 0.47531 0.54764 0.6886 0.79312 -0.02432 0.60858 0.60174 0.59474 0.5331 0.92144 -0.07261 0.38167 0.69119 0.62502 0.36277 0.98682 -0.0965 0.12992 0.74449 0.64192 0.1835 0.98682 -0.0965 -0.12992 0.76215 0.6474 0 0.92144 -0.07261 -0.38167 0.74449 0.64192 -0.1835 0.79312 -0.02434 -0.60858 0.6912 0.62502 -0.36277 0.60805 0.04821 -0.79243 0.60174 0.59474 -0.5331 0.37873 0.14346 -0.91432 0.47531 0.54765 -0.6886 0.31137 0.47854 -0.821 0 -1 0 0 -1 0 0 -0.9563 0.29238 0 -1 0 0 -0.9563 0.29238 0 -1 0 0 -1 0 0.1462 -0.9563 0.2532 0 -1 0 0.1462 -0.9563 0.2532 0 -1 0 0 -1 0 0.25321 -0.9563 0.14619 0 -1 0 0.25321 -0.9563 0.1462 0 -1 0 0 -1 0 0.29238 -0.9563 0 0 -1 0 0.29238 -0.9563 0 0 -1 0 0 -1 0 0.25321 -0.9563 -0.14619 0 -1 0 0.25321 -0.9563 -0.14619 0 -1 0 0 -1 0 0.1462 -0.9563 -0.25321 0 -1 0 0.1462 -0.9563 -0.25321 0 -1 0 0 -1 0 0 -0.9563 -0.29238 0 -1 0 0 -0.9563 -0.29238 0 -1 0 0 -1 0 -0.1462 -0.9563 -0.25321 0 -1 0 -0.1462 -0.9563 -0.25321 0 -1 0 0 -1 0 -0.25321 -0.9563 -0.14619 0 -1 0 -0.25321 -0.9563 -0.14619 0 -1 0 0 -1 0 -0.29238 -0.9563 0 0 -1 0 -0.29238 -0.9563 0 0 -1 0 0 -1 0 -0.25321 -0.9563 0.14619 0 -1 0 -0.25321 -0.9563 0.1462 0 -1 0 0 -1 0 -0.1462 -0.9563 0.2532 0 -1 0 -0.1462 -0.9563 0.2532 0.05032 0.92271 -0.3822 -0.04642 0.92288 -0.38227 0.06585 0.86343 -0.50016 -0.0447 0.93953 -0.33954 -0.05032 0.92271 -0.3822 0.04642 0.92288 -0.38228 0.04094 0.94055 -0.33719 0.15357 0.90135 -0.40494 0.27321 0.87675 -0.39581 0.11975 0.94978 -0.28911 0.39281 0.85123 -0.348 0.1781 0.95625 -0.2321 0.49608 0.82832 -0.26037 0.22123 0.96033 -0.16976 0.56642 0.8122 -0.13961 0.2498 0.96275 -0.10347 0.59141 0.80637 0 0.26406 0.96388 -0.03476 0.56642 0.8122 0.13961 0.26406 0.96388 0.03476 0.49609 0.82831 0.26037 0.2498 0.96275 0.10347 0.3928 0.85124 0.34799 0.22123 0.96033 0.16976 0.2732 0.87676 0.3958 0.1781 0.95625 0.2321 0.15357 0.90135 0.40494 0.11975 0.94978 0.28911 0.04642 0.92288 0.38228 0.0447 0.93953 0.33955 -0.05032 0.92271 0.3822 -0.04094 0.94055 0.33719 0.05032 0.92272 0.38218 -0.06584 0.86344 0.50013 -0.04641 0.92289 0.38225 0.25201 0.75256 0.6084 0.06242 0.85545 0.5141 0.11122 0.94954 0.29326 0.5017 0.5664 0.65383 0.15427 0.96242 0.2235 0.74976 0.3269 0.57532 0.1839 0.96935 0.16292 0.9175 0.11728 0.38004 0.20357 0.97321 0.10684 0.99144 0.0042 0.13052 0.21493 0.97519 0.05298 0.99144 0.0042 -0.13052 0.21865 0.9758 0 0.9175 0.11731 -0.38004 0.21493 0.97519 -0.05298 0.74976 0.32692 -0.57531 0.20357 0.97321 -0.10684 0.50168 0.56645 -0.6538 0.18389 0.96935 -0.16292 0.25201 0.75256 -0.6084 0.15427 0.96242 -0.2235 0.11122 0.94954 -0.29327 -0.15357 0.90135 0.40494 -0.2732 0.87676 0.3958 -0.11975 0.94978 0.28911 -0.3928 0.85124 0.34799 -0.1781 0.95625 0.2321 -0.49609 0.82831 0.26037 -0.22123 0.96033 0.16976 -0.56642 0.8122 0.13961 -0.2498 0.96275 0.10347 -0.59141 0.80637 0 -0.26406 0.96388 0.03476 -0.56642 0.8122 -0.13961 -0.26406 0.96388 -0.03476 -0.49608 0.82832 -0.26037 -0.2498 0.96275 -0.10347 -0.39281 0.85123 -0.348 -0.22123 0.96033 -0.16976 -0.27321 0.87675 -0.39581 -0.1781 0.95625 -0.2321 -0.15357 0.90135 -0.40494 -0.11975 0.94978 -0.28911 -0.25201 0.75256 -0.6084 -0.06243 0.85544 -0.51413 -0.11122 0.94954 -0.29327 -0.50168 0.56645 -0.6538 -0.15427 0.96242 -0.2235 -0.74976 0.32692 -0.57531 -0.18389 0.96935 -0.16292 -0.9175 0.11731 -0.38004 -0.20357 0.97321 -0.10684 -0.99144 0.0042 -0.13052 -0.21493 0.97519 -0.05298 -0.99144 0.0042 0.13052 -0.21865 0.9758 0 -0.9175 0.11728 0.38004 -0.21493 0.97519 0.05298 -0.74976 0.3269 0.57532 -0.20357 0.97321 0.10684 -0.5017 0.5664 0.65383 -0.1839 0.96935 0.16292 -0.25201 0.75256 0.6084 -0.15427 0.96242 0.2235 -0.11122 0.94954 0.29326 1 0 0 0 -1 0 1 0 0 1 0 0 1 0 0 0.31861 -0.5991 -0.73455 1 0 0 0 -1 0 1 0 0 1 0 0 0.06476 -0.39159 -0.91786 0 -1 0 0 -1 0 0 -1 0 -0.06476 -0.39159 0.91786 0 -1 0 0 -1 0 0 -1 0 0 -1 0 -0.3183 -0.60021 0.73378 -1 0 0 -1 0 0 -1 0 0 0 -1 0 -1 0 0 -1 0 0 -1 0 0 -1 0 0 0.03438 0.96469 0.26113 -0.05032 0.92271 -0.3822 0 0.79845 0.60207 -0.03438 0.96469 0.26113 0.06657 0.86018 -0.50562 0.04642 0.92288 -0.38228 0.10237 0.96356 0.24713 -0.25778 0.73909 -0.62234 0.14204 0.80481 0.57628 -0.06318 0.85163 -0.52032 -0.11047 0.95023 -0.29129 0.16807 0.96113 0.21904 -0.51619 0.5301 -0.67271 0.26442 0.82235 0.50381 -0.15262 0.96323 -0.2211 0.2301 0.95702 0.17656 -0.76572 0.26164 -0.58755 0.3524 0.84711 0.39778 -0.18147 0.97017 -0.16077 0.28715 0.95047 0.11894 -0.92332 0.03493 -0.38245 0.39928 0.87443 0.2756 -0.2006 0.974 -0.10528 0.3822 0.92271 0.05032 -0.98804 -0.08281 -0.13008 0.33573 0.94108 0.04076 0.40673 0.90043 0.15425 -0.21162 0.97596 -0.05216 0.38228 0.92288 -0.04642 0.33818 0.94003 -0.04452 -0.98804 -0.0828 0.13008 -0.21522 0.97656 0 -0.14204 0.80481 0.57628 -0.26442 0.82235 0.50381 -0.10237 0.96356 0.24713 -0.3524 0.84711 0.39778 -0.16807 0.96113 0.21904 -0.39928 0.87443 0.2756 -0.2301 0.95702 0.17656 -0.40673 0.90043 0.15425 -0.28715 0.95047 0.11894 -0.38228 0.92288 0.04642 -0.33818 0.94003 0.04452 -0.3822 0.92271 -0.05032 -0.33573 0.94108 -0.04076 0.98804 -0.08281 -0.13008 0.98804 -0.0828 0.13008 0.21522 0.97656 0 0.92332 0.03493 -0.38245 0.21162 0.97596 -0.05216 0.76572 0.26164 -0.58755 0.2006 0.974 -0.10528 0.51619 0.5301 -0.67271 0.18147 0.97017 -0.16077 0.25778 0.73909 -0.62234 0.15262 0.96323 -0.2211 0.11047 0.95023 -0.29129 -0.40674 0.90043 -0.15425 -0.39929 0.87442 -0.27561 -0.28716 0.95047 -0.11894 -0.3524 0.8471 -0.39778 -0.2301 0.95702 -0.17656 -0.26442 0.82235 -0.50381 -0.16808 0.96113 -0.21904 -0.14204 0.80483 -0.57627 -0.10236 0.96356 -0.24713 0 0.79845 -0.60207 -0.03438 0.96469 -0.26113 0.14204 0.80483 -0.57627 0.03438 0.96469 -0.26113 0.26442 0.82235 -0.50381 0.10236 0.96356 -0.24713 0.3524 0.8471 -0.39778 0.16808 0.96113 -0.21904 0.39929 0.87442 -0.27561 0.2301 0.95702 -0.17656 0.40674 0.90043 -0.15425 0.28716 0.95047 -0.11894 -0.92331 0.03497 0.38245 -0.21162 0.97596 0.05216 -0.76571 0.26168 0.58755 -0.2006 0.974 0.10528 -0.51617 0.53015 0.67269 -0.18147 0.97017 0.16077 -0.25778 0.73909 0.62234 -0.15262 0.96324 0.2211 -0.06657 0.86018 0.50562 -0.11047 0.95023 0.29129 0.05032 0.92272 0.38218 -0.04641 0.92289 0.38225 0.25778 0.73909 0.62234 0.06318 0.85163 0.52032 0.11047 0.95023 0.29129 0.51617 0.53015 0.67269 0.15262 0.96324 0.2211 0.76571 0.26168 0.58755 0.18147 0.97017 0.16077 0.92331 0.03497 0.38245 0.2006 0.974 0.10528 0.21162 0.97596 0.05216 -0.13922 -0.82618 0.54594 0 1 0 -0.14395 -0.79885 0.58404 -0.03354 -0.96212 0.27056 0 -1 0 1 0 0 0 -1 0 1 0 0 0 -0.79845 0.60207 0.15992 -0.76231 0.62715 0.03354 -0.96212 0.27056 0 1 0 0 -1 0 0 1 0 -1 0 0 -1 0 0 0 -1 0 0.13921 -0.82618 -0.54593 0 1 0 0.14395 -0.79887 -0.58403 0.03354 -0.96212 -0.27056 0 -1 0 -1 0 0 0 -1 0 -1 0 0 0 -0.79845 -0.60207 -0.15992 -0.76232 -0.62713 -0.03354 -0.96212 -0.27056 0 1 0 0 -1 0 0 1 0 1 0 0 1 0 0 0 -1 0 0.99057 -0.04177 0.13049 0.92309 -0.04177 0.38232 1 0 0 -1 0 0 0.99057 -0.04177 0.13048 0.79268 -0.04177 0.60821 0 0.34827 -0.9374 0 0.61271 -0.79031 0 0.34827 -0.9374 0 0.61271 -0.79031 0 0 -1 0 0 -1 0 0 -1 0 0 -1 0 -0.932 -0.36245 0 -0.932 -0.36245 0 0 -1 0 -0.96156 -0.27459 0 -0.9957 -0.09262 0 -0.97559 -0.21959 0.0476 -0.94084 -0.3355 0 -0.97559 -0.21959 0.01854 -0.95927 -0.28188 0 -0.9957 -0.09262 0 0.95422 -0.29912 0 0.95422 -0.29912 0 0.95422 -0.29912 0 0.95422 -0.29912 -0.01634 -0.96143 -0.27455 0 -0.932 -0.36245 0 -0.932 -0.36245 0 -0.9419 -0.33589 -0.01288 -0.95936 -0.2819 0 0 -1 0 0 -1 0 0 -1 0 0 -1 0 0.34827 -0.9374 0 0.34827 -0.9374 0 0 -1 0 0.61271 -0.79031 0 0.61271 -0.79031 1 0 0 -1 0 0 -1 0 0 0 0 -1 0 1 0 0 0 -1 0 0 -1 0 0 -1 0 0 -1 0 0 -1 0 0 -1 -1 0 0 0 1 0 1 0 0 1 0 0 1 0 0 1 0 0 0 0 -1 0 0 -1 0 0 -1 0 0 -1 0 0 -1 0 0 -1 0 0 -1 0 0 -1 0 1 0 0 1 0 -1 0 0 -1 0 0 -1 0 0 -1 0 0 -1 0 0 0 0 -1 0 0 -1 0 0 -1 0 0 -1 0 0 -1 0 0 -1 0 0 -1 0 0 -1 0 -1 0 0 -1 0 0 -1 0 0 -0.93201 -0.36244 0 -0.94186 -0.33601 -0.11692 0 -0.99314 -0.24184 0.05766 -0.9686 0 -0.94186 -0.33601 0.11716 0.00529 -0.9931 0.23751 0.00022 -0.97139 0.12755 0 -0.99183 1 0 0 1 0 0 0 0 -1 0 -1 0 0 0 -1 0 0 -1 0 0 -1 0 0 -1 0 0 -1 0 0 -1 1 0 0 -0.01168 -0.95588 -0.29351 0 -1 0 0 -1 0 -0.02585 -0.92361 -0.38247 -0.03693 -0.88093 -0.4718 -0.06065 -0.75669 -0.65096 -0.07859 -0.59936 -0.79661 -0.08664 -0.48401 -0.87076 -0.08962 -0.39956 -0.91232 -0.09156 -0.38106 -0.92001 -0.09858 -0.29885 -0.9492 -0.10924 -0.09438 -0.98952 -0.10976 0 -0.99396 -0.10976 0 -0.99396 0 0 -1 0 0 -1 -0.09729 0.18821 -0.9773 -0.10137 0.38069 -0.91913 0 0 -1 0 0 -1 0 0 -1 0 0 -1 -0.05629 0.82216 -0.56646 0 1 0 0 1 0 -0.02585 0.92361 -0.38247 0.01168 0.95588 -0.29351 0 1 0 0 1 0 0.02585 0.92361 -0.38247 0.03693 0.88093 -0.4718 0.06065 0.75669 -0.65096 0.07859 0.59936 -0.79661 0.08664 0.48401 -0.87076 0.08962 0.39956 -0.91232 0.09156 0.38108 -0.92 0.09858 0.29885 -0.94919 0.10924 0.09438 -0.98952 0.10977 0 -0.99396 0.10977 0 -0.99396 0 0 -1 0 0 -1 0.1073 -0.20758 -0.97231 0 0 -1 0 0 -1 0 0 -1 0 0 -1 0.04804 -0.70168 -0.71087 0.09156 -0.38108 -0.92 0.03794 -0.92325 -0.38232 0 -1 0 0.2478 0 -0.96881 -1 0 0 0 -0.95936 -0.2822 0 -0.95936 -0.2822 -1 0 0 -1 0 0 -1 0 0 -0.12755 0 -0.99183 -0.25173 0.06247 -0.96578 1 0 0 1 0 0 1 0 0 1 0 0 -0.08515 -0.92253 0.37641 -0.20971 -0.379 0.90132 -0.07878 -0.92387 0.3745 -0.22065 0 0.97535 -0.20385 -0.38266 0.90112 -0.20415 0.37946 0.90241 -0.22065 0 0.97535 -0.07924 0.92298 0.37659 -0.20932 0.38264 0.89987 -0.08443 0.92389 0.37323 0.08515 0.92253 0.37641 0.20971 0.379 0.90132 0.07878 0.92387 0.3745 0.22065 0 0.97535 0.20385 0.38266 0.90112 0.20415 -0.37946 0.90241 0.22065 0 0.97535 0.07924 -0.92298 0.37659 0.20932 -0.38264 0.89987 0.08443 -0.92389 0.37323 0.10886 -0.00007 0.99406 0.10519 0.25742 0.96056 0.10888 0 0.99406 0.09575 0.38052 0.9198 -0.10888 0 0.99406 -0.10068 0.38055 0.91926 -0.10886 0.00007 0.99406 -0.09796 0.25761 0.96127 -0.10519 -0.25742 0.96056 -0.09575 -0.38052 0.9198 0.10068 -0.38055 0.91926 0.09796 -0.25761 0.96127 -0.02837 0.96539 0.25926 -0.03701 0.9229 0.38325 0.04184 0.92307 0.38235 0.02103 0.96556 0.25931 0 -1 0 0.02837 -0.96539 0.25926 0.03701 -0.9229 0.38325 -0.04184 -0.92307 0.38235 -0.02103 -0.96556 0.25931 -0.07972 0.70484 0.70488 0.0797 0.70484 0.70488 0.07972 -0.70484 0.70488 -0.0797 -0.70484 0.70488 0 0.95422 0.29912 0 0.95422 0.29912 0 -0.9957 0.09262 0.01634 -0.96144 0.27454 0 -0.9957 0.09262 0 -0.97559 0.21959 0 -0.932 0.36245 0 -0.932 0.36245 0 -0.94192 0.33584 0.01288 -0.95936 0.2819 0 0 1 0 0 1 0 0 1 0 0 1 0 0.34827 0.93739 0 0.34827 0.93739 0 0 1 0 0.61271 0.79031 0 0.61271 0.79031 0 0.34827 0.93739 0 0.61271 0.79031 0 0.34827 0.93739 0 0.61271 0.79031 0 0 1 0 0 1 0 0 1 0 0 1 0 -0.932 0.36245 0 -0.932 0.36245 0 0 1 0 -0.96157 0.27458 -0.04758 -0.94085 0.33546 0 -0.97559 0.21959 -0.01854 -0.95927 0.28188 0 0.95422 0.29912 0 0.95422 0.29912 -1 0 0 -1 0 0 -1 0 0 -1 0 0 -1 0 0 0 0 1 0 0 1 0 0 1 0 0 1 0 0 1 0 0 1 0 0 1 0 1 0 0 1 0 0 1 0 1 0 0 1 0 0 0 0 1 0 1 0 0 0 1 0 0 1 0 0 1 0 0 1 0 0 1 0 0 1 1 0 0 1 0 0 1 0 0 1 0 0 1 0 0 1 0 0 0 0 1 0 0 1 0 0 1 0 0 1 0 0 1 0 0 1 0 0 1 0 -1 0 0 -1 0 0 -0.932 0.36245 0 -0.94184 0.33605 0.11692 0 0.99314 0.2418 0.05764 0.96861 0 -0.94184 0.33605 -0.11716 0.00529 0.9931 -0.23748 0.00022 0.97139 -0.12755 0 0.99183 -1 0 0 -1 0 0 0 0 1 0 -1 0 0 0 1 0 0 1 0 0 1 0 0 1 0 0 1 0 0 1 -1 0 0 0 -1 0 0.01166 -0.95592 0.29338 0 -1 0 0 -1 0 0.02585 -0.92361 0.38246 0.03686 -0.8812 0.47131 0.06058 -0.75717 0.6504 0.07853 -0.60009 0.79607 0.08663 -0.48425 0.87063 0.08959 -0.39983 0.9122 0.09156 -0.38107 0.92 0.09855 -0.2993 0.94905 0.10924 -0.09456 0.98951 0.10976 0 0.99396 0.10976 0 0.99396 0 0 1 0 0 1 0.09729 0.18821 0.9773 0.10137 0.3807 0.91912 0 0 -1 0 0 1 0 0 1 0 0 1 0 0 1 0.05629 0.82216 0.56646 0 1 0 0.02585 0.92361 0.38246 -0.01166 0.95592 0.29338 0 1 0 0 1 0 -0.02585 0.92361 0.38246 -0.03686 0.8812 0.47131 -0.06058 0.75717 0.6504 -0.07853 0.60009 0.79607 -0.08663 0.48425 0.87063 -0.08959 0.39983 0.9122 -0.09156 0.38107 0.92 -0.09855 0.2993 0.94905 -0.10924 0.09456 0.98951 -0.10976 0 0.99396 -0.10976 0 0.99396 0 0 1 0 0 1 -0.09729 -0.18821 0.9773 -0.10137 -0.3807 0.91912 0 0 -1 0 0 1 0 0 1 0 0 1 0 0 1 -0.04804 -0.70166 0.71089 -0.03794 -0.92325 0.38231 0 -1 0 0 -1 0 -0.24787 0 0.96879 1 0 0 0 -0.95938 0.28213 0 -0.95938 0.28213 1 0 0 1 0 0 1 0 0 0.12755 0 0.99183 0.25179 0.06251 0.96576 -1 0 0 -1 0 0 -1 0 0 -1 0 0 -0.08513 0.92253 -0.37641 -0.20971 0.379 -0.90132 -0.07878 0.92387 -0.37451 -0.22061 0 -0.97536 -0.20382 0.38268 -0.90112 -0.20411 -0.37946 -0.90241 -0.22061 0 -0.97536 -0.07924 -0.92298 -0.37659 -0.20932 -0.38266 -0.89986 -0.08441 -0.92388 -0.37325 0.08513 -0.92253 -0.37641 0.20971 -0.379 -0.90132 0.07878 -0.92387 -0.37451 0.22061 0 -0.97536 0.20382 -0.38268 -0.90112 0.20411 0.37946 -0.90241 0.22061 0 -0.97536 0.07924 0.92298 -0.37659 0.20932 0.38266 -0.89986 0.08441 0.92388 -0.37325 -0.10886 -0.00007 -0.99406 -0.10519 0.25738 -0.96057 -0.10888 0 -0.99406 -0.09575 0.38055 -0.91979 0.10888 0 -0.99406 0.10068 0.38057 -0.91926 0.10886 0.00007 -0.99406 0.09796 0.25757 -0.96128 0.10519 -0.25738 -0.96057 0.09575 -0.38055 -0.91979 -0.10068 -0.38057 -0.91926 -0.09796 -0.25757 -0.96128 0 1 0 0.02838 0.96539 -0.25927 0.03701 0.9229 -0.38326 -0.04184 0.92306 -0.38236 -0.02103 0.96556 -0.25932 -0.02838 -0.96539 -0.25927 -0.03701 -0.9229 -0.38326 0.04184 -0.92306 -0.38236 0.02103 -0.96556 -0.25932 0.07972 0.70486 -0.70486 -0.07969 0.70486 -0.70486 -0.07972 -0.70486 -0.70486 0.07969 -0.70486 -0.70486 0.99057 -0.04177 -0.13048 0 1 0 0.99057 -0.04177 -0.13048 0 0 1 0 0 1 0.92308 -0.04177 -0.38232 0.92308 -0.04177 -0.38232 0.79268 -0.04177 -0.60821 0.79268 -0.04177 -0.60821 0.60817 -0.04177 -0.79271 0.60817 -0.04177 -0.79271 0.38242 -0.04177 -0.92304 0.38242 -0.04177 -0.92304 0.13039 -0.04177 -0.99058 0.13039 -0.04177 -0.99058 -0.13046 -0.04177 -0.99057 -0.13046 -0.04177 -0.99057 -0.38223 -0.04177 -0.92312 -0.38222 -0.04177 -0.92313 -0.60824 -0.04177 -0.79265 -0.60824 -0.04177 -0.79265 0 -1 0 -0.99057 0.04177 -0.13048 0 0 1 -0.92308 0.04177 -0.38233 -0.99057 0.04177 -0.13049 -0.79268 0.04177 -0.60821 -0.92308 0.04177 -0.38232 -0.60817 0.04177 -0.79271 -0.79268 0.04177 -0.60821 -0.38242 0.04177 -0.92304 -0.60817 0.04177 -0.79271 -0.13039 0.04177 -0.99058 -0.38242 0.04177 -0.92304 0.13044 0.04177 -0.99058 -0.13038 0.04177 -0.99058 0.38228 0.04177 -0.9231 0.13044 0.04177 -0.99058 0.38228 0.04177 -0.9231 0.38228 0.04177 0.9231 0.13044 0.04177 0.99058 0.38228 0.04177 0.9231 -0.13039 0.04177 0.99058 0.13044 0.04177 0.99058 -0.38242 0.04177 0.92304 -0.13039 0.04177 0.99058 -0.60817 0.04177 0.79271 -0.38242 0.04177 0.92304 -0.79268 0.04177 0.60821 -0.60817 0.04177 0.79271 -0.92308 0.04177 0.38232 -0.79268 0.04177 0.60821 -0.99057 0.04177 0.13048 -0.92309 0.04177 0.38232 -0.99057 0.04177 0.13049 0 0 1 -0.79265 -0.04177 -0.60824 -0.92307 -0.04177 -0.38237 -0.79265 -0.04177 -0.60824 -0.99059 -0.04177 -0.13034 -0.92306 -0.04177 -0.38237 -0.99059 -0.04177 0.13034 -0.99059 -0.04177 -0.13033 -0.92307 -0.04177 0.38237 -0.99059 -0.04177 0.13033 -0.79264 -0.04177 0.60826 -0.92306 -0.04177 0.38237 -0.60829 -0.04177 0.79262 -0.79264 -0.04177 0.60826 0.86593 -0.00001 0.50017 0.86593 -0.00001 0.50017 -0.60829 -0.04177 0.79262 -0.38228 -0.04177 0.9231 -0.13044 -0.04177 0.99058 -0.38228 -0.04177 0.9231 0.13039 -0.04177 0.99058 -0.13044 -0.04177 0.99058 0.38242 -0.04177 0.92304 0.13039 -0.04177 0.99058 0.60817 -0.04177 0.79271 0.38242 -0.04177 0.92304 0.79268 -0.04177 0.60821 0.60817 -0.04177 0.79271 0.92308 -0.04177 0.38232 0 1 0 0.22539 0.97382 -0.02966 0 1 0 0.28585 0.95753 0.03762 0 1 0 0.22541 0.97388 0.02737 0 1 0 0.34198 0.92898 -0.14161 0 1 0 0 1 0 0.2931 0.95542 -0.03559 0.17721 0.98188 -0.06721 0 1 0 0.37545 0.88094 -0.28806 0 1 0 0 1 0 0.13714 0.98602 -0.09466 0 1 0 0.35799 0.80883 -0.46652 0 1 0 0 1 0 0.10099 0.98834 -0.11399 0 1 0 0.2638 0.72446 -0.63685 0 1 0 0.06667 0.98966 -0.12703 0 1 0 0.09756 0.66436 -0.74102 0 1 0 0.03318 0.99034 -0.13461 0 1 0 -0.09755 0.6644 -0.74098 0 1 0 0 1 0 0 0.99056 -0.1371 0 1 0 -0.2638 0.72447 -0.63683 0 1 0 -0.03318 0.99034 -0.13461 0 1 0 -0.35802 0.8088 -0.46654 0 1 0 0 1 0 -0.06667 0.98966 -0.12703 0 1 0 -0.37547 0.88093 -0.28808 0 1 0 0 1 0 -0.10099 0.98833 -0.114 0 1 0 -0.34195 0.92899 -0.1416 0 1 0 0 1 0 -0.13713 0.98602 -0.09465 0 1 0 -0.28585 0.95753 -0.03762 0 1 0 0 1 0 -0.17721 0.98188 -0.06721 0 1 0 -0.22539 0.97382 0.02966 0 1 0 -0.22541 0.97388 -0.02737 0 1 0 -0.34197 0.92898 0.14161 0 1 0 0 1 0 -0.2931 0.95542 0.03559 -0.17721 0.98187 0.06721 0 1 0 -0.37545 0.88094 0.28806 0 1 0 0 1 0 -0.13714 0.98602 0.09466 0 1 0 -0.35801 0.80881 0.46654 0 1 0 0 1 0 -0.10099 0.98834 0.11399 0 1 0 -0.26381 0.72444 0.63686 0 1 0 -0.06667 0.98966 0.12703 0 1 0 -0.09756 0.66436 0.74102 0 1 0 -0.03318 0.99034 0.13461 0 1 0 0.09756 0.66438 0.741 0 1 0 0 1 0 0 0.99056 0.1371 0 1 0 0.26381 0.72443 0.63688 0 1 0 0.03318 0.99034 0.13461 0 1 0 0.35802 0.80879 0.46656 0 1 0 0 1 0 0.06667 0.98966 0.12703 0 1 0 0.37546 0.88093 0.28807 0 1 0 0 1 0 0.10099 0.98834 0.11399 0 1 0 0.34195 0.92899 0.1416 0 1 0 0 1 0 0.13713 0.98602 0.09465 0 1 0 0 1 0 0.17721 0.98188 0.06721 0.38257 0.92359 0.02507 0.76801 0.63846 -0.05034 0.38233 0.92302 -0.04308 0.34366 0.9366 0.06836 0.55346 0.83053 0.06236 0.43484 0.88833 0.14762 0.30889 0.93882 0.15234 0.47873 0.86184 0.16751 0.51941 0.78086 0.34708 0.27285 0.93182 0.2393 0.36196 0.90402 0.22744 0.23922 0.93185 0.2728 0.39849 0.82608 0.39849 0.23001 0.91026 0.34426 0.15229 0.93885 0.30882 0.2858 0.84346 0.45485 0 1 0 0.16889 0.85083 0.49756 0 1 0 0.06833 0.93664 0.34356 0 1 0 0.15499 0.88305 0.44294 0 1 0 0.05031 0.63898 0.76757 -0.02506 0.92366 0.3824 0.04306 0.92309 0.38217 -0.06833 0.93664 0.34356 -0.06233 0.83073 0.55317 -0.1475 0.88849 0.43455 -0.15228 0.93885 0.30883 -0.16748 0.86189 0.47864 -0.34674 0.78131 0.51897 -0.23921 0.93186 0.27279 -0.22747 0.90399 0.36202 -0.27284 0.93183 0.23929 -0.39848 0.8261 0.39848 -0.34416 0.91031 0.22998 -0.30889 0.93882 0.15234 -0.45503 0.84333 0.28591 -0.49756 0.85083 0.16891 -0.34366 0.9366 0.06836 -0.44319 0.88291 0.15508 -0.76801 0.63845 0.05034 -0.38257 0.92359 -0.02507 -0.38233 0.92302 0.04308 -0.34366 0.9366 -0.06836 -0.55346 0.83054 -0.06236 -0.43484 0.88833 -0.14762 -0.30889 0.93882 -0.15234 -0.47872 0.86184 -0.16751 -0.51942 0.78085 -0.34709 -0.27285 0.93182 -0.2393 -0.36196 0.90402 -0.22744 -0.23922 0.93186 -0.2728 -0.3985 0.82608 -0.39849 -0.23001 0.91027 -0.34425 -0.15228 0.93885 -0.30882 -0.2858 0.84346 -0.45485 0 1 0 -0.16888 0.85085 -0.49752 0 1 0 -0.06833 0.93664 -0.34356 0 1 0 -0.15499 0.88305 -0.44294 0 1 0 -0.05031 0.63894 -0.76761 0.02506 0.92366 -0.3824 -0.04306 0.92309 -0.38217 0.06833 0.93664 -0.34356 0.06233 0.83074 -0.55316 0.1475 0.88848 -0.43456 0.15228 0.93885 -0.30882 0.16748 0.8619 -0.47863 0.34672 0.78134 -0.51894 0.23921 0.93186 -0.27279 0.22747 0.90399 -0.36202 0.27284 0.93182 -0.2393 0.39848 0.82609 -0.39848 0.34417 0.91031 -0.22999 0.30889 0.93882 -0.15234 0.45503 0.84332 -0.28592 0.49756 0.85083 -0.16891 0.34366 0.9366 -0.06836 0.44319 0.88291 -0.15508 0 1 0 0.22546 0.97412 0.01611 0 1 0 0.99713 -0.02552 -0.07124 0 1 0 0.22541 0.97388 -0.02737 0 1 0 0.18812 0.98129 0.04089 0.49111 0.86905 0.05963 0 1 0 0.31246 0.94276 0.1165 0 1 0 0 1 0 0.16615 0.98192 0.0907 0 1 0 0.3536 0.92574 0.1341 0 1 0 0.67366 0.54035 0.50419 0 1 0 0 1 0 0.15102 0.97693 0.15099 0 1 0 0 1 0 0.20783 0.96759 0.14346 0 1 0 0.11831 0.98032 0.15801 0 1 0 0.33732 0.86096 0.38075 0 1 0 0.14051 0.95606 0.2573 0 1 0 0 1 0 0.06563 0.98221 0.17595 0 1 0 0.19145 0.9112 0.36479 0 1 0 0.13287 0.78063 0.6107 0 1 0 0 1 0 0.01457 0.97891 0.20375 0.06709 0.9599 0.2722 -0.01457 0.97891 0.20376 0 0.85813 0.51343 -0.05614 0.9645 0.25806 -0.06563 0.98221 0.17595 -0.10625 0.89604 0.43106 -0.23152 0.8756 0.42394 -0.11831 0.98032 0.15801 -0.14441 0.9505 0.27515 -0.15102 0.97693 0.15099 -0.33729 0.86099 0.38071 0 1 0 -0.19418 0.97014 0.14533 0 1 0 0 1 0 0 1 0 -0.16616 0.98192 0.0907 0 1 0 -0.38847 0.88159 0.26814 0 1 0 -0.36906 0.91916 0.13759 0 1 0 -0.18812 0.98129 0.04089 0 1 0 -0.32094 0.93925 0.12172 0 1 0 -0.99713 -0.02554 0.07124 0 1 0 0 1 0 -0.22546 0.97412 -0.01611 0 1 0 -0.22541 0.97388 0.02737 0 1 0 -0.18812 0.98129 -0.04089 -0.49111 0.86905 -0.05963 0 1 0 -0.31246 0.94276 -0.1165 0 1 0 0 1 0 -0.16615 0.98192 -0.0907 0 1 0 -0.3536 0.92573 -0.1341 0 1 0 -0.67366 0.54035 -0.50419 0 1 0 0 1 0 -0.15102 0.97693 -0.15099 0 1 0 0 1 0 -0.20783 0.96759 -0.14346 0 1 0 -0.11831 0.98032 -0.15801 0 1 0 -0.33734 0.86093 -0.38078 0 1 0 -0.14051 0.95606 -0.2573 0 1 0 0 1 0 -0.06563 0.98221 -0.17595 0 1 0 -0.19146 0.91119 -0.3648 0 1 0 -0.13288 0.7806 -0.61075 0 1 0 0 1 0 -0.01457 0.97891 -0.20375 -0.06709 0.9599 -0.2722 0.01457 0.97891 -0.20376 0 0.85813 -0.51343 0.05614 0.9645 -0.25806 0.06564 0.98221 -0.17595 0.10625 0.89604 -0.43108 0.23151 0.87561 -0.42393 0.11831 0.98032 -0.15802 0.14441 0.95049 -0.27515 0.15102 0.97693 -0.151 0.33731 0.86096 -0.38074 0 1 0 0.19419 0.97014 -0.14533 0 1 0 0 1 0 0 1 0 0.16616 0.98192 -0.0907 0 1 0 0.38847 0.88158 -0.26814 0 1 0 0.36906 0.91916 -0.13759 0 1 0 0.18812 0.9813 -0.04089 0 1 0 0.32094 0.93925 -0.12172 0 1 0 -0.91188 0.37765 0.16078 -0.98351 0.05132 -0.17341 -0.91417 0.3786 -0.14479 -0.84443 -0.22196 0.48751 -0.72045 0.58838 0.36709 -0.98763 0.01092 0.15643 -0.59116 -0.39264 0.70453 -0.5082 0.69533 0.50819 -0.30023 -0.4789 0.82493 -0.30116 0.74829 0.59106 0 -0.50456 0.86338 -0.09972 0.77048 0.62962 0.30023 -0.4789 0.82493 0.09972 0.77048 0.62962 0.59116 -0.39264 0.70453 0.30116 0.74829 0.59106 0.84443 -0.22196 0.48751 0.5082 0.69533 0.50819 0.98351 0.05132 0.17341 0.72045 0.58838 0.36709 0.91188 0.37765 -0.16078 0.91417 0.3786 0.14479 0.84443 -0.22198 -0.48751 0.98763 0.01092 -0.15643 0.72046 0.58838 -0.36709 0.59115 -0.39267 -0.70452 0.5082 0.69531 -0.5082 0.30023 -0.47893 -0.82492 0.30117 0.74828 -0.59108 0 -0.50459 -0.86336 0.09972 0.77047 -0.62963 -0.30023 -0.47893 -0.82492 -0.09972 0.77047 -0.62963 -0.59115 -0.39267 -0.70452 -0.30117 0.74828 -0.59108 -0.84443 -0.22198 -0.48751 -0.5082 0.69531 -0.5082 -0.72046 0.58838 -0.36709 0.78512 0.61065 -0.10337 0.6284 0.77348 -0.08273 0.78513 0.61065 -0.10336 0.78513 0.61065 0.10337 0.7352 0.6709 0.09679 0.62872 0.77388 0.07634 0.73162 0.61066 -0.30305 0.77753 0.54011 -0.32207 0.73162 0.61065 -0.30304 0.51541 0.83435 -0.19547 0.74639 0.65931 -0.09062 0.62826 0.61065 -0.48207 0.72847 0.39608 -0.55897 0.62825 0.61066 -0.48207 0.40783 0.86858 -0.28151 0.48208 0.61065 -0.62826 0.58724 0.26355 -0.7653 0.48208 0.61065 -0.62826 0.30396 0.88876 -0.3431 0.30305 0.61066 -0.73162 0.3774 0.16565 -0.91112 0.30305 0.61065 -0.73162 0.20201 0.90058 -0.38491 0.10336 0.61065 -0.78513 0.12967 0.11445 -0.98493 0.10336 0.61066 -0.78512 0.10087 0.90684 -0.40923 -0.10336 0.61066 -0.78512 -0.12967 0.11445 -0.98493 -0.10336 0.61065 -0.78513 0 0.9088 -0.41724 -0.30305 0.61066 -0.73162 -0.3774 0.16565 -0.91112 -0.30305 0.61066 -0.73162 -0.10087 0.90684 -0.40923 -0.48208 0.61065 -0.62826 -0.58724 0.26355 -0.7653 -0.48208 0.61066 -0.62825 -0.20201 0.90058 -0.38491 -0.62826 0.61066 -0.48207 -0.72847 0.39608 -0.55897 -0.62826 0.61065 -0.48208 -0.30396 0.88876 -0.3431 -0.73162 0.61065 -0.30305 -0.77754 0.5401 -0.32207 -0.73162 0.61066 -0.30304 -0.40783 0.86858 -0.28151 -0.78513 0.61065 -0.10337 -0.73521 0.6709 -0.09679 -0.78512 0.61065 -0.10336 -0.51542 0.83435 -0.19547 -0.78513 0.61065 0.10336 -0.78512 0.61065 0.10337 -0.6284 0.77348 0.08273 -0.62872 0.77388 -0.07634 -0.6284 0.77348 -0.08273 -0.53347 0.8429 0.07023 -0.62872 0.77388 0.07634 -0.43839 0.88025 -0.18159 -0.69247 0.67195 -0.26262 -0.52767 0.84703 -0.06407 -0.34294 0.90175 -0.26314 -0.69016 0.54474 -0.47638 -0.24639 0.91444 -0.32109 -0.60492 0.40966 -0.68282 -0.1485 0.92164 -0.35851 -0.44442 0.29234 -0.84677 -0.04962 0.92492 -0.37692 -0.23374 0.2146 -0.94832 0.04962 0.92492 -0.37692 0 0.18773 -0.98222 0.1485 0.92164 -0.35851 0.23374 0.2146 -0.94832 0.24638 0.91444 -0.32109 0.44441 0.29243 -0.84675 0.34294 0.90174 -0.26315 0.60494 0.4096 -0.68284 0.4384 0.88025 -0.18159 0.69018 0.54471 -0.47639 0.53348 0.84289 -0.07023 0.69248 0.67194 -0.26262 0.78512 0.61065 0.10336 0.6284 0.77348 0.08273 0.62872 0.77388 -0.07634 -0.73162 0.61066 0.30304 -0.77754 0.5401 0.32207 -0.73162 0.61065 0.30304 -0.74639 0.65931 0.09062 -0.51541 0.83435 0.19547 -0.62826 0.61065 0.48208 -0.72849 0.39604 0.55898 -0.62825 0.61066 0.48208 -0.40783 0.86858 0.28151 -0.48208 0.61065 0.62826 -0.58724 0.26357 0.7653 -0.48208 0.61065 0.62826 -0.30397 0.88875 0.34311 -0.30305 0.61065 0.73162 -0.3774 0.16565 0.91112 -0.30305 0.61065 0.73162 -0.20201 0.90058 0.3849 -0.10336 0.61065 0.78512 -0.12967 0.11445 0.98493 -0.10336 0.61065 0.78512 -0.10087 0.90684 0.40923 0.10336 0.61065 0.78512 0.12967 0.11443 0.98493 0.10336 0.61065 0.78512 0 0.90879 0.41724 0.30305 0.61065 0.73162 0.3774 0.1656 0.91112 0.30305 0.61065 0.73162 0.10087 0.90683 0.40924 0.48208 0.61065 0.62826 0.58724 0.26354 0.76531 0.48208 0.61065 0.62825 0.20202 0.90057 0.38491 0.62826 0.61066 0.48207 0.72849 0.39603 0.55898 0.62826 0.61065 0.48208 0.30397 0.88875 0.34311 0.73162 0.61065 0.30305 0.77754 0.54009 0.32207 0.73162 0.61066 0.30304 0.40784 0.86857 0.28151 0.51541 0.83435 0.19547 0.43839 0.88025 0.18159 0.52767 0.84703 0.06407 0.69247 0.67195 0.26262 0.34294 0.90175 0.26315 0.69016 0.54474 0.47638 0.24638 0.91444 0.32109 0.60493 0.40963 0.68283 0.1485 0.92164 0.35851 0.44442 0.29238 0.84676 0.04962 0.92491 0.37692 0.23374 0.21465 0.94831 -0.04962 0.92491 0.37692 0 0.18768 0.98223 -0.1485 0.92164 0.35851 -0.23374 0.21465 0.94831 -0.24638 0.91444 0.32109 -0.44441 0.29243 0.84675 -0.34294 0.90175 0.26315 -0.60493 0.40963 0.68283 -0.43839 0.88025 0.18159 -0.69017 0.54473 0.47639 -0.69247 0.67195 0.26262 0 1 0 -0.38179 0.9218 -0.06728 0 1 0 -0.29092 0.95537 0.05127 0 1 0 0 1 0 -0.38196 0.9222 0.0605 0 1 0 -0.21458 0.96882 -0.12384 0 1 0 -0.28485 0.95751 -0.04512 -0.46482 0.85314 -0.23684 0 1 0 -0.14269 0.97505 -0.17003 0 1 0 0 1 0 -0.4835 0.72969 -0.4835 0 1 0 -0.07147 0.97792 -0.19636 0 1 0 0 1 0 -0.37426 0.56605 -0.73452 0 0.97876 -0.20503 -0.14016 0.44416 -0.88492 0 1 0 0.07147 0.97792 -0.19636 0 1 0 0.14015 0.44426 -0.88487 0 1 0 0.14269 0.97505 -0.17002 0 1 0 0 1 0 0.37422 0.56615 -0.73446 0 1 0 0.21459 0.96882 -0.12384 0 1 0 0.4835 0.72969 -0.4835 0 1 0 0.29092 0.95537 -0.05127 0 1 0 0 1 0 0.46479 0.85317 -0.23682 0 1 0 0.38179 0.9218 0.06728 0 1 0 0 1 0 0.38196 0.9222 -0.0605 0 1 0 0.21458 0.96882 0.12384 0 1 0 0.28485 0.95751 0.04512 0.46483 0.85314 0.23684 0 1 0 0.14269 0.97505 0.17003 0 1 0 0 1 0 0.4835 0.72969 0.4835 0 1 0 0.07147 0.97792 0.19636 0 1 0 0 1 0 0.37426 0.56605 0.73452 0 0.97875 0.20504 0.14016 0.44416 0.88492 0 1 0 -0.07147 0.97792 0.19636 0 1 0 -0.14015 0.44419 0.8849 0 1 0 -0.1427 0.97505 0.17003 0 1 0 0 1 0 -0.37426 0.56605 0.73452 0 1 0 -0.21459 0.96882 0.12384 0 1 0 -0.48352 0.72967 0.48352 0 1 0 0 1 0 -0.46479 0.85316 0.23682 0.24395 0.90946 0.33672 0.20353 0.97907 0 -0.65642 0.03104 0.75376 0.16675 0.9832 0.07422 0.20082 0.93438 0.29427 0.35682 0.91627 0.182 0.32635 0.92939 0.17244 0.38356 0.92352 -0.0002 0.35529 0.91693 -0.18166 0.38502 0.92291 0.00005 0.24289 0.91015 -0.3356 0.3275 0.92889 -0.17293 0.38269 0.92388 0 0.0798 0.98168 -0.17301 0.14531 0.98439 -0.09933 0.20474 0.97861 0.02014 0.37977 0.91684 -0.1232 0.23543 0.9165 -0.3234 0.37921 0.91707 -0.12322 0 0.91661 -0.39977 0.23451 0.91697 -0.32277 -0.23543 0.9165 -0.3234 0 0.91661 -0.39977 -0.23451 0.91696 -0.32277 -0.37932 0.91705 -0.12305 -0.20353 0.97907 0 -0.37976 0.91682 -0.1234 -0.38268 0.92385 0.0081 -0.47979 0.87723 0.01636 -0.2431 0.90999 -0.33589 -0.20082 0.93439 -0.29427 0.65641 0.03112 -0.75376 -0.16674 0.9832 -0.07423 -0.35564 0.91677 -0.18184 -0.32719 0.92901 -0.17289 -0.38468 0.92305 -0.0002 -0.35654 0.91641 0.18183 -0.38383 0.92341 -0.00005 -0.24382 0.90957 0.33651 -0.3266 0.9293 0.17245 -0.38269 0.92388 0 -0.20474 0.97861 -0.02014 -0.14531 0.98439 0.09933 -0.0798 0.98168 0.17301 -0.37977 0.91684 0.1232 -0.23544 0.9165 0.32341 -0.37921 0.91707 0.12322 0 0.91662 0.39977 -0.2345 0.91697 0.32277 0.23544 0.9165 0.32341 0 0.91662 0.39977 0.2345 0.91697 0.32277 0.37932 0.91705 0.12305 0.47978 0.87723 -0.01636 0.38268 0.92385 -0.0081 0.37976 0.91682 0.1234 0.55306 0 0.83314 0.54332 -0.1868 0.81848 0.55306 0 0.83314 0.60328 0 0.79753 0.59302 -0.18367 0.78396 0.88121 0 0.47273 0.43706 -0.86834 0.23446 0.88121 0 0.47273 0.4592 -0.53953 0.70572 0.32584 -0.78452 0.52759 0.29534 -0.82185 0.48717 0.81629 0.02284 0.5772 1 0 0 0.46568 -0.88495 0 1 0 0 0.93297 0.30312 0.19414 0.8812 0 -0.47274 0.43706 -0.86833 -0.23447 0.8812 0 -0.47274 0.93296 0.30315 -0.19414 0.55306 0 -0.83314 0.33671 -0.79331 -0.50723 0.55306 0 -0.83314 0.81629 0.0228 -0.5772 0.60328 0 -0.79753 0.47295 -0.37853 -0.79563 0.34077 -0.38465 -0.85786 0.60523 -0.00037 -0.79605 0.5965 -0.16925 -0.78457 0.5419 0.19992 -0.81632 0.5908 0.20235 -0.78103 0.80832 0.39822 -0.43364 0.52751 0.34759 -0.77519 0.42756 0.57077 -0.70101 0.9243 0.38168 0 0.82353 0.36431 -0.43483 0.80861 0.39746 0.43379 0.82311 0.36513 0.43494 0.9246 0.38093 0.00013 0.50395 0.41196 0.75916 0.52804 0.34857 0.77438 -0.67342 0.0043 0.73925 -0.67838 0.00132 0.73471 0.8438 0.19949 0.49821 0.57459 0.30475 0.75959 0.60328 0 0.79753 -0.55306 0 -0.83314 -0.54333 -0.1868 -0.81848 -0.55306 0 -0.83314 -0.60328 0 -0.79753 -0.59302 -0.18367 -0.78396 -0.8812 0 -0.47274 -0.43706 -0.86833 -0.23447 -0.8812 0 -0.47274 -0.81629 0.0228 -0.5772 -0.29533 -0.82186 -0.48715 -0.32584 -0.78452 -0.52759 -0.4592 -0.53953 -0.70572 -1 0 0 -0.46568 -0.88495 0 -1 0 0 -0.93296 0.30315 -0.19414 -0.88121 0 0.47273 -0.43706 -0.86834 0.23446 -0.88121 0 0.47273 -0.93297 0.30312 0.19414 -0.55306 0 0.83314 -0.33672 -0.7933 0.50724 -0.55306 0 0.83314 -0.81629 0.02284 0.5772 -0.60328 0 0.79753 -0.47295 -0.37853 0.79563 -0.34077 -0.38465 0.85786 -0.60523 -0.00037 0.79605 -0.5965 -0.16925 0.78457 -0.54189 0.19992 0.81632 -0.5908 0.20235 0.78103 -0.80832 0.39821 0.43363 -0.42756 0.57077 0.70101 -0.52751 0.34757 0.77519 -0.9243 0.38168 0 -0.82352 0.36433 0.43483 -0.80861 0.39747 -0.43379 -0.9246 0.38093 -0.00013 -0.82312 0.36511 -0.43494 -0.50395 0.41196 -0.75916 -0.52804 0.34859 -0.77438 0.67398 0.00395 -0.73874 0.67823 0.00139 -0.73485 -0.84378 0.19952 -0.49822 -0.57458 0.30477 -0.75958 -0.60328 0 -0.79753 -0.2651 0.26871 0.92602 -0.27806 0.38143 0.88158 -0.15007 0.77895 0.60886 -0.07533 -0.71729 0.69269 -0.09997 0.3808 0.91924 -0.28583 0.08319 0.95466 -0.40377 0.28475 0.86942 -0.38194 0.29059 0.87732 -0.29254 0.03524 0.9556 -0.47147 0.16585 0.86614 -0.46537 0.16882 0.86887 -0.29814 0.01069 0.95446 -0.49364 0.05281 0.86806 -0.30174 0 0.95339 -0.54852 0 0.83613 -0.49512 0.01621 0.86867 -0.49446 0.05422 0.86751 -0.35208 -0.06314 0.93384 0 -1 0 0 -1 0 -0.54743 -0.06029 0.83468 0 -1 0 -0.46341 0.0752 0.88295 0 -1 0 -0.71671 -0.05252 0.69539 0 -1 0 -0.6615 0.06989 0.74668 0 -1 0 0 -1 0 -0.85175 -0.03994 0.52242 0 -1 0 -0.82151 0.05978 0.56705 0 -1 0 -0.94576 -0.02238 0.3241 0 -1 0 -0.93408 0.04468 0.35425 0 -1 0 -0.99395 0 0.10987 0 -1 0 -0.99241 0.0247 0.1205 -0.99271 0 -0.12054 -0.99358 0.0271 -0.10983 0 -1 0 0 -1 0 -0.91811 0.38031 0.11148 -0.95334 0.27883 -0.11576 -0.91891 0.38064 -0.10353 -0.91891 0.18481 0.3485 -0.95675 0.27021 0.1078 -0.83609 0.46406 0.29256 -0.81854 0.10375 0.565 -0.72043 0.52542 0.45268 -0.66261 0.03914 0.74794 -0.58133 0.56931 0.58133 -0.46471 -0.00738 0.88543 -0.42588 0.59935 0.67779 -0.23917 -0.03532 0.97034 -0.25964 0.61806 0.74201 0 0.79214 0.61034 0 -0.0446 0.999 -0.08722 0.62705 0.77408 0.15007 0.77895 0.60886 0.23917 -0.03532 0.97034 0.07533 -0.71729 0.69269 0.08722 0.62705 0.77408 0.46341 0.0752 0.88295 0.46471 -0.00738 0.88543 0.33009 -0.08859 0.93978 0.29814 0.0107 0.95446 0.29253 0.03531 0.9556 0.28581 0.08332 0.95466 0.26506 0.26906 0.92593 0.25964 0.61806 0.74201 0.6615 0.06989 0.74668 0.66261 0.03914 0.74794 0.54743 -0.06029 0.83468 0.42588 0.59935 0.67779 0.82151 0.05978 0.56705 0.81854 0.10376 0.565 0.71671 -0.05252 0.69539 0.58133 0.56931 0.58133 0.93408 0.04468 0.35425 0.91891 0.18481 0.3485 0.85175 -0.03994 0.52242 0.72043 0.52543 0.45267 0.99271 0 0.12054 0.95334 0.27883 0.11576 0.99358 0.0271 0.10983 0.94576 -0.02238 0.3241 0.83609 0.46406 0.29256 0.99395 0 -0.10987 0.99241 0.0247 -0.1205 0.91811 0.38031 -0.11148 0.91891 0.38064 0.10353 0 -1 0 0 -1 0 0 -1 0 0 -1 0 0 -1 0 0 -1 0 0 -1 0 0 -1 0 0 -1 0 0 -1 0 0 -1 0 0.35279 0 0.9357 0 -1 0 0 -1 0 0 -1 0 0.49517 0 0.8688 0 -1 0 0.54848 0.01322 0.83606 0.49447 0.05305 0.86758 0.47128 0.1661 0.8662 0.49352 0.05383 0.86807 0.40355 0.28487 0.86948 0.46543 0.16892 0.86882 0.27097 0.31691 0.90892 0.10447 0.2574 0.96064 0.09306 0.38051 0.92008 0.37619 0.37608 0.84679 -0.09425 0.25766 0.96163 -0.35279 0 -0.9357 -0.49514 0 -0.86881 0 -1 0 0 -1 0 -0.54848 0.01323 -0.83606 -0.29813 0.01072 -0.95447 -0.49445 0.05306 -0.86759 -0.33009 -0.08859 -0.93978 -0.29252 0.03533 -0.95561 -0.47127 0.16612 -0.8662 -0.49352 0.05383 -0.86807 -0.28581 0.08332 -0.95466 -0.40356 0.28489 -0.86947 -0.46543 0.16893 -0.86881 -0.26507 0.26895 -0.92596 -0.271 0.31692 -0.90891 -0.07533 -0.7173 -0.69268 -0.10447 0.2574 -0.96064 -0.15007 0.77894 -0.60888 -0.09306 0.38051 -0.92008 -0.37619 0.37608 -0.84679 0.07533 -0.7173 -0.69268 0.09997 0.38078 -0.91924 0 0.79214 -0.61034 0.09425 0.25766 -0.96163 0.2651 0.2687 -0.92603 0.27806 0.38142 -0.88159 0.15007 0.77894 -0.60888 0.28582 0.08319 -0.95466 0.40377 0.28475 -0.86942 0.38191 0.2906 -0.87732 0.29254 0.03526 -0.9556 0.47145 0.16587 -0.86615 0.46537 0.16882 -0.86887 0.29814 0.01069 -0.95446 0.49363 0.05281 -0.86807 0.30174 0 -0.95339 0.54852 0 -0.83613 0.49508 0.01622 -0.8687 0.49442 0.05418 -0.86753 0.35208 -0.06314 -0.93384 0 -1 0 0 -1 0 0.54743 -0.06029 -0.83468 0 -1 0 0.46341 0.0752 -0.88295 0 -1 0 0.71671 -0.05252 -0.69539 0 -1 0 0.6615 0.06988 -0.74668 0 -1 0 0 -1 0 0.85175 -0.03994 -0.52242 0 -1 0 0.82151 0.05978 -0.56705 0 -1 0 0.94576 -0.02238 -0.3241 0 -1 0 0.93408 0.04468 -0.35425 0 -1 0 0.91891 0.18482 -0.3485 0.83609 0.46406 -0.29256 0.95675 0.27021 -0.1078 0.81854 0.10377 -0.565 0.72042 0.52543 -0.45267 0.66262 0.03912 -0.74794 0.58133 0.56932 -0.58132 0.46471 -0.00738 -0.88543 0.42589 0.59934 -0.6778 0.23917 -0.03529 -0.97034 0.25964 0.61807 -0.74201 0 -0.04458 -0.99901 0.08722 0.62706 -0.77407 -0.23917 -0.03529 -0.97034 -0.08722 0.62706 -0.77407 -0.46341 0.0752 -0.88295 -0.46471 -0.00738 -0.88543 -0.25964 0.61807 -0.74201 -0.6615 0.06988 -0.74668 -0.66262 0.03912 -0.74794 -0.54743 -0.06029 -0.83468 -0.42589 0.59934 -0.6778 -0.82151 0.05978 -0.56705 -0.81854 0.10377 -0.565 -0.71671 -0.05252 -0.69539 -0.58133 0.56932 -0.58132 -0.93408 0.04468 -0.35425 -0.91891 0.18482 -0.3485 -0.85175 -0.03994 -0.52242 -0.72042 0.52543 -0.45267 -0.94576 -0.02238 -0.3241 -0.83609 0.46406 -0.29256 0 -1 0 0 -1 0 0 -1 0 0 -1 0 0 -1 0 0 -1 0 0 -1 0 0 -1 0 0 -1 0 0 -1 0 1 0 0 0.95298 0 0.30302 0.98135 -0.19223 0 0.9165 -0.17952 0.35749 0.95298 0 0.30302 0.92335 -0.24743 0.2936 1 0 0 0.92387 0.3827 0 0.98343 0.18005 -0.02127 0.93334 0.20199 0.29677 0.95106 0 0.30901 0.95106 0 0.30901 0.88487 0.36654 0.28751 0.83363 -0.48134 0.27086 0.83365 -0.48131 0.27086 0.86602 -0.5 -0.00336 0.83476 -0.55059 -0.00484 1 0 0 0.95106 0 -0.30901 0.86603 -0.5 0 0.95106 0 -0.30901 0.83365 -0.48131 -0.27086 1 0 0 0.98309 0.18313 0 0.88488 0.36651 -0.28751 0.92383 0.38268 0.01008 0.88486 0.36654 -0.28752 0.96655 0 -0.25648 0.7317 0.20056 -0.65146 0.9145 0.28129 -0.29081 0.95297 0.00043 -0.30305 0.84435 0.03848 -0.5344 0.89727 -0.37177 -0.2381 0.92383 -0.38277 0.00431 -0.95106 0 -0.30901 -1 0 0 -0.83364 -0.48133 -0.27086 -1 0 0 -0.98135 -0.19223 0 -0.83476 -0.55059 0.00484 -0.86602 -0.5 0.00336 -0.83365 -0.48131 -0.27086 -0.95106 0 -0.30901 -0.88487 0.36654 -0.28751 -0.92387 0.3827 0 -0.58779 0 -0.80902 -0.54688 0.36652 -0.75272 -0.58779 0 -0.80902 -0.88487 0.36651 -0.28752 0 0 -1 0 0.36653 -0.93041 0 0 -1 -0.54688 0.36653 -0.75271 0.58779 0 -0.80902 0.54688 0.36654 -0.75271 0.58779 0 -0.80902 0 0.36653 -0.93041 0.54689 0.36652 -0.75271 0.51522 -0.48132 -0.70914 0.83364 -0.48133 -0.27086 0 -0.4813 -0.87655 0.51522 -0.48132 -0.70914 -0.51522 -0.48132 -0.70914 0 -0.4813 -0.87655 -0.51522 -0.48132 -0.70914 -1 0 0 -0.95106 0 0.30901 -0.86603 -0.5 0 -0.95106 0 0.30901 -0.83365 -0.48131 0.27087 -1 0 0 -0.98309 0.18313 0 -0.88488 0.36651 0.28751 -0.88486 0.36654 0.28752 -0.92383 0.38268 -0.01008 -0.96656 0 0.25645 -0.73153 0.20049 0.65166 -0.91451 0.28129 0.29079 -0.95298 0.00043 0.30302 -0.84435 0.03848 0.5344 -0.89728 -0.37177 0.23807 -0.92383 -0.38277 -0.00431 -0.95297 0 -0.30305 -0.95297 0 -0.30305 -0.92335 -0.2474 -0.29363 -0.9165 -0.17952 -0.35749 -0.98343 0.18005 0.02127 -0.93333 0.20201 -0.2968 0.58779 0 0.80902 0.54688 0.36653 0.75271 0.58779 0 0.80902 0.88487 0.36652 0.28752 0 0 1 0 0.36653 0.93041 0 0 1 0.54688 0.36654 0.75271 -0.58779 0 0.80902 -0.54688 0.36654 0.75271 -0.58779 0 0.80902 0 0.36653 0.93041 -0.54688 0.36653 0.75271 -0.51521 -0.48135 0.70912 -0.83363 -0.48134 0.27086 0 -0.48135 0.87653 -0.51521 -0.48136 0.70912 0.51521 -0.48136 0.70912 0 -0.48135 0.87653 0.51521 -0.48135 0.70912 0 1 0 0.19604 0.9806 0 0.00542 0.99869 -0.05095 0.38265 0.92386 -0.0075 0.38245 0.92339 -0.03295 0 1 0 0.02814 0.96554 -0.25873 0.03476 0.9228 -0.38371 0.21233 0.91556 -0.34156 0.4227 0.82309 -0.37928 0 1 0 -0.04158 0.92309 -0.38233 0 1 0 -0.01777 0.96577 -0.25879 -0.38266 0.92389 0 -0.37407 0.88053 -0.29111 -0.23354 0.9706 -0.05821 -0.02752 0.96556 -0.25873 0.00548 0.99863 -0.05209 -0.38265 0.92386 -0.0075 0.01513 0.9882 -0.15243 0.02414 0.96564 -0.25875 -0.10024 -0.00027 -0.99496 0 -1 0 -0.1003 0 -0.99496 -0.51704 0 -0.85596 0 -1 0 0 -1 0 0.10024 0 -0.99496 0 -1 0 0.1003 -0.00027 -0.99496 0.34403 0 -0.93896 0 -1 0 0.51698 -0.01527 -0.85586 0.60443 -0.04098 -0.79561 0.09691 0.25765 -0.96137 0.09504 0.19913 -0.97535 0.29636 0.09872 -0.94996 -0.09829 0.19923 -0.97501 -0.09504 0.2577 -0.96154 -0.37018 -0.05461 -0.92735 -0.29739 0.09985 -0.94952 1 0 0 0.92438 0.38099 -0.01922 1 0 0 0.9239 0.38263 0 0.92379 0.38258 -0.01573 1 0 0 0.92779 0.36885 -0.05621 1 0 0 0.94194 0 -0.33579 0.98236 -0.04274 -0.18204 0.91426 0.32546 -0.24124 0 -1 0 0 -1 0 0.94602 0 -0.3241 0 -1 0 0 -1 0 0.94602 0 -0.3241 0.93713 0.13683 -0.32105 0.98102 0.18549 -0.05656 -1 0 0 -0.94602 0 -0.3241 -1 0 0 -1 0 0 -1 0 0 -0.98092 0.19439 0 -0.94602 0 -0.3241 -0.93345 0.16252 -0.31979 -0.94182 0.14045 -0.30537 0 -1 0 0 -1 0 -0.9829 0 -0.18416 0 -1 0 0 -1 0 -0.94167 -0.02382 -0.33569 -0.9202 0.38697 -0.05898 -0.89224 0.38185 -0.24104 -0.91063 0.31979 -0.26171 -0.92622 0.37669 -0.01477 -0.92373 0.38256 -0.01929 -0.9239 0.38263 -0.00038 -0.84325 0.53502 -0.0519 0 1 0 0.02752 0.96556 0.25873 0 1 0 0.38266 0.92389 0 -0.00548 0.99863 0.05208 0.38265 0.92386 0.0075 0 1 0 -0.00542 0.99869 0.05094 0 1 0 -0.02414 0.96564 0.25875 -0.01513 0.98819 0.15248 -0.19604 0.9806 0 -0.38265 0.92386 0.0075 -0.38245 0.92339 0.03296 -0.02814 0.96554 0.25873 -0.03476 0.9228 0.38372 -0.21235 0.91556 0.34156 -0.42267 0.8231 0.37927 0.04158 0.92309 0.38233 0.01777 0.96577 0.25879 0.37407 0.88053 0.29111 0.23354 0.9706 0.05821 -0.1003 -0.00027 0.99496 -0.09692 0.2576 0.96138 -0.10025 0 0.99496 -0.34481 0 0.93867 -0.29688 0.09924 0.94974 -0.09507 0.19988 0.9752 0.1003 0 0.99496 0.09833 0.19716 0.97543 0.10025 -0.00027 0.99496 0.095 0.25764 0.96156 0.51704 0 0.85596 0.3685 -0.0552 0.92799 0.29614 0.09838 0.95006 0 -1 0 0 -1 0 0 -1 0 0 -1 0 0 -1 0 -0.51698 -0.01526 0.85586 -0.60511 -0.04119 0.79507 1 0 0 0.94602 0 0.3241 1 0 0 1 0 0 1 0 0 0.98092 0.19439 0 0.94602 0 0.32411 0.93344 0.16252 0.3198 0.94182 0.14045 0.30538 0 -1 0 0 -1 0 0.98017 0 0.19818 0 -1 0 0 -1 0 0.94168 -0.02341 0.3357 0.92021 0.38697 0.05896 0.90288 0.348 0.2524 0.91065 0.31982 0.26158 0.92622 0.37669 0.01477 0.92373 0.38256 0.0193 0.9239 0.38263 0.00038 0.84325 0.53501 0.0519 -1 0 0 -0.92438 0.38099 0.01922 -1 0 0 -0.9239 0.38263 0 -0.92379 0.38258 0.01573 -1 0 0 -0.92779 0.36885 0.0562 -1 0 0 -0.94193 0 0.3358 -0.98145 -0.04134 0.18719 -0.91338 0.32404 0.24644 0 -1 0 0 -1 0 -0.94602 0 0.32411 0 -1 0 0 -1 0 -0.94602 0 0.3241 -0.93712 0.13683 0.32106 -0.98102 0.18549 0.05656 0 -1 0 -0.78512 -0.61065 -0.10339 0 -1 0 -0.81284 -0.57257 0.10704 0 -1 0 -0.7881 -0.61296 0.05636 0 -1 0 -0.74017 -0.59843 -0.30664 -0.84371 -0.5334 -0.06034 -0.76713 -0.61941 -0.16688 0 -1 0 -0.64154 -0.58828 -0.49229 0 -1 0 -0.77836 -0.55666 -0.29031 -0.6864 -0.62321 -0.37479 0 -1 0 -0.49571 -0.5805 -0.64599 0 -1 0 -0.65448 -0.57587 -0.48994 -0.55229 -0.62447 -0.55229 0 -1 0 -0.31308 -0.57523 -0.75571 0 -1 0 -0.48323 -0.59144 -0.64551 -0.3748 -0.62321 -0.68639 0 -1 0 -0.10704 -0.57257 -0.81284 0 -1 0 -0.27859 -0.60372 -0.74693 -0.16688 -0.6194 -0.76713 0 -1 0 0.10339 -0.61065 -0.78512 0 -1 0 -0.05637 -0.61296 -0.7881 0 -1 0 0.30664 -0.59842 -0.74018 0.06034 -0.5334 -0.84371 0.16688 -0.6194 -0.76713 0 -1 0 0.49229 -0.58828 -0.64154 0 -1 0 0.29032 -0.55666 -0.77836 0.3748 -0.62321 -0.6864 0 -1 0 0.64599 -0.58049 -0.49571 0 -1 0 0.48994 -0.57587 -0.65447 0.55228 -0.62447 -0.55229 0 -1 0 0.75571 -0.57523 -0.31308 0 -1 0 0.64552 -0.59144 -0.48323 0.6864 -0.62321 -0.37479 0 -1 0 0.81284 -0.57257 -0.10704 0 -1 0 0.74693 -0.60372 -0.27859 0.76713 -0.61941 -0.16688 0 -1 0 0.78512 -0.61065 0.10339 0 -1 0 0.7881 -0.61296 -0.05636 0 -1 0 0.74017 -0.59843 0.30664 0.84371 -0.5334 0.06034 0.76713 -0.61941 0.16688 0 -1 0 0.64154 -0.58828 0.49229 0 -1 0 0.77836 -0.55666 0.29031 0.6864 -0.62321 0.37479 0 -1 0 0.49571 -0.5805 0.64599 0 -1 0 0.65448 -0.57587 0.48994 0.55228 -0.62447 0.55229 0 -1 0 0.31308 -0.57522 0.75571 0 -1 0 0.48323 -0.59144 0.64551 0.3748 -0.62321 0.68639 0 -1 0 0.10704 -0.57257 0.81284 0 -1 0 0.27859 -0.60372 0.74694 0.16688 -0.6194 0.76713 0 -1 0 -0.10339 -0.61065 0.78512 0 -1 0 0.05637 -0.61296 0.7881 0 -1 0 -0.30664 -0.59842 0.74018 -0.06034 -0.5334 0.84371 -0.16688 -0.6194 0.76713 0 -1 0 -0.49229 -0.58828 0.64154 0 -1 0 -0.29032 -0.55666 0.77836 -0.3748 -0.62321 0.6864 0 -1 0 -0.64599 -0.58049 0.49571 0 -1 0 -0.48994 -0.57587 0.65447 -0.55228 -0.62447 0.55229 0 -1 0 -0.75571 -0.57523 0.31308 0 -1 0 -0.64552 -0.59144 0.48323 -0.6864 -0.62321 0.3748 0 -1 0 -0.74693 -0.60372 0.27859 -0.76713 -0.61941 0.16688 -0.38218 -0.92272 0.05029 -0.30297 -0.95217 -0.03987 -0.38225 -0.92289 -0.04642 -0.23953 -0.96581 0.09919 -0.29847 -0.95373 0.03624 -0.46604 -0.86693 0.17675 -0.18327 -0.97296 0.14061 -0.52771 -0.76736 0.36425 -0.12993 -0.97696 0.16931 -0.52416 -0.61253 0.59165 0 -1 0 -0.07772 -0.97916 0.18764 -0.41992 -0.42841 0.80008 0 -1 0 -0.02588 -0.98014 0.1966 -0.22962 -0.28167 0.93163 0.02588 -0.98014 0.19661 0 -0.22709 0.97387 0.07773 -0.97916 0.18764 0.22963 -0.28158 0.93166 0.12993 -0.97696 0.16931 0.41991 -0.42842 0.80008 0.18326 -0.97296 0.14061 0.52413 -0.61259 0.59162 0.23953 -0.96581 0.09919 0.52774 -0.76733 0.36428 0.30297 -0.95217 0.03987 0.46607 -0.86691 0.17676 0.38218 -0.92272 -0.05029 0.38225 -0.92289 0.04642 0.23953 -0.96581 -0.09919 0.29847 -0.95373 -0.03624 0.46605 -0.86692 -0.17675 0.18326 -0.97296 -0.14061 0.52772 -0.76735 -0.36426 0.12993 -0.97696 -0.16932 0.52415 -0.61256 -0.59164 0 -1 0 0.07773 -0.97916 -0.18764 0.41995 -0.42827 -0.80014 0 -1 0 0.02588 -0.98014 -0.1966 0.22963 -0.28157 -0.93166 -0.02588 -0.98014 -0.1966 0 -0.22719 -0.97385 -0.07773 -0.97916 -0.18764 -0.22963 -0.28165 -0.93163 -0.12993 -0.97696 -0.16931 -0.41993 -0.42835 -0.80011 -0.18326 -0.97296 -0.1406 -0.52412 -0.61262 -0.5916 -0.23954 -0.96581 -0.09919 -0.52777 -0.7673 -0.36429 -0.46608 -0.8669 -0.17676 0 -1 0 -0.22537 -0.97373 0.03239 0 -1 0 -0.2419 -0.96968 -0.03476 0 -1 0 -0.22535 -0.97365 -0.03497 0 -1 0 -0.40231 -0.89689 0.18366 0 -1 0 0 -1 0 -0.1674 -0.98582 0.01197 -0.62748 -0.77222 0.09976 -0.43056 -0.89769 0.09367 0 -1 0 -0.33438 -0.89681 0.28969 0 -1 0 0 -1 0 -0.38665 -0.89773 0.21113 -0.15722 -0.98582 0.05864 0 -1 0 -0.2393 -0.89673 0.3723 0 -1 0 -0.31145 -0.89777 0.31145 -0.13429 -0.98583 0.10053 0 -1 0 -0.12475 -0.89664 0.42481 0 -1 0 -0.21106 -0.8978 0.38653 -0.10051 -0.98584 0.13426 0 -0.89657 0.44291 -0.0936 -0.89784 0.43025 -0.0586 -0.98584 0.15711 0.06882 -0.96971 0.23435 0.09359 -0.89785 0.43024 0.0314 -0.89789 0.4391 -0.01196 -0.98585 0.16721 0.13206 -0.96971 0.20546 0.21105 -0.89781 0.38651 0.15381 -0.89793 0.41239 0 -1 0 0.1846 -0.96972 0.15992 0 -1 0 0.31146 -0.89777 0.31146 0.26373 -0.89796 0.3523 0 -1 0 0.22219 -0.96971 0.10143 0 -1 0 0 -1 0 0.38662 -0.89775 0.21111 0.3522 -0.89802 0.26365 0 -1 0 0.2419 -0.96968 0.03476 0 -1 0 0 -1 0 0.43057 -0.89769 0.09367 0.41217 -0.89804 0.15373 0 -1 0 0.22537 -0.97373 -0.03239 0 -1 0 0.22535 -0.97365 0.03497 0 -1 0 0.4023 -0.8969 -0.18366 0 -1 0 0 -1 0 0.1674 -0.98582 -0.01197 0.62748 -0.77222 -0.09976 0.43056 -0.89769 -0.09367 0 -1 0 0.33438 -0.89681 -0.28969 0 -1 0 0 -1 0 0.38666 -0.89773 -0.21113 0.15722 -0.98582 -0.05864 0 -1 0 0.2393 -0.89674 -0.37229 0 -1 0 0.31144 -0.89778 -0.31144 0.13429 -0.98583 -0.10053 0 -1 0 0.12476 -0.89664 -0.42483 0 -1 0 0.21107 -0.89779 -0.38654 0.10051 -0.98584 -0.13426 0 -0.89657 -0.4429 0.09359 -0.89785 -0.43024 0.0586 -0.98584 -0.1571 -0.06882 -0.96971 -0.23435 -0.0936 -0.89784 -0.43025 -0.03141 -0.89788 -0.43911 0.01196 -0.98585 -0.16721 -0.13206 -0.96971 -0.20546 -0.21105 -0.89781 -0.38651 -0.15381 -0.89793 -0.41239 0 -1 0 -0.1846 -0.96972 -0.15992 0 -1 0 -0.31146 -0.89777 -0.31146 -0.26372 -0.89797 -0.35229 0 -1 0 -0.22219 -0.96971 -0.10143 0 -1 0 0 -1 0 -0.38663 -0.89775 -0.21111 -0.3522 -0.89802 -0.26366 0 -1 0 0 -1 0 -0.43057 -0.89768 -0.09367 -0.41218 -0.89804 -0.15373 0.91188 -0.37765 0.16078 0.98309 -0.059 -0.17333 0.91417 -0.3786 -0.14479 0.84688 0.20916 0.48892 0.9875 -0.01948 0.15641 0.72281 -0.58473 0.36829 0.59498 0.3784 0.70909 0.51124 -0.69084 0.51124 0.30282 0.46476 0.83204 0.30348 -0.74373 0.59562 0 0.49056 0.87141 0.10057 -0.76596 0.63497 -0.30282 0.46476 0.83204 -0.10057 -0.76596 0.63497 -0.59498 0.3784 0.70909 -0.30348 -0.74373 0.59562 -0.84688 0.20916 0.48892 -0.51124 -0.69084 0.51124 -0.98309 -0.059 0.17333 -0.72281 -0.58473 0.36829 -0.91188 -0.37765 -0.16078 -0.91417 -0.3786 0.14479 -0.84688 0.20918 -0.48892 -0.72281 -0.58473 -0.36829 -0.9875 -0.01948 -0.15641 -0.59498 0.37839 -0.70909 -0.51124 -0.69084 -0.51125 -0.30282 0.46474 -0.83205 -0.30348 -0.74373 -0.59562 0 0.49054 -0.87142 -0.10057 -0.76597 -0.63496 0.30282 0.46474 -0.83205 0.10057 -0.76597 -0.63496 0.59498 0.37839 -0.70909 0.30348 -0.74373 -0.59562 0.84688 0.20918 -0.48892 0.51124 -0.69084 -0.51125 0.72281 -0.58473 -0.36829 -0.62998 -0.7753 -0.04505 0.62998 -0.7753 0.04505 0 -1 0 -0.56484 0 0.8252 0 -1 0 -1 0 0 0 -1 0 -1 0 0 0 -1 0 -0.88453 0.0004 0.46649 0 -1 0 -0.56482 0.00009 0.82522 0 -1 0 -1 -0.00012 0 -0.88454 0.00027 0.46646 0 -1 0 -0.88453 0.00036 -0.46649 0 -1 0 -1 -0.00012 0 -0.88454 0.00028 -0.46647 0 -1 0 -0.56484 0.00007 -0.8252 0 -1 0 -1 0 0 0 -1 0 -0.56483 0 -0.82521 0 -1 0 -0.9511 0 -0.30888 0 -1 0 -1 0 0 0 -1 0 -0.58813 0.00074 -0.80877 -0.95105 -0.00022 -0.30903 0 -1 0 0 0.00008 -1 0 -1 0 -0.58779 0.00014 -0.80902 0 -1 0 0.58813 0.00074 -0.80877 0 -1 0 0 0.00008 -1 0.58779 0.00014 -0.80902 0 -1 0 0.9511 -0.00022 -0.30888 0 -1 0 0 -1 0 1 0 0 0.95105 0 -0.30903 0 -1 0 0.56484 0 -0.8252 0 -1 0 1 0 0 0 -1 0 0.88453 0.0004 -0.46649 0 -1 0 0.56482 0.00009 -0.82521 0 -1 0 1 -0.00012 0 0.88454 0.00027 -0.46646 0 -1 0 0.88453 0.0004 0.46649 0 -1 0 1 -0.00012 0 0.88454 0.00027 0.46646 0 -1 0 0.56484 0.00009 0.8252 0 -1 0 1 0 0 0 -1 0 0.56482 0 0.82522 0 -1 0 0.9511 0 0.30888 0 -1 0 1 0 0 0 -1 0 0.58813 0.00076 0.80877 0.95105 -0.00021 0.30902 0 -1 0 0 0.00009 1 0 -1 0 0.58778 0.00015 0.80902 0 -1 0 -0.58813 0.00076 0.80877 0 -1 0 0.00001 0.0001 1 -0.58779 0.00015 0.80902 0 -1 0 -0.9511 -0.00021 0.30888 0 -1 0 -0.95105 0 0.30902 0.38179 -0.9218 -0.06728 0.29248 -0.95488 0.05154 0.38196 -0.9222 0.0605 0.21641 -0.96828 -0.12489 0.28653 -0.95699 -0.04538 0.4616 -0.85534 -0.23519 0.14412 -0.97455 -0.1717 0.47658 -0.73875 -0.47658 0 -1 0 0.0722 -0.97747 -0.19832 0.36753 -0.58704 -0.72132 0 -0.97834 -0.20702 0.13767 -0.47494 -0.86919 -0.0722 -0.97747 -0.19832 -0.13767 -0.47491 -0.8692 -0.14412 -0.97455 -0.1717 -0.36755 -0.58699 -0.72135 -0.21641 -0.96828 -0.12489 -0.47663 -0.73868 -0.47663 -0.29248 -0.95488 -0.05154 -0.46156 -0.85537 -0.23518 -0.38179 -0.9218 0.06728 -0.38196 -0.9222 -0.0605 -0.21641 -0.96828 0.12489 -0.28653 -0.95699 0.04538 -0.4616 -0.85534 0.2352 -0.14411 -0.97455 0.1717 -0.4766 -0.73871 0.47661 0 -1 0 -0.0722 -0.97747 0.19832 -0.36752 -0.58709 0.72129 0 -0.97834 0.20702 -0.13767 -0.47494 0.86919 0.0722 -0.97747 0.19832 0.13766 -0.47498 0.86916 0.14412 -0.97455 0.1717 0.36755 -0.58699 0.72135 0.21642 -0.96828 0.12489 0.47664 -0.73867 0.47664 0.46157 -0.85536 0.23518 -0.50543 -0.44636 0.73845 -0.92972 -0.36827 0 -0.51642 -0.41147 0.751 -0.77861 -0.47453 0.41059 -0.74967 -0.52804 0.39895 -0.86494 -0.50187 0 -0.77859 -0.47455 -0.4106 -0.86494 -0.50187 0 -0.50547 -0.44625 -0.73849 -0.74976 -0.52789 -0.39899 -0.86632 -0.49949 0 -0.5164 -0.41153 -0.75098 -0.92925 -0.36943 -0.00488 0.50543 -0.44636 -0.73845 0.92972 -0.36827 0 0.5164 -0.41153 -0.75098 0.77862 -0.47451 -0.4106 0.74967 -0.52804 -0.39895 0.86494 -0.50187 0 0.77861 -0.47453 0.41059 0.86494 -0.50187 0 0.50543 -0.44636 0.73845 0.74967 -0.52804 0.39895 0.86632 -0.49949 0 0.92925 -0.36943 0.00488 0.51642 -0.41147 0.751 0.99144 0 -0.13053 0.99371 0 0.11203 0.98554 -0.10898 -0.12975 0.99052 -0.04318 0.13041 0.91714 -0.37983 0.12074 0.91814 -0.38025 -0.11149 0.99245 -0.05031 -0.11188 0.94325 0.03612 -0.33013 0.84528 0.05782 -0.53119 0.92148 -0.07199 -0.38169 0.70548 0.06503 -0.70574 0.79039 -0.08641 -0.60648 0.53099 0.05788 -0.8454 0.60648 -0.08641 -0.79039 0.33012 0 -0.94394 0.31221 0.07107 -0.94735 0.38169 -0.07213 -0.92147 1 0 0 1 0 0 0.11185 0 -0.99373 0 -1 0 0.1298 -0.10524 -0.98594 -0.111 -0.12257 -0.98623 0 -1 0 -0.13053 0 -0.99144 0 -1 0 -0.2406 0 -0.97062 -1 0 0 0 -1 0 -1 0 0 -0.3299 0.03633 -0.94332 -0.53099 0.05788 -0.8454 -0.38169 -0.07213 -0.92147 -0.70548 0.06503 -0.70574 -0.60648 -0.08641 -0.79039 -0.84528 0.05782 -0.53119 -0.79039 -0.08641 -0.60648 -0.94325 0.03612 -0.33013 -0.92148 -0.07199 -0.38169 -0.99371 0 -0.11203 -0.99052 -0.04318 -0.13041 -0.99144 0 0.13053 -0.99245 -0.05031 0.11188 -0.91714 -0.37983 -0.12074 -0.98554 -0.10897 0.12975 -0.91814 -0.38025 0.11149 -0.91478 0.14002 -0.37891 -0.98921 -0.08383 -0.12012 -0.77023 -0.56694 -0.29211 -0.75058 0.32391 -0.57594 -0.60713 -0.6751 -0.41908 -0.54594 0.44244 -0.71148 -0.44793 -0.73737 -0.50561 -0.32904 0.51061 -0.79436 -0.29495 -0.77278 -0.56197 -0.10973 0.54155 -0.83348 -0.14638 -0.79111 -0.5939 0.10973 0.54155 -0.83348 0 -0.79678 -0.60427 0.32904 0.51061 -0.79436 0.14638 -0.79111 -0.5939 0.54594 0.44244 -0.71148 0.29495 -0.77278 -0.56197 0.75058 0.32391 -0.57594 0.44793 -0.73737 -0.50561 0.91478 0.14002 -0.37891 0.60713 -0.6751 -0.41908 0.77023 -0.56694 -0.29211 -0.94325 0.03612 0.33013 -0.84528 0.05782 0.53119 -0.92148 -0.07199 0.38169 -0.70548 0.06503 0.70574 -0.79039 -0.08641 0.60649 -0.53099 0.05788 0.8454 -0.60648 -0.08641 0.79039 -0.33012 0 0.94394 -0.31221 0.07107 0.94735 -0.38169 -0.07213 0.92147 -1 0 0 -1 0 0 -0.11185 0 0.99373 0 -1 0 -0.1298 -0.10523 0.98594 0.11101 -0.12256 0.98623 0 -1 0 0.13053 0 0.99144 0 -1 0 0.24059 0 0.97063 1 0 0 0 -1 0 1 0 0 0.3299 0.03633 0.94332 0.53099 0.05788 0.8454 0.38169 -0.07213 0.92147 0.70548 0.06503 0.70574 0.60648 -0.08641 0.79039 0.84528 0.05782 0.53119 0.79039 -0.0864 0.60649 0.94325 0.03612 0.33013 0.92148 -0.07199 0.38169 0.91478 0.14002 0.37891 0.77024 -0.56692 0.29211 0.98921 -0.08382 0.12012 0.75058 0.32391 0.57594 0.60713 -0.6751 0.41908 0.54593 0.44245 0.71148 0.44794 -0.73737 0.50561 0.32904 0.51061 0.79436 0.29495 -0.77278 0.56197 0.10973 0.5415 0.83351 0.14638 -0.79112 0.59389 -0.10973 0.5415 0.83351 0 -0.7968 0.60425 -0.32904 0.51061 0.79436 -0.14638 -0.79112 0.59389 -0.54593 0.44245 0.71148 -0.29495 -0.77278 0.56197 -0.75058 0.32391 0.57594 -0.44794 -0.73737 0.50561 -0.91478 0.14002 0.37891 -0.60713 -0.6751 0.41908 -0.77024 -0.56692 0.29211 -0.83391 -0.4808 -0.27096 -0.83387 -0.48089 0.27095 -0.61908 -0.78523 0.01244 -0.86632 -0.49949 0.00013 -0.83391 -0.4808 0.27097 0.83391 -0.4808 0.27096 0.51535 -0.4809 0.70933 0.83386 -0.48089 0.27096 0.00001 -0.48081 0.87682 0.51542 -0.48074 0.70939 -0.5154 -0.48078 0.70938 0 -0.48086 0.8768 -0.51537 -0.4809 0.70932 0.83387 -0.48088 -0.27095 0.61908 -0.78523 -0.01244 0.86632 -0.49949 -0.00013 0.83391 -0.4808 -0.27097 -0.51537 -0.48086 -0.70934 -0.83387 -0.48088 -0.27096 0 -0.48081 -0.87682 -0.51542 -0.48074 -0.70939 0.51541 -0.48074 -0.7094 0 -0.48081 -0.87682 0.51538 -0.48086 -0.70933 -0.10463 0 0.99451 0.10463 0 0.99451 -0.10463 0 0.99451 0.10463 0 0.99451 0 -1 0 -0.10463 0 -0.99451 -0.10463 0 -0.99451 0.10463 0 -0.99451 0.10463 0 -0.99451 0 -1 0 -0.74999 0 -0.66145 -0.74993 0 0.66151 -0.82269 0.00789 0.56843 0.59129 -0.01079 0.80639 0.65273 -0.70006 0.28958 0.81945 0.00807 0.57309 0.74999 0 0.66145 0.74999 0 -0.66145 0.82552 0.00817 -0.56432 -0.59523 -0.01017 -0.80349 0.00032 -1 -0.00044 -0.82922 0.00848 -0.55886 -0.74042 0.1592 -0.65302 -0.08018 0.70484 -0.70482 0.08018 0.70484 -0.70482 -0.22928 0.89293 -0.38743 0.4675 -0.78195 -0.41231 0.90579 0.24993 -0.34217 0.74042 0.1592 0.65302 0.08018 0.70484 0.70482 -0.08018 0.70484 0.70482 0.22928 0.89293 0.38743 -0.46741 -0.78201 0.4123 -0.90578 0.24994 0.34218 -0.46061 0.28039 -0.84215 0 -1 -0.00055 -0.46051 0.2821 -0.84163 -0.52055 0.35096 -0.77837 -0.80767 0.09581 -0.5818 0.40421 0.90926 -0.09933 0.04104 0.92436 -0.3793 0.56511 0.76332 -0.31304 0.39253 0.7887 -0.47314 0.41123 0.90442 -0.11367 0.0723 0.70523 -0.70528 -0.07306 0.70519 -0.70524 0.07204 0.71278 -0.69768 -0.00948 0.98818 -0.15302 -0.04025 0.92668 -0.37369 0.09227 0.45075 -0.88787 -0.07062 0.71929 -0.69111 -0.09212 0.45501 -0.88571 0.45887 0.2784 -0.84376 0.6173 0.47605 -0.62635 0.46007 0.27838 -0.84311 0.29644 0.47586 -0.82806 -0.40421 0.90926 -0.09933 -0.40668 0.84777 -0.34043 -0.41123 0.90442 -0.11367 -0.40472 0.61055 -0.68076 -0.52434 0.72337 -0.44922 0.80152 0.10299 -0.58903 0.89584 0.34821 -0.27607 -0.79658 0.10904 0.59461 -0.89924 0.3419 0.2729 -0.46055 0.27875 0.84273 -0.6152 0.47348 0.63036 -0.30697 0.47093 0.82704 -0.45923 0.27876 0.84345 0.04204 0.92138 0.38638 0.40558 0.84238 0.35481 0.00948 0.98817 0.15306 0.40422 0.90925 0.09936 0.41123 0.90442 0.11367 0.07233 0.70589 0.70462 0.41071 0.59233 0.69315 0.07243 0.70526 0.70524 0.51994 0.72599 0.45011 0.09235 0.44831 0.8891 0.45793 0.27624 0.84498 0.81337 -0.53649 0.22497 0.52079 0.35097 0.7782 0.45788 0.27706 0.84474 -0.0723 0.70526 0.70525 -0.09224 0.45132 0.88758 -0.07217 0.70933 0.70118 -0.04168 0.92247 0.38381 -0.55884 0.76516 0.31975 -0.40422 0.90925 0.09936 -0.39251 0.78871 0.47315 -0.41123 0.90442 0.11367 0.79254 0.11091 0.59965 0.40492 0.85864 0.31428 0.66008 0.70895 0.24836 0.25746 0.87405 0.41201 0.36762 0.7581 -0.53865 0.27504 0.8703 -0.40858 0.58669 0.75431 -0.29463 0.41746 0.56906 -0.70844 0.34366 0.87635 -0.3375 0.58923 0.75538 -0.28673 0.35197 0.90456 -0.24059 0.75952 0.30773 -0.57309 0.43148 0.55999 0.70727 0.58412 0.75621 0.29489 0.84819 0.5297 -0.00098 0.84238 0.53776 0.03466 0.80166 0.30375 0.51486 0.64274 0.76609 0.00049 0.35255 0.75914 0.54718 -0.46777 0.88383 -0.00551 -0.60074 0.79945 -0.00103 -0.8173 0.57621 0.00204 -0.35197 0.90456 0.24059 -0.1935 0.71884 0.6677 -0.34366 0.87634 0.33752 -0.58922 0.75538 0.28675 -0.82485 0.56339 -0.0471 -0.41752 0.56907 0.7084 -0.75954 0.30774 0.57305 -0.36758 0.75816 0.53859 -0.58673 0.75433 0.29451 -0.27505 0.87029 0.40859 -0.65993 0.70906 -0.24846 -0.40488 0.85865 -0.31431 -0.2574 0.87405 -0.41204 -0.43155 0.55995 -0.70726 -0.58414 0.75619 -0.29487 0.46777 0.88383 0.00551 0.60074 0.79945 0.00103 0.19356 0.71888 -0.66765 0.8173 0.57621 -0.00204 0.82485 0.56339 0.04709 -0.84819 0.5297 0.00098 -0.64274 0.76609 -0.00049 -0.84238 0.53776 -0.03466 -0.80167 0.30376 -0.51484 -0.35257 0.75912 -0.5472 0.83293 0.55337 -0.00023 0.55762 0.8301 0.00026 0.84635 0.37408 -0.37915 0.67981 0.6517 -0.33637 0.64964 0.67258 -0.3544 -0.55718 0.83039 0.00021 -0.67946 0.65199 -0.33652 -0.84629 0.37419 -0.37917 -0.64964 0.67262 -0.35432 0.55718 0.83039 -0.00021 0.67946 0.65199 0.33652 0.84631 0.37417 0.37917 0.64964 0.67262 0.35432 -0.83293 0.55337 0.00023 -0.55762 0.8301 -0.00026 -0.84636 0.37406 0.37915 -0.67982 0.65169 0.33636 -0.64964 0.67258 0.3544 0.48324 -0.53628 0.69201 0.61952 -0.25066 0.74389 0.38004 -0.77674 0.50225 0.49063 -0.70007 0.51883 0.13653 -0.96469 0.22525 0.16394 -0.96276 0.21497 -0.00028 -1 -0.0002 -0.1326 -0.97298 -0.18902 -0.00211 -0.99999 -0.00349 -0.00029 -1 -0.00006 -0.00836 0.99996 -0.00445 -0.00029 -1 0.00006 -0.00298 1 0 -0.00028 -1 0.0002 -0.00836 0.99996 0.00445 0.29243 -0.82573 -0.48234 -0.00282 -0.99999 0.0045 0.34526 -0.74431 -0.57166 -0.00211 -0.99999 0.00349 0.94624 -0.04089 0.32086 -0.48787 -0.78002 -0.39186 0.49134 -0.71645 -0.49525 0.37529 -0.90589 -0.19625 0.53722 -0.76408 -0.35717 -0.25747 -0.96625 -0.00854 0.38583 -0.92257 0.00229 0.3832 -0.91628 -0.11661 -0.32066 -0.81907 -0.47572 -0.62446 -0.78106 -0.00004 -0.00052 -1 0.00013 -0.3207 -0.81901 0.47578 -0.26311 -0.96477 -0.00007 -0.00052 -0.99999 0.00444 0.38273 -0.92386 -0.00224 -0.61948 -0.25057 -0.74395 0.81231 -0.27539 -0.51412 0.89102 -0.37881 -0.25018 0.62446 -0.78106 0.00004 0.3207 -0.81901 0.47578 0.25747 -0.96625 0.00854 0.13258 -0.97299 0.18899 0.00052 -1 -0.00013 0.00211 -0.99999 0.00349 -0.38583 -0.92257 -0.00229 -0.38319 -0.91627 0.11664 -0.13655 -0.96468 -0.22527 -0.16396 -0.96275 -0.21499 -0.81337 -0.53649 -0.22497 -0.6527 -0.70009 -0.28959 0.00052 -1 0.00017 0.00052 -1 0.00017 0.00032 -1 0.00044 0 -1 0.00054 0.00032 -1 0.00044 -0.00032 -1 0.00044 0 -1 0.00054 -0.00052 -1 0.00017 -0.00032 -1 0.00044 -0.00052 -1 0.00017 0.32066 -0.81907 -0.47572 0.00211 -0.99999 -0.00349 0.48776 -0.78012 0.3918 0.26311 -0.96477 0.00007 0.00282 -0.99999 -0.0045 0.00836 0.99996 -0.00445 0.00028 -1 -0.0002 0.00298 1 0 0.00029 -1 -0.00006 0.00836 0.99996 0.00445 0.00029 -1 0.00006 0.00028 -1 0.0002 -0.94624 -0.04056 -0.32091 -0.3753 -0.9059 0.19621 0.00052 -0.99999 -0.00444 -0.38273 -0.92386 0.00224 -0.29234 -0.82585 0.48219 -0.34537 -0.74412 0.57185 -0.38004 -0.77674 -0.50225 -0.49129 -0.71632 0.4955 -0.53727 -0.76407 0.35714 -0.48317 -0.53629 -0.69205 -0.49058 -0.70011 -0.51883 -0.81231 -0.27539 0.51412 -0.89102 -0.37882 0.25016 0.00052 -1 -0.00017 0.00052 -1 -0.00017 -0.00052 -1 -0.00017 -0.00032 -1 -0.00044 -0.00052 -1 -0.00017 0 -1 -0.00055 -0.00032 -1 -0.00044 0.00032 -1 -0.00044</float_array>
          <technique_common>
            <accessor source="#_296-mesh-normals-array" count="5764" stride="3">
              <param name="X" type="float"/>
              <param name="Y" type="float"/>
              <param name="Z" type="float"/>
            </accessor>
          </technique_common>
        </source>
        <source id="_296-mesh-map-0">
          <float_array id="_296-mesh-map-0-array" count="34584">0.83479 0.38787 0.83199 0.38873 0.84601 0.5 0.84601 0.5 0.84601 0.5 0.83199 0.38873 0.84891 0.5 0.84601 0.5 0.83199 0.61127 0.83198 0.61128 0.83199 0.61127 0.84601 0.5 0.83479 0.38787 0.84601 0.5 0.84891 0.5 0.83198 0.61128 0.84601 0.5 0.84601 0.5 0.83479 0.38787 0.79107 0.28649 0.83199 0.38873 0.83198 0.38872 0.83199 0.38873 0.79107 0.28649 0.83198 0.38872 0.84601 0.5 0.83199 0.38873 0.79354 0.28475 0.72657 0.20155 0.79107 0.28649 0.79107 0.2865 0.79107 0.28649 0.72657 0.20155 0.83479 0.38787 0.79354 0.28475 0.79107 0.28649 0.83198 0.38872 0.79107 0.28649 0.79107 0.2865 0.7285 0.19908 0.64372 0.1408 0.72657 0.20155 0.72659 0.20157 0.72657 0.20155 0.64372 0.1408 0.79354 0.28475 0.7285 0.19908 0.72657 0.20155 0.79107 0.2865 0.72657 0.20155 0.72659 0.20157 0.64494 0.13779 0.54924 0.10914 0.64372 0.1408 0.64375 0.14081 0.64372 0.1408 0.54924 0.10914 0.7285 0.19908 0.64494 0.13779 0.64372 0.1408 0.72659 0.20157 0.64372 0.1408 0.64375 0.14081 0.54965 0.10586 0.45076 0.10914 0.54924 0.10914 0.54926 0.10914 0.54924 0.10914 0.45076 0.10914 0.64494 0.13779 0.54965 0.10586 0.54924 0.10914 0.64375 0.14081 0.54924 0.10914 0.54926 0.10914 0.35506 0.13779 0.35628 0.1408 0.45076 0.10914 0.45074 0.10914 0.45076 0.10914 0.35628 0.1408 0.45035 0.10586 0.35506 0.13779 0.45076 0.10914 0.54965 0.10586 0.45035 0.10586 0.45076 0.10914 0.54926 0.10914 0.45076 0.10914 0.45074 0.10914 0.2715 0.19908 0.27343 0.20155 0.35628 0.1408 0.35625 0.14081 0.35628 0.1408 0.27343 0.20155 0.35506 0.13779 0.2715 0.19908 0.35628 0.1408 0.45074 0.10914 0.35628 0.1408 0.35625 0.14081 0.20647 0.28475 0.20893 0.28649 0.27343 0.20155 0.27341 0.20157 0.27343 0.20155 0.20893 0.28649 0.2715 0.19908 0.20647 0.28475 0.27343 0.20155 0.35625 0.14081 0.27343 0.20155 0.27341 0.20157 0.16521 0.38787 0.16801 0.38873 0.20893 0.28649 0.20893 0.2865 0.20893 0.28649 0.16801 0.38873 0.20647 0.28475 0.16521 0.38787 0.20893 0.28649 0.27341 0.20157 0.20893 0.28649 0.20893 0.2865 0.15109 0.5 0.15399 0.5 0.16801 0.38873 0.16802 0.38872 0.16801 0.38873 0.15399 0.5 0.16521 0.38787 0.15109 0.5 0.16801 0.38873 0.20893 0.2865 0.16801 0.38873 0.16802 0.38872 0.16521 0.61213 0.16801 0.61127 0.15399 0.5 0.15399 0.5 0.15399 0.5 0.16801 0.61127 0.15109 0.5 0.16521 0.61213 0.15399 0.5 0.16802 0.38872 0.15399 0.5 0.15399 0.5 0.16521 0.61213 0.20893 0.71351 0.16801 0.61127 0.16802 0.61128 0.16801 0.61127 0.20893 0.71351 0.15399 0.5 0.16801 0.61127 0.16802 0.61128 0.20646 0.71525 0.27343 0.79845 0.20893 0.71351 0.20893 0.7135 0.20893 0.71351 0.27343 0.79845 0.16521 0.61213 0.20646 0.71525 0.20893 0.71351 0.16802 0.61128 0.20893 0.71351 0.20893 0.7135 0.2715 0.80092 0.35628 0.8592 0.27343 0.79845 0.27341 0.79843 0.27343 0.79845 0.35628 0.8592 0.20646 0.71525 0.2715 0.80092 0.27343 0.79845 0.20893 0.7135 0.27343 0.79845 0.27341 0.79843 0.35506 0.86221 0.45076 0.89086 0.35628 0.8592 0.35625 0.85919 0.35628 0.8592 0.45076 0.89086 0.2715 0.80092 0.35506 0.86221 0.35628 0.8592 0.27341 0.79843 0.35628 0.8592 0.35625 0.85919 0.45035 0.89414 0.54924 0.89086 0.45076 0.89086 0.45074 0.89086 0.45076 0.89086 0.54924 0.89086 0.35506 0.86221 0.45035 0.89414 0.45076 0.89086 0.35625 0.85919 0.45076 0.89086 0.45074 0.89086 0.64494 0.86221 0.64372 0.8592 0.54924 0.89086 0.54926 0.89086 0.54924 0.89086 0.64372 0.8592 0.54965 0.89414 0.64494 0.86221 0.54924 0.89086 0.45035 0.89414 0.54965 0.89414 0.54924 0.89086 0.45074 0.89086 0.54924 0.89086 0.54926 0.89086 0.7285 0.80092 0.72657 0.79845 0.64372 0.8592 0.64375 0.85919 0.64372 0.8592 0.72657 0.79845 0.64494 0.86221 0.7285 0.80092 0.64372 0.8592 0.54926 0.89086 0.64372 0.8592 0.64375 0.85919 0.79353 0.71525 0.79107 0.71351 0.72657 0.79845 0.72659 0.79843 0.72657 0.79845 0.79107 0.71351 0.7285 0.80092 0.79353 0.71525 0.72657 0.79845 0.64375 0.85919 0.72657 0.79845 0.72659 0.79843 0.83479 0.61213 0.83199 0.61127 0.79107 0.71351 0.79107 0.7135 0.79107 0.71351 0.83199 0.61127 0.79353 0.71525 0.83479 0.61213 0.79107 0.71351 0.72659 0.79843 0.79107 0.71351 0.79107 0.7135 0.83479 0.61213 0.84891 0.5 0.83199 0.61127 0.79107 0.7135 0.83199 0.61127 0.83198 0.61128 0.16737 0.44541 0.17279 0.39033 0.15897 0.5 0.15897 0.5 0.15897 0.5 0.17279 0.39033 0.16737 0.55459 0.15897 0.5 0.17279 0.60967 0.17279 0.60967 0.17279 0.60967 0.15897 0.5 0.16395 0.5 0.16737 0.44541 0.15897 0.5 0.16737 0.55459 0.16395 0.5 0.15897 0.5 0.17279 0.60967 0.15897 0.5 0.15897 0.5 0.19432 0.34066 0.21312 0.28956 0.17279 0.39033 0.17279 0.39033 0.17279 0.39033 0.21312 0.28956 0.17757 0.39193 0.19432 0.34066 0.17279 0.39033 0.16737 0.44541 0.17757 0.39193 0.17279 0.39033 0.15897 0.5 0.17279 0.39033 0.17279 0.39033 0.27995 0.21014 0.27669 0.20585 0.21312 0.28956 0.21312 0.28957 0.21312 0.28956 0.27669 0.20585 0.21731 0.29264 0.27995 0.21014 0.21312 0.28956 0.19432 0.34066 0.21731 0.29264 0.21312 0.28956 0.17279 0.39033 0.21312 0.28956 0.21312 0.28957 0.31833 0.17735 0.35834 0.14597 0.27669 0.20585 0.27667 0.20587 0.27669 0.20585 0.35834 0.14597 0.27995 0.21014 0.31833 0.17735 0.27669 0.20585 0.21312 0.28957 0.27669 0.20585 0.27667 0.20587 0.45218 0.12039 0.45147 0.11476 0.35834 0.14597 0.35831 0.14598 0.35834 0.14597 0.45147 0.11476 0.36041 0.15113 0.45218 0.12039 0.35834 0.14597 0.31833 0.17735 0.36041 0.15113 0.35834 0.14597 0.27667 0.20587 0.35834 0.14597 0.35831 0.14598 0.5 0.11648 0.54853 0.11476 0.45147 0.11476 0.45145 0.11476 0.45147 0.11476 0.54853 0.11476 0.45218 0.12039 0.5 0.11648 0.45147 0.11476 0.35831 0.14598 0.45147 0.11476 0.45145 0.11476 0.54782 0.12039 0.64166 0.14597 0.54853 0.11476 0.54855 0.11476 0.54853 0.11476 0.64166 0.14597 0.5 0.11648 0.54782 0.12039 0.54853 0.11476 0.45145 0.11476 0.54853 0.11476 0.54855 0.11476 0.68167 0.17735 0.72331 0.20585 0.64166 0.14597 0.64169 0.14598 0.64166 0.14597 0.72331 0.20585 0.63959 0.15113 0.68167 0.17735 0.64166 0.14597 0.54782 0.12039 0.63959 0.15113 0.64166 0.14597 0.54855 0.11476 0.64166 0.14597 0.64169 0.14598 0.72005 0.21014 0.78688 0.28956 0.72331 0.20585 0.72333 0.20587 0.72331 0.20585 0.78688 0.28956 0.68167 0.17735 0.72005 0.21014 0.72331 0.20585 0.64169 0.14598 0.72331 0.20585 0.72333 0.20587 0.80568 0.34066 0.82721 0.39033 0.78688 0.28956 0.78688 0.28957 0.78688 0.28956 0.82721 0.39033 0.78269 0.29264 0.80568 0.34066 0.78688 0.28956 0.72005 0.21014 0.78269 0.29264 0.78688 0.28956 0.72333 0.20587 0.78688 0.28956 0.78688 0.28957 0.83263 0.44541 0.84103 0.5 0.82721 0.39033 0.82721 0.39033 0.82721 0.39033 0.84103 0.5 0.82243 0.39193 0.83263 0.44541 0.82721 0.39033 0.80568 0.34066 0.82243 0.39193 0.82721 0.39033 0.78688 0.28957 0.82721 0.39033 0.82721 0.39033 0.83263 0.55459 0.82721 0.60967 0.84103 0.5 0.84103 0.5 0.84103 0.5 0.82721 0.60967 0.83263 0.44541 0.83605 0.5 0.84103 0.5 0.83263 0.55459 0.84103 0.5 0.83605 0.5 0.82721 0.39033 0.84103 0.5 0.84103 0.5 0.80568 0.65934 0.78688 0.71044 0.82721 0.60967 0.82721 0.60967 0.82721 0.60967 0.78688 0.71044 0.82243 0.60806 0.80568 0.65934 0.82721 0.60967 0.83263 0.55459 0.82243 0.60806 0.82721 0.60967 0.82721 0.60967 0.84103 0.5 0.82721 0.60967 0.72005 0.78986 0.72331 0.79415 0.78688 0.71044 0.78688 0.71043 0.78688 0.71044 0.72331 0.79415 0.78269 0.70736 0.72005 0.78986 0.78688 0.71044 0.80568 0.65934 0.78269 0.70736 0.78688 0.71044 0.82721 0.60967 0.78688 0.71044 0.78688 0.71043 0.68167 0.82265 0.64166 0.85403 0.72331 0.79415 0.72333 0.79413 0.72331 0.79415 0.64166 0.85403 0.72005 0.78986 0.68167 0.82265 0.72331 0.79415 0.78688 0.71043 0.72331 0.79415 0.72333 0.79413 0.54782 0.87962 0.54853 0.88524 0.64166 0.85403 0.64169 0.85402 0.64166 0.85403 0.54853 0.88524 0.63959 0.84887 0.54782 0.87962 0.64166 0.85403 0.68167 0.82265 0.63959 0.84887 0.64166 0.85403 0.72333 0.79413 0.64166 0.85403 0.64169 0.85402 0.5 0.88352 0.45147 0.88524 0.54853 0.88524 0.54855 0.88524 0.54853 0.88524 0.45147 0.88524 0.54782 0.87962 0.5 0.88352 0.54853 0.88524 0.64169 0.85402 0.54853 0.88524 0.54855 0.88524 0.45218 0.87962 0.35834 0.85403 0.45147 0.88524 0.45145 0.88524 0.45147 0.88524 0.35834 0.85403 0.5 0.88352 0.45218 0.87962 0.45147 0.88524 0.54855 0.88524 0.45147 0.88524 0.45145 0.88524 0.31833 0.82265 0.27669 0.79415 0.35834 0.85403 0.35831 0.85402 0.35834 0.85403 0.27669 0.79415 0.36041 0.84887 0.31833 0.82265 0.35834 0.85403 0.45218 0.87962 0.36041 0.84887 0.35834 0.85403 0.45145 0.88524 0.35834 0.85403 0.35831 0.85402 0.27995 0.78986 0.21312 0.71044 0.27669 0.79415 0.27667 0.79413 0.27669 0.79415 0.21312 0.71044 0.31833 0.82265 0.27995 0.78986 0.27669 0.79415 0.35831 0.85402 0.27669 0.79415 0.27667 0.79413 0.19432 0.65934 0.17279 0.60967 0.21312 0.71044 0.21312 0.71043 0.21312 0.71044 0.17279 0.60967 0.21731 0.70736 0.19432 0.65934 0.21312 0.71044 0.27995 0.78986 0.21731 0.70736 0.21312 0.71044 0.27667 0.79413 0.21312 0.71044 0.21312 0.71043 0.17757 0.60806 0.16737 0.55459 0.17279 0.60967 0.19432 0.65934 0.17757 0.60806 0.17279 0.60967 0.21312 0.71043 0.17279 0.60967 0.17279 0.60967 0.83605 0.5 0.83605 0.5 0.83263 0.44541 0.82243 0.60807 0.83263 0.55459 0.83605 0.5 0.82243 0.60807 0.83605 0.5 0.83605 0.5 0.83605 0.5 0.83263 0.44541 0.82243 0.39193 0.82243 0.39193 0.82243 0.39193 0.80568 0.34066 0.82243 0.39193 0.83605 0.5 0.82243 0.39193 0.82243 0.39193 0.80568 0.34066 0.78269 0.29264 0.78269 0.29264 0.78269 0.29264 0.72005 0.21014 0.82243 0.39193 0.78269 0.29264 0.78269 0.29264 0.72007 0.21016 0.72005 0.21014 0.68167 0.17735 0.78269 0.29264 0.72005 0.21014 0.72007 0.21016 0.72007 0.21016 0.68167 0.17735 0.63959 0.15113 0.63962 0.15115 0.63959 0.15113 0.54782 0.12039 0.72007 0.21016 0.63959 0.15113 0.63962 0.15115 0.54784 0.12038 0.54782 0.12039 0.5 0.11648 0.63962 0.15115 0.54782 0.12039 0.54784 0.12038 0.54784 0.12038 0.5 0.11648 0.45218 0.12039 0.45216 0.12038 0.45218 0.12039 0.36041 0.15113 0.54784 0.12038 0.45218 0.12039 0.45216 0.12038 0.36038 0.15115 0.36041 0.15113 0.31833 0.17735 0.45216 0.12038 0.36041 0.15113 0.36038 0.15115 0.36038 0.15115 0.31833 0.17735 0.27995 0.21014 0.27993 0.21016 0.27995 0.21014 0.21731 0.29264 0.36038 0.15115 0.27995 0.21014 0.27993 0.21016 0.21731 0.29264 0.21731 0.29264 0.19432 0.34066 0.27993 0.21016 0.21731 0.29264 0.21731 0.29264 0.21731 0.29264 0.19432 0.34066 0.17757 0.39193 0.17757 0.39193 0.17757 0.39193 0.16737 0.44541 0.21731 0.29264 0.17757 0.39193 0.17757 0.39193 0.17757 0.39193 0.16737 0.44541 0.16395 0.5 0.16395 0.5 0.16395 0.5 0.16737 0.55459 0.17757 0.39193 0.16395 0.5 0.16395 0.5 0.16395 0.5 0.16737 0.55459 0.17757 0.60806 0.17757 0.60807 0.17757 0.60806 0.19432 0.65934 0.16395 0.5 0.17757 0.60806 0.17757 0.60807 0.17757 0.60807 0.19432 0.65934 0.21731 0.70736 0.21731 0.70736 0.21731 0.70736 0.27995 0.78986 0.17757 0.60807 0.21731 0.70736 0.21731 0.70736 0.27993 0.78984 0.27995 0.78986 0.31833 0.82265 0.21731 0.70736 0.27995 0.78986 0.27993 0.78984 0.27993 0.78984 0.31833 0.82265 0.36041 0.84887 0.36038 0.84885 0.36041 0.84887 0.45218 0.87962 0.27993 0.78984 0.36041 0.84887 0.36038 0.84885 0.45216 0.87962 0.45218 0.87962 0.5 0.88352 0.36038 0.84885 0.45218 0.87962 0.45216 0.87962 0.45216 0.87962 0.5 0.88352 0.54782 0.87962 0.54784 0.87962 0.54782 0.87962 0.63959 0.84887 0.45216 0.87962 0.54782 0.87962 0.54784 0.87962 0.63962 0.84885 0.63959 0.84887 0.68167 0.82265 0.54784 0.87962 0.63959 0.84887 0.63962 0.84885 0.63962 0.84885 0.68167 0.82265 0.72005 0.78986 0.72007 0.78984 0.72005 0.78986 0.78269 0.70736 0.63962 0.84885 0.72005 0.78986 0.72007 0.78984 0.78269 0.70736 0.78269 0.70736 0.80568 0.65934 0.72007 0.78984 0.78269 0.70736 0.78269 0.70736 0.78269 0.70736 0.80568 0.65934 0.82243 0.60806 0.82243 0.60807 0.82243 0.60806 0.83263 0.55459 0.78269 0.70736 0.82243 0.60806 0.82243 0.60807 0.16668 0.49716 0.16984 0.44581 0.16644 0.5 0.16644 0.5 0.16644 0.5 0.16984 0.44581 0.16668 0.50284 0.16644 0.5 0.16984 0.55419 0.17996 0.60727 0.16984 0.55419 0.16644 0.5 0.16667 0.5 0.16668 0.49716 0.16644 0.5 0.16668 0.50284 0.16667 0.5 0.16644 0.5 0.17996 0.60727 0.16644 0.5 0.16644 0.5 0.29415 0.41451 0.17995 0.39274 0.16984 0.44581 0.16644 0.5 0.16984 0.44581 0.17995 0.39274 0.16668 0.49716 0.29415 0.41451 0.16984 0.44581 0.2918 0.3661 0.19659 0.34184 0.17995 0.39274 0.17996 0.39273 0.17995 0.39274 0.19659 0.34184 0.2918 0.3661 0.17995 0.39274 0.29415 0.41451 0.16644 0.5 0.17995 0.39274 0.17996 0.39273 0.21009 0.31226 0.20724 0.31757 0.19659 0.34184 0.17996 0.39273 0.19659 0.34184 0.20724 0.31757 0.21009 0.31226 0.19659 0.34184 0.2918 0.3661 0.21258 0.30734 0.2194 0.29417 0.20724 0.31757 0.17996 0.39273 0.20724 0.31757 0.2194 0.29417 0.21133 0.30979 0.21258 0.30734 0.20724 0.31757 0.21009 0.31226 0.21133 0.30979 0.20724 0.31757 0.37836 0.26523 0.28158 0.21229 0.2194 0.29417 0.2194 0.29418 0.2194 0.29417 0.28158 0.21229 0.37836 0.26523 0.2194 0.29417 0.39046 0.2835 0.21258 0.30734 0.39046 0.2835 0.2194 0.29417 0.17996 0.39273 0.2194 0.29417 0.2194 0.29418 0.33118 0.17198 0.31968 0.17974 0.28158 0.21229 0.28156 0.21231 0.28158 0.21229 0.31968 0.17974 0.33118 0.17198 0.28158 0.21229 0.37836 0.26523 0.2194 0.29418 0.28158 0.21229 0.28156 0.21231 0.33118 0.17198 0.34013 0.16589 0.31968 0.17974 0.28156 0.21231 0.31968 0.17974 0.34013 0.16589 0.49751 0.11959 0.36145 0.15372 0.34013 0.16589 0.28156 0.21231 0.34013 0.16589 0.36145 0.15372 0.33549 0.16914 0.49751 0.11959 0.34013 0.16589 0.33333 0.17055 0.33549 0.16914 0.34013 0.16589 0.33118 0.17198 0.33333 0.17055 0.34013 0.16589 0.49751 0.11959 0.45253 0.1232 0.36145 0.15372 0.36142 0.15373 0.36145 0.15372 0.45253 0.1232 0.28156 0.21231 0.36145 0.15372 0.36142 0.15373 0.49751 0.11959 0.5 0.11932 0.45253 0.1232 0.45252 0.1232 0.45253 0.1232 0.5 0.11932 0.36142 0.15373 0.45253 0.1232 0.45252 0.1232 0.50249 0.11959 0.54747 0.1232 0.5 0.11932 0.45252 0.1232 0.5 0.11932 0.54747 0.1232 0.5 0.11958 0.50249 0.11959 0.5 0.11932 0.49751 0.11959 0.5 0.11958 0.5 0.11932 0.50249 0.22727 0.63855 0.15372 0.54747 0.1232 0.54748 0.1232 0.54747 0.1232 0.63855 0.15372 0.50249 0.11959 0.50249 0.22727 0.54747 0.1232 0.45252 0.1232 0.54747 0.1232 0.54748 0.1232 0.50249 0.22727 0.65987 0.16589 0.63855 0.15372 0.63858 0.15373 0.63855 0.15372 0.65987 0.16589 0.54748 0.1232 0.63855 0.15372 0.63858 0.15373 0.66882 0.17198 0.68032 0.17974 0.65987 0.16589 0.63858 0.15373 0.65987 0.16589 0.68032 0.17974 0.66667 0.17055 0.66882 0.17198 0.65987 0.16589 0.66451 0.16914 0.66667 0.17055 0.65987 0.16589 0.50249 0.22727 0.66451 0.16914 0.65987 0.16589 0.64523 0.2186 0.71842 0.21229 0.68032 0.17974 0.63858 0.15373 0.68032 0.17974 0.71842 0.21229 0.66882 0.17198 0.64523 0.2186 0.68032 0.17974 0.60954 0.2835 0.7806 0.29417 0.71842 0.21229 0.71844 0.21231 0.71842 0.21229 0.7806 0.29417 0.62164 0.26523 0.60954 0.2835 0.71842 0.21229 0.64523 0.2186 0.62164 0.26523 0.71842 0.21229 0.63858 0.15373 0.71842 0.21229 0.71844 0.21231 0.78742 0.30734 0.79276 0.31757 0.7806 0.29417 0.7806 0.29418 0.7806 0.29417 0.79276 0.31757 0.60954 0.2835 0.66782 0.33932 0.7806 0.29417 0.78742 0.30734 0.7806 0.29417 0.66782 0.33932 0.71844 0.21231 0.7806 0.29417 0.7806 0.29418 0.74905 0.33918 0.80341 0.34184 0.79276 0.31757 0.7806 0.29418 0.79276 0.31757 0.80341 0.34184 0.78991 0.31226 0.74905 0.33918 0.79276 0.31757 0.78867 0.30979 0.78991 0.31226 0.79276 0.31757 0.78742 0.30734 0.78867 0.30979 0.79276 0.31757 0.7082 0.3661 0.82005 0.39274 0.80341 0.34184 0.7806 0.29418 0.80341 0.34184 0.82005 0.39274 0.74905 0.33918 0.7082 0.3661 0.80341 0.34184 0.70585 0.41451 0.83017 0.44581 0.82005 0.39274 0.82004 0.39273 0.82005 0.39274 0.83017 0.44581 0.7082 0.3661 0.70585 0.41451 0.82005 0.39274 0.7806 0.29418 0.82005 0.39274 0.82004 0.39273 0.83332 0.49716 0.83356 0.5 0.83017 0.44581 0.82004 0.39273 0.83017 0.44581 0.83356 0.5 0.70585 0.41451 0.71905 0.5 0.83017 0.44581 0.73897 0.49716 0.83017 0.44581 0.71905 0.5 0.83332 0.49716 0.83017 0.44581 0.73897 0.49716 0.83332 0.50284 0.83017 0.55419 0.83356 0.5 0.83356 0.5 0.83356 0.5 0.83017 0.55419 0.83333 0.5 0.83332 0.50284 0.83356 0.5 0.83332 0.49716 0.83333 0.5 0.83356 0.5 0.82004 0.39273 0.83356 0.5 0.83356 0.5 0.70585 0.58549 0.82005 0.60726 0.83017 0.55419 0.83356 0.5 0.83017 0.55419 0.82005 0.60726 0.83332 0.50284 0.70585 0.58549 0.83017 0.55419 0.7082 0.6339 0.80341 0.65816 0.82005 0.60726 0.82004 0.60727 0.82005 0.60726 0.80341 0.65816 0.7082 0.6339 0.82005 0.60726 0.70585 0.58549 0.82004 0.60727 0.83356 0.5 0.82005 0.60726 0.78991 0.68774 0.79276 0.68243 0.80341 0.65816 0.82004 0.60727 0.80341 0.65816 0.79276 0.68243 0.78991 0.68774 0.80341 0.65816 0.7082 0.6339 0.78742 0.69266 0.7806 0.70583 0.79276 0.68243 0.82004 0.60727 0.79276 0.68243 0.7806 0.70583 0.78867 0.69021 0.78742 0.69266 0.79276 0.68243 0.78991 0.68774 0.78867 0.69021 0.79276 0.68243 0.62164 0.73477 0.71842 0.78771 0.7806 0.70583 0.7806 0.70582 0.7806 0.70583 0.71842 0.78771 0.62164 0.73477 0.7806 0.70583 0.60954 0.7165 0.78742 0.69266 0.60954 0.7165 0.7806 0.70583 0.82004 0.60727 0.7806 0.70583 0.7806 0.70582 0.66882 0.82802 0.68032 0.82026 0.71842 0.78771 0.71844 0.78769 0.71842 0.78771 0.68032 0.82026 0.66882 0.82802 0.71842 0.78771 0.62164 0.73477 0.7806 0.70582 0.71842 0.78771 0.71844 0.78769 0.66882 0.82802 0.65987 0.83411 0.68032 0.82026 0.71844 0.78769 0.68032 0.82026 0.65987 0.83411 0.50249 0.88041 0.63855 0.84628 0.65987 0.83411 0.71844 0.78769 0.65987 0.83411 0.63855 0.84628 0.66451 0.83086 0.50249 0.88041 0.65987 0.83411 0.66667 0.82945 0.66451 0.83086 0.65987 0.83411 0.66882 0.82802 0.66667 0.82945 0.65987 0.83411 0.50249 0.88041 0.54747 0.8768 0.63855 0.84628 0.63858 0.84627 0.63855 0.84628 0.54747 0.8768 0.71844 0.78769 0.63855 0.84628 0.63858 0.84627 0.50249 0.88041 0.5 0.88068 0.54747 0.8768 0.54748 0.8768 0.54747 0.8768 0.5 0.88068 0.63858 0.84627 0.54747 0.8768 0.54748 0.8768 0.49751 0.88041 0.45253 0.8768 0.5 0.88068 0.54748 0.8768 0.5 0.88068 0.45253 0.8768 0.5 0.88042 0.49751 0.88041 0.5 0.88068 0.50249 0.88041 0.5 0.88042 0.5 0.88068 0.49751 0.77273 0.36145 0.84628 0.45253 0.8768 0.45252 0.8768 0.45253 0.8768 0.36145 0.84628 0.49751 0.88041 0.49751 0.77273 0.45253 0.8768 0.54748 0.8768 0.45253 0.8768 0.45252 0.8768 0.49751 0.77273 0.34013 0.83411 0.36145 0.84628 0.36142 0.84627 0.36145 0.84628 0.34013 0.83411 0.45252 0.8768 0.36145 0.84628 0.36142 0.84627 0.33118 0.82802 0.31968 0.82026 0.34013 0.83411 0.36142 0.84627 0.34013 0.83411 0.31968 0.82026 0.33333 0.82945 0.33118 0.82802 0.34013 0.83411 0.33549 0.83086 0.33333 0.82945 0.34013 0.83411 0.49751 0.77273 0.33549 0.83086 0.34013 0.83411 0.35477 0.7814 0.28158 0.78771 0.31968 0.82026 0.36142 0.84627 0.31968 0.82026 0.28158 0.78771 0.33118 0.82802 0.35477 0.7814 0.31968 0.82026 0.39046 0.7165 0.2194 0.70583 0.28158 0.78771 0.28156 0.78769 0.28158 0.78771 0.2194 0.70583 0.37836 0.73477 0.39046 0.7165 0.28158 0.78771 0.35477 0.7814 0.37836 0.73477 0.28158 0.78771 0.36142 0.84627 0.28158 0.78771 0.28156 0.78769 0.21258 0.69266 0.20724 0.68243 0.2194 0.70583 0.2194 0.70582 0.2194 0.70583 0.20724 0.68243 0.39046 0.7165 0.33219 0.66068 0.2194 0.70583 0.21258 0.69266 0.2194 0.70583 0.33219 0.66068 0.28156 0.78769 0.2194 0.70583 0.2194 0.70582 0.25095 0.66082 0.19659 0.65816 0.20724 0.68243 0.2194 0.70582 0.20724 0.68243 0.19659 0.65816 0.21009 0.68774 0.25095 0.66082 0.20724 0.68243 0.21133 0.69021 0.21009 0.68774 0.20724 0.68243 0.21258 0.69266 0.21133 0.69021 0.20724 0.68243 0.2918 0.6339 0.17995 0.60726 0.19659 0.65816 0.2194 0.70582 0.19659 0.65816 0.17995 0.60726 0.25095 0.66082 0.2918 0.6339 0.19659 0.65816 0.29415 0.58549 0.16984 0.55419 0.17995 0.60726 0.17996 0.60727 0.17995 0.60726 0.16984 0.55419 0.2918 0.6339 0.29415 0.58549 0.17995 0.60726 0.2194 0.70582 0.17995 0.60726 0.17996 0.60727 0.29415 0.58549 0.28095 0.5 0.16984 0.55419 0.26103 0.50284 0.16984 0.55419 0.28095 0.5 0.16668 0.50284 0.16984 0.55419 0.26103 0.50284 0.71905 0.5 0.71905 0.5 0.70585 0.41451 0.73897 0.50284 0.71905 0.5 0.70585 0.58549 0.70584 0.58551 0.70585 0.58549 0.71905 0.5 0.73897 0.50284 0.73897 0.49716 0.71905 0.5 0.70584 0.58551 0.71905 0.5 0.71905 0.5 0.70571 0.36118 0.66782 0.33932 0.70585 0.41451 0.70584 0.4145 0.70585 0.41451 0.66782 0.33932 0.7082 0.3661 0.70571 0.36118 0.70585 0.41451 0.70584 0.4145 0.71905 0.5 0.70585 0.41451 0.66781 0.3393 0.66782 0.33932 0.60954 0.2835 0.78742 0.30734 0.66782 0.33932 0.70571 0.36118 0.70584 0.4145 0.66782 0.33932 0.66781 0.3393 0.61733 0.26239 0.53804 0.2538 0.60954 0.2835 0.60953 0.28349 0.60954 0.2835 0.53804 0.2538 0.62164 0.26523 0.61733 0.26239 0.60954 0.2835 0.66781 0.3393 0.60954 0.2835 0.60953 0.28349 0.66451 0.16914 0.46196 0.2538 0.53804 0.2538 0.53804 0.2538 0.53804 0.2538 0.46196 0.2538 0.66451 0.16914 0.53804 0.2538 0.61733 0.26239 0.60953 0.28349 0.53804 0.2538 0.53804 0.2538 0.37836 0.26523 0.39046 0.2835 0.46196 0.2538 0.46196 0.2538 0.46196 0.2538 0.39046 0.2835 0.50249 0.22727 0.46196 0.2538 0.66451 0.16914 0.38267 0.26239 0.46196 0.2538 0.50249 0.22727 0.38267 0.26239 0.37836 0.26523 0.46196 0.2538 0.53804 0.2538 0.46196 0.2538 0.46196 0.2538 0.25344 0.33426 0.33219 0.33932 0.39046 0.2835 0.39047 0.28349 0.39046 0.2835 0.33219 0.33932 0.21258 0.30734 0.25344 0.33426 0.39046 0.2835 0.46196 0.2538 0.39046 0.2835 0.39047 0.28349 0.2918 0.3661 0.29415 0.41451 0.33219 0.33932 0.33219 0.3393 0.33219 0.33932 0.29415 0.41451 0.29429 0.36118 0.2918 0.3661 0.33219 0.33932 0.25344 0.33426 0.29429 0.36118 0.33219 0.33932 0.39047 0.28349 0.33219 0.33932 0.33219 0.3393 0.26103 0.49716 0.28095 0.5 0.29415 0.41451 0.29415 0.4145 0.29415 0.41451 0.28095 0.5 0.16668 0.49716 0.26103 0.49716 0.29415 0.41451 0.33219 0.3393 0.29415 0.41451 0.29415 0.4145 0.28095 0.5 0.28095 0.5 0.29415 0.58549 0.26103 0.49716 0.26103 0.50284 0.28095 0.5 0.29415 0.4145 0.28095 0.5 0.28095 0.5 0.29429 0.63882 0.33219 0.66068 0.29415 0.58549 0.29415 0.58551 0.29415 0.58549 0.33219 0.66068 0.2918 0.6339 0.29429 0.63882 0.29415 0.58549 0.28095 0.5 0.29415 0.58549 0.29415 0.58551 0.33219 0.6607 0.33219 0.66068 0.39046 0.7165 0.21258 0.69266 0.33219 0.66068 0.29429 0.63882 0.29415 0.58551 0.33219 0.66068 0.33219 0.6607 0.38267 0.73761 0.46196 0.7462 0.39046 0.7165 0.39047 0.71651 0.39046 0.7165 0.46196 0.7462 0.37836 0.73477 0.38267 0.73761 0.39046 0.7165 0.33219 0.6607 0.39046 0.7165 0.39047 0.71651 0.33549 0.83086 0.53804 0.7462 0.46196 0.7462 0.46196 0.7462 0.46196 0.7462 0.53804 0.7462 0.33549 0.83086 0.46196 0.7462 0.38267 0.73761 0.39047 0.71651 0.46196 0.7462 0.46196 0.7462 0.62164 0.73477 0.60954 0.7165 0.53804 0.7462 0.53804 0.7462 0.53804 0.7462 0.60954 0.7165 0.49751 0.77273 0.53804 0.7462 0.33549 0.83086 0.61733 0.73761 0.53804 0.7462 0.49751 0.77273 0.61733 0.73761 0.62164 0.73477 0.53804 0.7462 0.46196 0.7462 0.53804 0.7462 0.53804 0.7462 0.74657 0.66574 0.66782 0.66068 0.60954 0.7165 0.60953 0.71651 0.60954 0.7165 0.66782 0.66068 0.78742 0.69266 0.74657 0.66574 0.60954 0.7165 0.53804 0.7462 0.60954 0.7165 0.60953 0.71651 0.7082 0.6339 0.70585 0.58549 0.66782 0.66068 0.66781 0.6607 0.66782 0.66068 0.70585 0.58549 0.70571 0.63882 0.7082 0.6339 0.66782 0.66068 0.74657 0.66574 0.70571 0.63882 0.66782 0.66068 0.60953 0.71651 0.66782 0.66068 0.66781 0.6607 0.83332 0.50284 0.73897 0.50284 0.70585 0.58549 0.66781 0.6607 0.70585 0.58549 0.70584 0.58551 0.27911 0.64227 0.29429 0.63882 0.2918 0.6339 0.21258 0.69266 0.21258 0.69266 0.29429 0.63882 0.21258 0.69266 0.29429 0.63882 0.26232 0.65989 0.2816 0.64719 0.26232 0.65989 0.29429 0.63882 0.27911 0.64227 0.2816 0.64719 0.29429 0.63882 0.27911 0.64227 0.2918 0.6339 0.25095 0.66082 0.25983 0.65497 0.25095 0.66082 0.21009 0.68774 0.27911 0.64227 0.25095 0.66082 0.25983 0.65497 0.21009 0.68774 0.21009 0.68774 0.21133 0.69021 0.25983 0.65497 0.21009 0.68774 0.21009 0.68774 0.21133 0.69021 0.21133 0.69021 0.21258 0.69266 0.21009 0.68774 0.21133 0.69021 0.21133 0.69021 0.21133 0.69021 0.21258 0.69266 0.21258 0.69266 0.37103 0.74926 0.38267 0.73761 0.37836 0.73477 0.33549 0.83086 0.33549 0.83086 0.38267 0.73761 0.33549 0.83086 0.38267 0.73761 0.36421 0.7741 0.37534 0.7521 0.36421 0.7741 0.38267 0.73761 0.37103 0.74926 0.37534 0.7521 0.38267 0.73761 0.37103 0.74926 0.37836 0.73477 0.35477 0.7814 0.3599 0.77126 0.35477 0.7814 0.33118 0.82802 0.37103 0.74926 0.35477 0.7814 0.3599 0.77126 0.33118 0.82802 0.33118 0.82802 0.33333 0.82945 0.3599 0.77126 0.33118 0.82802 0.33118 0.82802 0.33333 0.82945 0.33333 0.82945 0.33549 0.83086 0.33118 0.82802 0.33333 0.82945 0.33333 0.82945 0.33333 0.82945 0.33549 0.83086 0.33549 0.83086 0.61733 0.73761 0.49751 0.77273 0.50249 0.77273 0.49751 0.78946 0.50249 0.77273 0.49751 0.77273 0.64092 0.78424 0.50249 0.77273 0.50249 0.88041 0.50249 0.88041 0.50249 0.88041 0.50249 0.77273 0.64092 0.78424 0.61733 0.73761 0.50249 0.77273 0.50249 0.88041 0.50249 0.77273 0.50249 0.81486 0.50249 0.78946 0.50249 0.81486 0.50249 0.77273 0.49751 0.78946 0.50249 0.78946 0.50249 0.77273 0.49751 0.78946 0.49751 0.77273 0.49751 0.88041 0.49751 0.88041 0.49751 0.88041 0.5 0.88042 0.49751 0.81486 0.49751 0.88041 0.49751 0.88041 0.49751 0.78946 0.49751 0.88041 0.49751 0.81486 0.5 0.88042 0.5 0.88042 0.50249 0.88041 0.49751 0.88041 0.5 0.88042 0.5 0.88042 0.66451 0.83086 0.64092 0.78424 0.50249 0.88041 0.5 0.88042 0.50249 0.88041 0.50249 0.88041 0.62466 0.7521 0.62164 0.73477 0.61733 0.73761 0.66882 0.82802 0.66882 0.82802 0.62164 0.73477 0.66882 0.82802 0.62164 0.73477 0.6401 0.77126 0.62897 0.74926 0.6401 0.77126 0.62164 0.73477 0.62466 0.7521 0.62897 0.74926 0.62164 0.73477 0.62466 0.7521 0.61733 0.73761 0.64092 0.78424 0.63579 0.7741 0.64092 0.78424 0.66451 0.83086 0.62466 0.7521 0.64092 0.78424 0.63579 0.7741 0.66451 0.83086 0.66451 0.83086 0.66667 0.82945 0.63579 0.7741 0.66451 0.83086 0.66451 0.83086 0.66667 0.82945 0.66667 0.82945 0.66882 0.82802 0.66451 0.83086 0.66667 0.82945 0.66667 0.82945 0.66667 0.82945 0.66882 0.82802 0.66882 0.82802 0.7184 0.64719 0.7082 0.6339 0.70571 0.63882 0.78991 0.68774 0.78991 0.68774 0.7082 0.6339 0.78991 0.68774 0.7082 0.6339 0.74017 0.65497 0.72089 0.64227 0.74017 0.65497 0.7082 0.6339 0.7184 0.64719 0.72089 0.64227 0.7082 0.6339 0.7184 0.64719 0.70571 0.63882 0.74657 0.66574 0.73768 0.65989 0.74657 0.66574 0.78742 0.69266 0.7184 0.64719 0.74657 0.66574 0.73768 0.65989 0.78742 0.69266 0.78742 0.69266 0.78867 0.69021 0.73768 0.65989 0.78742 0.69266 0.78742 0.69266 0.78867 0.69021 0.78867 0.69021 0.78991 0.68774 0.78742 0.69266 0.78867 0.69021 0.78867 0.69021 0.78867 0.69021 0.78991 0.68774 0.78991 0.68774 0.75363 0.50284 0.73897 0.49716 0.73897 0.50284 0.83332 0.49716 0.83332 0.49716 0.73897 0.49716 0.83332 0.49716 0.73897 0.49716 0.77589 0.49716 0.75363 0.49716 0.77589 0.49716 0.73897 0.49716 0.75363 0.50284 0.75363 0.49716 0.73897 0.49716 0.75363 0.50284 0.73897 0.50284 0.83332 0.50284 0.83332 0.50284 0.83332 0.50284 0.83333 0.5 0.77589 0.50284 0.83332 0.50284 0.83332 0.50284 0.75363 0.50284 0.83332 0.50284 0.77589 0.50284 0.83333 0.5 0.83333 0.5 0.83332 0.49716 0.83332 0.50284 0.83333 0.5 0.83333 0.5 0.83333 0.5 0.83332 0.49716 0.83332 0.49716 0.72089 0.35773 0.70571 0.36118 0.7082 0.3661 0.78742 0.30734 0.78742 0.30734 0.70571 0.36118 0.78742 0.30734 0.70571 0.36118 0.73768 0.34011 0.7184 0.35281 0.73768 0.34011 0.70571 0.36118 0.72089 0.35773 0.7184 0.35281 0.70571 0.36118 0.72089 0.35773 0.7082 0.3661 0.74905 0.33918 0.74017 0.34503 0.74905 0.33918 0.78991 0.31226 0.72089 0.35773 0.74905 0.33918 0.74017 0.34503 0.78991 0.31226 0.78991 0.31226 0.78867 0.30979 0.74017 0.34503 0.78991 0.31226 0.78991 0.31226 0.78867 0.30979 0.78867 0.30979 0.78742 0.30734 0.78991 0.31226 0.78867 0.30979 0.78867 0.30979 0.78867 0.30979 0.78742 0.30734 0.78742 0.30734 0.62897 0.25074 0.61733 0.26239 0.62164 0.26523 0.66451 0.16914 0.66451 0.16914 0.61733 0.26239 0.66451 0.16914 0.61733 0.26239 0.63579 0.2259 0.62466 0.2479 0.63579 0.2259 0.61733 0.26239 0.62897 0.25074 0.62466 0.2479 0.61733 0.26239 0.62897 0.25074 0.62164 0.26523 0.64523 0.2186 0.6401 0.22874 0.64523 0.2186 0.66882 0.17198 0.62897 0.25074 0.64523 0.2186 0.6401 0.22874 0.66882 0.17198 0.66882 0.17198 0.66667 0.17055 0.6401 0.22874 0.66882 0.17198 0.66882 0.17198 0.66667 0.17055 0.66667 0.17055 0.66451 0.16914 0.66882 0.17198 0.66667 0.17055 0.66667 0.17055 0.66667 0.17055 0.66451 0.16914 0.66451 0.16914 0.38267 0.26239 0.50249 0.22727 0.49751 0.22727 0.50249 0.21054 0.49751 0.22727 0.50249 0.22727 0.35908 0.21576 0.49751 0.22727 0.49751 0.11959 0.49751 0.11959 0.49751 0.11959 0.49751 0.22727 0.35908 0.21576 0.38267 0.26239 0.49751 0.22727 0.49751 0.11959 0.49751 0.22727 0.49751 0.18513 0.49751 0.21054 0.49751 0.18513 0.49751 0.22727 0.50249 0.21054 0.49751 0.21054 0.49751 0.22727 0.50249 0.21054 0.50249 0.22727 0.50249 0.11959 0.50249 0.11959 0.50249 0.11959 0.5 0.11958 0.50249 0.18513 0.50249 0.11959 0.50249 0.11959 0.50249 0.21054 0.50249 0.11959 0.50249 0.18513 0.5 0.11958 0.5 0.11958 0.49751 0.11959 0.50249 0.11959 0.5 0.11958 0.5 0.11958 0.33549 0.16914 0.35908 0.21576 0.49751 0.11959 0.5 0.11958 0.49751 0.11959 0.49751 0.11959 0.37534 0.2479 0.37836 0.26523 0.38267 0.26239 0.33118 0.17198 0.33118 0.17198 0.37836 0.26523 0.33118 0.17198 0.37836 0.26523 0.3599 0.22874 0.37103 0.25074 0.3599 0.22874 0.37836 0.26523 0.37534 0.2479 0.37103 0.25074 0.37836 0.26523 0.37534 0.2479 0.38267 0.26239 0.35908 0.21576 0.36421 0.2259 0.35908 0.21576 0.33549 0.16914 0.37534 0.2479 0.35908 0.21576 0.36421 0.2259 0.33549 0.16914 0.33549 0.16914 0.33333 0.17055 0.36421 0.2259 0.33549 0.16914 0.33549 0.16914 0.33333 0.17055 0.33333 0.17055 0.33118 0.17198 0.33549 0.16914 0.33333 0.17055 0.33333 0.17055 0.33333 0.17055 0.33118 0.17198 0.33118 0.17198 0.2816 0.35281 0.2918 0.3661 0.29429 0.36118 0.21009 0.31226 0.21009 0.31226 0.2918 0.3661 0.21009 0.31226 0.2918 0.3661 0.25983 0.34503 0.27911 0.35773 0.25983 0.34503 0.2918 0.3661 0.2816 0.35281 0.27911 0.35773 0.2918 0.3661 0.2816 0.35281 0.29429 0.36118 0.25344 0.33426 0.26232 0.34011 0.25344 0.33426 0.21258 0.30734 0.2816 0.35281 0.25344 0.33426 0.26232 0.34011 0.21258 0.30734 0.21258 0.30734 0.21133 0.30979 0.26232 0.34011 0.21258 0.30734 0.21258 0.30734 0.21133 0.30979 0.21133 0.30979 0.21009 0.31226 0.21258 0.30734 0.21133 0.30979 0.21133 0.30979 0.21133 0.30979 0.21009 0.31226 0.21009 0.31226 0.24637 0.49716 0.26103 0.50284 0.26103 0.49716 0.16668 0.50284 0.16668 0.50284 0.26103 0.50284 0.16668 0.50284 0.26103 0.50284 0.22411 0.50284 0.24637 0.50284 0.22411 0.50284 0.26103 0.50284 0.24637 0.49716 0.24637 0.50284 0.26103 0.50284 0.24637 0.49716 0.26103 0.49716 0.16668 0.49716 0.16668 0.49716 0.16668 0.49716 0.16667 0.5 0.22411 0.49716 0.16668 0.49716 0.16668 0.49716 0.24637 0.49716 0.16668 0.49716 0.22411 0.49716 0.16667 0.5 0.16667 0.5 0.16668 0.50284 0.16668 0.49716 0.16667 0.5 0.16667 0.5 0.16667 0.5 0.16668 0.50284 0.16668 0.50284 0.8558 0.5 0.84891 0.5 0.83479 0.61213 0.84367 0.3949 0.83479 0.38787 0.84891 0.5 0.84367 0.3949 0.84891 0.5 0.8558 0.5 0.80813 0.70303 0.83479 0.61213 0.79353 0.71525 0.84367 0.6051 0.83479 0.61213 0.80813 0.70303 0.8558 0.5 0.83479 0.61213 0.84367 0.6051 0.75159 0.78713 0.79353 0.71525 0.7285 0.80092 0.80813 0.70303 0.79353 0.71525 0.75159 0.78713 0.6779 0.85166 0.7285 0.80092 0.64494 0.86221 0.75159 0.78713 0.7285 0.80092 0.6779 0.85166 0.59209 0.89222 0.64494 0.86221 0.54965 0.89414 0.6779 0.85166 0.64494 0.86221 0.59209 0.89222 0.5 0.90606 0.54965 0.89414 0.45035 0.89414 0.59209 0.89222 0.54965 0.89414 0.5 0.90606 0.40791 0.89222 0.45035 0.89414 0.35506 0.86221 0.5 0.90606 0.45035 0.89414 0.40791 0.89222 0.3221 0.85166 0.35506 0.86221 0.2715 0.80092 0.40791 0.89222 0.35506 0.86221 0.3221 0.85166 0.24841 0.78713 0.2715 0.80092 0.20646 0.71525 0.3221 0.85166 0.2715 0.80092 0.24841 0.78713 0.19187 0.70303 0.20646 0.71525 0.16521 0.61213 0.24841 0.78713 0.20646 0.71525 0.19187 0.70303 0.15632 0.6051 0.16521 0.61213 0.15109 0.5 0.19187 0.70303 0.16521 0.61213 0.15632 0.6051 0.1442 0.5 0.15109 0.5 0.16521 0.38787 0.15632 0.6051 0.15109 0.5 0.1442 0.5 0.19187 0.29697 0.16521 0.38787 0.20647 0.28475 0.15632 0.3949 0.1442 0.5 0.16521 0.38787 0.15632 0.3949 0.16521 0.38787 0.19187 0.29697 0.24841 0.21287 0.20647 0.28475 0.2715 0.19908 0.19187 0.29697 0.20647 0.28475 0.24841 0.21287 0.3221 0.14834 0.2715 0.19908 0.35506 0.13779 0.24841 0.21287 0.2715 0.19908 0.3221 0.14834 0.40791 0.10778 0.35506 0.13779 0.45035 0.10586 0.3221 0.14834 0.35506 0.13779 0.40791 0.10778 0.5 0.09394 0.45035 0.10586 0.54965 0.10586 0.40791 0.10778 0.45035 0.10586 0.5 0.09394 0.59209 0.10778 0.54965 0.10586 0.64494 0.13779 0.5 0.09394 0.54965 0.10586 0.59209 0.10778 0.6779 0.14834 0.64494 0.13779 0.7285 0.19908 0.59209 0.10778 0.64494 0.13779 0.6779 0.14834 0.75159 0.21287 0.7285 0.19908 0.79354 0.28475 0.6779 0.14834 0.7285 0.19908 0.75159 0.21287 0.80813 0.29697 0.79354 0.28475 0.83479 0.38787 0.75159 0.21287 0.79354 0.28475 0.80813 0.29697 0.80813 0.29697 0.83479 0.38787 0.84367 0.3949 0.12881 0.61353 0.14114 0.5 0.11571 0.5 0.1448 0.44172 0.11571 0.5 0.14114 0.5 0.12822 0.61372 0.12881 0.61353 0.11571 0.5 0.1288 0.38649 0.11571 0.5 0.1448 0.44172 0.1151 0.49997 0.11571 0.5 0.1288 0.38649 0.12822 0.61372 0.11571 0.5 0.1151 0.49997 0.12881 0.61353 0.1448 0.55829 0.14114 0.5 0.1442 0.5 0.14114 0.5 0.1448 0.55829 0.15632 0.3949 0.1448 0.44172 0.14114 0.5 0.15632 0.3949 0.14114 0.5 0.1442 0.5 0.12881 0.61353 0.15568 0.61538 0.1448 0.55829 0.15632 0.6051 0.1448 0.55829 0.15568 0.61538 0.15632 0.6051 0.1442 0.5 0.1448 0.55829 0.16719 0.71928 0.17357 0.67013 0.15568 0.61538 0.15632 0.6051 0.15568 0.61538 0.17357 0.67013 0.12881 0.61353 0.16719 0.71928 0.15568 0.61538 0.16719 0.71928 0.19811 0.72142 0.17357 0.67013 0.19187 0.70303 0.17357 0.67013 0.19811 0.72142 0.19187 0.70303 0.15632 0.6051 0.17357 0.67013 0.22825 0.8101 0.22879 0.7682 0.19811 0.72142 0.19187 0.70303 0.19811 0.72142 0.22879 0.7682 0.16719 0.71928 0.22825 0.8101 0.19811 0.72142 0.22825 0.8101 0.265 0.80952 0.22879 0.7682 0.24841 0.78713 0.22879 0.7682 0.265 0.80952 0.24841 0.78713 0.19187 0.70303 0.22879 0.7682 0.30785 0.87982 0.30599 0.84454 0.265 0.80952 0.24841 0.78713 0.265 0.80952 0.30599 0.84454 0.22825 0.8101 0.30785 0.87982 0.265 0.80952 0.30785 0.87982 0.35093 0.87254 0.30599 0.84454 0.3221 0.85166 0.30599 0.84454 0.35093 0.87254 0.3221 0.85166 0.24841 0.78713 0.30599 0.84454 0.40056 0.92364 0.3989 0.89296 0.35093 0.87254 0.3221 0.85166 0.35093 0.87254 0.3989 0.89296 0.30785 0.87982 0.40056 0.92364 0.35093 0.87254 0.40056 0.92364 0.44893 0.90538 0.3989 0.89296 0.40791 0.89222 0.3989 0.89296 0.44893 0.90538 0.40791 0.89222 0.3221 0.85166 0.3989 0.89296 0.5 0.93858 0.5 0.90955 0.44893 0.90538 0.40791 0.89222 0.44893 0.90538 0.5 0.90955 0.40056 0.92364 0.5 0.93858 0.44893 0.90538 0.59944 0.92364 0.55107 0.90538 0.5 0.90955 0.5 0.90606 0.5 0.90955 0.55107 0.90538 0.5 0.93858 0.59944 0.92364 0.5 0.90955 0.5 0.90606 0.40791 0.89222 0.5 0.90955 0.59944 0.92364 0.6011 0.89296 0.55107 0.90538 0.59209 0.89222 0.55107 0.90538 0.6011 0.89296 0.59209 0.89222 0.5 0.90606 0.55107 0.90538 0.69215 0.87982 0.64907 0.87254 0.6011 0.89296 0.59209 0.89222 0.6011 0.89296 0.64907 0.87254 0.59944 0.92364 0.69215 0.87982 0.6011 0.89296 0.69215 0.87982 0.69401 0.84454 0.64907 0.87254 0.6779 0.85166 0.64907 0.87254 0.69401 0.84454 0.6779 0.85166 0.59209 0.89222 0.64907 0.87254 0.77175 0.8101 0.735 0.80952 0.69401 0.84454 0.6779 0.85166 0.69401 0.84454 0.735 0.80952 0.69215 0.87982 0.77175 0.8101 0.69401 0.84454 0.77175 0.8101 0.77121 0.7682 0.735 0.80952 0.75159 0.78713 0.735 0.80952 0.77121 0.7682 0.75159 0.78713 0.6779 0.85166 0.735 0.80952 0.83281 0.71928 0.80189 0.72142 0.77121 0.7682 0.75159 0.78713 0.77121 0.7682 0.80189 0.72142 0.77175 0.8101 0.83281 0.71928 0.77121 0.7682 0.83281 0.71928 0.82643 0.67013 0.80189 0.72142 0.80813 0.70303 0.80189 0.72142 0.82643 0.67013 0.80813 0.70303 0.75159 0.78713 0.80189 0.72142 0.87119 0.61353 0.84432 0.61538 0.82643 0.67013 0.80813 0.70303 0.82643 0.67013 0.84432 0.61538 0.83281 0.71928 0.87119 0.61353 0.82643 0.67013 0.87119 0.61353 0.8552 0.55829 0.84432 0.61538 0.84367 0.6051 0.84432 0.61538 0.8552 0.55829 0.84367 0.6051 0.80813 0.70303 0.84432 0.61538 0.88429 0.5 0.85886 0.5 0.8552 0.55829 0.84367 0.6051 0.8552 0.55829 0.85886 0.5 0.87119 0.61353 0.88429 0.5 0.8552 0.55829 0.87119 0.38646 0.85886 0.5 0.88429 0.5 0.87119 0.38646 0.8552 0.44172 0.85886 0.5 0.8558 0.5 0.85886 0.5 0.8552 0.44172 0.8558 0.5 0.84367 0.6051 0.85886 0.5 0.88469 0.49997 0.88429 0.5 0.87119 0.61353 0.88469 0.49997 0.87119 0.38646 0.88429 0.5 0.87158 0.61365 0.87119 0.61353 0.83281 0.71928 0.87158 0.61365 0.88469 0.49997 0.87119 0.61353 0.83315 0.71952 0.83281 0.71928 0.77175 0.8101 0.83315 0.71952 0.87158 0.61365 0.83281 0.71928 0.77203 0.81043 0.77175 0.8101 0.69215 0.87982 0.77203 0.81043 0.83315 0.71952 0.77175 0.8101 0.69232 0.88023 0.69215 0.87982 0.59944 0.92364 0.69232 0.88023 0.77203 0.81043 0.69215 0.87982 0.59958 0.92407 0.59944 0.92364 0.5 0.93858 0.59958 0.92407 0.69232 0.88023 0.59944 0.92364 0.40037 0.9243 0.5 0.93858 0.40056 0.92364 0.5 0.93904 0.5 0.93858 0.40037 0.9243 0.5 0.93904 0.59958 0.92407 0.5 0.93858 0.30757 0.88044 0.40056 0.92364 0.30785 0.87982 0.40037 0.9243 0.40056 0.92364 0.30757 0.88044 0.22781 0.8106 0.30785 0.87982 0.22825 0.8101 0.30757 0.88044 0.30785 0.87982 0.22781 0.8106 0.16667 0.71964 0.22825 0.8101 0.16719 0.71928 0.22781 0.8106 0.22825 0.8101 0.16667 0.71964 0.12822 0.61372 0.16719 0.71928 0.12881 0.61353 0.16667 0.71964 0.16719 0.71928 0.12822 0.61372 0.8793 0.61601 0.8929 0.5 0.89269 0.5 0.87951 0.38394 0.89269 0.5 0.8929 0.5 0.87969 0.61614 0.8793 0.61601 0.89269 0.5 0.87931 0.38401 0.89269 0.5 0.87951 0.38394 0.89309 0.49997 0.89269 0.5 0.87931 0.38401 0.89309 0.49997 0.87969 0.61614 0.89269 0.5 0.8793 0.61601 0.87951 0.61606 0.8929 0.5 0.89329 0.5 0.8929 0.5 0.87951 0.61606 0.89032 0.43684 0.87951 0.38394 0.8929 0.5 0.89032 0.43684 0.8929 0.5 0.89329 0.5 0.84008 0.72408 0.84026 0.7242 0.87951 0.61606 0.87871 0.625 0.87951 0.61606 0.84026 0.7242 0.8793 0.61601 0.84008 0.72408 0.87951 0.61606 0.89032 0.56316 0.87951 0.61606 0.87871 0.625 0.89423 0.5 0.89329 0.5 0.87951 0.61606 0.89032 0.56316 0.89423 0.5 0.87951 0.61606 0.77769 0.81688 0.77782 0.81707 0.84026 0.7242 0.83997 0.73166 0.84026 0.7242 0.77782 0.81707 0.84008 0.72408 0.77769 0.81688 0.84026 0.7242 0.88051 0.625 0.87871 0.625 0.84026 0.7242 0.83997 0.73166 0.88051 0.625 0.84026 0.7242 0.69635 0.88812 0.69645 0.88833 0.77782 0.81707 0.77689 0.82303 0.77782 0.81707 0.69645 0.88833 0.77769 0.81688 0.69635 0.88812 0.77782 0.81707 0.77689 0.82303 0.83997 0.73166 0.77782 0.81707 0.60162 0.9329 0.60169 0.93313 0.69645 0.88833 0.69546 0.893 0.69645 0.88833 0.60169 0.93313 0.69635 0.88812 0.60162 0.9329 0.69645 0.88833 0.69546 0.893 0.77689 0.82303 0.69645 0.88833 0.5 0.94816 0.5 0.94841 0.60169 0.93313 0.60108 0.93692 0.60169 0.93313 0.5 0.94841 0.60162 0.9329 0.5 0.94816 0.60169 0.93313 0.60108 0.93692 0.69546 0.893 0.60169 0.93313 0.39838 0.9329 0.39831 0.93313 0.5 0.94841 0.5 0.95189 0.5 0.94841 0.39831 0.93313 0.5 0.94816 0.39838 0.9329 0.5 0.94841 0.5 0.95189 0.60108 0.93692 0.5 0.94841 0.39838 0.9329 0.30355 0.88833 0.39831 0.93313 0.30454 0.893 0.39831 0.93313 0.30355 0.88833 0.39892 0.93692 0.5 0.95189 0.39831 0.93313 0.30454 0.893 0.39892 0.93692 0.39831 0.93313 0.30365 0.88812 0.22218 0.81707 0.30355 0.88833 0.22311 0.82303 0.30355 0.88833 0.22218 0.81707 0.39838 0.9329 0.30365 0.88812 0.30355 0.88833 0.22311 0.82303 0.30454 0.893 0.30355 0.88833 0.22231 0.81688 0.15974 0.7242 0.22218 0.81707 0.16003 0.73166 0.22218 0.81707 0.15974 0.7242 0.30365 0.88812 0.22231 0.81688 0.22218 0.81707 0.16003 0.73166 0.22311 0.82303 0.22218 0.81707 0.15992 0.72408 0.12049 0.61606 0.15974 0.7242 0.12129 0.625 0.15974 0.7242 0.12049 0.61606 0.22231 0.81688 0.15992 0.72408 0.15974 0.7242 0.12129 0.625 0.16003 0.73166 0.15974 0.7242 0.10731 0.5 0.1071 0.5 0.12049 0.61606 0.10968 0.56316 0.12049 0.61606 0.1071 0.5 0.1207 0.61601 0.10731 0.5 0.12049 0.61606 0.15992 0.72408 0.1207 0.61601 0.12049 0.61606 0.10968 0.56316 0.12129 0.625 0.12049 0.61606 0.1207 0.38398 0.1071 0.5 0.10731 0.5 0.1207 0.38398 0.12049 0.38394 0.1071 0.5 0.10671 0.5 0.1071 0.5 0.12049 0.38394 0.10671 0.5 0.10968 0.56316 0.1071 0.5 0.1067 0.49997 0.10731 0.5 0.1207 0.61601 0.1067 0.49997 0.1207 0.38398 0.10731 0.5 0.12011 0.6162 0.1207 0.61601 0.15992 0.72408 0.1067 0.49997 0.1207 0.61601 0.12011 0.6162 0.15939 0.72443 0.15992 0.72408 0.22231 0.81688 0.12011 0.6162 0.15992 0.72408 0.15939 0.72443 0.22188 0.81737 0.22231 0.81688 0.30365 0.88812 0.15939 0.72443 0.22231 0.81688 0.22188 0.81737 0.30337 0.88874 0.30365 0.88812 0.39838 0.9329 0.22188 0.81737 0.30365 0.88812 0.30337 0.88874 0.39819 0.93356 0.39838 0.9329 0.5 0.94816 0.30337 0.88874 0.39838 0.9329 0.39819 0.93356 0.60175 0.93332 0.5 0.94816 0.60162 0.9329 0.5 0.94862 0.39819 0.93356 0.5 0.94816 0.60175 0.93332 0.5 0.94862 0.5 0.94816 0.69652 0.88853 0.60162 0.9329 0.69635 0.88812 0.69652 0.88853 0.60175 0.93332 0.60162 0.9329 0.77797 0.8172 0.69635 0.88812 0.77769 0.81688 0.77797 0.8172 0.69652 0.88853 0.69635 0.88812 0.84042 0.72431 0.77769 0.81688 0.84008 0.72408 0.84042 0.72431 0.77797 0.8172 0.77769 0.81688 0.87969 0.61614 0.84008 0.72408 0.8793 0.61601 0.87969 0.61614 0.84042 0.72431 0.84008 0.72408 0.87119 0.38646 0.84432 0.38462 0.8552 0.44172 0.84367 0.3949 0.8552 0.44172 0.84432 0.38462 0.84367 0.3949 0.8558 0.5 0.8552 0.44172 0.8328 0.2807 0.82643 0.32987 0.84432 0.38462 0.84367 0.3949 0.84432 0.38462 0.82643 0.32987 0.87119 0.38646 0.8328 0.2807 0.84432 0.38462 0.8328 0.2807 0.80189 0.27858 0.82643 0.32987 0.80813 0.29697 0.82643 0.32987 0.80189 0.27858 0.80813 0.29697 0.84367 0.3949 0.82643 0.32987 0.77174 0.18988 0.77121 0.2318 0.80189 0.27858 0.80813 0.29697 0.80189 0.27858 0.77121 0.2318 0.8328 0.2807 0.77174 0.18988 0.80189 0.27858 0.77174 0.18988 0.735 0.19048 0.77121 0.2318 0.75159 0.21287 0.77121 0.2318 0.735 0.19048 0.75159 0.21287 0.80813 0.29697 0.77121 0.2318 0.69213 0.12016 0.69401 0.15546 0.735 0.19048 0.75159 0.21287 0.735 0.19048 0.69401 0.15546 0.77174 0.18988 0.69213 0.12016 0.735 0.19048 0.69213 0.12016 0.64907 0.12746 0.69401 0.15546 0.6779 0.14834 0.69401 0.15546 0.64907 0.12746 0.6779 0.14834 0.75159 0.21287 0.69401 0.15546 0.59942 0.07635 0.6011 0.10704 0.64907 0.12746 0.6779 0.14834 0.64907 0.12746 0.6011 0.10704 0.69213 0.12016 0.59942 0.07635 0.64907 0.12746 0.59942 0.07635 0.55107 0.09462 0.6011 0.10704 0.59209 0.10778 0.6011 0.10704 0.55107 0.09462 0.59209 0.10778 0.6779 0.14834 0.6011 0.10704 0.49997 0.06142 0.5 0.09045 0.55107 0.09462 0.59209 0.10778 0.55107 0.09462 0.5 0.09045 0.59942 0.07635 0.49997 0.06142 0.55107 0.09462 0.49997 0.06142 0.44893 0.09462 0.5 0.09045 0.5 0.09394 0.5 0.09045 0.44893 0.09462 0.5 0.09394 0.59209 0.10778 0.5 0.09045 0.40052 0.07637 0.3989 0.10704 0.44893 0.09462 0.40791 0.10778 0.44893 0.09462 0.3989 0.10704 0.49997 0.06142 0.40052 0.07637 0.44893 0.09462 0.40791 0.10778 0.5 0.09394 0.44893 0.09462 0.30782 0.1202 0.35093 0.12746 0.3989 0.10704 0.40791 0.10778 0.3989 0.10704 0.35093 0.12746 0.40052 0.07637 0.30782 0.1202 0.3989 0.10704 0.30782 0.1202 0.30599 0.15546 0.35093 0.12746 0.3221 0.14834 0.35093 0.12746 0.30599 0.15546 0.3221 0.14834 0.40791 0.10778 0.35093 0.12746 0.22822 0.18993 0.265 0.19048 0.30599 0.15546 0.3221 0.14834 0.30599 0.15546 0.265 0.19048 0.30782 0.1202 0.22822 0.18993 0.30599 0.15546 0.22822 0.18993 0.22879 0.2318 0.265 0.19048 0.24841 0.21287 0.265 0.19048 0.22879 0.2318 0.24841 0.21287 0.3221 0.14834 0.265 0.19048 0.16717 0.28075 0.19811 0.27858 0.22879 0.2318 0.24841 0.21287 0.22879 0.2318 0.19811 0.27858 0.22822 0.18993 0.16717 0.28075 0.22879 0.2318 0.16717 0.28075 0.17357 0.32987 0.19811 0.27858 0.19187 0.29697 0.19811 0.27858 0.17357 0.32987 0.19187 0.29697 0.24841 0.21287 0.19811 0.27858 0.1288 0.38649 0.15568 0.38462 0.17357 0.32987 0.19187 0.29697 0.17357 0.32987 0.15568 0.38462 0.16717 0.28075 0.1288 0.38649 0.17357 0.32987 0.1288 0.38649 0.1448 0.44172 0.15568 0.38462 0.15632 0.3949 0.15568 0.38462 0.1448 0.44172 0.15632 0.3949 0.19187 0.29697 0.15568 0.38462 0.12821 0.38632 0.1288 0.38649 0.16717 0.28075 0.1151 0.49997 0.1288 0.38649 0.12821 0.38632 0.16661 0.28048 0.16717 0.28075 0.22822 0.18993 0.12821 0.38632 0.16717 0.28075 0.16661 0.28048 0.22786 0.18938 0.22822 0.18993 0.30782 0.1202 0.22786 0.18938 0.16661 0.28048 0.22822 0.18993 0.30754 0.11961 0.30782 0.1202 0.40052 0.07637 0.30754 0.11961 0.22786 0.18938 0.30782 0.1202 0.40041 0.0757 0.40052 0.07637 0.49997 0.06142 0.40041 0.0757 0.30754 0.11961 0.40052 0.07637 0.59959 0.0757 0.49997 0.06142 0.59942 0.07635 0.5 0.06075 0.40041 0.0757 0.49997 0.06142 0.59959 0.0757 0.5 0.06075 0.49997 0.06142 0.69246 0.11961 0.59942 0.07635 0.69213 0.12016 0.69246 0.11961 0.59959 0.0757 0.59942 0.07635 0.77214 0.18939 0.69213 0.12016 0.77174 0.18988 0.77214 0.18939 0.69246 0.11961 0.69213 0.12016 0.83332 0.28037 0.77174 0.18988 0.8328 0.2807 0.83332 0.28037 0.77214 0.18939 0.77174 0.18988 0.87158 0.38639 0.8328 0.2807 0.87119 0.38646 0.83315 0.28048 0.83332 0.28037 0.8328 0.2807 0.87158 0.38639 0.83315 0.28048 0.8328 0.2807 0.88469 0.49997 0.87158 0.38639 0.87119 0.38646 0.1207 0.38398 0.15974 0.2758 0.12049 0.38394 0.12129 0.375 0.12049 0.38394 0.15974 0.2758 0.10671 0.5 0.12049 0.38394 0.10577 0.5 0.10968 0.43684 0.10577 0.5 0.12049 0.38394 0.12129 0.375 0.10968 0.43684 0.12049 0.38394 0.15993 0.27591 0.22218 0.18293 0.15974 0.2758 0.16002 0.26835 0.15974 0.2758 0.22218 0.18293 0.1207 0.38398 0.15993 0.27591 0.15974 0.2758 0.11947 0.375 0.12129 0.375 0.15974 0.2758 0.16002 0.26835 0.11947 0.375 0.15974 0.2758 0.22233 0.1831 0.30355 0.11167 0.22218 0.18293 0.22311 0.17697 0.22218 0.18293 0.30355 0.11167 0.15993 0.27591 0.22233 0.1831 0.22218 0.18293 0.22311 0.17697 0.16002 0.26835 0.22218 0.18293 0.30367 0.11186 0.39831 0.06687 0.30355 0.11167 0.30454 0.10701 0.30355 0.11167 0.39831 0.06687 0.22233 0.1831 0.30367 0.11186 0.30355 0.11167 0.30454 0.10701 0.22311 0.17697 0.30355 0.11167 0.39841 0.06709 0.5 0.05159 0.39831 0.06687 0.39892 0.06308 0.39831 0.06687 0.5 0.05159 0.30367 0.11186 0.39841 0.06709 0.39831 0.06687 0.39892 0.06308 0.30454 0.10701 0.39831 0.06687 0.50003 0.05184 0.60169 0.06687 0.5 0.05159 0.5 0.04811 0.5 0.05159 0.60169 0.06687 0.39841 0.06709 0.50003 0.05184 0.5 0.05159 0.5 0.04811 0.39892 0.06308 0.5 0.05159 0.60165 0.06711 0.69645 0.11167 0.60169 0.06687 0.69546 0.10701 0.60169 0.06687 0.69645 0.11167 0.50003 0.05184 0.60165 0.06711 0.60169 0.06687 0.60108 0.06308 0.5 0.04811 0.60169 0.06687 0.69546 0.10701 0.60108 0.06308 0.60169 0.06687 0.69638 0.1119 0.77782 0.18293 0.69645 0.11167 0.77689 0.17697 0.69645 0.11167 0.77782 0.18293 0.60165 0.06711 0.69638 0.1119 0.69645 0.11167 0.77689 0.17697 0.69546 0.10701 0.69645 0.11167 0.77772 0.18315 0.84026 0.2758 0.77782 0.18293 0.83998 0.26835 0.77782 0.18293 0.84026 0.2758 0.69638 0.1119 0.77772 0.18315 0.77782 0.18293 0.83998 0.26835 0.77689 0.17697 0.77782 0.18293 0.8401 0.27596 0.87951 0.38394 0.84026 0.2758 0.87871 0.375 0.84026 0.2758 0.87951 0.38394 0.77772 0.18315 0.8401 0.27596 0.84026 0.2758 0.83998 0.26835 0.84026 0.2758 0.87871 0.375 0.8401 0.27596 0.87931 0.38401 0.87951 0.38394 0.89032 0.43684 0.87871 0.375 0.87951 0.38394 0.8797 0.38391 0.87931 0.38401 0.8401 0.27596 0.8797 0.38391 0.89309 0.49997 0.87931 0.38401 0.84043 0.27569 0.8401 0.27596 0.77772 0.18315 0.84043 0.27569 0.8797 0.38391 0.8401 0.27596 0.77808 0.18261 0.77772 0.18315 0.69638 0.1119 0.84059 0.27558 0.84043 0.27569 0.77772 0.18315 0.77808 0.18261 0.84059 0.27558 0.77772 0.18315 0.69666 0.11131 0.69638 0.1119 0.60165 0.06711 0.69666 0.11131 0.77808 0.18261 0.69638 0.1119 0.60177 0.06645 0.60165 0.06711 0.50003 0.05184 0.60177 0.06645 0.69666 0.11131 0.60165 0.06711 0.39823 0.06645 0.50003 0.05184 0.39841 0.06709 0.5 0.05116 0.60177 0.06645 0.50003 0.05184 0.39823 0.06645 0.5 0.05116 0.50003 0.05184 0.30334 0.11131 0.39841 0.06709 0.30367 0.11186 0.30334 0.11131 0.39823 0.06645 0.39841 0.06709 0.22192 0.18261 0.30367 0.11186 0.22233 0.1831 0.22192 0.18261 0.30334 0.11131 0.30367 0.11186 0.15934 0.27569 0.22233 0.1831 0.15993 0.27591 0.22192 0.18261 0.22233 0.1831 0.15934 0.27569 0.1201 0.38384 0.15993 0.27591 0.1207 0.38398 0.15934 0.27569 0.15993 0.27591 0.1201 0.38384 0.1201 0.38384 0.1207 0.38398 0.1067 0.49997 0.82721 0.60967 0.83198 0.61128 0.84601 0.5 0.84103 0.5 0.84601 0.5 0.83198 0.38872 0.82721 0.60967 0.84601 0.5 0.84103 0.5 0.78688 0.71043 0.79107 0.7135 0.83198 0.61128 0.82721 0.60967 0.78688 0.71043 0.83198 0.61128 0.72333 0.79413 0.72659 0.79843 0.79107 0.7135 0.78688 0.71043 0.72333 0.79413 0.79107 0.7135 0.64169 0.85402 0.64375 0.85919 0.72659 0.79843 0.72333 0.79413 0.64169 0.85402 0.72659 0.79843 0.54855 0.88524 0.54926 0.89086 0.64375 0.85919 0.64169 0.85402 0.54855 0.88524 0.64375 0.85919 0.54855 0.88524 0.45074 0.89086 0.54926 0.89086 0.45145 0.88524 0.35625 0.85919 0.45074 0.89086 0.54855 0.88524 0.45145 0.88524 0.45074 0.89086 0.35831 0.85402 0.27341 0.79843 0.35625 0.85919 0.45145 0.88524 0.35831 0.85402 0.35625 0.85919 0.27667 0.79413 0.20893 0.7135 0.27341 0.79843 0.35831 0.85402 0.27667 0.79413 0.27341 0.79843 0.21312 0.71043 0.16802 0.61128 0.20893 0.7135 0.27667 0.79413 0.21312 0.71043 0.20893 0.7135 0.15897 0.5 0.15399 0.5 0.16802 0.61128 0.17279 0.60967 0.15897 0.5 0.16802 0.61128 0.21312 0.71043 0.17279 0.60967 0.16802 0.61128 0.17279 0.39033 0.16802 0.38872 0.15399 0.5 0.15897 0.5 0.17279 0.39033 0.15399 0.5 0.21312 0.28957 0.20893 0.2865 0.16802 0.38872 0.17279 0.39033 0.21312 0.28957 0.16802 0.38872 0.27667 0.20587 0.27341 0.20157 0.20893 0.2865 0.21312 0.28957 0.27667 0.20587 0.20893 0.2865 0.35831 0.14598 0.35625 0.14081 0.27341 0.20157 0.27667 0.20587 0.35831 0.14598 0.27341 0.20157 0.45145 0.11476 0.45074 0.10914 0.35625 0.14081 0.35831 0.14598 0.45145 0.11476 0.35625 0.14081 0.45145 0.11476 0.54926 0.10914 0.45074 0.10914 0.54855 0.11476 0.64375 0.14081 0.54926 0.10914 0.45145 0.11476 0.54855 0.11476 0.54926 0.10914 0.64169 0.14598 0.72659 0.20157 0.64375 0.14081 0.54855 0.11476 0.64169 0.14598 0.64375 0.14081 0.72333 0.20587 0.79107 0.2865 0.72659 0.20157 0.64169 0.14598 0.72333 0.20587 0.72659 0.20157 0.78688 0.28957 0.83198 0.38872 0.79107 0.2865 0.72333 0.20587 0.78688 0.28957 0.79107 0.2865 0.82721 0.39033 0.84103 0.5 0.83198 0.38872 0.78688 0.28957 0.82721 0.39033 0.83198 0.38872 0.82004 0.60727 0.82243 0.60807 0.83605 0.5 0.83356 0.5 0.83605 0.5 0.82243 0.39193 0.82004 0.60727 0.83605 0.5 0.83356 0.5 0.7806 0.70582 0.78269 0.70736 0.82243 0.60807 0.82004 0.60727 0.7806 0.70582 0.82243 0.60807 0.71844 0.78769 0.72007 0.78984 0.78269 0.70736 0.7806 0.70582 0.71844 0.78769 0.78269 0.70736 0.63858 0.84627 0.63962 0.84885 0.72007 0.78984 0.71844 0.78769 0.63858 0.84627 0.72007 0.78984 0.54748 0.8768 0.54784 0.87962 0.63962 0.84885 0.63858 0.84627 0.54748 0.8768 0.63962 0.84885 0.54748 0.8768 0.45216 0.87962 0.54784 0.87962 0.45252 0.8768 0.36038 0.84885 0.45216 0.87962 0.54748 0.8768 0.45252 0.8768 0.45216 0.87962 0.36142 0.84627 0.27993 0.78984 0.36038 0.84885 0.45252 0.8768 0.36142 0.84627 0.36038 0.84885 0.28156 0.78769 0.21731 0.70736 0.27993 0.78984 0.36142 0.84627 0.28156 0.78769 0.27993 0.78984 0.2194 0.70582 0.17757 0.60807 0.21731 0.70736 0.28156 0.78769 0.2194 0.70582 0.21731 0.70736 0.16644 0.5 0.16395 0.5 0.17757 0.60807 0.17996 0.60727 0.16644 0.5 0.17757 0.60807 0.2194 0.70582 0.17996 0.60727 0.17757 0.60807 0.17996 0.39273 0.17757 0.39193 0.16395 0.5 0.16644 0.5 0.17996 0.39273 0.16395 0.5 0.2194 0.29418 0.21731 0.29264 0.17757 0.39193 0.17996 0.39273 0.2194 0.29418 0.17757 0.39193 0.28156 0.21231 0.27993 0.21016 0.21731 0.29264 0.2194 0.29418 0.28156 0.21231 0.21731 0.29264 0.36142 0.15373 0.36038 0.15115 0.27993 0.21016 0.28156 0.21231 0.36142 0.15373 0.27993 0.21016 0.45252 0.1232 0.45216 0.12038 0.36038 0.15115 0.36142 0.15373 0.45252 0.1232 0.36038 0.15115 0.45252 0.1232 0.54784 0.12038 0.45216 0.12038 0.54748 0.1232 0.63962 0.15115 0.54784 0.12038 0.45252 0.1232 0.54748 0.1232 0.54784 0.12038 0.63858 0.15373 0.72007 0.21016 0.63962 0.15115 0.54748 0.1232 0.63858 0.15373 0.63962 0.15115 0.71844 0.21231 0.78269 0.29264 0.72007 0.21016 0.63858 0.15373 0.71844 0.21231 0.72007 0.21016 0.7806 0.29418 0.82243 0.39193 0.78269 0.29264 0.71844 0.21231 0.7806 0.29418 0.78269 0.29264 0.82004 0.39273 0.83356 0.5 0.82243 0.39193 0.7806 0.29418 0.82004 0.39273 0.82243 0.39193 0.70351 0.58452 0.70584 0.58551 0.71905 0.5 0.71657 0.5 0.71905 0.5 0.70584 0.4145 0.70351 0.58452 0.71905 0.5 0.71657 0.5 0.66591 0.65886 0.66781 0.6607 0.70584 0.58551 0.70351 0.58452 0.66591 0.65886 0.70584 0.58551 0.60829 0.71404 0.60953 0.71651 0.66781 0.6607 0.66591 0.65886 0.60829 0.71404 0.66781 0.6607 0.53761 0.7434 0.53804 0.7462 0.60953 0.71651 0.60829 0.71404 0.53761 0.7434 0.60953 0.71651 0.53761 0.7434 0.46196 0.7462 0.53804 0.7462 0.46239 0.7434 0.39047 0.71651 0.46196 0.7462 0.53761 0.7434 0.46239 0.7434 0.46196 0.7462 0.39171 0.71404 0.33219 0.6607 0.39047 0.71651 0.46239 0.7434 0.39171 0.71404 0.39047 0.71651 0.33409 0.65886 0.29415 0.58551 0.33219 0.6607 0.39171 0.71404 0.33409 0.65886 0.33219 0.6607 0.28343 0.5 0.28095 0.5 0.29415 0.58551 0.29649 0.58452 0.28343 0.5 0.29415 0.58551 0.33409 0.65886 0.29649 0.58452 0.29415 0.58551 0.29649 0.41548 0.29415 0.4145 0.28095 0.5 0.28343 0.5 0.29649 0.41548 0.28095 0.5 0.33409 0.34114 0.33219 0.3393 0.29415 0.4145 0.29649 0.41548 0.33409 0.34114 0.29415 0.4145 0.39171 0.28596 0.39047 0.28349 0.33219 0.3393 0.33409 0.34114 0.39171 0.28596 0.33219 0.3393 0.46239 0.2566 0.46196 0.2538 0.39047 0.28349 0.39171 0.28596 0.46239 0.2566 0.39047 0.28349 0.46239 0.2566 0.53804 0.2538 0.46196 0.2538 0.53761 0.2566 0.60953 0.28349 0.53804 0.2538 0.46239 0.2566 0.53761 0.2566 0.53804 0.2538 0.60829 0.28596 0.66781 0.3393 0.60953 0.28349 0.53761 0.2566 0.60829 0.28596 0.60953 0.28349 0.66591 0.34114 0.70584 0.4145 0.66781 0.3393 0.60829 0.28596 0.66591 0.34114 0.66781 0.3393 0.70351 0.41548 0.71657 0.5 0.70584 0.4145 0.66591 0.34114 0.70351 0.41548 0.70584 0.4145 0.71657 0.5 0.71657 0.5 0.70351 0.41548 0.70351 0.58453 0.70351 0.58452 0.71657 0.5 0.70351 0.58453 0.71657 0.5 0.71657 0.5 0.70351 0.41547 0.70351 0.41548 0.66591 0.34114 0.70351 0.41547 0.71657 0.5 0.70351 0.41548 0.6659 0.34113 0.66591 0.34114 0.60829 0.28596 0.6659 0.34113 0.70351 0.41547 0.66591 0.34114 0.60828 0.28595 0.60829 0.28596 0.53761 0.2566 0.60828 0.28595 0.6659 0.34113 0.60829 0.28596 0.53761 0.2566 0.53761 0.2566 0.46239 0.2566 0.53761 0.2566 0.60828 0.28595 0.53761 0.2566 0.46239 0.2566 0.46239 0.2566 0.39171 0.28596 0.46239 0.2566 0.53761 0.2566 0.46239 0.2566 0.39172 0.28595 0.39171 0.28596 0.33409 0.34114 0.39172 0.28595 0.46239 0.2566 0.39171 0.28596 0.3341 0.34113 0.33409 0.34114 0.29649 0.41548 0.3341 0.34113 0.39172 0.28595 0.33409 0.34114 0.29649 0.41547 0.29649 0.41548 0.28343 0.5 0.29649 0.41547 0.3341 0.34113 0.29649 0.41548 0.28343 0.5 0.28343 0.5 0.29649 0.58452 0.29649 0.41547 0.28343 0.5 0.28343 0.5 0.29649 0.58453 0.29649 0.58452 0.33409 0.65886 0.29649 0.58453 0.28343 0.5 0.29649 0.58452 0.3341 0.65887 0.33409 0.65886 0.39171 0.71404 0.3341 0.65887 0.29649 0.58453 0.33409 0.65886 0.39172 0.71405 0.39171 0.71404 0.46239 0.7434 0.39172 0.71405 0.3341 0.65887 0.39171 0.71404 0.46239 0.7434 0.46239 0.7434 0.53761 0.7434 0.46239 0.7434 0.39172 0.71405 0.46239 0.7434 0.53761 0.7434 0.53761 0.7434 0.60829 0.71404 0.53761 0.7434 0.46239 0.7434 0.53761 0.7434 0.60828 0.71405 0.60829 0.71404 0.66591 0.65886 0.60828 0.71405 0.53761 0.7434 0.60829 0.71404 0.6659 0.65887 0.66591 0.65886 0.70351 0.58452 0.6659 0.65887 0.60828 0.71405 0.66591 0.65886 0.70351 0.58453 0.6659 0.65887 0.70351 0.58452 0.69417 0.41941 0.30583 0.41941 0.29339 0.5 0.28635 0.5 0.29339 0.5 0.30583 0.41941 0.70661 0.5 0.69417 0.41941 0.29339 0.5 0.30583 0.58059 0.70661 0.5 0.29339 0.5 0.29681 0.57535 0.30583 0.58059 0.29339 0.5 0.29681 0.57535 0.29339 0.5 0.28635 0.5 0.65829 0.34847 0.34171 0.34846 0.30583 0.41941 0.32715 0.35668 0.30583 0.41941 0.34171 0.34846 0.69417 0.41941 0.65829 0.34847 0.30583 0.41941 0.29681 0.42465 0.28635 0.5 0.30583 0.41941 0.32715 0.35668 0.29681 0.42465 0.30583 0.41941 0.60332 0.29581 0.39668 0.29581 0.34171 0.34846 0.37442 0.30274 0.34171 0.34846 0.39668 0.29581 0.65829 0.34847 0.60332 0.29581 0.34171 0.34846 0.37442 0.30274 0.32715 0.35668 0.34171 0.34846 0.53588 0.26779 0.46412 0.26779 0.39668 0.29581 0.43398 0.2681 0.39668 0.29581 0.46412 0.26779 0.60332 0.29581 0.53588 0.26779 0.39668 0.29581 0.43398 0.2681 0.37442 0.30274 0.39668 0.29581 0.5 0.25617 0.46412 0.26779 0.53588 0.26779 0.5 0.25617 0.43398 0.2681 0.46412 0.26779 0.56602 0.2681 0.53588 0.26779 0.60332 0.29581 0.56602 0.2681 0.5 0.25617 0.53588 0.26779 0.62558 0.30274 0.60332 0.29581 0.65829 0.34847 0.62558 0.30274 0.56602 0.2681 0.60332 0.29581 0.67285 0.35668 0.65829 0.34847 0.69417 0.41941 0.67285 0.35668 0.62558 0.30274 0.65829 0.34847 0.70319 0.42465 0.69417 0.41941 0.70661 0.5 0.70319 0.42465 0.67285 0.35668 0.69417 0.41941 0.30583 0.58059 0.69417 0.58059 0.70661 0.5 0.71365 0.5 0.70661 0.5 0.69417 0.58059 0.71365 0.5 0.70319 0.42465 0.70661 0.5 0.3417 0.65153 0.65829 0.65154 0.69417 0.58059 0.67285 0.64332 0.69417 0.58059 0.65829 0.65154 0.30583 0.58059 0.3417 0.65153 0.69417 0.58059 0.70319 0.57535 0.71365 0.5 0.69417 0.58059 0.67285 0.64332 0.70319 0.57535 0.69417 0.58059 0.39668 0.70419 0.60332 0.70419 0.65829 0.65154 0.62558 0.69726 0.65829 0.65154 0.60332 0.70419 0.3417 0.65153 0.39668 0.70419 0.65829 0.65154 0.62558 0.69726 0.67285 0.64332 0.65829 0.65154 0.46411 0.73221 0.53588 0.73221 0.60332 0.70419 0.56602 0.7319 0.60332 0.70419 0.53588 0.73221 0.39668 0.70419 0.46411 0.73221 0.60332 0.70419 0.56602 0.7319 0.62558 0.69726 0.60332 0.70419 0.5 0.74383 0.53588 0.73221 0.46411 0.73221 0.5 0.74383 0.56602 0.7319 0.53588 0.73221 0.43398 0.7319 0.46411 0.73221 0.39668 0.70419 0.43398 0.7319 0.5 0.74383 0.46411 0.73221 0.37442 0.69726 0.39668 0.70419 0.3417 0.65153 0.37442 0.69726 0.43398 0.7319 0.39668 0.70419 0.32715 0.64332 0.3417 0.65153 0.30583 0.58059 0.32715 0.64332 0.37442 0.69726 0.3417 0.65153 0.29681 0.57535 0.32715 0.64332 0.30583 0.58059 0.29681 0.42465 0.29649 0.41547 0.28343 0.5 0.28635 0.5 0.28343 0.5 0.29649 0.58453 0.29681 0.42465 0.28343 0.5 0.28635 0.5 0.71365 0.5 0.71657 0.5 0.70351 0.41547 0.70319 0.57535 0.70351 0.58453 0.71657 0.5 0.70319 0.57535 0.71657 0.5 0.71365 0.5 0.67285 0.35668 0.70351 0.41547 0.6659 0.34113 0.70319 0.42465 0.70351 0.41547 0.67285 0.35668 0.71365 0.5 0.70351 0.41547 0.70319 0.42465 0.62558 0.30274 0.6659 0.34113 0.60828 0.28595 0.67285 0.35668 0.6659 0.34113 0.62558 0.30274 0.56602 0.2681 0.60828 0.28595 0.53761 0.2566 0.62558 0.30274 0.60828 0.28595 0.56602 0.2681 0.5 0.25617 0.53761 0.2566 0.46239 0.2566 0.56602 0.2681 0.53761 0.2566 0.5 0.25617 0.43398 0.2681 0.46239 0.2566 0.39172 0.28595 0.5 0.25617 0.46239 0.2566 0.43398 0.2681 0.37442 0.30274 0.39172 0.28595 0.3341 0.34113 0.43398 0.2681 0.39172 0.28595 0.37442 0.30274 0.32715 0.35668 0.3341 0.34113 0.29649 0.41547 0.37442 0.30274 0.3341 0.34113 0.32715 0.35668 0.32715 0.35668 0.29649 0.41547 0.29681 0.42465 0.32715 0.64332 0.29649 0.58453 0.3341 0.65887 0.29681 0.57535 0.28635 0.5 0.29649 0.58453 0.29681 0.57535 0.29649 0.58453 0.32715 0.64332 0.37442 0.69726 0.3341 0.65887 0.39172 0.71405 0.32715 0.64332 0.3341 0.65887 0.37442 0.69726 0.43398 0.7319 0.39172 0.71405 0.46239 0.7434 0.37442 0.69726 0.39172 0.71405 0.43398 0.7319 0.5 0.74383 0.46239 0.7434 0.53761 0.7434 0.43398 0.7319 0.46239 0.7434 0.5 0.74383 0.56602 0.7319 0.53761 0.7434 0.60828 0.71405 0.5 0.74383 0.53761 0.7434 0.56602 0.7319 0.62558 0.69726 0.60828 0.71405 0.6659 0.65887 0.56602 0.7319 0.60828 0.71405 0.62558 0.69726 0.67285 0.64332 0.6659 0.65887 0.70351 0.58453 0.62558 0.69726 0.6659 0.65887 0.67285 0.64332 0.67285 0.64332 0.70351 0.58453 0.70319 0.57535 0.84666 0.73421 0.85191 0.73616 0.89327 0.625 0.85536 0.73738 0.89327 0.625 0.85191 0.73616 0.88767 0.625 0.84666 0.73421 0.89327 0.625 0.90192 0.625 0.88767 0.625 0.89327 0.625 0.85536 0.73738 0.89693 0.625 0.89327 0.625 0.90192 0.625 0.89327 0.625 0.89693 0.625 0.7825 0.82776 0.78693 0.83142 0.85191 0.73616 0.78985 0.83377 0.85191 0.73616 0.78693 0.83142 0.84666 0.73421 0.7825 0.82776 0.85191 0.73616 0.78985 0.83377 0.85536 0.73738 0.85191 0.73616 0.6995 0.89942 0.70269 0.90442 0.78693 0.83142 0.70482 0.90767 0.78693 0.83142 0.70269 0.90442 0.7825 0.82776 0.6995 0.89942 0.78693 0.83142 0.70482 0.90767 0.78985 0.83377 0.78693 0.83142 0.60319 0.94442 0.60484 0.95028 0.70269 0.90442 0.60598 0.9541 0.70269 0.90442 0.60484 0.95028 0.6995 0.89942 0.60319 0.94442 0.70269 0.90442 0.60598 0.9541 0.70482 0.90767 0.70269 0.90442 0.5 0.95975 0.49992 0.96591 0.60484 0.95028 0.5 0.96993 0.60484 0.95028 0.49992 0.96591 0.60319 0.94442 0.5 0.95975 0.60484 0.95028 0.5 0.96993 0.60598 0.9541 0.60484 0.95028 0.5 0.95975 0.395 0.95023 0.49992 0.96591 0.5 0.96993 0.49992 0.96591 0.395 0.95023 0.39681 0.94442 0.29715 0.90432 0.395 0.95023 0.39402 0.9541 0.395 0.95023 0.29715 0.90432 0.5 0.95975 0.39681 0.94442 0.395 0.95023 0.39402 0.9541 0.5 0.96993 0.395 0.95023 0.3005 0.89942 0.21293 0.83126 0.29715 0.90432 0.29518 0.90767 0.29715 0.90432 0.21293 0.83126 0.39681 0.94442 0.3005 0.89942 0.29715 0.90432 0.29518 0.90767 0.39402 0.9541 0.29715 0.90432 0.2175 0.82776 0.14799 0.73595 0.21293 0.83126 0.21014 0.83377 0.21293 0.83126 0.14799 0.73595 0.3005 0.89942 0.2175 0.82776 0.21293 0.83126 0.21014 0.83377 0.29518 0.90767 0.21293 0.83126 0.11232 0.625 0.10673 0.625 0.14799 0.73595 0.14464 0.73738 0.14799 0.73595 0.10673 0.625 0.15334 0.73421 0.11232 0.625 0.14799 0.73595 0.2175 0.82776 0.15334 0.73421 0.14799 0.73595 0.14464 0.73738 0.21014 0.83377 0.14799 0.73595 0.11777 0.625 0.10673 0.625 0.11232 0.625 0.11777 0.625 0.1195 0.625 0.10673 0.625 0.09808 0.625 0.10673 0.625 0.1195 0.625 0.10307 0.625 0.14464 0.73738 0.10673 0.625 0.01195 0.625 0.10307 0.625 0.10673 0.625 0.09808 0.625 0.01195 0.625 0.10673 0.625 0.11777 0.625 0.11232 0.625 0.15334 0.73421 0.16003 0.73166 0.15334 0.73421 0.2175 0.82776 0.1195 0.625 0.15334 0.73421 0.16003 0.73166 0.11777 0.625 0.15334 0.73421 0.1195 0.625 0.22311 0.82303 0.2175 0.82776 0.3005 0.89942 0.16003 0.73166 0.2175 0.82776 0.22311 0.82303 0.30454 0.893 0.3005 0.89942 0.39681 0.94442 0.22311 0.82303 0.3005 0.89942 0.30454 0.893 0.39892 0.93692 0.39681 0.94442 0.5 0.95975 0.30454 0.893 0.39681 0.94442 0.39892 0.93692 0.60108 0.93692 0.5 0.95975 0.60319 0.94442 0.5 0.95189 0.5 0.95975 0.60108 0.93692 0.39892 0.93692 0.5 0.95975 0.5 0.95189 0.69546 0.893 0.60319 0.94442 0.6995 0.89942 0.60108 0.93692 0.60319 0.94442 0.69546 0.893 0.77689 0.82303 0.6995 0.89942 0.7825 0.82776 0.69546 0.893 0.6995 0.89942 0.77689 0.82303 0.83997 0.73166 0.7825 0.82776 0.84666 0.73421 0.77689 0.82303 0.7825 0.82776 0.83997 0.73166 0.88225 0.625 0.84666 0.73421 0.88767 0.625 0.83997 0.73166 0.84666 0.73421 0.88051 0.625 0.88225 0.625 0.88051 0.625 0.84666 0.73421 0.90192 0.625 0.88225 0.625 0.88767 0.625 0.85191 0.26384 0.88767 0.375 0.89327 0.375 0.88255 0.375 0.89327 0.375 0.88767 0.375 0.85536 0.26262 0.85191 0.26384 0.89327 0.375 0.88255 0.375 0.88053 0.375 0.89327 0.375 0.90192 0.375 0.89327 0.375 0.88053 0.375 0.85536 0.26262 0.89327 0.375 0.89693 0.375 0.98805 0.375 0.89693 0.375 0.89327 0.375 0.90192 0.375 0.98805 0.375 0.89327 0.375 0.85191 0.26384 0.84666 0.26579 0.88767 0.375 0.88255 0.375 0.88767 0.375 0.84666 0.26579 0.85191 0.26384 0.7825 0.17224 0.84666 0.26579 0.83998 0.26835 0.84666 0.26579 0.7825 0.17224 0.88053 0.375 0.84666 0.26579 0.83998 0.26835 0.88255 0.375 0.84666 0.26579 0.88053 0.375 0.78692 0.16857 0.6995 0.10058 0.7825 0.17224 0.77689 0.17697 0.7825 0.17224 0.6995 0.10058 0.85191 0.26384 0.78692 0.16857 0.7825 0.17224 0.83998 0.26835 0.7825 0.17224 0.77689 0.17697 0.70268 0.09557 0.60319 0.05558 0.6995 0.10058 0.69546 0.10701 0.6995 0.10058 0.60319 0.05558 0.78692 0.16857 0.70268 0.09557 0.6995 0.10058 0.77689 0.17697 0.6995 0.10058 0.69546 0.10701 0.60482 0.04971 0.5 0.04025 0.60319 0.05558 0.60108 0.06308 0.60319 0.05558 0.5 0.04025 0.70268 0.09557 0.60482 0.04971 0.60319 0.05558 0.69546 0.10701 0.60319 0.05558 0.60108 0.06308 0.39498 0.04977 0.39681 0.05558 0.5 0.04025 0.5 0.04811 0.5 0.04025 0.39681 0.05558 0.4999 0.03409 0.39498 0.04977 0.5 0.04025 0.60482 0.04971 0.4999 0.03409 0.5 0.04025 0.60108 0.06308 0.5 0.04025 0.5 0.04811 0.29713 0.09569 0.3005 0.10058 0.39681 0.05558 0.30454 0.10701 0.39681 0.05558 0.3005 0.10058 0.39498 0.04977 0.29713 0.09569 0.39681 0.05558 0.39892 0.06308 0.39681 0.05558 0.30454 0.10701 0.5 0.04811 0.39681 0.05558 0.39892 0.06308 0.21292 0.16875 0.2175 0.17224 0.3005 0.10058 0.22311 0.17697 0.3005 0.10058 0.2175 0.17224 0.29713 0.09569 0.21292 0.16875 0.3005 0.10058 0.30454 0.10701 0.3005 0.10058 0.22311 0.17697 0.14798 0.26407 0.15334 0.26579 0.2175 0.17224 0.16002 0.26835 0.2175 0.17224 0.15334 0.26579 0.21292 0.16875 0.14798 0.26407 0.2175 0.17224 0.22311 0.17697 0.2175 0.17224 0.16002 0.26835 0.10673 0.375 0.11232 0.375 0.15334 0.26579 0.11745 0.375 0.15334 0.26579 0.11232 0.375 0.14798 0.26407 0.10673 0.375 0.15334 0.26579 0.16002 0.26835 0.15334 0.26579 0.11947 0.375 0.11745 0.375 0.11947 0.375 0.15334 0.26579 0.09808 0.375 0.11232 0.375 0.10673 0.375 0.09808 0.375 0.11745 0.375 0.11232 0.375 0.14464 0.26262 0.10673 0.375 0.14798 0.26407 0.10307 0.375 0.10673 0.375 0.14464 0.26262 0.09808 0.375 0.10673 0.375 0.10307 0.375 0.21014 0.16623 0.14798 0.26407 0.21292 0.16875 0.14464 0.26262 0.14798 0.26407 0.21014 0.16623 0.29518 0.09233 0.21292 0.16875 0.29713 0.09569 0.21014 0.16623 0.21292 0.16875 0.29518 0.09233 0.39402 0.0459 0.29713 0.09569 0.39498 0.04977 0.29518 0.09233 0.29713 0.09569 0.39402 0.0459 0.39402 0.0459 0.39498 0.04977 0.4999 0.03409 0.5 0.03007 0.4999 0.03409 0.60482 0.04971 0.39402 0.0459 0.4999 0.03409 0.5 0.03007 0.60598 0.0459 0.60482 0.04971 0.70268 0.09557 0.5 0.03007 0.60482 0.04971 0.60598 0.0459 0.70482 0.09233 0.70268 0.09557 0.78692 0.16857 0.60598 0.0459 0.70268 0.09557 0.70482 0.09233 0.78985 0.16623 0.78692 0.16857 0.85191 0.26384 0.70482 0.09233 0.78692 0.16857 0.78985 0.16623 0.78985 0.16623 0.85191 0.26384 0.85536 0.26262 0.85678 0.73791 0.89844 0.625 0.89844 0.625 0.98805 0.625 0.89844 0.625 0.89844 0.625 0.89693 0.625 0.85678 0.73791 0.89844 0.625 0.90192 0.625 0.89693 0.625 0.89844 0.625 0.98805 0.625 0.90192 0.625 0.89844 0.625 0.85678 0.73791 0.85678 0.73791 0.89844 0.625 0.85821 0.73843 0.89844 0.625 0.85678 0.73791 0.85821 0.73843 0.89991 0.625 0.89844 0.625 0.93563 0.625 0.89844 0.625 0.89991 0.625 0.98805 0.625 0.98805 0.625 0.89844 0.625 0.94293 0.625 0.98805 0.625 0.89844 0.625 0.93563 0.625 0.94293 0.625 0.89844 0.625 0.79105 0.83476 0.79105 0.83476 0.85678 0.73791 0.79225 0.83574 0.85678 0.73791 0.79105 0.83476 0.85678 0.73791 0.79105 0.83476 0.85678 0.73791 0.79225 0.83574 0.85821 0.73843 0.85678 0.73791 0.70568 0.90902 0.70568 0.90902 0.79105 0.83476 0.70655 0.91037 0.79105 0.83476 0.70568 0.90902 0.79105 0.83476 0.70568 0.90902 0.79105 0.83476 0.70655 0.91037 0.79225 0.83574 0.79105 0.83476 0.60643 0.95568 0.60643 0.95568 0.70568 0.90902 0.60689 0.95726 0.70568 0.90902 0.60643 0.95568 0.70568 0.90902 0.60643 0.95568 0.70568 0.90902 0.60689 0.95726 0.70655 0.91037 0.70568 0.90902 0.5 0.97159 0.5 0.97159 0.60643 0.95568 0.60689 0.95726 0.60643 0.95568 0.5 0.97159 0.60643 0.95568 0.5 0.97159 0.60643 0.95568 0.39357 0.95568 0.39357 0.95568 0.5 0.97159 0.5 0.97325 0.5 0.97159 0.39357 0.95568 0.5 0.97159 0.39357 0.95568 0.5 0.97159 0.5 0.97325 0.60689 0.95726 0.5 0.97159 0.29432 0.90902 0.29432 0.90902 0.39357 0.95568 0.39311 0.95726 0.39357 0.95568 0.29432 0.90902 0.39357 0.95568 0.29432 0.90902 0.39357 0.95568 0.39311 0.95726 0.5 0.97325 0.39357 0.95568 0.20895 0.83476 0.20895 0.83476 0.29432 0.90902 0.29345 0.91037 0.29432 0.90902 0.20895 0.83476 0.29432 0.90902 0.20895 0.83476 0.29432 0.90902 0.29345 0.91037 0.39311 0.95726 0.29432 0.90902 0.14322 0.73791 0.14322 0.73791 0.20895 0.83476 0.20775 0.83574 0.20895 0.83476 0.14322 0.73791 0.20895 0.83476 0.14322 0.73791 0.20895 0.83476 0.20775 0.83574 0.29345 0.91037 0.20895 0.83476 0.10156 0.625 0.10156 0.625 0.14322 0.73791 0.1418 0.73843 0.14322 0.73791 0.10156 0.625 0.14322 0.73791 0.10156 0.625 0.14322 0.73791 0.1418 0.73843 0.20775 0.83574 0.14322 0.73791 0.05707 0.625 0.10156 0.625 0.10156 0.625 0.10005 0.625 0.1418 0.73843 0.10156 0.625 0.06437 0.625 0.10005 0.625 0.10156 0.625 0.06437 0.625 0.10156 0.625 0.05707 0.625 0.10307 0.625 0.10156 0.625 0.14322 0.73791 0.01195 0.625 0.10156 0.625 0.10307 0.625 0.01195 0.625 0.05707 0.625 0.10156 0.625 0.01195 0.625 0.01195 0.625 0.10156 0.625 0.14464 0.73738 0.14322 0.73791 0.20895 0.83476 0.10307 0.625 0.14322 0.73791 0.14464 0.73738 0.21014 0.83377 0.20895 0.83476 0.29432 0.90902 0.14464 0.73738 0.20895 0.83476 0.21014 0.83377 0.29518 0.90767 0.29432 0.90902 0.39357 0.95568 0.21014 0.83377 0.29432 0.90902 0.29518 0.90767 0.39402 0.9541 0.39357 0.95568 0.5 0.97159 0.29518 0.90767 0.39357 0.95568 0.39402 0.9541 0.5 0.96993 0.5 0.97159 0.60643 0.95568 0.39402 0.9541 0.5 0.97159 0.5 0.96993 0.70482 0.90767 0.60643 0.95568 0.70568 0.90902 0.60598 0.9541 0.60643 0.95568 0.70482 0.90767 0.5 0.96993 0.60643 0.95568 0.60598 0.9541 0.78985 0.83377 0.70568 0.90902 0.79105 0.83476 0.70482 0.90767 0.70568 0.90902 0.78985 0.83377 0.85536 0.73738 0.79105 0.83476 0.85678 0.73791 0.78985 0.83377 0.79105 0.83476 0.85536 0.73738 0.85536 0.73738 0.85678 0.73791 0.89693 0.625 0.85678 0.2621 0.85678 0.2621 0.89844 0.375 0.89693 0.375 0.89844 0.375 0.85678 0.2621 0.89844 0.375 0.85678 0.2621 0.89844 0.375 0.94293 0.375 0.89844 0.375 0.89844 0.375 0.98805 0.375 0.89844 0.375 0.89693 0.375 0.98805 0.375 0.94293 0.375 0.89844 0.375 0.98805 0.375 0.98805 0.375 0.89844 0.375 0.79105 0.16524 0.79105 0.16524 0.85678 0.2621 0.85536 0.26262 0.85678 0.2621 0.79105 0.16524 0.85678 0.2621 0.79105 0.16524 0.85678 0.2621 0.85536 0.26262 0.89693 0.375 0.85678 0.2621 0.70568 0.09098 0.70568 0.09098 0.79105 0.16524 0.78985 0.16623 0.79105 0.16524 0.70568 0.09098 0.79105 0.16524 0.70568 0.09098 0.79105 0.16524 0.78985 0.16623 0.85536 0.26262 0.79105 0.16524 0.60643 0.04432 0.60643 0.04432 0.70568 0.09098 0.70482 0.09233 0.70568 0.09098 0.60643 0.04432 0.70568 0.09098 0.60643 0.04432 0.70568 0.09098 0.70482 0.09233 0.78985 0.16623 0.70568 0.09098 0.5 0.02841 0.5 0.02841 0.60643 0.04432 0.60598 0.0459 0.60643 0.04432 0.5 0.02841 0.60643 0.04432 0.5 0.02841 0.60643 0.04432 0.60598 0.0459 0.70482 0.09233 0.60643 0.04432 0.39357 0.04432 0.39357 0.04432 0.5 0.02841 0.5 0.03007 0.5 0.02841 0.39357 0.04432 0.5 0.02841 0.39357 0.04432 0.5 0.02841 0.5 0.03007 0.60598 0.0459 0.5 0.02841 0.29432 0.09098 0.29432 0.09098 0.39357 0.04432 0.29518 0.09233 0.39357 0.04432 0.29432 0.09098 0.39357 0.04432 0.29432 0.09098 0.39357 0.04432 0.39402 0.0459 0.5 0.03007 0.39357 0.04432 0.29518 0.09233 0.39402 0.0459 0.39357 0.04432 0.20895 0.16524 0.20895 0.16524 0.29432 0.09098 0.21014 0.16623 0.29432 0.09098 0.20895 0.16524 0.29432 0.09098 0.20895 0.16524 0.29432 0.09098 0.21014 0.16623 0.29518 0.09233 0.29432 0.09098 0.14322 0.2621 0.14322 0.2621 0.20895 0.16524 0.14464 0.26262 0.20895 0.16524 0.14322 0.2621 0.20895 0.16524 0.14322 0.2621 0.20895 0.16524 0.14464 0.26262 0.21014 0.16623 0.20895 0.16524 0.10156 0.375 0.10156 0.375 0.14322 0.2621 0.10307 0.375 0.14322 0.2621 0.10156 0.375 0.14322 0.2621 0.10156 0.375 0.14322 0.2621 0.10307 0.375 0.14464 0.26262 0.14322 0.2621 0.01195 0.375 0.10156 0.375 0.10156 0.375 0.09808 0.375 0.10307 0.375 0.10156 0.375 0.01195 0.375 0.09808 0.375 0.10156 0.375 0.1418 0.26157 0.10156 0.375 0.14322 0.2621 0.10008 0.375 0.10156 0.375 0.1418 0.26157 0.06437 0.375 0.10156 0.375 0.10008 0.375 0.01195 0.375 0.01195 0.375 0.10156 0.375 0.05707 0.375 0.01195 0.375 0.10156 0.375 0.06437 0.375 0.05707 0.375 0.10156 0.375 0.20775 0.16426 0.14322 0.2621 0.20895 0.16524 0.1418 0.26157 0.14322 0.2621 0.20775 0.16426 0.29345 0.08963 0.20895 0.16524 0.29432 0.09098 0.20775 0.16426 0.20895 0.16524 0.29345 0.08963 0.39311 0.04274 0.29432 0.09098 0.39357 0.04432 0.29345 0.08963 0.29432 0.09098 0.39311 0.04274 0.39311 0.04274 0.39357 0.04432 0.5 0.02841 0.5 0.02674 0.5 0.02841 0.60643 0.04432 0.39311 0.04274 0.5 0.02841 0.5 0.02674 0.60689 0.04274 0.60643 0.04432 0.70568 0.09098 0.5 0.02674 0.60643 0.04432 0.60689 0.04274 0.70655 0.08963 0.70568 0.09098 0.79105 0.16524 0.60689 0.04274 0.70568 0.09098 0.70655 0.08963 0.79225 0.16426 0.79105 0.16524 0.85678 0.2621 0.70655 0.08963 0.79105 0.16524 0.79225 0.16426 0.8582 0.26157 0.85678 0.2621 0.89844 0.375 0.79225 0.16426 0.85678 0.2621 0.8582 0.26157 0.8582 0.26157 0.89844 0.375 0.89995 0.375 0.93563 0.375 0.89995 0.375 0.89844 0.375 0.93563 0.375 0.89844 0.375 0.94293 0.375 0.86161 0.73973 0.89602 0.68573 0.91391 0.625 0.90691 0.67612 0.91391 0.625 0.89602 0.68573 0.9036 0.625 0.86161 0.73973 0.91391 0.625 0.93563 0.625 0.9036 0.625 0.91391 0.625 0.90691 0.67612 0.93202 0.55987 0.91391 0.625 0.91456 0.62216 0.91391 0.625 0.93202 0.55987 0.92427 0.625 0.91391 0.625 0.91456 0.62216 0.93563 0.625 0.91391 0.625 0.92427 0.625 0.86161 0.73973 0.87132 0.74326 0.89602 0.68573 0.90691 0.67612 0.89602 0.68573 0.87132 0.74326 0.79511 0.83816 0.84025 0.79661 0.87132 0.74326 0.85816 0.78214 0.87132 0.74326 0.84025 0.79661 0.86161 0.73973 0.79511 0.83816 0.87132 0.74326 0.85816 0.78214 0.90691 0.67612 0.87132 0.74326 0.79511 0.83816 0.80332 0.84486 0.84025 0.79661 0.85816 0.78214 0.84025 0.79661 0.80332 0.84486 0.70859 0.91366 0.76118 0.88719 0.80332 0.84486 0.78859 0.87176 0.80332 0.84486 0.76118 0.88719 0.79511 0.83816 0.70859 0.91366 0.80332 0.84486 0.78859 0.87176 0.85816 0.78214 0.80332 0.84486 0.70859 0.91366 0.71456 0.92286 0.76118 0.88719 0.78859 0.87176 0.76118 0.88719 0.71456 0.92286 0.60793 0.9611 0.66424 0.95126 0.71456 0.92286 0.70225 0.93978 0.71456 0.92286 0.66424 0.95126 0.70859 0.91366 0.60793 0.9611 0.71456 0.92286 0.70225 0.93978 0.78859 0.87176 0.71456 0.92286 0.60793 0.9611 0.61109 0.9719 0.66424 0.95126 0.70225 0.93978 0.66424 0.95126 0.61109 0.9719 0.44397 0.98443 0.55603 0.98443 0.61109 0.9719 0.60415 0.98224 0.61109 0.9719 0.55603 0.98443 0.4999 0.97727 0.44397 0.98443 0.61109 0.9719 0.60793 0.9611 0.4999 0.97727 0.61109 0.9719 0.60415 0.98224 0.70225 0.93978 0.61109 0.9719 0.44397 0.98443 0.5 0.98864 0.55603 0.98443 0.60415 0.98224 0.55603 0.98443 0.5 0.98864 0.5 0.99667 0.5 0.98864 0.44397 0.98443 0.5 0.99667 0.60415 0.98224 0.5 0.98864 0.4999 0.97727 0.38891 0.9719 0.44397 0.98443 0.39585 0.98224 0.44397 0.98443 0.38891 0.9719 0.39585 0.98224 0.5 0.99667 0.44397 0.98443 0.39188 0.96104 0.33577 0.95126 0.38891 0.9719 0.39585 0.98224 0.38891 0.9719 0.33577 0.95126 0.4999 0.97727 0.39188 0.96104 0.38891 0.9719 0.29122 0.91354 0.28545 0.92286 0.33577 0.95126 0.29775 0.93978 0.33577 0.95126 0.28545 0.92286 0.39188 0.96104 0.29122 0.91354 0.33577 0.95126 0.29775 0.93978 0.39585 0.98224 0.33577 0.95126 0.29122 0.91354 0.23882 0.88719 0.28545 0.92286 0.29775 0.93978 0.28545 0.92286 0.23882 0.88719 0.20474 0.83798 0.19668 0.84486 0.23882 0.88719 0.21141 0.87176 0.23882 0.88719 0.19668 0.84486 0.29122 0.91354 0.20474 0.83798 0.23882 0.88719 0.21141 0.87176 0.29775 0.93978 0.23882 0.88719 0.20474 0.83798 0.15975 0.79661 0.19668 0.84486 0.21141 0.87176 0.19668 0.84486 0.15975 0.79661 0.13828 0.73951 0.12868 0.74326 0.15975 0.79661 0.14184 0.78214 0.15975 0.79661 0.12868 0.74326 0.20474 0.83798 0.13828 0.73951 0.15975 0.79661 0.14184 0.78214 0.21141 0.87176 0.15975 0.79661 0.13828 0.73951 0.10398 0.68573 0.12868 0.74326 0.14184 0.78214 0.12868 0.74326 0.10398 0.68573 0.0964 0.625 0.08609 0.625 0.10398 0.68573 0.09309 0.67612 0.10398 0.68573 0.08609 0.625 0.13828 0.73951 0.0964 0.625 0.10398 0.68573 0.09309 0.67612 0.14184 0.78214 0.10398 0.68573 0.10005 0.625 0.08609 0.625 0.0964 0.625 0.09309 0.67612 0.08609 0.625 0.08544 0.62216 0.07573 0.61932 0.08544 0.62216 0.08609 0.625 0.07573 0.625 0.08609 0.625 0.10005 0.625 0.07573 0.61932 0.08609 0.625 0.07573 0.625 0.10005 0.625 0.0964 0.625 0.13828 0.73951 0.1418 0.73843 0.13828 0.73951 0.20474 0.83798 0.10005 0.625 0.13828 0.73951 0.1418 0.73843 0.20775 0.83574 0.20474 0.83798 0.29122 0.91354 0.1418 0.73843 0.20474 0.83798 0.20775 0.83574 0.29345 0.91037 0.29122 0.91354 0.39188 0.96104 0.20775 0.83574 0.29122 0.91354 0.29345 0.91037 0.39311 0.95726 0.39188 0.96104 0.4999 0.97727 0.29345 0.91037 0.39188 0.96104 0.39311 0.95726 0.5 0.97325 0.4999 0.97727 0.60793 0.9611 0.39311 0.95726 0.4999 0.97727 0.5 0.97325 0.70655 0.91037 0.60793 0.9611 0.70859 0.91366 0.60689 0.95726 0.60793 0.9611 0.70655 0.91037 0.5 0.97325 0.60793 0.9611 0.60689 0.95726 0.79225 0.83574 0.70859 0.91366 0.79511 0.83816 0.70655 0.91037 0.70859 0.91366 0.79225 0.83574 0.85821 0.73843 0.79511 0.83816 0.86161 0.73973 0.79225 0.83574 0.79511 0.83816 0.85821 0.73843 0.89991 0.625 0.86161 0.73973 0.9036 0.625 0.85821 0.73843 0.86161 0.73973 0.89991 0.625 0.93563 0.625 0.89991 0.625 0.9036 0.625 0.89602 0.31427 0.9036 0.375 0.91391 0.375 0.89995 0.375 0.91391 0.375 0.9036 0.375 0.90691 0.32388 0.89602 0.31427 0.91391 0.375 0.90691 0.32388 0.91391 0.375 0.91456 0.37784 0.92427 0.38068 0.91456 0.37784 0.91391 0.375 0.92427 0.375 0.91391 0.375 0.89995 0.375 0.92427 0.38068 0.91391 0.375 0.92427 0.375 0.89602 0.31427 0.86161 0.26027 0.9036 0.375 0.89995 0.375 0.9036 0.375 0.86161 0.26027 0.84025 0.20338 0.7951 0.16183 0.86161 0.26027 0.8582 0.26157 0.86161 0.26027 0.7951 0.16183 0.87132 0.25673 0.84025 0.20338 0.86161 0.26027 0.89602 0.31427 0.87132 0.25673 0.86161 0.26027 0.8582 0.26157 0.89995 0.375 0.86161 0.26027 0.76118 0.11281 0.70858 0.08633 0.7951 0.16183 0.79225 0.16426 0.7951 0.16183 0.70858 0.08633 0.80332 0.15513 0.76118 0.11281 0.7951 0.16183 0.84025 0.20338 0.80332 0.15513 0.7951 0.16183 0.79225 0.16426 0.8582 0.26157 0.7951 0.16183 0.66423 0.04874 0.60791 0.03889 0.70858 0.08633 0.70655 0.08963 0.70858 0.08633 0.60791 0.03889 0.71455 0.07714 0.66423 0.04874 0.70858 0.08633 0.76118 0.11281 0.71455 0.07714 0.70858 0.08633 0.70655 0.08963 0.79225 0.16426 0.70858 0.08633 0.61109 0.0281 0.49988 0.02273 0.60791 0.03889 0.60689 0.04274 0.60791 0.03889 0.49988 0.02273 0.66423 0.04874 0.61109 0.0281 0.60791 0.03889 0.60689 0.04274 0.70655 0.08963 0.60791 0.03889 0.38891 0.0281 0.39186 0.03896 0.49988 0.02273 0.39311 0.04274 0.49988 0.02273 0.39186 0.03896 0.55603 0.01556 0.38891 0.0281 0.49988 0.02273 0.61109 0.0281 0.55603 0.01556 0.49988 0.02273 0.5 0.02674 0.60689 0.04274 0.49988 0.02273 0.39311 0.04274 0.5 0.02674 0.49988 0.02273 0.28545 0.07714 0.29121 0.08647 0.39186 0.03896 0.29345 0.08963 0.39186 0.03896 0.29121 0.08647 0.33576 0.04874 0.28545 0.07714 0.39186 0.03896 0.38891 0.0281 0.33576 0.04874 0.39186 0.03896 0.29345 0.08963 0.39311 0.04274 0.39186 0.03896 0.19668 0.15514 0.20472 0.16203 0.29121 0.08647 0.20775 0.16426 0.29121 0.08647 0.20472 0.16203 0.23882 0.11281 0.19668 0.15514 0.29121 0.08647 0.28545 0.07714 0.23882 0.11281 0.29121 0.08647 0.20775 0.16426 0.29345 0.08963 0.29121 0.08647 0.12868 0.25674 0.13827 0.26051 0.20472 0.16203 0.1418 0.26157 0.20472 0.16203 0.13827 0.26051 0.15975 0.20339 0.12868 0.25674 0.20472 0.16203 0.19668 0.15514 0.15975 0.20339 0.20472 0.16203 0.1418 0.26157 0.20775 0.16426 0.20472 0.16203 0.08609 0.375 0.0964 0.375 0.13827 0.26051 0.10008 0.375 0.13827 0.26051 0.0964 0.375 0.10398 0.31427 0.08609 0.375 0.13827 0.26051 0.12868 0.25674 0.10398 0.31427 0.13827 0.26051 0.10008 0.375 0.1418 0.26157 0.13827 0.26051 0.06437 0.375 0.0964 0.375 0.08609 0.375 0.06437 0.375 0.10008 0.375 0.0964 0.375 0.09309 0.32388 0.08609 0.375 0.10398 0.31427 0.09309 0.32388 0.06798 0.44013 0.08609 0.375 0.08544 0.37784 0.08609 0.375 0.06798 0.44013 0.07573 0.375 0.08609 0.375 0.08544 0.37784 0.06437 0.375 0.08609 0.375 0.07573 0.375 0.09309 0.32388 0.10398 0.31427 0.12868 0.25674 0.14184 0.21786 0.12868 0.25674 0.15975 0.20339 0.14184 0.21786 0.09309 0.32388 0.12868 0.25674 0.14184 0.21786 0.15975 0.20339 0.19668 0.15514 0.21141 0.12824 0.19668 0.15514 0.23882 0.11281 0.21141 0.12824 0.14184 0.21786 0.19668 0.15514 0.21141 0.12824 0.23882 0.11281 0.28545 0.07714 0.29775 0.06022 0.28545 0.07714 0.33576 0.04874 0.29775 0.06022 0.21141 0.12824 0.28545 0.07714 0.29775 0.06022 0.33576 0.04874 0.38891 0.0281 0.55603 0.01556 0.44397 0.01556 0.38891 0.0281 0.39585 0.01776 0.38891 0.0281 0.44397 0.01556 0.39585 0.01776 0.29775 0.06022 0.38891 0.0281 0.55603 0.01556 0.5 0.01136 0.44397 0.01556 0.39585 0.01776 0.44397 0.01556 0.5 0.01136 0.5 0.00333 0.5 0.01136 0.55603 0.01556 0.39585 0.01776 0.5 0.01136 0.5 0.00333 0.60415 0.01776 0.55603 0.01556 0.61109 0.0281 0.60415 0.01776 0.5 0.00333 0.55603 0.01556 0.60415 0.01776 0.61109 0.0281 0.66423 0.04874 0.70225 0.06022 0.66423 0.04874 0.71455 0.07714 0.70225 0.06022 0.60415 0.01776 0.66423 0.04874 0.70225 0.06022 0.71455 0.07714 0.76118 0.11281 0.78859 0.12824 0.76118 0.11281 0.80332 0.15513 0.78859 0.12824 0.70225 0.06022 0.76118 0.11281 0.78859 0.12824 0.80332 0.15513 0.84025 0.20338 0.85816 0.21786 0.84025 0.20338 0.87132 0.25673 0.85816 0.21786 0.78859 0.12824 0.84025 0.20338 0.85816 0.21786 0.87132 0.25673 0.89602 0.31427 0.90691 0.32388 0.85816 0.21786 0.89602 0.31427 0.38661 0.01704 0.38661 0.01704 0.5 0 0.5 0.00333 0.5 0 0.38661 0.01704 0.5 0 0.38661 0.01704 0.5 0 0.61339 0.01704 0.5 0 0.5 0 0.60415 0.01776 0.61339 0.01704 0.5 0 0.60415 0.01776 0.5 0 0.5 0.00333 0.28095 0.06699 0.28095 0.06699 0.38661 0.01704 0.29775 0.06022 0.38661 0.01704 0.28095 0.06699 0.38661 0.01704 0.28095 0.06699 0.38661 0.01704 0.39585 0.01776 0.5 0.00333 0.38661 0.01704 0.39585 0.01776 0.38661 0.01704 0.29775 0.06022 0.19021 0.14645 0.19021 0.14645 0.28095 0.06699 0.21141 0.12824 0.28095 0.06699 0.19021 0.14645 0.28095 0.06699 0.19021 0.14645 0.28095 0.06699 0.29775 0.06022 0.28095 0.06699 0.21141 0.12824 0.12058 0.25 0.12058 0.25 0.19021 0.14645 0.14184 0.21786 0.19021 0.14645 0.12058 0.25 0.19021 0.14645 0.12058 0.25 0.19021 0.14645 0.21141 0.12824 0.19021 0.14645 0.14184 0.21786 0.07682 0.37059 0.07682 0.37059 0.12058 0.25 0.09309 0.32388 0.12058 0.25 0.07682 0.37059 0.12058 0.25 0.07682 0.37059 0.12058 0.25 0.14184 0.21786 0.12058 0.25 0.09309 0.32388 0.06189 0.5 0.06189 0.5 0.07682 0.37059 0.06798 0.44013 0.07682 0.37059 0.06189 0.5 0.07682 0.37059 0.06189 0.5 0.07682 0.37059 0.09309 0.32388 0.07682 0.37059 0.06798 0.44013 0.07682 0.62941 0.07682 0.62941 0.06189 0.5 0.06798 0.55987 0.06189 0.5 0.07682 0.62941 0.06189 0.5 0.07682 0.62941 0.06189 0.5 0.06798 0.44013 0.06189 0.5 0.06798 0.55987 0.12058 0.75 0.12058 0.75 0.07682 0.62941 0.09309 0.67612 0.07682 0.62941 0.12058 0.75 0.07682 0.62941 0.12058 0.75 0.07682 0.62941 0.06798 0.55987 0.07682 0.62941 0.09309 0.67612 0.19021 0.85355 0.19021 0.85355 0.12058 0.75 0.14184 0.78214 0.12058 0.75 0.19021 0.85355 0.12058 0.75 0.19021 0.85355 0.12058 0.75 0.09309 0.67612 0.12058 0.75 0.14184 0.78214 0.28095 0.93301 0.28095 0.93301 0.19021 0.85355 0.21141 0.87176 0.19021 0.85355 0.28095 0.93301 0.19021 0.85355 0.28095 0.93301 0.19021 0.85355 0.14184 0.78214 0.19021 0.85355 0.21141 0.87176 0.38661 0.98296 0.38661 0.98296 0.28095 0.93301 0.29775 0.93978 0.28095 0.93301 0.38661 0.98296 0.28095 0.93301 0.38661 0.98296 0.28095 0.93301 0.21141 0.87176 0.28095 0.93301 0.29775 0.93978 0.5 1 0.5 1 0.38661 0.98296 0.39585 0.98224 0.38661 0.98296 0.5 1 0.38661 0.98296 0.5 1 0.38661 0.98296 0.29775 0.93978 0.38661 0.98296 0.39585 0.98224 0.61339 0.98296 0.5 1 0.5 1 0.61339 0.98296 0.61339 0.98296 0.5 1 0.5 0.99667 0.5 1 0.61339 0.98296 0.39585 0.98224 0.5 1 0.5 0.99667 0.5 0.99667 0.5 1 0.38661 0.98296 0.60415 0.98224 0.61339 0.98296 0.5 1 0.60415 0.98224 0.5 1 0.5 0.99667 0.29775 0.93978 0.38661 0.98296 0.28095 0.93301 0.39585 0.98224 0.5 0.99667 0.38661 0.98296 0.39585 0.98224 0.38661 0.98296 0.29775 0.93978 0.21141 0.87176 0.28095 0.93301 0.19021 0.85355 0.29775 0.93978 0.28095 0.93301 0.21141 0.87176 0.14184 0.78214 0.19021 0.85355 0.12058 0.75 0.21141 0.87176 0.19021 0.85355 0.14184 0.78214 0.09309 0.67612 0.12058 0.75 0.07682 0.62941 0.14184 0.78214 0.12058 0.75 0.09309 0.67612 0.06798 0.55987 0.07682 0.62941 0.06189 0.5 0.09309 0.67612 0.07682 0.62941 0.06798 0.55987 0.06798 0.44013 0.06189 0.5 0.07682 0.37059 0.06798 0.55987 0.06189 0.5 0.06798 0.44013 0.09309 0.32388 0.07682 0.37059 0.12058 0.25 0.06798 0.44013 0.07682 0.37059 0.09309 0.32388 0.14184 0.21786 0.12058 0.25 0.19021 0.14645 0.09309 0.32388 0.12058 0.25 0.14184 0.21786 0.21141 0.12824 0.19021 0.14645 0.28095 0.06699 0.14184 0.21786 0.19021 0.14645 0.21141 0.12824 0.29775 0.06022 0.28095 0.06699 0.38661 0.01704 0.21141 0.12824 0.28095 0.06699 0.29775 0.06022 0.39585 0.01776 0.38661 0.01704 0.5 0 0.29775 0.06022 0.38661 0.01704 0.39585 0.01776 0.61339 0.01704 0.5 0 0.61339 0.01704 0.5 0.00333 0.5 0 0.61339 0.01704 0.39585 0.01776 0.5 0 0.5 0.00333 0.71905 0.93301 0.71905 0.93301 0.61339 0.98296 0.70225 0.93978 0.61339 0.98296 0.71905 0.93301 0.61339 0.98296 0.71905 0.93301 0.61339 0.98296 0.60415 0.98224 0.61339 0.98296 0.70225 0.93978 0.5 0.99667 0.61339 0.98296 0.60415 0.98224 0.80979 0.85355 0.80979 0.85355 0.71905 0.93301 0.78859 0.87176 0.71905 0.93301 0.80979 0.85355 0.71905 0.93301 0.80979 0.85355 0.71905 0.93301 0.70225 0.93978 0.71905 0.93301 0.78859 0.87176 0.87941 0.75 0.87941 0.75 0.80979 0.85355 0.85816 0.78214 0.80979 0.85355 0.87941 0.75 0.80979 0.85355 0.87941 0.75 0.80979 0.85355 0.78859 0.87176 0.80979 0.85355 0.85816 0.78214 0.92318 0.62941 0.92318 0.62941 0.87941 0.75 0.90691 0.67612 0.87941 0.75 0.92318 0.62941 0.87941 0.75 0.92318 0.62941 0.87941 0.75 0.85816 0.78214 0.87941 0.75 0.90691 0.67612 0.93811 0.5 0.93811 0.5 0.92318 0.62941 0.93202 0.55987 0.92318 0.62941 0.93811 0.5 0.92318 0.62941 0.93811 0.5 0.92318 0.62941 0.90691 0.67612 0.92318 0.62941 0.93202 0.55987 0.92318 0.37059 0.92318 0.37059 0.93811 0.5 0.93202 0.44013 0.93811 0.5 0.92318 0.37059 0.93811 0.5 0.92318 0.37059 0.93811 0.5 0.93202 0.55987 0.93811 0.5 0.93202 0.44013 0.87941 0.25 0.87941 0.25 0.92318 0.37059 0.90691 0.32388 0.92318 0.37059 0.87941 0.25 0.92318 0.37059 0.87941 0.25 0.92318 0.37059 0.93202 0.44013 0.92318 0.37059 0.90691 0.32388 0.80979 0.14645 0.80979 0.14645 0.87941 0.25 0.85816 0.21786 0.87941 0.25 0.80979 0.14645 0.87941 0.25 0.80979 0.14645 0.87941 0.25 0.90691 0.32388 0.87941 0.25 0.85816 0.21786 0.71905 0.06699 0.71905 0.06699 0.80979 0.14645 0.78859 0.12824 0.80979 0.14645 0.71905 0.06699 0.80979 0.14645 0.71905 0.06699 0.80979 0.14645 0.85816 0.21786 0.80979 0.14645 0.78859 0.12824 0.61339 0.01704 0.61339 0.01704 0.71905 0.06699 0.70225 0.06022 0.71905 0.06699 0.61339 0.01704 0.71905 0.06699 0.61339 0.01704 0.71905 0.06699 0.78859 0.12824 0.71905 0.06699 0.70225 0.06022 0.70225 0.06022 0.61339 0.01704 0.60415 0.01776 0.70225 0.06022 0.61339 0.01704 0.71905 0.06699 0.60415 0.01776 0.61339 0.01704 0.70225 0.06022 0.5 0.00333 0.61339 0.01704 0.60415 0.01776 0.78859 0.12824 0.71905 0.06699 0.80979 0.14645 0.70225 0.06022 0.71905 0.06699 0.78859 0.12824 0.85816 0.21786 0.80979 0.14645 0.87941 0.25 0.78859 0.12824 0.80979 0.14645 0.85816 0.21786 0.90691 0.32388 0.87941 0.25 0.92318 0.37059 0.85816 0.21786 0.87941 0.25 0.90691 0.32388 0.93202 0.44013 0.92318 0.37059 0.93811 0.5 0.90691 0.32388 0.92318 0.37059 0.93202 0.44013 0.93202 0.55987 0.93811 0.5 0.92318 0.62941 0.93202 0.44013 0.93811 0.5 0.93202 0.55987 0.90691 0.67612 0.92318 0.62941 0.87941 0.75 0.93202 0.55987 0.92318 0.62941 0.90691 0.67612 0.85816 0.78214 0.87941 0.75 0.80979 0.85355 0.90691 0.67612 0.87941 0.75 0.85816 0.78214 0.78859 0.87176 0.80979 0.85355 0.71905 0.93301 0.85816 0.78214 0.80979 0.85355 0.78859 0.87176 0.70225 0.93978 0.71905 0.93301 0.61339 0.98296 0.78859 0.87176 0.71905 0.93301 0.70225 0.93978 0.70225 0.93978 0.61339 0.98296 0.60415 0.98224 0.28491 0.41074 0.71509 0.41074 0.72886 0.5 0.73591 0.5 0.72886 0.5 0.71509 0.41074 0.27114 0.5 0.28491 0.41074 0.72886 0.5 0.71509 0.58926 0.27114 0.5 0.72886 0.5 0.72436 0.5832 0.71509 0.58926 0.72886 0.5 0.72436 0.5832 0.72886 0.5 0.73591 0.5 0.32465 0.33216 0.67536 0.33216 0.71509 0.41074 0.69085 0.34175 0.71509 0.41074 0.67536 0.33216 0.28491 0.41074 0.32465 0.33216 0.71509 0.41074 0.72436 0.4168 0.71509 0.41074 0.69085 0.34175 0.73591 0.5 0.71509 0.41074 0.72436 0.4168 0.38554 0.27382 0.61446 0.27382 0.67536 0.33216 0.63866 0.28219 0.67536 0.33216 0.61446 0.27382 0.32465 0.33216 0.38554 0.27382 0.67536 0.33216 0.69085 0.34175 0.67536 0.33216 0.63866 0.28219 0.46025 0.24278 0.53975 0.24278 0.61446 0.27382 0.5729 0.24395 0.61446 0.27382 0.53975 0.24278 0.38554 0.27382 0.46025 0.24278 0.61446 0.27382 0.63866 0.28219 0.61446 0.27382 0.5729 0.24395 0.5 0.23077 0.53975 0.24278 0.46025 0.24278 0.5729 0.24395 0.53975 0.24278 0.5 0.23077 0.4271 0.24395 0.46025 0.24278 0.38554 0.27382 0.5 0.23077 0.46025 0.24278 0.4271 0.24395 0.36134 0.28219 0.38554 0.27382 0.32465 0.33216 0.4271 0.24395 0.38554 0.27382 0.36134 0.28219 0.30915 0.34175 0.32465 0.33216 0.28491 0.41074 0.36134 0.28219 0.32465 0.33216 0.30915 0.34175 0.27564 0.4168 0.28491 0.41074 0.27114 0.5 0.30915 0.34175 0.28491 0.41074 0.27564 0.4168 0.71509 0.58926 0.28491 0.58926 0.27114 0.5 0.2641 0.5 0.27114 0.5 0.28491 0.58926 0.27564 0.4168 0.27114 0.5 0.2641 0.5 0.67536 0.66784 0.32465 0.66784 0.28491 0.58926 0.30915 0.65825 0.28491 0.58926 0.32465 0.66784 0.71509 0.58926 0.67536 0.66784 0.28491 0.58926 0.27564 0.5832 0.2641 0.5 0.28491 0.58926 0.27564 0.5832 0.28491 0.58926 0.30915 0.65825 0.61446 0.72618 0.38554 0.72618 0.32465 0.66784 0.36134 0.71781 0.32465 0.66784 0.38554 0.72618 0.67536 0.66784 0.61446 0.72618 0.32465 0.66784 0.30915 0.65825 0.32465 0.66784 0.36134 0.71781 0.53975 0.75722 0.46025 0.75722 0.38554 0.72618 0.4271 0.75605 0.38554 0.72618 0.46025 0.75722 0.61446 0.72618 0.53975 0.75722 0.38554 0.72618 0.36134 0.71781 0.38554 0.72618 0.4271 0.75605 0.5 0.76923 0.46025 0.75722 0.53975 0.75722 0.4271 0.75605 0.46025 0.75722 0.5 0.76923 0.5729 0.75605 0.53975 0.75722 0.61446 0.72618 0.5 0.76923 0.53975 0.75722 0.5729 0.75605 0.63866 0.71781 0.61446 0.72618 0.67536 0.66784 0.5729 0.75605 0.61446 0.72618 0.63866 0.71781 0.69085 0.65825 0.67536 0.66784 0.71509 0.58926 0.63866 0.71781 0.67536 0.66784 0.69085 0.65825 0.69085 0.65825 0.71509 0.58926 0.72436 0.5832 0.27558 0.59322 0.26118 0.5 0.26118 0.5 0.27558 0.40678 0.26118 0.5 0.26118 0.5 0.27564 0.5832 0.27558 0.59322 0.26118 0.5 0.27558 0.40678 0.26118 0.5 0.27558 0.40678 0.2641 0.5 0.26118 0.5 0.27558 0.40678 0.27564 0.5832 0.26118 0.5 0.2641 0.5 0.27558 0.59322 0.27558 0.59322 0.26118 0.5 0.25826 0.5 0.26118 0.5 0.27558 0.59322 0.27009 0.41475 0.27558 0.40678 0.26118 0.5 0.27009 0.41475 0.26118 0.5 0.25826 0.5 0.31705 0.6752 0.31705 0.6752 0.27558 0.59322 0.30443 0.66216 0.27558 0.59322 0.31705 0.6752 0.27558 0.59322 0.31705 0.6752 0.27558 0.59322 0.27009 0.58525 0.25826 0.5 0.27558 0.59322 0.27009 0.58525 0.27558 0.59322 0.30443 0.66216 0.38059 0.73604 0.38059 0.73604 0.31705 0.6752 0.35791 0.7232 0.31705 0.6752 0.38059 0.73604 0.31705 0.6752 0.38059 0.73604 0.31705 0.6752 0.30443 0.66216 0.31705 0.6752 0.35791 0.7232 0.45853 0.76842 0.45853 0.76842 0.38059 0.73604 0.4253 0.76238 0.38059 0.73604 0.45853 0.76842 0.38059 0.73604 0.45853 0.76842 0.38059 0.73604 0.35791 0.7232 0.38059 0.73604 0.4253 0.76238 0.54147 0.76842 0.54147 0.76842 0.45853 0.76842 0.5 0.77589 0.45853 0.76842 0.54147 0.76842 0.45853 0.76842 0.54147 0.76842 0.45853 0.76842 0.4253 0.76238 0.45853 0.76842 0.5 0.77589 0.61941 0.73604 0.61941 0.73604 0.54147 0.76842 0.5747 0.76238 0.54147 0.76842 0.61941 0.73604 0.54147 0.76842 0.61941 0.73604 0.54147 0.76842 0.5 0.77589 0.54147 0.76842 0.5747 0.76238 0.68295 0.6752 0.68295 0.6752 0.61941 0.73604 0.64209 0.7232 0.61941 0.73604 0.68295 0.6752 0.61941 0.73604 0.68295 0.6752 0.61941 0.73604 0.5747 0.76238 0.61941 0.73604 0.64209 0.7232 0.72442 0.59322 0.72442 0.59322 0.68295 0.6752 0.69557 0.66216 0.68295 0.6752 0.72442 0.59322 0.68295 0.6752 0.72442 0.59322 0.68295 0.6752 0.64209 0.7232 0.68295 0.6752 0.69557 0.66216 0.73882 0.5 0.73882 0.5 0.72442 0.59322 0.72991 0.58525 0.72442 0.59322 0.73882 0.5 0.72442 0.59322 0.73882 0.5 0.72442 0.59322 0.69557 0.66216 0.72442 0.59322 0.72991 0.58525 0.72442 0.40678 0.73882 0.5 0.73882 0.5 0.72442 0.40678 0.72442 0.40678 0.73882 0.5 0.74174 0.5 0.73882 0.5 0.72442 0.40678 0.72991 0.58525 0.73882 0.5 0.74174 0.5 0.73591 0.5 0.73882 0.5 0.72442 0.59322 0.72436 0.4168 0.72442 0.40678 0.73882 0.5 0.73591 0.5 0.72436 0.4168 0.73882 0.5 0.69085 0.65825 0.72442 0.59322 0.68295 0.6752 0.72436 0.5832 0.73591 0.5 0.72442 0.59322 0.69085 0.65825 0.72436 0.5832 0.72442 0.59322 0.63866 0.71781 0.68295 0.6752 0.61941 0.73604 0.63866 0.71781 0.69085 0.65825 0.68295 0.6752 0.5729 0.75605 0.61941 0.73604 0.54147 0.76842 0.5729 0.75605 0.63866 0.71781 0.61941 0.73604 0.5 0.76923 0.54147 0.76842 0.45853 0.76842 0.5 0.76923 0.5729 0.75605 0.54147 0.76842 0.4271 0.75605 0.45853 0.76842 0.38059 0.73604 0.4271 0.75605 0.5 0.76923 0.45853 0.76842 0.36134 0.71781 0.38059 0.73604 0.31705 0.6752 0.36134 0.71781 0.4271 0.75605 0.38059 0.73604 0.30915 0.65825 0.31705 0.6752 0.27558 0.59322 0.30915 0.65825 0.36134 0.71781 0.31705 0.6752 0.27564 0.5832 0.30915 0.65825 0.27558 0.59322 0.16944 0.38928 0.2662 0.40298 0.25122 0.5 0.25826 0.5 0.25122 0.5 0.2662 0.40298 0.1555 0.5 0.25122 0.5 0.2662 0.59703 0.27009 0.58525 0.2662 0.59703 0.25122 0.5 0.16944 0.38928 0.25122 0.5 0.1555 0.5 0.27009 0.58525 0.25122 0.5 0.25826 0.5 0.16944 0.38928 0.30939 0.31755 0.2662 0.40298 0.30443 0.33784 0.2662 0.40298 0.30939 0.31755 0.27009 0.41475 0.25826 0.5 0.2662 0.40298 0.30443 0.33784 0.27009 0.41475 0.2662 0.40298 0.21017 0.28747 0.37558 0.25414 0.30939 0.31755 0.35791 0.2768 0.30939 0.31755 0.37558 0.25414 0.16944 0.38928 0.21017 0.28747 0.30939 0.31755 0.35791 0.2768 0.30443 0.33784 0.30939 0.31755 0.27437 0.20289 0.45679 0.2204 0.37558 0.25414 0.4253 0.23762 0.37558 0.25414 0.45679 0.2204 0.21017 0.28747 0.27437 0.20289 0.37558 0.25414 0.4253 0.23762 0.35791 0.2768 0.37558 0.25414 0.27437 0.20289 0.54321 0.2204 0.45679 0.2204 0.5 0.22411 0.45679 0.2204 0.54321 0.2204 0.5 0.22411 0.4253 0.23762 0.45679 0.2204 0.78983 0.28747 0.62442 0.25414 0.54321 0.2204 0.5747 0.23762 0.54321 0.2204 0.62442 0.25414 0.72563 0.20289 0.78983 0.28747 0.54321 0.2204 0.27437 0.20289 0.72563 0.20289 0.54321 0.2204 0.5747 0.23762 0.5 0.22411 0.54321 0.2204 0.78983 0.28747 0.69061 0.31755 0.62442 0.25414 0.64209 0.2768 0.62442 0.25414 0.69061 0.31755 0.64209 0.2768 0.5747 0.23762 0.62442 0.25414 0.83056 0.38928 0.7338 0.40297 0.69061 0.31755 0.69557 0.33784 0.69061 0.31755 0.7338 0.40297 0.78983 0.28747 0.83056 0.38928 0.69061 0.31755 0.69557 0.33784 0.64209 0.2768 0.69061 0.31755 0.8445 0.5 0.74878 0.5 0.7338 0.40297 0.72991 0.41475 0.7338 0.40297 0.74878 0.5 0.83056 0.38928 0.8445 0.5 0.7338 0.40297 0.72991 0.41475 0.69557 0.33784 0.7338 0.40297 0.83056 0.61072 0.7338 0.59703 0.74878 0.5 0.74174 0.5 0.74878 0.5 0.7338 0.59703 0.8445 0.5 0.83056 0.61072 0.74878 0.5 0.74174 0.5 0.72991 0.41475 0.74878 0.5 0.83056 0.61072 0.69061 0.68245 0.7338 0.59703 0.69557 0.66216 0.7338 0.59703 0.69061 0.68245 0.72991 0.58525 0.74174 0.5 0.7338 0.59703 0.69557 0.66216 0.72991 0.58525 0.7338 0.59703 0.78983 0.71253 0.62442 0.74586 0.69061 0.68245 0.64209 0.7232 0.69061 0.68245 0.62442 0.74586 0.83056 0.61072 0.78983 0.71253 0.69061 0.68245 0.64209 0.7232 0.69557 0.66216 0.69061 0.68245 0.72563 0.79711 0.54321 0.7796 0.62442 0.74586 0.5747 0.76238 0.62442 0.74586 0.54321 0.7796 0.78983 0.71253 0.72563 0.79711 0.62442 0.74586 0.5747 0.76238 0.64209 0.7232 0.62442 0.74586 0.72563 0.79711 0.45679 0.7796 0.54321 0.7796 0.5 0.77589 0.54321 0.7796 0.45679 0.7796 0.5 0.77589 0.5747 0.76238 0.54321 0.7796 0.21017 0.71253 0.37558 0.74586 0.45679 0.7796 0.4253 0.76238 0.45679 0.7796 0.37558 0.74586 0.27437 0.7971 0.21017 0.71253 0.45679 0.7796 0.72563 0.79711 0.27437 0.7971 0.45679 0.7796 0.4253 0.76238 0.5 0.77589 0.45679 0.7796 0.21017 0.71253 0.30939 0.68245 0.37558 0.74586 0.35791 0.7232 0.37558 0.74586 0.30939 0.68245 0.35791 0.7232 0.4253 0.76238 0.37558 0.74586 0.16944 0.61072 0.2662 0.59703 0.30939 0.68245 0.30443 0.66216 0.30939 0.68245 0.2662 0.59703 0.21017 0.71253 0.16944 0.61072 0.30939 0.68245 0.30443 0.66216 0.35791 0.7232 0.30939 0.68245 0.16944 0.61072 0.1555 0.5 0.2662 0.59703 0.27009 0.58525 0.30443 0.66216 0.2662 0.59703 0.14861 0.5 0.1555 0.5 0.16944 0.61072 0.16058 0.3962 0.16944 0.38928 0.1555 0.5 0.16058 0.3962 0.1555 0.5 0.14861 0.5 0.19568 0.70052 0.16944 0.61072 0.21017 0.71253 0.16058 0.60379 0.14861 0.5 0.16944 0.61072 0.16058 0.60379 0.16944 0.61072 0.19568 0.70052 0.25153 0.78357 0.21017 0.71253 0.27437 0.7971 0.19568 0.70052 0.21017 0.71253 0.25153 0.78357 0.64314 0.85762 0.35686 0.85762 0.27437 0.7971 0.3243 0.8473 0.27437 0.7971 0.35686 0.85762 0.72563 0.79711 0.64314 0.85762 0.27437 0.7971 0.25153 0.78357 0.27437 0.7971 0.3243 0.8473 0.54905 0.88916 0.45095 0.88916 0.35686 0.85762 0.40905 0.88737 0.35686 0.85762 0.45095 0.88916 0.64314 0.85762 0.54905 0.88916 0.35686 0.85762 0.3243 0.8473 0.35686 0.85762 0.40905 0.88737 0.5 0.90103 0.45095 0.88916 0.54905 0.88916 0.40905 0.88737 0.45095 0.88916 0.5 0.90103 0.59095 0.88737 0.54905 0.88916 0.64314 0.85762 0.5 0.90103 0.54905 0.88916 0.59095 0.88737 0.6757 0.8473 0.64314 0.85762 0.72563 0.79711 0.59095 0.88737 0.64314 0.85762 0.6757 0.8473 0.74847 0.78357 0.72563 0.79711 0.78983 0.71253 0.6757 0.8473 0.72563 0.79711 0.74847 0.78357 0.80432 0.70052 0.78983 0.71253 0.83056 0.61072 0.74847 0.78357 0.78983 0.71253 0.80432 0.70052 0.83942 0.60379 0.83056 0.61072 0.8445 0.5 0.80432 0.70052 0.83056 0.61072 0.83942 0.60379 0.85139 0.5 0.8445 0.5 0.83056 0.38928 0.83942 0.60379 0.8445 0.5 0.85139 0.5 0.80432 0.29948 0.83056 0.38928 0.78983 0.28747 0.83942 0.3962 0.83056 0.38928 0.80432 0.29948 0.85139 0.5 0.83056 0.38928 0.83942 0.3962 0.74847 0.21643 0.78983 0.28747 0.72563 0.20289 0.80432 0.29948 0.78983 0.28747 0.74847 0.21643 0.35686 0.14238 0.64314 0.14238 0.72563 0.20289 0.6757 0.15269 0.72563 0.20289 0.64314 0.14238 0.27437 0.20289 0.35686 0.14238 0.72563 0.20289 0.74847 0.21643 0.72563 0.20289 0.6757 0.15269 0.45095 0.11084 0.54905 0.11084 0.64314 0.14238 0.59095 0.11263 0.64314 0.14238 0.54905 0.11084 0.35686 0.14238 0.45095 0.11084 0.64314 0.14238 0.6757 0.15269 0.64314 0.14238 0.59095 0.11263 0.5 0.09897 0.54905 0.11084 0.45095 0.11084 0.59095 0.11263 0.54905 0.11084 0.5 0.09897 0.40905 0.11263 0.45095 0.11084 0.35686 0.14238 0.5 0.09897 0.45095 0.11084 0.40905 0.11263 0.3243 0.15269 0.35686 0.14238 0.27437 0.20289 0.40905 0.11263 0.35686 0.14238 0.3243 0.15269 0.25153 0.21643 0.27437 0.20289 0.21017 0.28747 0.3243 0.15269 0.27437 0.20289 0.25153 0.21643 0.19568 0.29948 0.21017 0.28747 0.16944 0.38928 0.25153 0.21643 0.21017 0.28747 0.19568 0.29948 0.19568 0.29948 0.16944 0.38928 0.16058 0.3962 0.86618 0.612 0.85445 0.5 0.87911 0.5 0.85084 0.44243 0.87911 0.5 0.85445 0.5 0.86388 0.6113 0.86618 0.612 0.87911 0.5 0.86617 0.38795 0.87911 0.5 0.85084 0.44243 0.87672 0.49997 0.87911 0.5 0.86617 0.38795 0.87672 0.49997 0.86388 0.6113 0.87911 0.5 0.86618 0.612 0.85084 0.55757 0.85445 0.5 0.85139 0.5 0.85445 0.5 0.85084 0.55757 0.83942 0.3962 0.85084 0.44243 0.85445 0.5 0.85139 0.5 0.83942 0.3962 0.85445 0.5 0.86618 0.612 0.84009 0.61397 0.85084 0.55757 0.83942 0.60379 0.85084 0.55757 0.84009 0.61397 0.83942 0.60379 0.85139 0.5 0.85084 0.55757 0.82831 0.71632 0.82242 0.66804 0.84009 0.61397 0.83942 0.60379 0.84009 0.61397 0.82242 0.66804 0.86618 0.612 0.82831 0.71632 0.84009 0.61397 0.82831 0.71632 0.79818 0.7187 0.82242 0.66804 0.80432 0.70052 0.82242 0.66804 0.79818 0.7187 0.80432 0.70052 0.83942 0.60379 0.82242 0.66804 0.76808 0.80592 0.76788 0.76491 0.79818 0.7187 0.80432 0.70052 0.79818 0.7187 0.76788 0.76491 0.82831 0.71632 0.76808 0.80592 0.79818 0.7187 0.76808 0.80592 0.73212 0.80572 0.76788 0.76491 0.74847 0.78357 0.76788 0.76491 0.73212 0.80572 0.74847 0.78357 0.80432 0.70052 0.76788 0.76491 0.68956 0.87469 0.69163 0.84031 0.73212 0.80572 0.74847 0.78357 0.73212 0.80572 0.69163 0.84031 0.76808 0.80592 0.68956 0.87469 0.73212 0.80572 0.68956 0.87469 0.64724 0.86797 0.69163 0.84031 0.6757 0.8473 0.69163 0.84031 0.64724 0.86797 0.6757 0.8473 0.74847 0.78357 0.69163 0.84031 0.5981 0.91792 0.59986 0.88814 0.64724 0.86797 0.6757 0.8473 0.64724 0.86797 0.59986 0.88814 0.68956 0.87469 0.5981 0.91792 0.64724 0.86797 0.5981 0.91792 0.55044 0.90041 0.59986 0.88814 0.59095 0.88737 0.59986 0.88814 0.55044 0.90041 0.59095 0.88737 0.6757 0.8473 0.59986 0.88814 0.5 0.93266 0.5 0.90452 0.55044 0.90041 0.59095 0.88737 0.55044 0.90041 0.5 0.90452 0.5981 0.91792 0.5 0.93266 0.55044 0.90041 0.4019 0.91792 0.44956 0.90041 0.5 0.90452 0.5 0.90103 0.5 0.90452 0.44956 0.90041 0.5 0.93266 0.4019 0.91792 0.5 0.90452 0.5 0.90103 0.59095 0.88737 0.5 0.90452 0.4019 0.91792 0.40014 0.88814 0.44956 0.90041 0.40905 0.88737 0.44956 0.90041 0.40014 0.88814 0.40905 0.88737 0.5 0.90103 0.44956 0.90041 0.31044 0.87469 0.35275 0.86797 0.40014 0.88814 0.40905 0.88737 0.40014 0.88814 0.35275 0.86797 0.4019 0.91792 0.31044 0.87469 0.40014 0.88814 0.31044 0.87469 0.30837 0.84031 0.35275 0.86797 0.3243 0.8473 0.35275 0.86797 0.30837 0.84031 0.3243 0.8473 0.40905 0.88737 0.35275 0.86797 0.23192 0.80592 0.26788 0.80572 0.30837 0.84031 0.3243 0.8473 0.30837 0.84031 0.26788 0.80572 0.31044 0.87469 0.23192 0.80592 0.30837 0.84031 0.23192 0.80592 0.23212 0.76491 0.26788 0.80572 0.25153 0.78357 0.26788 0.80572 0.23212 0.76491 0.25153 0.78357 0.3243 0.8473 0.26788 0.80572 0.17169 0.71632 0.20182 0.7187 0.23212 0.76491 0.25153 0.78357 0.23212 0.76491 0.20182 0.7187 0.23192 0.80592 0.17169 0.71632 0.23212 0.76491 0.17169 0.71632 0.17758 0.66804 0.20182 0.7187 0.19568 0.70052 0.20182 0.7187 0.17758 0.66804 0.19568 0.70052 0.25153 0.78357 0.20182 0.7187 0.13382 0.612 0.15991 0.61397 0.17758 0.66804 0.19568 0.70052 0.17758 0.66804 0.15991 0.61397 0.17169 0.71632 0.13382 0.612 0.17758 0.66804 0.13382 0.612 0.14916 0.55757 0.15991 0.61397 0.16058 0.60379 0.15991 0.61397 0.14916 0.55757 0.16058 0.60379 0.19568 0.70052 0.15991 0.61397 0.12089 0.5 0.14555 0.5 0.14916 0.55757 0.16058 0.60379 0.14916 0.55757 0.14555 0.5 0.13382 0.612 0.12089 0.5 0.14916 0.55757 0.13383 0.38795 0.14555 0.5 0.12089 0.5 0.14916 0.44243 0.14555 0.5 0.13383 0.38795 0.14861 0.5 0.14555 0.5 0.14916 0.44243 0.16058 0.60379 0.14555 0.5 0.14861 0.5 0.13783 0.61078 0.12089 0.5 0.13382 0.612 0.13783 0.38927 0.13383 0.38795 0.12089 0.5 0.12505 0.49997 0.13783 0.38927 0.12089 0.5 0.13783 0.61078 0.12505 0.49997 0.12089 0.5 0.17529 0.71396 0.13382 0.612 0.17169 0.71632 0.17529 0.71396 0.13783 0.61078 0.13382 0.612 0.23486 0.80256 0.17169 0.71632 0.23192 0.80592 0.23486 0.80256 0.17529 0.71396 0.17169 0.71632 0.31255 0.8706 0.23192 0.80592 0.31044 0.87469 0.31255 0.8706 0.23486 0.80256 0.23192 0.80592 0.40294 0.91333 0.31044 0.87469 0.4019 0.91792 0.40294 0.91333 0.31255 0.8706 0.31044 0.87469 0.5 0.92995 0.4019 0.91792 0.5 0.93266 0.5 0.92792 0.4019 0.91792 0.5 0.92995 0.5 0.92792 0.40294 0.91333 0.4019 0.91792 0.5 0.92995 0.5 0.93266 0.5981 0.91792 0.59752 0.91529 0.5981 0.91792 0.68956 0.87469 0.59752 0.91529 0.5 0.92995 0.5981 0.91792 0.68834 0.87235 0.68956 0.87469 0.76808 0.80592 0.68834 0.87235 0.59752 0.91529 0.68956 0.87469 0.7664 0.804 0.76808 0.80592 0.82831 0.71632 0.7664 0.804 0.68834 0.87235 0.76808 0.80592 0.82625 0.71497 0.82831 0.71632 0.86618 0.612 0.82625 0.71497 0.7664 0.804 0.82831 0.71632 0.86388 0.6113 0.82625 0.71497 0.86618 0.612 0.12571 0.61448 0.11167 0.5 0.1125 0.5 0.12492 0.38528 0.1125 0.5 0.11167 0.5 0.12972 0.61326 0.12571 0.61448 0.1125 0.5 0.12572 0.38547 0.1125 0.5 0.12492 0.38528 0.11666 0.49997 0.1125 0.5 0.12572 0.38547 0.12972 0.61326 0.1125 0.5 0.11666 0.49997 0.12571 0.61448 0.12492 0.61472 0.11167 0.5 0.10172 0.5 0.11167 0.5 0.12492 0.61472 0.11529 0.38235 0.12492 0.38528 0.11167 0.5 0.11529 0.38235 0.11167 0.5 0.10172 0.5 0.16441 0.72111 0.1637 0.72157 0.12492 0.61472 0.11529 0.61765 0.12492 0.61472 0.1637 0.72157 0.12571 0.61448 0.16441 0.72111 0.12492 0.61472 0.11529 0.61765 0.10172 0.5 0.12492 0.61472 0.22598 0.81269 0.22541 0.81338 0.1637 0.72157 0.15507 0.72726 0.1637 0.72157 0.22541 0.81338 0.16441 0.72111 0.22598 0.81269 0.1637 0.72157 0.15507 0.72726 0.11529 0.61765 0.1637 0.72157 0.30624 0.88299 0.30586 0.88381 0.22541 0.81338 0.21835 0.82139 0.22541 0.81338 0.30586 0.88381 0.22598 0.81269 0.30624 0.88299 0.22541 0.81338 0.21835 0.82139 0.15507 0.72726 0.22541 0.81338 0.39972 0.92718 0.39948 0.92807 0.30586 0.88381 0.30085 0.89364 0.30586 0.88381 0.39948 0.92807 0.30624 0.88299 0.39972 0.92718 0.30586 0.88381 0.30085 0.89364 0.21835 0.82139 0.30586 0.88381 0.5 0.94224 0.5 0.94318 0.39948 0.92807 0.39693 0.93906 0.39948 0.92807 0.5 0.94318 0.39972 0.92718 0.5 0.94224 0.39948 0.92807 0.39693 0.93906 0.30085 0.89364 0.39948 0.92807 0.60028 0.92718 0.60052 0.92807 0.5 0.94318 0.60306 0.93906 0.5 0.94318 0.60052 0.92807 0.5 0.94224 0.60028 0.92718 0.5 0.94318 0.5 0.95454 0.39693 0.93906 0.5 0.94318 0.60306 0.93906 0.5 0.95454 0.5 0.94318 0.60028 0.92718 0.69414 0.88381 0.60052 0.92807 0.69915 0.89365 0.60052 0.92807 0.69414 0.88381 0.69915 0.89365 0.60306 0.93906 0.60052 0.92807 0.69376 0.88299 0.77459 0.81338 0.69414 0.88381 0.78165 0.82139 0.69414 0.88381 0.77459 0.81338 0.60028 0.92718 0.69376 0.88299 0.69414 0.88381 0.78165 0.82139 0.69915 0.89365 0.69414 0.88381 0.77402 0.81269 0.8363 0.72157 0.77459 0.81338 0.84492 0.72726 0.77459 0.81338 0.8363 0.72157 0.69376 0.88299 0.77402 0.81269 0.77459 0.81338 0.84492 0.72726 0.78165 0.82139 0.77459 0.81338 0.83559 0.72111 0.87508 0.61472 0.8363 0.72157 0.88471 0.61765 0.8363 0.72157 0.87508 0.61472 0.77402 0.81269 0.83559 0.72111 0.8363 0.72157 0.88471 0.61765 0.84492 0.72726 0.8363 0.72157 0.8875 0.5 0.88833 0.5 0.87508 0.61472 0.88471 0.61765 0.87508 0.61472 0.88833 0.5 0.87429 0.61448 0.8875 0.5 0.87508 0.61472 0.83559 0.72111 0.87429 0.61448 0.87508 0.61472 0.87428 0.38547 0.88833 0.5 0.8875 0.5 0.89828 0.5 0.88833 0.5 0.87508 0.38528 0.87428 0.38547 0.87508 0.38528 0.88833 0.5 0.89828 0.5 0.88471 0.61765 0.88833 0.5 0.87199 0.61378 0.8875 0.5 0.87429 0.61448 0.872 0.38626 0.87428 0.38547 0.8875 0.5 0.88512 0.49997 0.872 0.38626 0.8875 0.5 0.87199 0.61378 0.88512 0.49997 0.8875 0.5 0.83352 0.71976 0.87429 0.61448 0.83559 0.72111 0.83352 0.71976 0.87199 0.61378 0.87429 0.61448 0.77234 0.81078 0.83559 0.72111 0.77402 0.81269 0.77234 0.81078 0.83352 0.71976 0.83559 0.72111 0.69254 0.88065 0.77402 0.81269 0.69376 0.88299 0.69254 0.88065 0.77234 0.81078 0.77402 0.81269 0.59969 0.92454 0.69376 0.88299 0.60028 0.92718 0.59969 0.92454 0.69254 0.88065 0.69376 0.88299 0.5 0.93953 0.60028 0.92718 0.5 0.94224 0.5 0.93953 0.59969 0.92454 0.60028 0.92718 0.5 0.93953 0.5 0.94224 0.39972 0.92718 0.40077 0.92258 0.39972 0.92718 0.30624 0.88299 0.5 0.9375 0.39972 0.92718 0.40077 0.92258 0.5 0.93953 0.39972 0.92718 0.5 0.9375 0.30835 0.8789 0.30624 0.88299 0.22598 0.81269 0.40077 0.92258 0.30624 0.88299 0.30835 0.8789 0.22892 0.80934 0.22598 0.81269 0.16441 0.72111 0.30835 0.8789 0.22598 0.81269 0.22892 0.80934 0.16802 0.71875 0.16441 0.72111 0.12571 0.61448 0.22892 0.80934 0.16441 0.72111 0.16802 0.71875 0.16802 0.71875 0.12571 0.61448 0.12972 0.61326 0.11529 0.38235 0.1637 0.27843 0.12492 0.38528 0.12572 0.38547 0.12492 0.38528 0.1637 0.27843 0.15508 0.27274 0.22541 0.18662 0.1637 0.27843 0.16441 0.27888 0.1637 0.27843 0.22541 0.18662 0.11529 0.38235 0.15508 0.27274 0.1637 0.27843 0.16441 0.27888 0.12572 0.38547 0.1637 0.27843 0.21835 0.17861 0.30586 0.11619 0.22541 0.18662 0.26788 0.19428 0.22541 0.18662 0.30586 0.11619 0.15508 0.27274 0.21835 0.17861 0.22541 0.18662 0.17169 0.28367 0.16441 0.27888 0.22541 0.18662 0.20182 0.2813 0.17169 0.28367 0.22541 0.18662 0.23212 0.23509 0.20182 0.2813 0.22541 0.18662 0.26788 0.19428 0.23212 0.23509 0.22541 0.18662 0.30085 0.10635 0.39948 0.07193 0.30586 0.11619 0.35275 0.13203 0.30586 0.11619 0.39948 0.07193 0.21835 0.17861 0.30085 0.10635 0.30586 0.11619 0.30837 0.15969 0.26788 0.19428 0.30586 0.11619 0.35275 0.13203 0.30837 0.15969 0.30586 0.11619 0.39694 0.06094 0.5 0.05682 0.39948 0.07193 0.44956 0.0996 0.39948 0.07193 0.5 0.05682 0.30085 0.10635 0.39694 0.06094 0.39948 0.07193 0.40014 0.11186 0.35275 0.13203 0.39948 0.07193 0.44956 0.0996 0.40014 0.11186 0.39948 0.07193 0.60307 0.06094 0.60052 0.07193 0.5 0.05682 0.5 0.09548 0.5 0.05682 0.60052 0.07193 0.5 0.04546 0.60307 0.06094 0.5 0.05682 0.39694 0.06094 0.5 0.04546 0.5 0.05682 0.5 0.09548 0.44956 0.0996 0.5 0.05682 0.69915 0.10636 0.69414 0.11619 0.60052 0.07193 0.59986 0.11186 0.60052 0.07193 0.69414 0.11619 0.60307 0.06094 0.69915 0.10636 0.60052 0.07193 0.55044 0.0996 0.5 0.09548 0.60052 0.07193 0.59986 0.11186 0.55044 0.0996 0.60052 0.07193 0.78165 0.17861 0.77459 0.18662 0.69414 0.11619 0.69163 0.15969 0.69414 0.11619 0.77459 0.18662 0.69915 0.10636 0.78165 0.17861 0.69414 0.11619 0.64724 0.13203 0.59986 0.11186 0.69414 0.11619 0.69163 0.15969 0.64724 0.13203 0.69414 0.11619 0.84493 0.27274 0.8363 0.27843 0.77459 0.18662 0.76788 0.23509 0.77459 0.18662 0.8363 0.27843 0.78165 0.17861 0.84493 0.27274 0.77459 0.18662 0.73212 0.19428 0.69163 0.15969 0.77459 0.18662 0.76788 0.23509 0.73212 0.19428 0.77459 0.18662 0.88471 0.38235 0.87508 0.38528 0.8363 0.27843 0.83559 0.27888 0.8363 0.27843 0.87508 0.38528 0.84493 0.27274 0.88471 0.38235 0.8363 0.27843 0.79818 0.2813 0.8363 0.27843 0.83559 0.27888 0.79818 0.2813 0.76788 0.23509 0.8363 0.27843 0.88471 0.38235 0.89828 0.5 0.87508 0.38528 0.87428 0.38547 0.83559 0.27888 0.87508 0.38528 0.09468 0.5 0.10172 0.5 0.11529 0.61765 0.10645 0.3893 0.11529 0.38235 0.10172 0.5 0.10645 0.3893 0.10172 0.5 0.09468 0.5 0.1411 0.71497 0.11529 0.61765 0.15507 0.72726 0.10645 0.6107 0.09468 0.5 0.11529 0.61765 0.10645 0.6107 0.11529 0.61765 0.1411 0.71497 0.19661 0.80675 0.15507 0.72726 0.21835 0.82139 0.1411 0.71497 0.15507 0.72726 0.19661 0.80675 0.26975 0.8807 0.21835 0.82139 0.30085 0.89364 0.19661 0.80675 0.21835 0.82139 0.26975 0.8807 0.35627 0.93252 0.30085 0.89364 0.39693 0.93906 0.26975 0.8807 0.30085 0.89364 0.35627 0.93252 0.45114 0.95921 0.39693 0.93906 0.5 0.95454 0.35627 0.93252 0.39693 0.93906 0.45114 0.95921 0.54886 0.95921 0.5 0.95454 0.60306 0.93906 0.45114 0.95921 0.5 0.95454 0.54886 0.95921 0.64373 0.93252 0.60306 0.93906 0.69915 0.89365 0.54886 0.95921 0.60306 0.93906 0.64373 0.93252 0.73025 0.8807 0.69915 0.89365 0.78165 0.82139 0.64373 0.93252 0.69915 0.89365 0.73025 0.8807 0.80339 0.80675 0.78165 0.82139 0.84492 0.72726 0.73025 0.8807 0.78165 0.82139 0.80339 0.80675 0.8589 0.71497 0.84492 0.72726 0.88471 0.61765 0.80339 0.80675 0.84492 0.72726 0.8589 0.71497 0.89355 0.6107 0.88471 0.61765 0.89828 0.5 0.8589 0.71497 0.88471 0.61765 0.89355 0.6107 0.90532 0.5 0.89828 0.5 0.88471 0.38235 0.89355 0.6107 0.89828 0.5 0.90532 0.5 0.8589 0.28503 0.88471 0.38235 0.84493 0.27274 0.89355 0.3893 0.88471 0.38235 0.8589 0.28503 0.90532 0.5 0.88471 0.38235 0.89355 0.3893 0.80339 0.19325 0.84493 0.27274 0.78165 0.17861 0.8589 0.28503 0.84493 0.27274 0.80339 0.19325 0.73025 0.1193 0.78165 0.17861 0.69915 0.10636 0.80339 0.19325 0.78165 0.17861 0.73025 0.1193 0.64373 0.06748 0.69915 0.10636 0.60307 0.06094 0.73025 0.1193 0.69915 0.10636 0.64373 0.06748 0.54886 0.04079 0.60307 0.06094 0.5 0.04546 0.64373 0.06748 0.60307 0.06094 0.54886 0.04079 0.45114 0.04079 0.5 0.04546 0.39694 0.06094 0.54886 0.04079 0.5 0.04546 0.45114 0.04079 0.35627 0.06748 0.39694 0.06094 0.30085 0.10635 0.45114 0.04079 0.39694 0.06094 0.35627 0.06748 0.26975 0.1193 0.30085 0.10635 0.21835 0.17861 0.35627 0.06748 0.30085 0.10635 0.26975 0.1193 0.19661 0.19325 0.21835 0.17861 0.15508 0.27274 0.26975 0.1193 0.21835 0.17861 0.19661 0.19325 0.1411 0.28503 0.15508 0.27274 0.11529 0.38235 0.19661 0.19325 0.15508 0.27274 0.1411 0.28503 0.1411 0.28503 0.11529 0.38235 0.10645 0.3893 0.10567 0.62059 0.10567 0.62059 0.09176 0.5 0.0903 0.5 0.09176 0.5 0.10567 0.62059 0.09176 0.5 0.10567 0.62059 0.09176 0.5 0.10567 0.37941 0.09176 0.5 0.09176 0.5 0.10221 0.3881 0.10567 0.37941 0.09176 0.5 0.10221 0.3881 0.09176 0.5 0.0903 0.5 0.14645 0.73296 0.14645 0.73295 0.10567 0.62059 0.13723 0.71729 0.10567 0.62059 0.14645 0.73295 0.10567 0.62059 0.14645 0.73296 0.10567 0.62059 0.10221 0.6119 0.0903 0.5 0.10567 0.62059 0.10221 0.6119 0.10567 0.62059 0.13723 0.71729 0.21133 0.82945 0.21133 0.82945 0.14645 0.73295 0.19334 0.81006 0.14645 0.73295 0.21133 0.82945 0.14645 0.73296 0.21133 0.82945 0.14645 0.73295 0.13723 0.71729 0.14645 0.73295 0.19334 0.81006 0.29588 0.90349 0.29588 0.90349 0.21133 0.82945 0.26726 0.8848 0.21133 0.82945 0.29588 0.90349 0.21133 0.82945 0.29588 0.90349 0.21133 0.82945 0.19334 0.81006 0.21133 0.82945 0.26726 0.8848 0.39434 0.95003 0.39434 0.95003 0.29588 0.90349 0.35472 0.93719 0.29588 0.90349 0.39434 0.95003 0.29588 0.90349 0.39434 0.95003 0.29588 0.90349 0.26726 0.8848 0.29588 0.90349 0.35472 0.93719 0.5 0.96591 0.5 0.96591 0.39434 0.95003 0.45062 0.96416 0.39434 0.95003 0.5 0.96591 0.39434 0.95003 0.5 0.96591 0.39434 0.95003 0.35472 0.93719 0.39434 0.95003 0.45062 0.96416 0.60566 0.95003 0.60566 0.95003 0.5 0.96591 0.54938 0.96416 0.5 0.96591 0.60566 0.95003 0.5 0.96591 0.60566 0.95003 0.5 0.96591 0.45062 0.96416 0.5 0.96591 0.54938 0.96416 0.70412 0.90349 0.70412 0.90349 0.60566 0.95003 0.64528 0.93719 0.60566 0.95003 0.70412 0.90349 0.60566 0.95003 0.70412 0.90349 0.60566 0.95003 0.54938 0.96416 0.60566 0.95003 0.64528 0.93719 0.78867 0.82945 0.78867 0.82945 0.70412 0.90349 0.73274 0.8848 0.70412 0.90349 0.78867 0.82945 0.70412 0.90349 0.78867 0.82945 0.70412 0.90349 0.64528 0.93719 0.70412 0.90349 0.73274 0.8848 0.85355 0.73296 0.85355 0.73295 0.78867 0.82945 0.80666 0.81006 0.78867 0.82945 0.85355 0.73295 0.78867 0.82945 0.85355 0.73296 0.78867 0.82945 0.73274 0.8848 0.78867 0.82945 0.80666 0.81006 0.89433 0.62059 0.89433 0.62059 0.85355 0.73295 0.86277 0.71729 0.85355 0.73295 0.89433 0.62059 0.85355 0.73296 0.89433 0.62059 0.85355 0.73295 0.80666 0.81006 0.85355 0.73295 0.86277 0.71729 0.90824 0.5 0.90824 0.5 0.89433 0.62059 0.89779 0.6119 0.89433 0.62059 0.90824 0.5 0.89433 0.62059 0.90824 0.5 0.89433 0.62059 0.86277 0.71729 0.89433 0.62059 0.89779 0.6119 0.89433 0.37941 0.90824 0.5 0.90824 0.5 0.89433 0.37941 0.89433 0.37941 0.90824 0.5 0.9097 0.5 0.90824 0.5 0.89433 0.37941 0.89779 0.6119 0.90824 0.5 0.9097 0.5 0.90532 0.5 0.90824 0.5 0.89433 0.62059 0.89355 0.3893 0.89433 0.37941 0.90824 0.5 0.90532 0.5 0.89355 0.3893 0.90824 0.5 0.8589 0.71497 0.89433 0.62059 0.85355 0.73296 0.89355 0.6107 0.90532 0.5 0.89433 0.62059 0.8589 0.71497 0.89355 0.6107 0.89433 0.62059 0.80339 0.80675 0.85355 0.73296 0.78867 0.82945 0.80339 0.80675 0.8589 0.71497 0.85355 0.73296 0.73025 0.8807 0.78867 0.82945 0.70412 0.90349 0.73025 0.8807 0.80339 0.80675 0.78867 0.82945 0.64373 0.93252 0.70412 0.90349 0.60566 0.95003 0.64373 0.93252 0.73025 0.8807 0.70412 0.90349 0.54886 0.95921 0.60566 0.95003 0.5 0.96591 0.54886 0.95921 0.64373 0.93252 0.60566 0.95003 0.45114 0.95921 0.5 0.96591 0.39434 0.95003 0.45114 0.95921 0.54886 0.95921 0.5 0.96591 0.35627 0.93252 0.39434 0.95003 0.29588 0.90349 0.35627 0.93252 0.45114 0.95921 0.39434 0.95003 0.26975 0.8807 0.29588 0.90349 0.21133 0.82945 0.26975 0.8807 0.35627 0.93252 0.29588 0.90349 0.19661 0.80675 0.21133 0.82945 0.14645 0.73296 0.19661 0.80675 0.26975 0.8807 0.21133 0.82945 0.1411 0.71497 0.14645 0.73296 0.10567 0.62059 0.1411 0.71497 0.19661 0.80675 0.14645 0.73296 0.10645 0.6107 0.10567 0.62059 0.09176 0.5 0.10645 0.6107 0.1411 0.71497 0.10567 0.62059 0.10567 0.37941 0.09176 0.5 0.10567 0.37941 0.09468 0.5 0.09176 0.5 0.10567 0.37941 0.10645 0.6107 0.09176 0.5 0.09468 0.5 0.09124 0.625 0.09124 0.625 0.07682 0.5 0.07537 0.5 0.07682 0.5 0.09124 0.625 0.07682 0.5 0.09124 0.625 0.07682 0.5 0.09124 0.375 0.07682 0.5 0.07682 0.5 0.08771 0.38402 0.09124 0.375 0.07682 0.5 0.08771 0.38402 0.07682 0.5 0.07537 0.5 0.13352 0.74148 0.13352 0.74148 0.09124 0.625 0.12401 0.72521 0.09124 0.625 0.13352 0.74148 0.09124 0.625 0.13352 0.74148 0.09124 0.625 0.08771 0.61598 0.07537 0.5 0.09124 0.625 0.08771 0.61598 0.09124 0.625 0.12401 0.72521 0.20077 0.8415 0.20077 0.8415 0.13352 0.74148 0.18216 0.82136 0.13352 0.74148 0.20077 0.8415 0.13352 0.74148 0.20077 0.8415 0.13352 0.74148 0.12401 0.72521 0.13352 0.74148 0.18216 0.82136 0.28841 0.91825 0.28841 0.91825 0.20077 0.8415 0.25878 0.89883 0.20077 0.8415 0.28841 0.91825 0.20077 0.8415 0.28841 0.91825 0.20077 0.8415 0.18216 0.82136 0.20077 0.8415 0.25878 0.89883 0.39047 0.9665 0.39047 0.9665 0.28841 0.91825 0.34942 0.95313 0.28841 0.91825 0.39047 0.9665 0.28841 0.91825 0.39047 0.9665 0.28841 0.91825 0.25878 0.89883 0.28841 0.91825 0.34942 0.95313 0.5 0.98296 0.5 0.98296 0.39047 0.9665 0.44882 0.98108 0.39047 0.9665 0.5 0.98296 0.39047 0.9665 0.5 0.98296 0.39047 0.9665 0.34942 0.95313 0.39047 0.9665 0.44882 0.98108 0.60953 0.9665 0.60953 0.9665 0.5 0.98296 0.55118 0.98108 0.5 0.98296 0.60953 0.9665 0.5 0.98296 0.60953 0.9665 0.5 0.98296 0.44882 0.98108 0.5 0.98296 0.55118 0.98108 0.71159 0.91825 0.71159 0.91825 0.60953 0.9665 0.65058 0.95313 0.60953 0.9665 0.71159 0.91825 0.60953 0.9665 0.71159 0.91825 0.60953 0.9665 0.55118 0.98108 0.60953 0.9665 0.65058 0.95313 0.79923 0.8415 0.79923 0.8415 0.71159 0.91825 0.74122 0.89883 0.71159 0.91825 0.79923 0.8415 0.71159 0.91825 0.79923 0.8415 0.71159 0.91825 0.65058 0.95313 0.71159 0.91825 0.74122 0.89883 0.86648 0.74148 0.86648 0.74148 0.79923 0.8415 0.81784 0.82136 0.79923 0.8415 0.86648 0.74148 0.79923 0.8415 0.86648 0.74148 0.79923 0.8415 0.74122 0.89883 0.79923 0.8415 0.81784 0.82136 0.90876 0.625 0.90876 0.625 0.86648 0.74148 0.87599 0.72521 0.86648 0.74148 0.90876 0.625 0.86648 0.74148 0.90876 0.625 0.86648 0.74148 0.81784 0.82136 0.86648 0.74148 0.87599 0.72521 0.92317 0.5 0.92317 0.5 0.90876 0.625 0.91229 0.61598 0.90876 0.625 0.92317 0.5 0.90876 0.625 0.92317 0.5 0.90876 0.625 0.87599 0.72521 0.90876 0.625 0.91229 0.61598 0.90876 0.375 0.92317 0.5 0.92317 0.5 0.90876 0.375 0.90876 0.375 0.92317 0.5 0.92463 0.5 0.92317 0.5 0.90876 0.375 0.91229 0.61598 0.92317 0.5 0.92463 0.5 0.92026 0.5 0.92317 0.5 0.90876 0.625 0.90805 0.38522 0.90876 0.375 0.92317 0.5 0.90805 0.38522 0.92317 0.5 0.92026 0.5 0.87212 0.72289 0.90876 0.625 0.86648 0.74148 0.90805 0.61478 0.92026 0.5 0.90876 0.625 0.90805 0.61478 0.90876 0.625 0.87212 0.72289 0.81457 0.81805 0.86648 0.74148 0.79923 0.8415 0.87212 0.72289 0.86648 0.74148 0.81457 0.81805 0.73873 0.89472 0.79923 0.8415 0.71159 0.91825 0.81457 0.81805 0.79923 0.8415 0.73873 0.89472 0.64903 0.94846 0.71159 0.91825 0.60953 0.9665 0.73873 0.89472 0.71159 0.91825 0.64903 0.94846 0.55066 0.97613 0.60953 0.9665 0.5 0.98296 0.64903 0.94846 0.60953 0.9665 0.55066 0.97613 0.44934 0.97613 0.5 0.98296 0.39047 0.9665 0.55066 0.97613 0.5 0.98296 0.44934 0.97613 0.35097 0.94846 0.39047 0.9665 0.28841 0.91825 0.44934 0.97613 0.39047 0.9665 0.35097 0.94846 0.26127 0.89472 0.28841 0.91825 0.20077 0.8415 0.35097 0.94846 0.28841 0.91825 0.26127 0.89472 0.18543 0.81805 0.20077 0.8415 0.13352 0.74148 0.26127 0.89472 0.20077 0.8415 0.18543 0.81805 0.12788 0.72289 0.13352 0.74148 0.09124 0.625 0.18543 0.81805 0.13352 0.74148 0.12788 0.72289 0.09195 0.61478 0.09124 0.625 0.07682 0.5 0.12788 0.72289 0.09124 0.625 0.09195 0.61478 0.09124 0.375 0.07682 0.5 0.09124 0.375 0.07974 0.5 0.07682 0.5 0.09124 0.375 0.09195 0.61478 0.07682 0.5 0.07974 0.5 0.68295 0.3248 0.68295 0.3248 0.72442 0.40678 0.69557 0.33784 0.72442 0.40678 0.68295 0.3248 0.72442 0.40678 0.68295 0.3248 0.72442 0.40678 0.72991 0.41475 0.72442 0.40678 0.69557 0.33784 0.74174 0.5 0.72442 0.40678 0.72991 0.41475 0.61941 0.26396 0.61941 0.26396 0.68295 0.3248 0.64209 0.2768 0.68295 0.3248 0.61941 0.26396 0.68295 0.3248 0.61941 0.26396 0.68295 0.3248 0.69557 0.33784 0.68295 0.3248 0.64209 0.2768 0.54147 0.23158 0.54147 0.23158 0.61941 0.26396 0.5747 0.23762 0.61941 0.26396 0.54147 0.23158 0.61941 0.26396 0.54147 0.23158 0.61941 0.26396 0.64209 0.2768 0.61941 0.26396 0.5747 0.23762 0.45853 0.23158 0.45853 0.23158 0.54147 0.23158 0.5 0.22411 0.54147 0.23158 0.45853 0.23158 0.54147 0.23158 0.45853 0.23158 0.54147 0.23158 0.5747 0.23762 0.54147 0.23158 0.5 0.22411 0.38059 0.26396 0.38059 0.26396 0.45853 0.23158 0.4253 0.23762 0.45853 0.23158 0.38059 0.26396 0.45853 0.23158 0.38059 0.26396 0.45853 0.23158 0.5 0.22411 0.45853 0.23158 0.4253 0.23762 0.31705 0.3248 0.31705 0.3248 0.38059 0.26396 0.35791 0.2768 0.38059 0.26396 0.31705 0.3248 0.38059 0.26396 0.31705 0.3248 0.38059 0.26396 0.4253 0.23762 0.38059 0.26396 0.35791 0.2768 0.27558 0.40678 0.27558 0.40678 0.31705 0.3248 0.30443 0.33784 0.31705 0.3248 0.27558 0.40678 0.31705 0.3248 0.27558 0.40678 0.31705 0.3248 0.35791 0.2768 0.31705 0.3248 0.30443 0.33784 0.30443 0.33784 0.27558 0.40678 0.27009 0.41475 0.30915 0.34175 0.27558 0.40678 0.31705 0.3248 0.27564 0.4168 0.2641 0.5 0.27558 0.40678 0.30915 0.34175 0.27564 0.4168 0.27558 0.40678 0.36134 0.28219 0.31705 0.3248 0.38059 0.26396 0.36134 0.28219 0.30915 0.34175 0.31705 0.3248 0.4271 0.24395 0.38059 0.26396 0.45853 0.23158 0.4271 0.24395 0.36134 0.28219 0.38059 0.26396 0.5 0.23077 0.45853 0.23158 0.54147 0.23158 0.5 0.23077 0.4271 0.24395 0.45853 0.23158 0.5729 0.24395 0.54147 0.23158 0.61941 0.26396 0.5729 0.24395 0.5 0.23077 0.54147 0.23158 0.63866 0.28219 0.61941 0.26396 0.68295 0.3248 0.63866 0.28219 0.5729 0.24395 0.61941 0.26396 0.69085 0.34175 0.68295 0.3248 0.72442 0.40678 0.69085 0.34175 0.63866 0.28219 0.68295 0.3248 0.72436 0.4168 0.69085 0.34175 0.72442 0.40678 0.79818 0.2813 0.83559 0.27888 0.82832 0.28367 0.82625 0.28503 0.82832 0.28367 0.83559 0.27888 0.82242 0.33196 0.79818 0.2813 0.82832 0.28367 0.86617 0.38795 0.82242 0.33196 0.82832 0.28367 0.82625 0.28503 0.86617 0.38795 0.82832 0.28367 0.83353 0.28024 0.83559 0.27888 0.87428 0.38547 0.83353 0.28024 0.82625 0.28503 0.83559 0.27888 0.872 0.38626 0.83353 0.28024 0.87428 0.38547 0.16801 0.28125 0.12572 0.38547 0.16441 0.27888 0.12972 0.38679 0.12572 0.38547 0.16801 0.28125 0.11666 0.49997 0.12572 0.38547 0.12972 0.38679 0.16801 0.28125 0.16441 0.27888 0.17169 0.28367 0.15991 0.38603 0.13383 0.38795 0.17169 0.28367 0.17528 0.28604 0.17169 0.28367 0.13383 0.38795 0.17758 0.33196 0.15991 0.38603 0.17169 0.28367 0.20182 0.2813 0.17758 0.33196 0.17169 0.28367 0.16801 0.28125 0.17169 0.28367 0.17528 0.28604 0.15991 0.38603 0.14916 0.44243 0.13383 0.38795 0.13783 0.38927 0.17528 0.28604 0.13383 0.38795 0.16058 0.3962 0.14916 0.44243 0.15991 0.38603 0.16058 0.3962 0.14861 0.5 0.14916 0.44243 0.16058 0.3962 0.15991 0.38603 0.17758 0.33196 0.19568 0.29948 0.17758 0.33196 0.20182 0.2813 0.19568 0.29948 0.16058 0.3962 0.17758 0.33196 0.19568 0.29948 0.20182 0.2813 0.23212 0.23509 0.25153 0.21643 0.23212 0.23509 0.26788 0.19428 0.25153 0.21643 0.19568 0.29948 0.23212 0.23509 0.25153 0.21643 0.26788 0.19428 0.30837 0.15969 0.3243 0.15269 0.30837 0.15969 0.35275 0.13203 0.3243 0.15269 0.25153 0.21643 0.30837 0.15969 0.3243 0.15269 0.35275 0.13203 0.40014 0.11186 0.40905 0.11263 0.40014 0.11186 0.44956 0.0996 0.40905 0.11263 0.3243 0.15269 0.40014 0.11186 0.40905 0.11263 0.44956 0.0996 0.5 0.09548 0.5 0.09897 0.5 0.09548 0.55044 0.0996 0.5 0.09897 0.40905 0.11263 0.5 0.09548 0.59095 0.11263 0.55044 0.0996 0.59986 0.11186 0.59095 0.11263 0.5 0.09897 0.55044 0.0996 0.59095 0.11263 0.59986 0.11186 0.64724 0.13203 0.6757 0.15269 0.64724 0.13203 0.69163 0.15969 0.6757 0.15269 0.59095 0.11263 0.64724 0.13203 0.6757 0.15269 0.69163 0.15969 0.73212 0.19428 0.74847 0.21643 0.73212 0.19428 0.76788 0.23509 0.74847 0.21643 0.6757 0.15269 0.73212 0.19428 0.74847 0.21643 0.76788 0.23509 0.79818 0.2813 0.80432 0.29948 0.79818 0.2813 0.82242 0.33196 0.80432 0.29948 0.74847 0.21643 0.79818 0.2813 0.86617 0.38795 0.84009 0.38603 0.82242 0.33196 0.80432 0.29948 0.82242 0.33196 0.84009 0.38603 0.86617 0.38795 0.85084 0.44243 0.84009 0.38603 0.83942 0.3962 0.84009 0.38603 0.85084 0.44243 0.83942 0.3962 0.80432 0.29948 0.84009 0.38603 0.86389 0.38874 0.87672 0.49997 0.86617 0.38795 0.82625 0.28503 0.86389 0.38874 0.86617 0.38795 0.85355 0.26704 0.85355 0.26705 0.89433 0.37941 0.86277 0.28271 0.89433 0.37941 0.85355 0.26705 0.89433 0.37941 0.85355 0.26704 0.89433 0.37941 0.89779 0.3881 0.89433 0.37941 0.86277 0.28271 0.9097 0.5 0.89433 0.37941 0.89779 0.3881 0.78867 0.17055 0.78867 0.17055 0.85355 0.26705 0.80666 0.18994 0.85355 0.26705 0.78867 0.17055 0.85355 0.26704 0.78867 0.17055 0.85355 0.26705 0.86277 0.28271 0.85355 0.26705 0.80666 0.18994 0.70412 0.09651 0.70412 0.09651 0.78867 0.17055 0.73274 0.1152 0.78867 0.17055 0.70412 0.09651 0.78867 0.17055 0.70412 0.09651 0.78867 0.17055 0.80666 0.18994 0.78867 0.17055 0.73274 0.1152 0.60566 0.04997 0.60566 0.04997 0.70412 0.09651 0.64528 0.06281 0.70412 0.09651 0.60566 0.04997 0.70412 0.09651 0.60566 0.04997 0.70412 0.09651 0.73274 0.1152 0.70412 0.09651 0.64528 0.06281 0.5 0.03409 0.5 0.03409 0.60566 0.04997 0.54938 0.03584 0.60566 0.04997 0.5 0.03409 0.60566 0.04997 0.5 0.03409 0.60566 0.04997 0.64528 0.06281 0.60566 0.04997 0.54938 0.03584 0.39434 0.04997 0.39434 0.04997 0.5 0.03409 0.45062 0.03584 0.5 0.03409 0.39434 0.04997 0.5 0.03409 0.39434 0.04997 0.5 0.03409 0.54938 0.03584 0.5 0.03409 0.45062 0.03584 0.29588 0.09651 0.29588 0.09651 0.39434 0.04997 0.35472 0.06281 0.39434 0.04997 0.29588 0.09651 0.39434 0.04997 0.29588 0.09651 0.39434 0.04997 0.45062 0.03584 0.39434 0.04997 0.35472 0.06281 0.21133 0.17055 0.21133 0.17055 0.29588 0.09651 0.26726 0.1152 0.29588 0.09651 0.21133 0.17055 0.29588 0.09651 0.21133 0.17055 0.29588 0.09651 0.35472 0.06281 0.29588 0.09651 0.26726 0.1152 0.14645 0.26704 0.14645 0.26705 0.21133 0.17055 0.19334 0.18994 0.21133 0.17055 0.14645 0.26705 0.21133 0.17055 0.14645 0.26704 0.21133 0.17055 0.26726 0.1152 0.21133 0.17055 0.19334 0.18994 0.10567 0.37941 0.10567 0.37941 0.14645 0.26705 0.13723 0.28271 0.14645 0.26705 0.10567 0.37941 0.14645 0.26704 0.10567 0.37941 0.14645 0.26705 0.19334 0.18994 0.14645 0.26705 0.13723 0.28271 0.13723 0.28271 0.10567 0.37941 0.10221 0.3881 0.1411 0.28503 0.10567 0.37941 0.14645 0.26704 0.10645 0.3893 0.09468 0.5 0.10567 0.37941 0.1411 0.28503 0.10645 0.3893 0.10567 0.37941 0.19661 0.19325 0.14645 0.26704 0.21133 0.17055 0.19661 0.19325 0.1411 0.28503 0.14645 0.26704 0.26975 0.1193 0.21133 0.17055 0.29588 0.09651 0.26975 0.1193 0.19661 0.19325 0.21133 0.17055 0.35627 0.06748 0.29588 0.09651 0.39434 0.04997 0.35627 0.06748 0.26975 0.1193 0.29588 0.09651 0.45114 0.04079 0.39434 0.04997 0.5 0.03409 0.45114 0.04079 0.35627 0.06748 0.39434 0.04997 0.54886 0.04079 0.5 0.03409 0.60566 0.04997 0.54886 0.04079 0.45114 0.04079 0.5 0.03409 0.64373 0.06748 0.60566 0.04997 0.70412 0.09651 0.64373 0.06748 0.54886 0.04079 0.60566 0.04997 0.73025 0.1193 0.70412 0.09651 0.78867 0.17055 0.73025 0.1193 0.64373 0.06748 0.70412 0.09651 0.80339 0.19325 0.78867 0.17055 0.85355 0.26704 0.80339 0.19325 0.73025 0.1193 0.78867 0.17055 0.8589 0.28503 0.85355 0.26704 0.89433 0.37941 0.8589 0.28503 0.80339 0.19325 0.85355 0.26704 0.89355 0.3893 0.8589 0.28503 0.89433 0.37941 0.86648 0.25852 0.86648 0.25852 0.90876 0.375 0.87599 0.27479 0.90876 0.375 0.86648 0.25852 0.90876 0.375 0.86648 0.25852 0.90876 0.375 0.91229 0.38402 0.90876 0.375 0.87599 0.27479 0.92463 0.5 0.90876 0.375 0.91229 0.38402 0.79923 0.1585 0.79923 0.1585 0.86648 0.25852 0.81784 0.17864 0.86648 0.25852 0.79923 0.1585 0.86648 0.25852 0.79923 0.1585 0.86648 0.25852 0.87599 0.27479 0.86648 0.25852 0.81784 0.17864 0.71159 0.08175 0.71159 0.08175 0.79923 0.1585 0.74122 0.10117 0.79923 0.1585 0.71159 0.08175 0.79923 0.1585 0.71159 0.08175 0.79923 0.1585 0.81784 0.17864 0.79923 0.1585 0.74122 0.10117 0.60953 0.0335 0.60953 0.0335 0.71159 0.08175 0.65058 0.04687 0.71159 0.08175 0.60953 0.0335 0.71159 0.08175 0.60953 0.0335 0.71159 0.08175 0.74122 0.10117 0.71159 0.08175 0.65058 0.04687 0.5 0.01704 0.5 0.01704 0.60953 0.0335 0.55118 0.01891 0.60953 0.0335 0.5 0.01704 0.60953 0.0335 0.5 0.01704 0.60953 0.0335 0.65058 0.04687 0.60953 0.0335 0.55118 0.01891 0.39047 0.0335 0.39047 0.0335 0.5 0.01704 0.44882 0.01891 0.5 0.01704 0.39047 0.0335 0.5 0.01704 0.39047 0.0335 0.5 0.01704 0.55118 0.01891 0.5 0.01704 0.44882 0.01891 0.28841 0.08175 0.28841 0.08175 0.39047 0.0335 0.34942 0.04687 0.39047 0.0335 0.28841 0.08175 0.39047 0.0335 0.28841 0.08175 0.39047 0.0335 0.44882 0.01891 0.39047 0.0335 0.34942 0.04687 0.20077 0.1585 0.20077 0.1585 0.28841 0.08175 0.25878 0.10117 0.28841 0.08175 0.20077 0.1585 0.28841 0.08175 0.20077 0.1585 0.28841 0.08175 0.34942 0.04687 0.28841 0.08175 0.25878 0.10117 0.13352 0.25852 0.13352 0.25852 0.20077 0.1585 0.18216 0.17864 0.20077 0.1585 0.13352 0.25852 0.20077 0.1585 0.13352 0.25852 0.20077 0.1585 0.25878 0.10117 0.20077 0.1585 0.18216 0.17864 0.09124 0.375 0.09124 0.375 0.13352 0.25852 0.12401 0.27479 0.13352 0.25852 0.09124 0.375 0.13352 0.25852 0.09124 0.375 0.13352 0.25852 0.18216 0.17864 0.13352 0.25852 0.12401 0.27479 0.12401 0.27479 0.09124 0.375 0.08771 0.38402 0.12788 0.27711 0.09124 0.375 0.13352 0.25852 0.09195 0.38522 0.09124 0.375 0.12788 0.27711 0.07974 0.5 0.09124 0.375 0.09195 0.38522 0.18543 0.18195 0.13352 0.25852 0.20077 0.1585 0.12788 0.27711 0.13352 0.25852 0.18543 0.18195 0.26127 0.10527 0.20077 0.1585 0.28841 0.08175 0.18543 0.18195 0.20077 0.1585 0.26127 0.10527 0.35097 0.05154 0.28841 0.08175 0.39047 0.0335 0.26127 0.10527 0.28841 0.08175 0.35097 0.05154 0.44934 0.02387 0.39047 0.0335 0.5 0.01704 0.35097 0.05154 0.39047 0.0335 0.44934 0.02387 0.55066 0.02387 0.5 0.01704 0.60953 0.0335 0.44934 0.02387 0.5 0.01704 0.55066 0.02387 0.64903 0.05154 0.60953 0.0335 0.71159 0.08175 0.55066 0.02387 0.60953 0.0335 0.64903 0.05154 0.73873 0.10527 0.71159 0.08175 0.79923 0.1585 0.64903 0.05154 0.71159 0.08175 0.73873 0.10527 0.81457 0.18195 0.79923 0.1585 0.86648 0.25852 0.73873 0.10527 0.79923 0.1585 0.81457 0.18195 0.87212 0.27711 0.86648 0.25852 0.90876 0.375 0.81457 0.18195 0.86648 0.25852 0.87212 0.27711 0.87212 0.27711 0.90876 0.375 0.90805 0.38522 0.16668 0.49716 0.16668 0.50284 0.22411 0.50284 0.22411 0.49716 0.16668 0.49716 0.22411 0.50284 0.24637 0.50284 0.22411 0.49716 0.22411 0.50284 0.16668 0.49716 0.16667 0.5 0.16668 0.50284 0.24637 0.49716 0.22411 0.49716 0.24637 0.50284 0.21258 0.30734 0.21009 0.31226 0.25983 0.34503 0.26232 0.34011 0.21258 0.30734 0.25983 0.34503 0.27911 0.35773 0.26232 0.34011 0.25983 0.34503 0.21258 0.30734 0.21133 0.30979 0.21009 0.31226 0.2816 0.35281 0.26232 0.34011 0.27911 0.35773 0.33549 0.16914 0.33118 0.17198 0.3599 0.22874 0.36421 0.2259 0.33549 0.16914 0.3599 0.22874 0.37103 0.25074 0.36421 0.2259 0.3599 0.22874 0.33549 0.16914 0.33333 0.17055 0.33118 0.17198 0.37534 0.2479 0.36421 0.2259 0.37103 0.25074 0.50249 0.11959 0.49751 0.11959 0.49751 0.18513 0.50249 0.18513 0.50249 0.11959 0.49751 0.18513 0.49751 0.21054 0.50249 0.18513 0.49751 0.18513 0.50249 0.11959 0.5 0.11958 0.49751 0.11959 0.50249 0.21054 0.50249 0.18513 0.49751 0.21054 0.66882 0.17198 0.66451 0.16914 0.63579 0.2259 0.6401 0.22874 0.66882 0.17198 0.63579 0.2259 0.62466 0.2479 0.6401 0.22874 0.63579 0.2259 0.66882 0.17198 0.66667 0.17055 0.66451 0.16914 0.62897 0.25074 0.6401 0.22874 0.62466 0.2479 0.78991 0.31226 0.78742 0.30734 0.73768 0.34011 0.74017 0.34503 0.78991 0.31226 0.73768 0.34011 0.7184 0.35281 0.74017 0.34503 0.73768 0.34011 0.78991 0.31226 0.78867 0.30979 0.78742 0.30734 0.72089 0.35773 0.74017 0.34503 0.7184 0.35281 0.83332 0.50284 0.83332 0.49716 0.77589 0.49716 0.77589 0.50284 0.83332 0.50284 0.77589 0.49716 0.75363 0.49716 0.77589 0.50284 0.77589 0.49716 0.83332 0.50284 0.83333 0.5 0.83332 0.49716 0.75363 0.50284 0.77589 0.50284 0.75363 0.49716 0.78742 0.69266 0.78991 0.68774 0.74017 0.65497 0.73768 0.65989 0.78742 0.69266 0.74017 0.65497 0.72089 0.64227 0.73768 0.65989 0.74017 0.65497 0.78742 0.69266 0.78867 0.69021 0.78991 0.68774 0.7184 0.64719 0.73768 0.65989 0.72089 0.64227 0.66451 0.83086 0.66882 0.82802 0.6401 0.77126 0.63579 0.7741 0.66451 0.83086 0.6401 0.77126 0.62897 0.74926 0.63579 0.7741 0.6401 0.77126 0.66451 0.83086 0.66667 0.82945 0.66882 0.82802 0.62466 0.7521 0.63579 0.7741 0.62897 0.74926 0.49751 0.88041 0.50249 0.88041 0.50249 0.81486 0.49751 0.81486 0.49751 0.88041 0.50249 0.81486 0.50249 0.78946 0.49751 0.81486 0.50249 0.81486 0.49751 0.88041 0.5 0.88042 0.50249 0.88041 0.49751 0.78946 0.49751 0.81486 0.50249 0.78946 0.33118 0.82802 0.33549 0.83086 0.36421 0.7741 0.3599 0.77126 0.33118 0.82802 0.36421 0.7741 0.37534 0.7521 0.3599 0.77126 0.36421 0.7741 0.33118 0.82802 0.33333 0.82945 0.33549 0.83086 0.37103 0.74926 0.3599 0.77126 0.37534 0.7521 0.21009 0.68774 0.21258 0.69266 0.26232 0.65989 0.25983 0.65497 0.21009 0.68774 0.26232 0.65989 0.2816 0.64719 0.25983 0.65497 0.26232 0.65989 0.21009 0.68774 0.21133 0.69021 0.21258 0.69266 0.27911 0.64227 0.25983 0.65497 0.2816 0.64719 0.89914 0.37794 0.92026 0.5 0.91322 0.5 0.90805 0.61478 0.91322 0.5 0.92026 0.5 0.89779 0.3881 0.89914 0.37794 0.91322 0.5 0.89914 0.62206 0.91322 0.5 0.90805 0.61478 0.9097 0.5 0.91322 0.5 0.89914 0.62206 0.9097 0.5 0.89779 0.3881 0.91322 0.5 0.89914 0.37794 0.90805 0.38522 0.92026 0.5 0.89914 0.37794 0.87212 0.27711 0.90805 0.38522 0.85786 0.26421 0.81457 0.18195 0.87212 0.27711 0.89914 0.37794 0.85786 0.26421 0.87212 0.27711 0.79219 0.16653 0.73873 0.10527 0.81457 0.18195 0.85786 0.26421 0.79219 0.16653 0.81457 0.18195 0.70661 0.09159 0.64903 0.05154 0.73873 0.10527 0.79219 0.16653 0.70661 0.09159 0.73873 0.10527 0.60695 0.04448 0.55066 0.02387 0.64903 0.05154 0.70661 0.09159 0.60695 0.04448 0.64903 0.05154 0.5 0.02841 0.44934 0.02387 0.55066 0.02387 0.60695 0.04448 0.5 0.02841 0.55066 0.02387 0.39305 0.04448 0.35097 0.05154 0.44934 0.02387 0.5 0.02841 0.39305 0.04448 0.44934 0.02387 0.29339 0.09159 0.26127 0.10527 0.35097 0.05154 0.39305 0.04448 0.29339 0.09159 0.35097 0.05154 0.20781 0.16653 0.18543 0.18195 0.26127 0.10527 0.29339 0.09159 0.20781 0.16653 0.26127 0.10527 0.14214 0.26421 0.12788 0.27711 0.18543 0.18195 0.20781 0.16653 0.14214 0.26421 0.18543 0.18195 0.10086 0.37794 0.09195 0.38522 0.12788 0.27711 0.14214 0.26421 0.10086 0.37794 0.12788 0.27711 0.08678 0.5 0.07974 0.5 0.09195 0.38522 0.10086 0.37794 0.08678 0.5 0.09195 0.38522 0.10086 0.62206 0.07974 0.5 0.08678 0.5 0.10086 0.62206 0.09195 0.61478 0.07974 0.5 0.0903 0.5 0.08678 0.5 0.10086 0.37794 0.10221 0.6119 0.10086 0.62206 0.08678 0.5 0.10221 0.6119 0.08678 0.5 0.0903 0.5 0.13723 0.28271 0.10086 0.37794 0.14214 0.26421 0.10221 0.3881 0.0903 0.5 0.10086 0.37794 0.13723 0.28271 0.10221 0.3881 0.10086 0.37794 0.19334 0.18994 0.14214 0.26421 0.20781 0.16653 0.19334 0.18994 0.13723 0.28271 0.14214 0.26421 0.26726 0.1152 0.20781 0.16653 0.29339 0.09159 0.26726 0.1152 0.19334 0.18994 0.20781 0.16653 0.35472 0.06281 0.29339 0.09159 0.39305 0.04448 0.35472 0.06281 0.26726 0.1152 0.29339 0.09159 0.45062 0.03584 0.39305 0.04448 0.5 0.02841 0.45062 0.03584 0.35472 0.06281 0.39305 0.04448 0.54938 0.03584 0.5 0.02841 0.60695 0.04448 0.54938 0.03584 0.45062 0.03584 0.5 0.02841 0.64528 0.06281 0.60695 0.04448 0.70661 0.09159 0.64528 0.06281 0.54938 0.03584 0.60695 0.04448 0.73274 0.1152 0.70661 0.09159 0.79219 0.16653 0.73274 0.1152 0.64528 0.06281 0.70661 0.09159 0.80666 0.18994 0.79219 0.16653 0.85786 0.26421 0.80666 0.18994 0.73274 0.1152 0.79219 0.16653 0.86277 0.28271 0.85786 0.26421 0.89914 0.37794 0.86277 0.28271 0.80666 0.18994 0.85786 0.26421 0.89779 0.3881 0.86277 0.28271 0.89914 0.37794 0.10086 0.62206 0.12788 0.72289 0.09195 0.61478 0.14214 0.73579 0.18543 0.81805 0.12788 0.72289 0.10086 0.62206 0.14214 0.73579 0.12788 0.72289 0.20781 0.83347 0.26127 0.89472 0.18543 0.81805 0.14214 0.73579 0.20781 0.83347 0.18543 0.81805 0.29339 0.90841 0.35097 0.94846 0.26127 0.89472 0.20781 0.83347 0.29339 0.90841 0.26127 0.89472 0.39305 0.95552 0.44934 0.97613 0.35097 0.94846 0.29339 0.90841 0.39305 0.95552 0.35097 0.94846 0.5 0.97159 0.55066 0.97613 0.44934 0.97613 0.39305 0.95552 0.5 0.97159 0.44934 0.97613 0.60695 0.95552 0.64903 0.94846 0.55066 0.97613 0.5 0.97159 0.60695 0.95552 0.55066 0.97613 0.70661 0.90841 0.73873 0.89472 0.64903 0.94846 0.60695 0.95552 0.70661 0.90841 0.64903 0.94846 0.79219 0.83347 0.81457 0.81805 0.73873 0.89472 0.70661 0.90841 0.79219 0.83347 0.73873 0.89472 0.85786 0.73579 0.87212 0.72289 0.81457 0.81805 0.79219 0.83347 0.85786 0.73579 0.81457 0.81805 0.89914 0.62206 0.90805 0.61478 0.87212 0.72289 0.85786 0.73579 0.89914 0.62206 0.87212 0.72289 0.86277 0.71729 0.89914 0.62206 0.85786 0.73579 0.89779 0.6119 0.9097 0.5 0.89914 0.62206 0.86277 0.71729 0.89779 0.6119 0.89914 0.62206 0.80666 0.81006 0.85786 0.73579 0.79219 0.83347 0.80666 0.81006 0.86277 0.71729 0.85786 0.73579 0.73274 0.8848 0.79219 0.83347 0.70661 0.90841 0.73274 0.8848 0.80666 0.81006 0.79219 0.83347 0.64528 0.93719 0.70661 0.90841 0.60695 0.95552 0.64528 0.93719 0.73274 0.8848 0.70661 0.90841 0.54938 0.96416 0.60695 0.95552 0.5 0.97159 0.54938 0.96416 0.64528 0.93719 0.60695 0.95552 0.45062 0.96416 0.5 0.97159 0.39305 0.95552 0.45062 0.96416 0.54938 0.96416 0.5 0.97159 0.35472 0.93719 0.39305 0.95552 0.29339 0.90841 0.35472 0.93719 0.45062 0.96416 0.39305 0.95552 0.26726 0.8848 0.29339 0.90841 0.20781 0.83347 0.26726 0.8848 0.35472 0.93719 0.29339 0.90841 0.19334 0.81006 0.20781 0.83347 0.14214 0.73579 0.19334 0.81006 0.26726 0.8848 0.20781 0.83347 0.13723 0.71729 0.14214 0.73579 0.10086 0.62206 0.13723 0.71729 0.19334 0.81006 0.14214 0.73579 0.10221 0.6119 0.13723 0.71729 0.10086 0.62206 0.8947 0.625 0.87871 0.625 0.88051 0.625 0.8947 0.625 0.89032 0.56316 0.87871 0.625 0.90192 0.625 0.88051 0.625 0.88225 0.625 0.89837 0.625 0.8947 0.625 0.88051 0.625 0.90192 0.625 0.89837 0.625 0.88051 0.625 0.12129 0.625 0.1195 0.625 0.16003 0.73166 0.09808 0.625 0.1195 0.625 0.12129 0.625 0.1053 0.625 0.12129 0.625 0.10968 0.56316 0.10163 0.625 0.09808 0.625 0.12129 0.625 0.1053 0.625 0.10163 0.625 0.12129 0.625 0.10671 0.5 0.10577 0.5 0.10968 0.56316 0.1053 0.625 0.10968 0.56316 0.10577 0.5 0.1053 0.375 0.10577 0.5 0.10968 0.43684 0.1053 0.375 0.1053 0.625 0.10577 0.5 0.89032 0.43684 0.89329 0.5 0.89423 0.5 0.8947 0.625 0.89423 0.5 0.89032 0.56316 0.8947 0.375 0.89032 0.43684 0.89423 0.5 0.8947 0.375 0.89423 0.5 0.8947 0.625 0.8947 0.375 0.87871 0.375 0.89032 0.43684 0.88053 0.375 0.83998 0.26835 0.87871 0.375 0.90192 0.375 0.88053 0.375 0.87871 0.375 0.89837 0.375 0.90192 0.375 0.87871 0.375 0.8947 0.375 0.89837 0.375 0.87871 0.375 0.1053 0.375 0.10968 0.43684 0.12129 0.375 0.1053 0.375 0.12129 0.375 0.11947 0.375 0.09808 0.375 0.11947 0.375 0.11745 0.375 0.10163 0.375 0.1053 0.375 0.11947 0.375 0.09808 0.375 0.10163 0.375 0.11947 0.375 0.93202 0.55987 0.91356 0.62647 0.92815 0.5 0.92463 0.5 0.92815 0.5 0.91356 0.62647 0.93202 0.44013 0.93202 0.55987 0.92815 0.5 0.91356 0.37353 0.93202 0.44013 0.92815 0.5 0.91229 0.38402 0.91356 0.37353 0.92815 0.5 0.92463 0.5 0.91229 0.38402 0.92815 0.5 0.90691 0.67612 0.87079 0.74432 0.91356 0.62647 0.87599 0.72521 0.91356 0.62647 0.87079 0.74432 0.93202 0.55987 0.90691 0.67612 0.91356 0.62647 0.91229 0.61598 0.92463 0.5 0.91356 0.62647 0.87599 0.72521 0.91229 0.61598 0.91356 0.62647 0.85816 0.78214 0.80275 0.84552 0.87079 0.74432 0.81784 0.82136 0.87079 0.74432 0.80275 0.84552 0.90691 0.67612 0.85816 0.78214 0.87079 0.74432 0.81784 0.82136 0.87599 0.72521 0.87079 0.74432 0.78859 0.87176 0.71408 0.92317 0.80275 0.84552 0.74122 0.89883 0.80275 0.84552 0.71408 0.92317 0.85816 0.78214 0.78859 0.87176 0.80275 0.84552 0.74122 0.89883 0.81784 0.82136 0.80275 0.84552 0.70225 0.93978 0.61081 0.97199 0.71408 0.92317 0.65058 0.95313 0.71408 0.92317 0.61081 0.97199 0.78859 0.87176 0.70225 0.93978 0.71408 0.92317 0.65058 0.95313 0.74122 0.89883 0.71408 0.92317 0.5 0.99667 0.5 0.98864 0.61081 0.97199 0.55118 0.98108 0.61081 0.97199 0.5 0.98864 0.60415 0.98224 0.5 0.99667 0.61081 0.97199 0.70225 0.93978 0.60415 0.98224 0.61081 0.97199 0.55118 0.98108 0.65058 0.95313 0.61081 0.97199 0.39585 0.98224 0.5 0.98864 0.5 0.99667 0.38919 0.97199 0.5 0.98864 0.39585 0.98224 0.44882 0.98108 0.5 0.98864 0.38919 0.97199 0.44882 0.98108 0.55118 0.98108 0.5 0.98864 0.91356 0.37353 0.90691 0.32388 0.93202 0.44013 0.87079 0.25568 0.85816 0.21786 0.90691 0.32388 0.91356 0.37353 0.87079 0.25568 0.90691 0.32388 0.80275 0.15448 0.78859 0.12824 0.85816 0.21786 0.87079 0.25568 0.80275 0.15448 0.85816 0.21786 0.71408 0.07683 0.70225 0.06022 0.78859 0.12824 0.80275 0.15448 0.71408 0.07683 0.78859 0.12824 0.61081 0.02801 0.60415 0.01776 0.70225 0.06022 0.71408 0.07683 0.61081 0.02801 0.70225 0.06022 0.5 0.01136 0.5 0.00333 0.60415 0.01776 0.61081 0.02801 0.5 0.01136 0.60415 0.01776 0.38919 0.02801 0.5 0.00333 0.5 0.01136 0.38919 0.02801 0.39585 0.01776 0.5 0.00333 0.55118 0.01891 0.5 0.01136 0.61081 0.02801 0.44882 0.01891 0.38919 0.02801 0.5 0.01136 0.55118 0.01891 0.44882 0.01891 0.5 0.01136 0.65058 0.04687 0.61081 0.02801 0.71408 0.07683 0.65058 0.04687 0.55118 0.01891 0.61081 0.02801 0.74122 0.10117 0.71408 0.07683 0.80275 0.15448 0.74122 0.10117 0.65058 0.04687 0.71408 0.07683 0.81784 0.17864 0.80275 0.15448 0.87079 0.25568 0.81784 0.17864 0.74122 0.10117 0.80275 0.15448 0.87599 0.27479 0.87079 0.25568 0.91356 0.37353 0.87599 0.27479 0.81784 0.17864 0.87079 0.25568 0.91229 0.38402 0.87599 0.27479 0.91356 0.37353 0.38919 0.02801 0.29775 0.06022 0.39585 0.01776 0.28592 0.07683 0.21141 0.12824 0.29775 0.06022 0.38919 0.02801 0.28592 0.07683 0.29775 0.06022 0.19725 0.15448 0.14184 0.21786 0.21141 0.12824 0.28592 0.07683 0.19725 0.15448 0.21141 0.12824 0.12921 0.25568 0.09309 0.32388 0.14184 0.21786 0.19725 0.15448 0.12921 0.25568 0.14184 0.21786 0.08643 0.37353 0.06798 0.44013 0.09309 0.32388 0.12921 0.25568 0.08643 0.37353 0.09309 0.32388 0.07185 0.5 0.06798 0.55987 0.06798 0.44013 0.08643 0.37353 0.07185 0.5 0.06798 0.44013 0.08643 0.62647 0.09309 0.67612 0.06798 0.55987 0.07185 0.5 0.08643 0.62647 0.06798 0.55987 0.12921 0.74432 0.14184 0.78214 0.09309 0.67612 0.08643 0.62647 0.12921 0.74432 0.09309 0.67612 0.19725 0.84552 0.21141 0.87176 0.14184 0.78214 0.12921 0.74432 0.19725 0.84552 0.14184 0.78214 0.28592 0.92317 0.29775 0.93978 0.21141 0.87176 0.19725 0.84552 0.28592 0.92317 0.21141 0.87176 0.38919 0.97199 0.39585 0.98224 0.29775 0.93978 0.28592 0.92317 0.38919 0.97199 0.29775 0.93978 0.34942 0.95313 0.38919 0.97199 0.28592 0.92317 0.34942 0.95313 0.44882 0.98108 0.38919 0.97199 0.25878 0.89883 0.28592 0.92317 0.19725 0.84552 0.25878 0.89883 0.34942 0.95313 0.28592 0.92317 0.18216 0.82136 0.19725 0.84552 0.12921 0.74432 0.18216 0.82136 0.25878 0.89883 0.19725 0.84552 0.12401 0.72521 0.12921 0.74432 0.08643 0.62647 0.12401 0.72521 0.18216 0.82136 0.12921 0.74432 0.08771 0.61598 0.08643 0.62647 0.07185 0.5 0.08771 0.61598 0.12401 0.72521 0.08643 0.62647 0.07537 0.5 0.07185 0.5 0.08643 0.37353 0.08771 0.61598 0.07185 0.5 0.07537 0.5 0.12401 0.27479 0.08643 0.37353 0.12921 0.25568 0.08771 0.38402 0.07537 0.5 0.08643 0.37353 0.12401 0.27479 0.08771 0.38402 0.08643 0.37353 0.18216 0.17864 0.12921 0.25568 0.19725 0.15448 0.18216 0.17864 0.12401 0.27479 0.12921 0.25568 0.25878 0.10117 0.19725 0.15448 0.28592 0.07683 0.25878 0.10117 0.18216 0.17864 0.19725 0.15448 0.34942 0.04687 0.28592 0.07683 0.38919 0.02801 0.34942 0.04687 0.25878 0.10117 0.28592 0.07683 0.44882 0.01891 0.34942 0.04687 0.38919 0.02801 0.90691 0.32388 0.91456 0.37784 0.91519 0.38068 0.92427 0.38068 0.91519 0.38068 0.91456 0.37784 0.93202 0.44013 0.90691 0.32388 0.91519 0.38068 0.92815 0.5 0.93202 0.44013 0.91519 0.38068 0.91322 0.5 0.92815 0.5 0.91519 0.38068 0.93563 0.38068 0.91519 0.38068 0.92427 0.38068 0.91322 0.5 0.91519 0.38068 0.89977 0.38068 0.93563 0.38068 0.89977 0.38068 0.91519 0.38068 0.92815 0.5 0.93202 0.55987 0.93202 0.44013 0.91519 0.61932 0.91456 0.62216 0.93202 0.55987 0.92815 0.5 0.91519 0.61932 0.93202 0.55987 0.92427 0.625 0.91456 0.62216 0.91519 0.61932 0.89977 0.61932 0.91519 0.61932 0.92815 0.5 0.92427 0.61932 0.92427 0.625 0.91519 0.61932 0.89977 0.61932 0.92427 0.61932 0.91519 0.61932 0.89977 0.61932 0.91519 0.61932 0.89977 0.61932 0.89977 0.61932 0.92815 0.5 0.91322 0.5 0.09309 0.67612 0.08544 0.62216 0.08481 0.61932 0.07573 0.61932 0.08481 0.61932 0.08544 0.62216 0.06798 0.55987 0.09309 0.67612 0.08481 0.61932 0.07185 0.5 0.06798 0.55987 0.08481 0.61932 0.08678 0.5 0.07185 0.5 0.08481 0.61932 0.06437 0.61932 0.08481 0.61932 0.07573 0.61932 0.08678 0.5 0.08481 0.61932 0.10023 0.61932 0.06437 0.61932 0.10023 0.61932 0.08481 0.61932 0.07185 0.5 0.06798 0.44013 0.06798 0.55987 0.08481 0.38068 0.08544 0.37784 0.06798 0.44013 0.07185 0.5 0.08481 0.38068 0.06798 0.44013 0.07573 0.375 0.08544 0.37784 0.08481 0.38068 0.10023 0.38068 0.08481 0.38068 0.07185 0.5 0.07573 0.38068 0.07573 0.375 0.08481 0.38068 0.10023 0.38068 0.07573 0.38068 0.08481 0.38068 0.10023 0.38068 0.08481 0.38068 0.10023 0.38068 0.10023 0.38068 0.07185 0.5 0.08678 0.5 0.60175 0.93332 0.5 0.93904 0.5 0.94862 0.69652 0.88853 0.59958 0.92407 0.60175 0.93332 0.06437 0.625 0.07573 0.625 0.10005 0.625 0.93563 0.375 0.92427 0.375 0.89995 0.375 0.60175 0.93332 0.59958 0.92407 0.5 0.93904 0.77797 0.8172 0.69232 0.88023 0.69652 0.88853 0.01195 0.61932 0.05707 0.625 0.01195 0.625 0.06437 0.61932 0.06437 0.625 0.05707 0.625 0.01195 0.61932 0.05707 0.61932 0.05707 0.625 0.06437 0.61932 0.05707 0.625 0.05707 0.61932 0.01195 0.62348 0.01195 0.625 0.01195 0.625 0.01195 0.62042 0.01195 0.61932 0.01195 0.625 0.01195 0.62348 0.01195 0.62042 0.01195 0.625 0.01195 0.62348 0.01195 0.62348 0.01195 0.625 0.09808 0.61932 0.01195 0.625 0.09808 0.625 0.01195 0.61932 0.01195 0.625 0.09808 0.61932 0.01195 0.62348 0.01195 0.625 0.01195 0.61932 0.09808 0.61932 0.09808 0.625 0.10163 0.625 0.10163 0.375 0.10163 0.625 0.1053 0.625 0.10023 0.38068 0.10163 0.625 0.10163 0.375 0.09915 0.61932 0.09808 0.61932 0.10163 0.625 0.10023 0.38068 0.10023 0.61932 0.10163 0.625 0.09915 0.61932 0.10163 0.625 0.10023 0.61932 0.10163 0.375 0.1053 0.625 0.1053 0.375 0.07573 0.61932 0.07573 0.625 0.06437 0.625 0.06437 0.61932 0.07573 0.61932 0.06437 0.625 0.06437 0.38068 0.06437 0.375 0.07573 0.375 0.06437 0.38068 0.07573 0.375 0.07573 0.38068 0.10023 0.38068 0.10163 0.375 0.09808 0.375 0.01195 0.38068 0.09808 0.375 0.01195 0.375 0.01195 0.38068 0.09808 0.38068 0.09808 0.375 0.09915 0.38068 0.09808 0.375 0.09808 0.38068 0.09915 0.38068 0.10023 0.38068 0.09808 0.375 0.01195 0.37652 0.01195 0.375 0.01195 0.375 0.01195 0.37958 0.01195 0.38068 0.01195 0.375 0.01195 0.37652 0.01195 0.37958 0.01195 0.375 0.01195 0.37652 0.01195 0.37652 0.01195 0.375 0.05707 0.38068 0.01195 0.375 0.05707 0.375 0.01195 0.38068 0.01195 0.375 0.05707 0.38068 0.01195 0.37652 0.01195 0.375 0.01195 0.38068 0.05707 0.38068 0.05707 0.375 0.06437 0.375 0.06437 0.38068 0.05707 0.38068 0.06437 0.375 0.06437 0.38068 0.07573 0.38068 0.10023 0.38068 0.10023 0.61932 0.05707 0.61932 0.01195 0.61932 0.06437 0.61932 0.05707 0.61932 0.10023 0.61932 0.01195 0.58571 0.01195 0.57565 0.01195 0.61932 0.03858 0.61674 0.01195 0.61932 0.01195 0.57565 0.01195 0.59462 0.01195 0.58571 0.01195 0.61932 0.01195 0.60247 0.01195 0.59462 0.01195 0.61932 0.01195 0.60935 0.01195 0.60247 0.01195 0.61932 0.01195 0.61188 0.01195 0.60935 0.01195 0.61932 0.01195 0.61532 0.01195 0.61188 0.01195 0.61932 0.01195 0.62042 0.01195 0.61532 0.01195 0.61932 0.03909 0.61932 0.10023 0.61932 0.01195 0.61932 0.03858 0.61674 0.03909 0.61932 0.01195 0.61932 0.03909 0.38068 0.01195 0.38068 0.05707 0.38068 0.04455 0.38068 0.05707 0.38068 0.10023 0.38068 0.06437 0.38068 0.10023 0.38068 0.05707 0.38068 0.04455 0.38068 0.03909 0.38068 0.05707 0.38068 0.01195 0.37958 0.01195 0.37652 0.01195 0.38068 0.01195 0.38468 0.01195 0.37958 0.01195 0.38068 0.01195 0.38812 0.01195 0.38468 0.01195 0.38068 0.01195 0.39065 0.01195 0.38812 0.01195 0.38068 0.01195 0.39754 0.01195 0.39065 0.01195 0.38068 0.01195 0.40538 0.01195 0.39754 0.01195 0.38068 0.01195 0.41429 0.01195 0.40538 0.01195 0.38068 0.01195 0.42435 0.01195 0.41429 0.01195 0.38068 0.03858 0.38326 0.01195 0.42435 0.01195 0.38068 0.03858 0.38326 0.01195 0.38068 0.03909 0.38068 0.03909 0.61932 0.01195 0.61932 0.09808 0.61932 0.09915 0.61932 0.10023 0.61932 0.09808 0.61932 0.04675 0.61932 0.09808 0.61932 0.10023 0.61932 0.04455 0.61932 0.03909 0.61932 0.09808 0.61932 0.04675 0.61932 0.04455 0.61932 0.09808 0.61932 0.01195 0.62042 0.01195 0.62348 0.01195 0.61932 0.01195 0.61532 0.01195 0.62042 0.01195 0.61932 0.01195 0.61188 0.01195 0.61532 0.01195 0.61932 0.01195 0.60935 0.01195 0.61188 0.01195 0.61932 0.01195 0.60247 0.01195 0.60935 0.01195 0.61932 0.01195 0.59462 0.01195 0.60247 0.01195 0.61932 0.01195 0.58571 0.01195 0.59462 0.01195 0.61932 0.01195 0.57565 0.01195 0.58571 0.01195 0.61932 0.02739 0.49999 0.01195 0.57565 0.01195 0.61932 0.03858 0.61674 0.01195 0.61932 0.03909 0.61932 0.03858 0.61674 0.02739 0.49999 0.01195 0.61932 0.08678 0.5 0.09808 0.60952 0.09808 0.39048 0.09914 0.61446 0.09808 0.39048 0.09808 0.60952 0.08678 0.5 0.08678 0.5 0.09808 0.39048 0.09914 0.38554 0.08678 0.5 0.09808 0.39048 0.09914 0.61446 0.09914 0.38554 0.09808 0.39048 0.10023 0.61932 0.09808 0.60952 0.08678 0.5 0.09914 0.61446 0.09808 0.60952 0.10023 0.61932 0.08678 0.5 0.10023 0.61932 0.08678 0.5 0.10023 0.38068 0.09808 0.38068 0.01195 0.38068 0.09915 0.38068 0.09808 0.38068 0.10023 0.38068 0.01195 0.41429 0.01195 0.42435 0.01195 0.38068 0.03909 0.38068 0.01195 0.38068 0.01195 0.42435 0.01195 0.40538 0.01195 0.41429 0.01195 0.38068 0.01195 0.39754 0.01195 0.40538 0.01195 0.38068 0.01195 0.39065 0.01195 0.39754 0.01195 0.38068 0.01195 0.38812 0.01195 0.39065 0.01195 0.38068 0.01195 0.38468 0.01195 0.38812 0.01195 0.38068 0.01195 0.37958 0.01195 0.38468 0.01195 0.38068 0.03909 0.38068 0.10023 0.38068 0.01195 0.38068 0.00219 0.5 0.01195 0.42435 0.01195 0.41429 0.03858 0.38326 0.03909 0.38068 0.01195 0.42435 0.00747 0.5 0.03858 0.38326 0.01195 0.42435 0.00219 0.5 0.00747 0.5 0.01195 0.42435 0.00219 0.5 0.01195 0.41429 0.01195 0.40538 0.00219 0.5 0.01195 0.40538 0.01195 0.39754 0.00219 0.5 0.01195 0.39754 0.01195 0.39065 0.00219 0.5 0.01195 0.39065 0.01195 0.38812 0 0.5 0.01195 0.38812 0.01195 0.38468 0.00219 0.5 0.01195 0.38812 0 0.5 0 0.5 0.01195 0.38468 0.01195 0.37958 0 0.5 0.01195 0.37958 0.01195 0.37652 0 0.5 0.01195 0.37652 0.01195 0.37652 0 0.5 0 0.5 0.01195 0.37652 0.01195 0.38468 0.01195 0.37652 0.01195 0.37958 0.01195 0.38812 0.01195 0.37652 0.01195 0.38468 0.00219 0.5 0.01195 0.37652 0.01195 0.38812 0.00219 0.5 0 0.5 0.01195 0.37652 0.01195 0.39754 0.01195 0.38812 0.01195 0.39065 0.01195 0.40538 0.01195 0.38812 0.01195 0.39754 0.01195 0.41429 0.01195 0.38812 0.01195 0.40538 0.01195 0.42435 0.01195 0.38812 0.01195 0.41429 0.00219 0.5 0.01195 0.38812 0.01195 0.42435 0.03858 0.38326 0.02739 0.50001 0.01195 0.42435 0.00747 0.5 0.01195 0.42435 0.02739 0.50001 0.00219 0.5 0.01195 0.42435 0.00747 0.5 0.00219 0.5 0.01195 0.57565 0.01195 0.58571 0.02739 0.50001 0.03858 0.61674 0.01195 0.57565 0.00747 0.5 0.02739 0.50001 0.01195 0.57565 0.00219 0.5 0.00747 0.5 0.01195 0.57565 0.00219 0.5 0.01195 0.58571 0.01195 0.59462 0.00219 0.5 0.01195 0.59462 0.01195 0.60247 0.00219 0.5 0.01195 0.60247 0.01195 0.60935 0.00219 0.5 0.01195 0.60935 0.01195 0.61188 0 0.5 0.01195 0.61188 0.01195 0.61532 0.00219 0.5 0.01195 0.61188 0 0.5 0 0.5 0.01195 0.61532 0.01195 0.62042 0 0.5 0.01195 0.62042 0.01195 0.62348 0 0.5 0.01195 0.62348 0.01195 0.62348 0 0.5 0.01195 0.62348 0 0.5 0.01195 0.61532 0.01195 0.62348 0.01195 0.62042 0.01195 0.61188 0.01195 0.62348 0.01195 0.61532 0 0.5 0.01195 0.62348 0.01195 0.61188 0.01195 0.60247 0.01195 0.61188 0.01195 0.60935 0.01195 0.59462 0.01195 0.61188 0.01195 0.60247 0.01195 0.58571 0.01195 0.61188 0.01195 0.59462 0.01195 0.57565 0.01195 0.61188 0.01195 0.58571 0.00747 0.5 0.01195 0.61188 0.01195 0.57565 0.00219 0.5 0 0.5 0.01195 0.61188 0.00219 0.5 0.01195 0.61188 0.00747 0.5 0.00747 0.5 0.01195 0.57565 0.02739 0.49999 0.09914 0.61446 0.10023 0.61932 0.10023 0.61932 0.09915 0.61932 0.10023 0.61932 0.10023 0.61932 0.09914 0.38554 0.10023 0.61932 0.10023 0.38068 0.09914 0.61446 0.10023 0.61932 0.09914 0.38554 0.04675 0.61932 0.04675 0.61932 0.10023 0.61932 0.04455 0.61932 0.04675 0.61932 0.10023 0.61932 0.03909 0.61932 0.04455 0.61932 0.10023 0.61932 0.10023 0.38068 0.10023 0.38068 0.08678 0.5 0.09914 0.38554 0.10023 0.38068 0.08678 0.5 0.04675 0.38068 0.04455 0.38068 0.10023 0.38068 0.04675 0.38068 0.04675 0.38068 0.10023 0.38068 0.04455 0.38068 0.04675 0.38068 0.10023 0.38068 0.03909 0.38068 0.04455 0.38068 0.10023 0.38068 0.03858 0.61674 0.03909 0.61932 0.04455 0.61932 0.04374 0.61544 0.04455 0.61932 0.04675 0.61932 0.04374 0.61544 0.03858 0.61674 0.04455 0.61932 0.04588 0.6149 0.04675 0.61932 0.04675 0.61932 0.04374 0.61544 0.04675 0.61932 0.04588 0.6149 0.04588 0.6149 0.04675 0.61932 0.04455 0.61932 0.04588 0.6149 0.04675 0.61932 0.04588 0.6149 0.04374 0.61545 0.04455 0.61932 0.03909 0.61932 0.04374 0.61545 0.04588 0.6149 0.04455 0.61932 0.04374 0.61545 0.03909 0.61932 0.03858 0.61674 0.03858 0.38326 0.03909 0.38068 0.04455 0.38068 0.04374 0.38456 0.04455 0.38068 0.04675 0.38068 0.04374 0.38456 0.03858 0.38326 0.04455 0.38068 0.04588 0.3851 0.04675 0.38068 0.04675 0.38068 0.04374 0.38456 0.04675 0.38068 0.04588 0.3851 0.04588 0.3851 0.04675 0.38068 0.04455 0.38068 0.04588 0.3851 0.04588 0.3851 0.04675 0.38068 0.04374 0.38455 0.04455 0.38068 0.03909 0.38068 0.04374 0.38455 0.04588 0.3851 0.04455 0.38068 0.04374 0.38455 0.03909 0.38068 0.03858 0.38326 0.03485 0.49999 0.03485 0.50001 0.04588 0.3851 0.03385 0.50001 0.04588 0.3851 0.03485 0.50001 0.04588 0.3851 0.03485 0.49999 0.04588 0.3851 0.04374 0.38456 0.04588 0.3851 0.03385 0.50001 0.04588 0.6149 0.04588 0.6149 0.03485 0.50001 0.04374 0.61545 0.03485 0.50001 0.04588 0.6149 0.03485 0.49999 0.04588 0.6149 0.03485 0.50001 0.03385 0.50001 0.03485 0.50001 0.04374 0.61545 0.03385 0.49999 0.04588 0.6149 0.03485 0.49999 0.04374 0.61544 0.04588 0.6149 0.03385 0.49999 0.04374 0.38455 0.03485 0.49999 0.04588 0.3851 0.03385 0.49999 0.03485 0.49999 0.04374 0.38455 0.03112 0.50001 0.03858 0.61674 0.02739 0.50001 0.03112 0.50001 0.04374 0.61545 0.03858 0.61674 0.04374 0.38456 0.02739 0.50001 0.03858 0.38326 0.04374 0.38456 0.03112 0.50001 0.02739 0.50001 0.00747 0.5 0.02739 0.49999 0.03858 0.38326 0.03112 0.49999 0.03858 0.38326 0.02739 0.49999 0.03112 0.49999 0.04374 0.38455 0.03858 0.38326 0.04374 0.61544 0.02739 0.49999 0.03858 0.61674 0.04374 0.61544 0.03112 0.49999 0.02739 0.49999 0.03385 0.50001 0.04374 0.61545 0.03112 0.50001 0.04374 0.38456 0.03385 0.50001 0.03112 0.50001 0.03385 0.49999 0.04374 0.38455 0.03112 0.49999 0.04374 0.61544 0.03385 0.49999 0.03112 0.49999 0.93563 0.61932 0.93563 0.625 0.92427 0.625 0.93563 0.61932 0.92427 0.625 0.92427 0.61932 0.8947 0.375 0.8947 0.625 0.89837 0.625 0.89977 0.61932 0.89837 0.625 0.90192 0.625 0.8947 0.375 0.89837 0.625 0.89837 0.375 0.89977 0.61932 0.89837 0.375 0.89837 0.625 0.98805 0.61932 0.90192 0.625 0.98805 0.625 0.98805 0.61932 0.90192 0.61932 0.90192 0.625 0.90085 0.61932 0.90192 0.625 0.90192 0.61932 0.90085 0.61932 0.89977 0.61932 0.90192 0.625 0.98805 0.62348 0.98805 0.625 0.98805 0.625 0.98805 0.62041 0.98805 0.61932 0.98805 0.625 0.98805 0.62348 0.98805 0.62041 0.98805 0.625 0.98805 0.62348 0.98805 0.62348 0.98805 0.625 0.94293 0.61932 0.98805 0.625 0.94293 0.625 0.98805 0.61932 0.98805 0.625 0.94293 0.61932 0.98805 0.62348 0.98805 0.625 0.98805 0.61932 0.94293 0.61932 0.94293 0.625 0.93563 0.625 0.93563 0.61932 0.94293 0.61932 0.93563 0.625 0.98805 0.38068 0.94293 0.375 0.98805 0.375 0.93563 0.38068 0.93563 0.375 0.94293 0.375 0.98805 0.38068 0.94293 0.38068 0.94293 0.375 0.93563 0.38068 0.94293 0.375 0.94293 0.38068 0.98805 0.37652 0.98805 0.375 0.98805 0.375 0.98805 0.37959 0.98805 0.38068 0.98805 0.375 0.98805 0.37652 0.98805 0.37959 0.98805 0.375 0.98805 0.37652 0.98805 0.37652 0.98805 0.375 0.90192 0.38068 0.98805 0.375 0.90192 0.375 0.98805 0.38068 0.98805 0.375 0.90192 0.38068 0.98805 0.37652 0.98805 0.375 0.98805 0.38068 0.90192 0.38068 0.90192 0.375 0.89837 0.375 0.90085 0.38068 0.90192 0.38068 0.89837 0.375 0.89977 0.61932 0.89977 0.38068 0.89837 0.375 0.90085 0.38068 0.89837 0.375 0.89977 0.38068 0.92427 0.38068 0.92427 0.375 0.93563 0.375 0.93563 0.38068 0.92427 0.38068 0.93563 0.375 0.93563 0.61932 0.92427 0.61932 0.89977 0.61932 0.96091 0.61932 0.98805 0.61932 0.94293 0.61932 0.95545 0.61932 0.94293 0.61932 0.89977 0.61932 0.93563 0.61932 0.89977 0.61932 0.94293 0.61932 0.95545 0.61932 0.96091 0.61932 0.94293 0.61932 0.98805 0.62041 0.98805 0.62348 0.98805 0.61932 0.98805 0.6153 0.98805 0.62041 0.98805 0.61932 0.98805 0.60932 0.98805 0.6153 0.98805 0.61932 0.98805 0.60244 0.98805 0.60932 0.98805 0.61932 0.98805 0.59459 0.98805 0.60244 0.98805 0.61932 0.98805 0.5857 0.98805 0.59459 0.98805 0.61932 0.98805 0.57565 0.98805 0.5857 0.98805 0.61932 0.97261 0.49999 0.98805 0.57565 0.98805 0.61932 0.96142 0.61674 0.98805 0.61932 0.96091 0.61932 0.96142 0.61674 0.97261 0.49999 0.98805 0.61932 0.89977 0.38068 0.94293 0.38068 0.98805 0.38068 0.93563 0.38068 0.94293 0.38068 0.89977 0.38068 0.98805 0.4143 0.98805 0.42435 0.98805 0.38068 0.96091 0.38068 0.98805 0.38068 0.98805 0.42435 0.98805 0.40541 0.98805 0.4143 0.98805 0.38068 0.98805 0.39757 0.98805 0.40541 0.98805 0.38068 0.98805 0.39068 0.98805 0.39757 0.98805 0.38068 0.98805 0.38812 0.98805 0.39068 0.98805 0.38068 0.98805 0.3847 0.98805 0.38812 0.98805 0.38068 0.98805 0.37959 0.98805 0.3847 0.98805 0.38068 0.96091 0.38068 0.89977 0.38068 0.98805 0.38068 0.96091 0.38068 0.98805 0.38068 0.90192 0.38068 0.90085 0.38068 0.89977 0.38068 0.90192 0.38068 0.95325 0.38068 0.90192 0.38068 0.89977 0.38068 0.95545 0.38068 0.96091 0.38068 0.90192 0.38068 0.95325 0.38068 0.95545 0.38068 0.90192 0.38068 0.98805 0.37959 0.98805 0.37652 0.98805 0.38068 0.98805 0.3847 0.98805 0.37959 0.98805 0.38068 0.98805 0.39068 0.98805 0.3847 0.98805 0.38068 0.98805 0.39757 0.98805 0.39068 0.98805 0.38068 0.98805 0.40541 0.98805 0.39757 0.98805 0.38068 0.98805 0.4143 0.98805 0.40541 0.98805 0.38068 0.98805 0.42435 0.98805 0.4143 0.98805 0.38068 0.96142 0.38326 0.98805 0.42435 0.98805 0.38068 0.96142 0.38326 0.98805 0.38068 0.96091 0.38068 0.91322 0.5 0.90192 0.39048 0.90192 0.60952 0.90086 0.38554 0.90192 0.60952 0.90192 0.39048 0.91322 0.5 0.91322 0.5 0.90192 0.60952 0.90086 0.61446 0.91322 0.5 0.90192 0.60952 0.90086 0.38554 0.90086 0.61446 0.90192 0.60952 0.89977 0.38068 0.90192 0.39048 0.91322 0.5 0.90086 0.38554 0.90192 0.39048 0.89977 0.38068 0.91322 0.5 0.89977 0.38068 0.91322 0.5 0.89977 0.61932 0.90192 0.61932 0.98805 0.61932 0.90085 0.61932 0.90192 0.61932 0.89977 0.61932 0.98805 0.5857 0.98805 0.57565 0.98805 0.61932 0.96142 0.61674 0.98805 0.61932 0.98805 0.57565 0.98805 0.59459 0.98805 0.5857 0.98805 0.61932 0.98805 0.60244 0.98805 0.59459 0.98805 0.61932 0.98805 0.60932 0.98805 0.60244 0.98805 0.61932 0.98805 0.61188 0.98805 0.60932 0.98805 0.61932 0.98805 0.6153 0.98805 0.61188 0.98805 0.61932 0.98805 0.62041 0.98805 0.6153 0.98805 0.61932 0.96091 0.61932 0.89977 0.61932 0.98805 0.61932 0.96142 0.61674 0.96091 0.61932 0.98805 0.61932 0.99781 0.5 0.98805 0.57565 0.98805 0.5857 0.97261 0.50001 0.96142 0.61674 0.98805 0.57565 0.99253 0.5 0.97261 0.50001 0.98805 0.57565 0.99781 0.5 0.99253 0.5 0.98805 0.57565 0.99781 0.5 0.98805 0.5857 0.98805 0.59459 0.99781 0.5 0.98805 0.59459 0.98805 0.60244 0.99781 0.5 0.98805 0.60244 0.98805 0.60932 0.99781 0.5 0.98805 0.60932 0.98805 0.61188 1 0.5 0.98805 0.61188 0.98805 0.6153 0.99781 0.5 0.98805 0.61188 1 0.5 1 0.5 0.98805 0.6153 0.98805 0.62041 1 0.5 0.98805 0.62041 0.98805 0.62348 1 0.5 0.98805 0.62348 0.98805 0.62348 1 0.5 1 0.5 0.98805 0.62348 0.98805 0.6153 0.98805 0.62348 0.98805 0.62041 0.98805 0.61188 0.98805 0.62348 0.98805 0.6153 0.99781 0.5 0.98805 0.62348 0.98805 0.61188 0.99781 0.5 1 0.5 0.98805 0.62348 0.98805 0.60932 0.98805 0.61188 0.98805 0.6153 0.98805 0.60244 0.98805 0.61188 0.98805 0.60932 0.98805 0.59459 0.98805 0.61188 0.98805 0.60244 0.98805 0.5857 0.98805 0.61188 0.98805 0.59459 0.98805 0.57565 0.98805 0.61188 0.98805 0.5857 0.99781 0.5 0.98805 0.61188 0.98805 0.57565 0.99253 0.5 0.98805 0.57565 0.97261 0.49999 0.99781 0.5 0.98805 0.57565 0.99253 0.5 0.99781 0.5 0.98805 0.42435 0.98805 0.4143 0.96142 0.38326 0.96091 0.38068 0.98805 0.42435 0.99253 0.5 0.96142 0.38326 0.98805 0.42435 0.99781 0.5 0.99253 0.5 0.98805 0.42435 0.99781 0.5 0.98805 0.4143 0.98805 0.40541 0.99781 0.5 0.98805 0.40541 0.98805 0.39757 0.99781 0.5 0.98805 0.39757 0.98805 0.39068 0.99781 0.5 0.98805 0.39068 0.98805 0.38812 1 0.5 0.98805 0.38812 0.98805 0.3847 0.99781 0.5 0.98805 0.38812 1 0.5 1 0.5 0.98805 0.3847 0.98805 0.37959 1 0.5 0.98805 0.37959 0.98805 0.37652 1 0.5 0.98805 0.37652 0.98805 0.37652 1 0.5 0.98805 0.37652 1 0.5 0.98805 0.3847 0.98805 0.37652 0.98805 0.37959 0.98805 0.38812 0.98805 0.37652 0.98805 0.3847 0.99781 0.5 0.98805 0.37652 0.98805 0.38812 0.99781 0.5 1 0.5 0.98805 0.37652 0.98805 0.39068 0.98805 0.38812 0.98805 0.3847 0.98805 0.39757 0.98805 0.38812 0.98805 0.39068 0.98805 0.40541 0.98805 0.38812 0.98805 0.39757 0.98805 0.4143 0.98805 0.38812 0.98805 0.40541 0.98805 0.42435 0.98805 0.38812 0.98805 0.4143 0.99253 0.5 0.98805 0.38812 0.98805 0.42435 0.99781 0.5 0.98805 0.38812 0.99253 0.5 0.96142 0.38326 0.97261 0.50001 0.98805 0.42435 0.99253 0.5 0.98805 0.42435 0.97261 0.50001 0.90086 0.38554 0.89977 0.38068 0.89977 0.38068 0.90085 0.38068 0.89977 0.38068 0.89977 0.38068 0.90086 0.61446 0.89977 0.38068 0.89977 0.61932 0.90086 0.38554 0.89977 0.38068 0.90086 0.61446 0.95325 0.38068 0.95325 0.38068 0.89977 0.38068 0.95545 0.38068 0.95325 0.38068 0.89977 0.38068 0.96091 0.38068 0.95545 0.38068 0.89977 0.38068 0.89977 0.61932 0.89977 0.61932 0.91322 0.5 0.90086 0.61446 0.89977 0.61932 0.91322 0.5 0.95325 0.61932 0.95545 0.61932 0.89977 0.61932 0.95325 0.61932 0.95325 0.61932 0.89977 0.61932 0.95545 0.61932 0.95325 0.61932 0.89977 0.61932 0.96091 0.61932 0.95545 0.61932 0.89977 0.61932 0.96142 0.61674 0.96091 0.61932 0.95545 0.61932 0.95626 0.61544 0.95545 0.61932 0.95325 0.61932 0.95626 0.61544 0.96142 0.61674 0.95545 0.61932 0.95412 0.6149 0.95325 0.61932 0.95325 0.61932 0.95626 0.61544 0.95325 0.61932 0.95412 0.6149 0.95412 0.6149 0.95325 0.61932 0.95545 0.61932 0.95412 0.6149 0.95412 0.6149 0.95325 0.61932 0.95626 0.61545 0.95545 0.61932 0.96091 0.61932 0.95626 0.61545 0.95412 0.6149 0.95545 0.61932 0.95626 0.61545 0.96091 0.61932 0.96142 0.61674 0.96142 0.38326 0.96091 0.38068 0.95545 0.38068 0.95626 0.38456 0.95545 0.38068 0.95325 0.38068 0.95626 0.38456 0.96142 0.38326 0.95545 0.38068 0.95412 0.3851 0.95325 0.38068 0.95325 0.38068 0.95626 0.38456 0.95325 0.38068 0.95412 0.3851 0.95412 0.3851 0.95325 0.38068 0.95545 0.38068 0.95412 0.3851 0.95325 0.38068 0.95412 0.3851 0.95626 0.38455 0.95545 0.38068 0.96091 0.38068 0.95626 0.38455 0.95412 0.3851 0.95545 0.38068 0.95626 0.38455 0.96091 0.38068 0.96142 0.38326 0.96515 0.50001 0.96515 0.49999 0.95412 0.6149 0.96615 0.49999 0.95412 0.6149 0.96515 0.49999 0.95412 0.6149 0.96515 0.50001 0.95412 0.6149 0.95626 0.61544 0.95412 0.6149 0.96615 0.49999 0.95412 0.3851 0.95412 0.3851 0.96515 0.49999 0.95626 0.38455 0.96515 0.49999 0.95412 0.3851 0.96515 0.50001 0.95412 0.3851 0.96515 0.49999 0.96615 0.49999 0.96515 0.49999 0.95626 0.38455 0.96615 0.50001 0.95412 0.3851 0.96515 0.50001 0.95626 0.38456 0.95412 0.3851 0.96615 0.50001 0.95626 0.61545 0.96515 0.50001 0.95412 0.6149 0.96615 0.50001 0.96515 0.50001 0.95626 0.61545 0.99253 0.5 0.97261 0.49999 0.96142 0.38326 0.96888 0.49999 0.96142 0.38326 0.97261 0.49999 0.96888 0.49999 0.95626 0.38455 0.96142 0.38326 0.95626 0.61544 0.97261 0.49999 0.96142 0.61674 0.95626 0.61544 0.96888 0.49999 0.97261 0.49999 0.96888 0.50001 0.96142 0.61674 0.97261 0.50001 0.96888 0.50001 0.95626 0.61545 0.96142 0.61674 0.95626 0.38456 0.97261 0.50001 0.96142 0.38326 0.95626 0.38456 0.96888 0.50001 0.97261 0.50001 0.96615 0.49999 0.95626 0.38455 0.96888 0.49999 0.95626 0.61544 0.96615 0.49999 0.96888 0.49999 0.96615 0.50001 0.95626 0.61545 0.96888 0.50001 0.95626 0.38456 0.96615 0.50001 0.96888 0.50001 0.40037 0.9243 0.39819 0.93356 0.5 0.94886 0.5 0.94862 0.5 0.94886 0.39819 0.93356 0.5 0.93928 0.40037 0.9243 0.5 0.94886 0.5 0.93904 0.5 0.93928 0.5 0.94886 0.5 0.94862 0.5 0.93904 0.5 0.94886 0.30757 0.88044 0.30337 0.88874 0.39819 0.93356 0.40037 0.9243 0.30757 0.88044 0.39819 0.93356 0.22781 0.8106 0.22188 0.81737 0.30337 0.88874 0.30757 0.88044 0.22781 0.8106 0.30337 0.88874 0.16667 0.71964 0.15939 0.72443 0.22188 0.81737 0.22781 0.8106 0.16667 0.71964 0.22188 0.81737 0.12822 0.61372 0.12011 0.6162 0.15939 0.72443 0.16667 0.71964 0.12822 0.61372 0.15939 0.72443 0.1151 0.49997 0.1067 0.49997 0.12011 0.6162 0.12822 0.61372 0.1151 0.49997 0.12011 0.6162 0.12821 0.38632 0.1201 0.38384 0.1067 0.49997 0.1151 0.49997 0.12821 0.38632 0.1067 0.49997 0.16661 0.28048 0.15934 0.27569 0.1201 0.38384 0.12821 0.38632 0.16661 0.28048 0.1201 0.38384 0.22786 0.18938 0.15934 0.27569 0.16661 0.28048 0.22192 0.18261 0.15934 0.27569 0.22786 0.18938 0.5 0.93904 0.40037 0.9243 0.5 0.93928 0.5 0.93953 0.5 0.92995 0.59752 0.91529 0.5 0.93953 0.5 0.92792 0.5 0.92995 0.59969 0.92454 0.59752 0.91529 0.68834 0.87235 0.5 0.93953 0.59752 0.91529 0.59969 0.92454 0.69254 0.88065 0.68834 0.87235 0.7664 0.804 0.59969 0.92454 0.68834 0.87235 0.69254 0.88065 0.77234 0.81078 0.7664 0.804 0.82625 0.71497 0.69254 0.88065 0.7664 0.804 0.77234 0.81078 0.83352 0.71976 0.82625 0.71497 0.86388 0.6113 0.77234 0.81078 0.82625 0.71497 0.83352 0.71976 0.87199 0.61378 0.86388 0.6113 0.87672 0.49997 0.83352 0.71976 0.86388 0.6113 0.87199 0.61378 0.88512 0.49997 0.87672 0.49997 0.86389 0.38874 0.87199 0.61378 0.87672 0.49997 0.88512 0.49997 0.872 0.38626 0.86389 0.38874 0.82625 0.28503 0.88512 0.49997 0.86389 0.38874 0.872 0.38626 0.872 0.38626 0.82625 0.28503 0.83353 0.28024 0.16801 0.28125 0.17528 0.28604 0.13783 0.38927 0.12972 0.38679 0.13783 0.38927 0.12505 0.49997 0.12972 0.38679 0.16801 0.28125 0.13783 0.38927 0.11666 0.49997 0.12505 0.49997 0.13783 0.61078 0.11666 0.49997 0.12972 0.38679 0.12505 0.49997 0.12972 0.61326 0.13783 0.61078 0.17529 0.71396 0.12972 0.61326 0.11666 0.49997 0.13783 0.61078 0.16802 0.71875 0.17529 0.71396 0.23486 0.80256 0.16802 0.71875 0.12972 0.61326 0.17529 0.71396 0.22892 0.80934 0.23486 0.80256 0.31255 0.8706 0.22892 0.80934 0.16802 0.71875 0.23486 0.80256 0.30835 0.8789 0.31255 0.8706 0.40294 0.91333 0.30835 0.8789 0.22892 0.80934 0.31255 0.8706 0.40077 0.92258 0.40294 0.91333 0.5 0.92792 0.40077 0.92258 0.30835 0.8789 0.40294 0.91333 0.5 0.9375 0.40077 0.92258 0.5 0.92792 0.5 0.93953 0.5 0.9375 0.5 0.92792 0.22192 0.18261 0.22786 0.18938 0.30754 0.11961 0.30334 0.11131 0.30754 0.11961 0.40041 0.0757 0.22192 0.18261 0.30754 0.11961 0.30334 0.11131 0.39823 0.06645 0.40041 0.0757 0.5 0.06075 0.30334 0.11131 0.40041 0.0757 0.39823 0.06645 0.5 0.05116 0.5 0.06075 0.59959 0.0757 0.39823 0.06645 0.5 0.06075 0.5 0.05116 0.60177 0.06645 0.59959 0.0757 0.69246 0.11961 0.5 0.05116 0.59959 0.0757 0.60177 0.06645 0.69666 0.11131 0.69246 0.11961 0.77214 0.18939 0.60177 0.06645 0.69246 0.11961 0.69666 0.11131 0.77808 0.18261 0.77214 0.18939 0.83332 0.28037 0.69666 0.11131 0.77214 0.18939 0.77808 0.18261 0.84043 0.27569 0.83332 0.28037 0.83315 0.28048 0.84059 0.27558 0.83332 0.28037 0.84043 0.27569 0.77808 0.18261 0.83332 0.28037 0.84059 0.27558 0.84043 0.27569 0.83315 0.28048 0.87158 0.38639 0.8797 0.38391 0.87158 0.38639 0.88469 0.49997 0.84043 0.27569 0.87158 0.38639 0.8797 0.38391 0.89309 0.49997 0.88469 0.49997 0.87158 0.61365 0.8797 0.38391 0.88469 0.49997 0.89309 0.49997 0.87969 0.61614 0.87158 0.61365 0.83315 0.71952 0.89309 0.49997 0.87158 0.61365 0.87969 0.61614 0.84042 0.72431 0.83315 0.71952 0.77203 0.81043 0.87969 0.61614 0.83315 0.71952 0.84042 0.72431 0.77797 0.8172 0.77203 0.81043 0.69232 0.88023 0.84042 0.72431 0.77203 0.81043 0.77797 0.8172 0.69652 0.88853 0.69232 0.88023 0.59958 0.92407 0.44023 0.98458 0.38838 0.94487 0.5 0.96055 0.5 0.95561 0.5 0.96055 0.38838 0.94487 0.5 0.98876 0.5 0.96055 0.61162 0.94487 0.60215 0.94238 0.61162 0.94487 0.5 0.96055 0.44023 0.98458 0.5 0.96055 0.5 0.98876 0.60215 0.94238 0.5 0.96055 0.5 0.95561 0.32476 0.95155 0.2843 0.89887 0.38838 0.94487 0.30164 0.90343 0.38838 0.94487 0.2843 0.89887 0.38148 0.97211 0.32476 0.95155 0.38838 0.94487 0.44023 0.98458 0.38148 0.97211 0.38838 0.94487 0.39785 0.94238 0.5 0.95561 0.38838 0.94487 0.30164 0.90343 0.39785 0.94238 0.38838 0.94487 0.22124 0.88775 0.19493 0.82567 0.2843 0.89887 0.21695 0.84103 0.2843 0.89887 0.19493 0.82567 0.27104 0.92327 0.22124 0.88775 0.2843 0.89887 0.32476 0.95155 0.27104 0.92327 0.2843 0.89887 0.21695 0.84103 0.30164 0.90343 0.2843 0.89887 0.13672 0.79753 0.12635 0.73029 0.19493 0.82567 0.14872 0.75882 0.19493 0.82567 0.12635 0.73029 0.17621 0.84559 0.13672 0.79753 0.19493 0.82567 0.22124 0.88775 0.17621 0.84559 0.19493 0.82567 0.14872 0.75882 0.21695 0.84103 0.19493 0.82567 0.10345 0.74437 0.08324 0.61921 0.12635 0.73029 0.1009 0.66156 0.12635 0.73029 0.08324 0.61921 0.13672 0.79753 0.10345 0.74437 0.12635 0.73029 0.1009 0.66156 0.14872 0.75882 0.12635 0.73029 0.07696 0.68703 0.06854 0.5 0.08324 0.61921 0.07627 0.55492 0.08324 0.61921 0.06854 0.5 0.10345 0.74437 0.07696 0.68703 0.08324 0.61921 0.07627 0.55492 0.1009 0.66156 0.08324 0.61921 0.07696 0.31297 0.08324 0.3808 0.06854 0.5 0.07627 0.44508 0.06854 0.5 0.08324 0.3808 0.05771 0.62649 0.07696 0.31297 0.06854 0.5 0.07696 0.68703 0.05771 0.62649 0.06854 0.5 0.07627 0.44508 0.07627 0.55492 0.06854 0.5 0.10345 0.25563 0.12635 0.26971 0.08324 0.3808 0.1009 0.33844 0.08324 0.3808 0.12635 0.26971 0.07696 0.31297 0.10345 0.25563 0.08324 0.3808 0.1009 0.33844 0.07627 0.44508 0.08324 0.3808 0.17621 0.1544 0.19492 0.17433 0.12635 0.26971 0.14872 0.24118 0.12635 0.26971 0.19492 0.17433 0.13672 0.20247 0.17621 0.1544 0.12635 0.26971 0.10345 0.25563 0.13672 0.20247 0.12635 0.26971 0.14872 0.24118 0.1009 0.33844 0.12635 0.26971 0.27104 0.07673 0.2843 0.10113 0.19492 0.17433 0.21695 0.15897 0.19492 0.17433 0.2843 0.10113 0.22124 0.11225 0.27104 0.07673 0.19492 0.17433 0.17621 0.1544 0.22124 0.11225 0.19492 0.17433 0.21695 0.15897 0.14872 0.24118 0.19492 0.17433 0.38148 0.02789 0.38838 0.05513 0.2843 0.10113 0.30164 0.09657 0.2843 0.10113 0.38838 0.05513 0.32476 0.04844 0.38148 0.02789 0.2843 0.10113 0.27104 0.07673 0.32476 0.04844 0.2843 0.10113 0.30164 0.09657 0.21695 0.15897 0.2843 0.10113 0.5 0.01124 0.5 0.03945 0.38838 0.05513 0.39785 0.05762 0.38838 0.05513 0.5 0.03945 0.44023 0.01542 0.5 0.01124 0.38838 0.05513 0.38148 0.02789 0.44023 0.01542 0.38838 0.05513 0.39785 0.05762 0.30164 0.09657 0.38838 0.05513 0.55977 0.01542 0.61162 0.05513 0.5 0.03945 0.5 0.04438 0.5 0.03945 0.61162 0.05513 0.5 0.01124 0.55977 0.01542 0.5 0.03945 0.5 0.04438 0.39785 0.05762 0.5 0.03945 0.67524 0.04845 0.7157 0.10113 0.61162 0.05513 0.69836 0.09657 0.61162 0.05513 0.7157 0.10113 0.61852 0.02789 0.67524 0.04845 0.61162 0.05513 0.55977 0.01542 0.61852 0.02789 0.61162 0.05513 0.60215 0.05762 0.5 0.04438 0.61162 0.05513 0.69836 0.09657 0.60215 0.05762 0.61162 0.05513 0.77876 0.11225 0.80507 0.17433 0.7157 0.10113 0.78305 0.15897 0.7157 0.10113 0.80507 0.17433 0.72896 0.07673 0.77876 0.11225 0.7157 0.10113 0.67524 0.04845 0.72896 0.07673 0.7157 0.10113 0.78305 0.15897 0.69836 0.09657 0.7157 0.10113 0.86328 0.20247 0.87365 0.26971 0.80507 0.17433 0.85128 0.24118 0.80507 0.17433 0.87365 0.26971 0.82379 0.1544 0.86328 0.20247 0.80507 0.17433 0.77876 0.11225 0.82379 0.1544 0.80507 0.17433 0.85128 0.24118 0.78305 0.15897 0.80507 0.17433 0.89655 0.25563 0.91676 0.38079 0.87365 0.26971 0.8991 0.33844 0.87365 0.26971 0.91676 0.38079 0.86328 0.20247 0.89655 0.25563 0.87365 0.26971 0.8991 0.33844 0.85128 0.24118 0.87365 0.26971 0.92304 0.31297 0.93146 0.5 0.91676 0.38079 0.92373 0.44508 0.91676 0.38079 0.93146 0.5 0.89655 0.25563 0.92304 0.31297 0.91676 0.38079 0.92373 0.44508 0.8991 0.33844 0.91676 0.38079 0.92304 0.68703 0.91676 0.6192 0.93146 0.5 0.92373 0.55492 0.93146 0.5 0.91676 0.6192 0.94229 0.37351 0.92304 0.68703 0.93146 0.5 0.92304 0.31297 0.94229 0.37351 0.93146 0.5 0.92373 0.55492 0.92373 0.44508 0.93146 0.5 0.89655 0.74437 0.87365 0.73028 0.91676 0.6192 0.8991 0.66156 0.91676 0.6192 0.87365 0.73028 0.92304 0.68703 0.89655 0.74437 0.91676 0.6192 0.8991 0.66156 0.92373 0.55492 0.91676 0.6192 0.82379 0.8456 0.80507 0.82567 0.87365 0.73028 0.85128 0.75882 0.87365 0.73028 0.80507 0.82567 0.86328 0.79753 0.82379 0.8456 0.87365 0.73028 0.89655 0.74437 0.86328 0.79753 0.87365 0.73028 0.85128 0.75882 0.8991 0.66156 0.87365 0.73028 0.72896 0.92327 0.7157 0.89887 0.80507 0.82567 0.78305 0.84103 0.80507 0.82567 0.7157 0.89887 0.77876 0.88775 0.72896 0.92327 0.80507 0.82567 0.82379 0.8456 0.77876 0.88775 0.80507 0.82567 0.78305 0.84103 0.85128 0.75882 0.80507 0.82567 0.61852 0.97211 0.61162 0.94487 0.7157 0.89887 0.69836 0.90343 0.7157 0.89887 0.61162 0.94487 0.67524 0.95156 0.61852 0.97211 0.7157 0.89887 0.72896 0.92327 0.67524 0.95156 0.7157 0.89887 0.69836 0.90343 0.78305 0.84103 0.7157 0.89887 0.55976 0.98458 0.5 0.98876 0.61162 0.94487 0.61852 0.97211 0.55976 0.98458 0.61162 0.94487 0.60215 0.94238 0.69836 0.90343 0.61162 0.94487 0.5 0.99671 0.5 0.98876 0.55976 0.98458 0.39645 0.98426 0.44023 0.98458 0.5 0.98876 0.5 0.99671 0.39645 0.98426 0.5 0.98876 0.60355 0.98426 0.55976 0.98458 0.61852 0.97211 0.60355 0.98426 0.5 0.99671 0.55976 0.98458 0.60355 0.98426 0.61852 0.97211 0.67524 0.95156 0.7019 0.94752 0.67524 0.95156 0.72896 0.92327 0.7019 0.94752 0.60355 0.98426 0.67524 0.95156 0.7019 0.94752 0.72896 0.92327 0.77876 0.88775 0.79013 0.88834 0.77876 0.88775 0.82379 0.8456 0.79013 0.88834 0.7019 0.94752 0.77876 0.88775 0.86382 0.80969 0.82379 0.8456 0.86328 0.79753 0.86382 0.80969 0.79013 0.88834 0.82379 0.8456 0.86382 0.80969 0.86328 0.79753 0.89655 0.74437 0.91926 0.71551 0.89655 0.74437 0.92304 0.68703 0.91926 0.71551 0.86382 0.80969 0.89655 0.74437 0.94229 0.37351 0.94229 0.6265 0.92304 0.68703 0.91926 0.71551 0.92304 0.68703 0.94229 0.6265 0.95397 0.43621 0.95397 0.56379 0.94229 0.6265 0.95367 0.61053 0.94229 0.6265 0.95397 0.56379 0.94229 0.37351 0.95397 0.43621 0.94229 0.6265 0.95367 0.61053 0.91926 0.71551 0.94229 0.6265 0.95397 0.43621 0.95789 0.5 0.95397 0.56379 0.95367 0.61053 0.95397 0.56379 0.95789 0.5 0.96534 0.5 0.95789 0.5 0.95397 0.43621 0.96534 0.5 0.95367 0.61053 0.95789 0.5 0.95367 0.38947 0.95397 0.43621 0.94229 0.37351 0.95367 0.38947 0.96534 0.5 0.95397 0.43621 0.95367 0.38947 0.94229 0.37351 0.92304 0.31297 0.91926 0.28449 0.92304 0.31297 0.89655 0.25563 0.91926 0.28449 0.95367 0.38947 0.92304 0.31297 0.91926 0.28449 0.89655 0.25563 0.86328 0.20247 0.86382 0.19031 0.86328 0.20247 0.82379 0.1544 0.86382 0.19031 0.91926 0.28449 0.86328 0.20247 0.79013 0.11166 0.82379 0.1544 0.77876 0.11225 0.79013 0.11166 0.86382 0.19031 0.82379 0.1544 0.79013 0.11166 0.77876 0.11225 0.72896 0.07673 0.7019 0.05248 0.72896 0.07673 0.67524 0.04845 0.7019 0.05248 0.79013 0.11166 0.72896 0.07673 0.7019 0.05248 0.67524 0.04845 0.61852 0.02789 0.60355 0.01574 0.61852 0.02789 0.55977 0.01542 0.60355 0.01574 0.7019 0.05248 0.61852 0.02789 0.60355 0.01574 0.55977 0.01542 0.5 0.01124 0.5 0.00329 0.5 0.01124 0.44023 0.01542 0.60355 0.01574 0.5 0.01124 0.5 0.00329 0.39645 0.01574 0.44023 0.01542 0.38148 0.02789 0.39645 0.01574 0.5 0.00329 0.44023 0.01542 0.39645 0.01574 0.38148 0.02789 0.32476 0.04844 0.2981 0.05248 0.32476 0.04844 0.27104 0.07673 0.2981 0.05248 0.39645 0.01574 0.32476 0.04844 0.2981 0.05248 0.27104 0.07673 0.22124 0.11225 0.20987 0.11166 0.22124 0.11225 0.17621 0.1544 0.20987 0.11166 0.2981 0.05248 0.22124 0.11225 0.13618 0.19031 0.17621 0.1544 0.13672 0.20247 0.13618 0.19031 0.20987 0.11166 0.17621 0.1544 0.13618 0.19031 0.13672 0.20247 0.10345 0.25563 0.08074 0.28449 0.10345 0.25563 0.07696 0.31297 0.08074 0.28449 0.13618 0.19031 0.10345 0.25563 0.05771 0.62649 0.05771 0.3735 0.07696 0.31297 0.08074 0.28449 0.07696 0.31297 0.05771 0.3735 0.04603 0.56379 0.04603 0.43621 0.05771 0.3735 0.04633 0.38947 0.05771 0.3735 0.04603 0.43621 0.05771 0.62649 0.04603 0.56379 0.05771 0.3735 0.04633 0.38947 0.08074 0.28449 0.05771 0.3735 0.04603 0.56379 0.04211 0.5 0.04603 0.43621 0.04633 0.38947 0.04603 0.43621 0.04211 0.5 0.03466 0.5 0.04211 0.5 0.04603 0.56379 0.03466 0.5 0.04633 0.38947 0.04211 0.5 0.04633 0.61053 0.04603 0.56379 0.05771 0.62649 0.04633 0.61053 0.03466 0.5 0.04603 0.56379 0.04633 0.61053 0.05771 0.62649 0.07696 0.68703 0.08074 0.71551 0.07696 0.68703 0.10345 0.74437 0.08074 0.71551 0.04633 0.61053 0.07696 0.68703 0.08074 0.71551 0.10345 0.74437 0.13672 0.79753 0.13618 0.80969 0.13672 0.79753 0.17621 0.84559 0.13618 0.80969 0.08074 0.71551 0.13672 0.79753 0.20987 0.88834 0.17621 0.84559 0.22124 0.88775 0.20987 0.88834 0.13618 0.80969 0.17621 0.84559 0.20987 0.88834 0.22124 0.88775 0.27104 0.92327 0.2981 0.94752 0.27104 0.92327 0.32476 0.95155 0.2981 0.94752 0.20987 0.88834 0.27104 0.92327 0.2981 0.94752 0.32476 0.95155 0.38148 0.97211 0.39645 0.98426 0.38148 0.97211 0.44023 0.98458 0.39645 0.98426 0.2981 0.94752 0.38148 0.97211 0.58369 0.74548 0.55463 0.90607 0.5 0.91024 0.5 0.91517 0.5 0.91024 0.55463 0.90607 0.5 0.76124 0.5 0.91024 0.44537 0.90607 0.40692 0.90311 0.44537 0.90607 0.5 0.91024 0.5 0.76124 0.58369 0.74548 0.5 0.91024 0.5 0.91517 0.40692 0.90311 0.5 0.91024 0.58369 0.74548 0.60822 0.89363 0.55463 0.90607 0.59308 0.90311 0.55463 0.90607 0.60822 0.89363 0.59308 0.90311 0.5 0.91517 0.55463 0.90607 0.65731 0.70012 0.65961 0.87318 0.60822 0.89363 0.59308 0.90311 0.60822 0.89363 0.65961 0.87318 0.58369 0.74548 0.65731 0.70012 0.60822 0.89363 0.71195 0.63061 0.70775 0.84514 0.65961 0.87318 0.68075 0.86762 0.65961 0.87318 0.70775 0.84514 0.65731 0.70012 0.71195 0.63061 0.65961 0.87318 0.68075 0.86762 0.59308 0.90311 0.65961 0.87318 0.74102 0.54535 0.75165 0.81006 0.70775 0.84514 0.68075 0.86762 0.70775 0.84514 0.75165 0.81006 0.71195 0.63061 0.74102 0.54535 0.70775 0.84514 0.79043 0.23133 0.79043 0.76867 0.75165 0.81006 0.75792 0.81076 0.75165 0.81006 0.79043 0.76867 0.75165 0.18994 0.79043 0.23133 0.75165 0.81006 0.74102 0.54535 0.75165 0.18994 0.75165 0.81006 0.75792 0.81076 0.68075 0.86762 0.75165 0.81006 0.8233 0.27819 0.8233 0.72181 0.79043 0.76867 0.8201 0.73584 0.79043 0.76867 0.8233 0.72181 0.79043 0.23133 0.8233 0.27819 0.79043 0.76867 0.8201 0.73584 0.75792 0.81076 0.79043 0.76867 0.84959 0.32956 0.84959 0.67044 0.8233 0.72181 0.8201 0.73584 0.8233 0.72181 0.84959 0.67044 0.8233 0.27819 0.84959 0.32956 0.8233 0.72181 0.86875 0.38441 0.86875 0.61559 0.84959 0.67044 0.86367 0.64722 0.84959 0.67044 0.86875 0.61559 0.84959 0.32956 0.86875 0.38441 0.84959 0.67044 0.86367 0.64722 0.8201 0.73584 0.84959 0.67044 0.88041 0.44161 0.88041 0.55839 0.86875 0.61559 0.86367 0.64722 0.86875 0.61559 0.88041 0.55839 0.86875 0.38441 0.88041 0.44161 0.86875 0.61559 0.88041 0.44161 0.88433 0.5 0.88041 0.55839 0.88611 0.55004 0.88041 0.55839 0.88433 0.5 0.88611 0.55004 0.86367 0.64722 0.88041 0.55839 0.88611 0.44996 0.88433 0.5 0.88041 0.44161 0.88611 0.44996 0.88611 0.55004 0.88433 0.5 0.88611 0.44996 0.88041 0.44161 0.86875 0.38441 0.86367 0.35278 0.86875 0.38441 0.84959 0.32956 0.86367 0.35278 0.88611 0.44996 0.86875 0.38441 0.86367 0.35278 0.84959 0.32956 0.8233 0.27819 0.8201 0.26416 0.8233 0.27819 0.79043 0.23133 0.8201 0.26416 0.86367 0.35278 0.8233 0.27819 0.75792 0.18924 0.79043 0.23133 0.75165 0.18994 0.75792 0.18924 0.8201 0.26416 0.79043 0.23133 0.71195 0.36939 0.70774 0.15486 0.75165 0.18994 0.75792 0.18924 0.75165 0.18994 0.70774 0.15486 0.74102 0.45465 0.71195 0.36939 0.75165 0.18994 0.74102 0.54535 0.74102 0.45465 0.75165 0.18994 0.65731 0.29988 0.65961 0.12682 0.70774 0.15486 0.68075 0.13238 0.70774 0.15486 0.65961 0.12682 0.71195 0.36939 0.65731 0.29988 0.70774 0.15486 0.68075 0.13238 0.75792 0.18924 0.70774 0.15486 0.65731 0.29988 0.60822 0.10637 0.65961 0.12682 0.68075 0.13238 0.65961 0.12682 0.60822 0.10637 0.58369 0.25451 0.55463 0.09393 0.60822 0.10637 0.59308 0.09689 0.60822 0.10637 0.55463 0.09393 0.65731 0.29988 0.58369 0.25451 0.60822 0.10637 0.59308 0.09689 0.68075 0.13238 0.60822 0.10637 0.5 0.23876 0.5 0.08976 0.55463 0.09393 0.59308 0.09689 0.55463 0.09393 0.5 0.08976 0.58369 0.25451 0.5 0.23876 0.55463 0.09393 0.41631 0.25451 0.44537 0.09393 0.5 0.08976 0.5 0.08483 0.5 0.08976 0.44537 0.09393 0.41631 0.25451 0.5 0.08976 0.5 0.23876 0.59308 0.09689 0.5 0.08976 0.5 0.08483 0.41631 0.25451 0.39178 0.10637 0.44537 0.09393 0.40692 0.09689 0.44537 0.09393 0.39178 0.10637 0.40692 0.09689 0.5 0.08483 0.44537 0.09393 0.34269 0.29988 0.34039 0.12682 0.39178 0.10637 0.40692 0.09689 0.39178 0.10637 0.34039 0.12682 0.41631 0.25451 0.34269 0.29988 0.39178 0.10637 0.28805 0.36939 0.29225 0.15486 0.34039 0.12682 0.31925 0.13238 0.34039 0.12682 0.29225 0.15486 0.34269 0.29988 0.28805 0.36939 0.34039 0.12682 0.31925 0.13238 0.40692 0.09689 0.34039 0.12682 0.25898 0.45465 0.24835 0.18994 0.29225 0.15486 0.31925 0.13238 0.29225 0.15486 0.24835 0.18994 0.28805 0.36939 0.25898 0.45465 0.29225 0.15486 0.20957 0.76867 0.20957 0.23133 0.24835 0.18994 0.24208 0.18924 0.24835 0.18994 0.20957 0.23133 0.24835 0.81006 0.20957 0.76867 0.24835 0.18994 0.25898 0.45465 0.24835 0.81006 0.24835 0.18994 0.24208 0.18924 0.31925 0.13238 0.24835 0.18994 0.1767 0.72181 0.1767 0.27819 0.20957 0.23133 0.1799 0.26416 0.20957 0.23133 0.1767 0.27819 0.20957 0.76867 0.1767 0.72181 0.20957 0.23133 0.1799 0.26416 0.24208 0.18924 0.20957 0.23133 0.15041 0.67044 0.15041 0.32956 0.1767 0.27819 0.1799 0.26416 0.1767 0.27819 0.15041 0.32956 0.1767 0.72181 0.15041 0.67044 0.1767 0.27819 0.13125 0.61559 0.13125 0.38441 0.15041 0.32956 0.13633 0.35278 0.15041 0.32956 0.13125 0.38441 0.15041 0.67044 0.13125 0.61559 0.15041 0.32956 0.13633 0.35278 0.1799 0.26416 0.15041 0.32956 0.11959 0.55839 0.11959 0.44161 0.13125 0.38441 0.13633 0.35278 0.13125 0.38441 0.11959 0.44161 0.13125 0.61559 0.11959 0.55839 0.13125 0.38441 0.11959 0.55839 0.11568 0.5 0.11959 0.44161 0.11389 0.44996 0.11959 0.44161 0.11568 0.5 0.11389 0.44996 0.13633 0.35278 0.11959 0.44161 0.11389 0.55004 0.11568 0.5 0.11959 0.55839 0.11389 0.55004 0.11389 0.44996 0.11568 0.5 0.11389 0.55004 0.11959 0.55839 0.13125 0.61559 0.13633 0.64722 0.13125 0.61559 0.15041 0.67044 0.13633 0.64722 0.11389 0.55004 0.13125 0.61559 0.13633 0.64722 0.15041 0.67044 0.1767 0.72181 0.1799 0.73584 0.1767 0.72181 0.20957 0.76867 0.1799 0.73584 0.13633 0.64722 0.1767 0.72181 0.24208 0.81076 0.20957 0.76867 0.24835 0.81006 0.24208 0.81076 0.1799 0.73584 0.20957 0.76867 0.28805 0.63061 0.29225 0.84514 0.24835 0.81006 0.24208 0.81076 0.24835 0.81006 0.29225 0.84514 0.25898 0.54535 0.28805 0.63061 0.24835 0.81006 0.25898 0.45465 0.25898 0.54535 0.24835 0.81006 0.34269 0.70012 0.34039 0.87318 0.29225 0.84514 0.31925 0.86762 0.29225 0.84514 0.34039 0.87318 0.28805 0.63061 0.34269 0.70012 0.29225 0.84514 0.31925 0.86762 0.24208 0.81076 0.29225 0.84514 0.34269 0.70012 0.39178 0.89363 0.34039 0.87318 0.31925 0.86762 0.34039 0.87318 0.39178 0.89363 0.41631 0.74548 0.44537 0.90607 0.39178 0.89363 0.40692 0.90311 0.39178 0.89363 0.44537 0.90607 0.34269 0.70012 0.41631 0.74548 0.39178 0.89363 0.40692 0.90311 0.31925 0.86762 0.39178 0.89363 0.41631 0.74548 0.5 0.76124 0.44537 0.90607 0.5 0.24041 0.5 0.23876 0.58369 0.25451 0.42485 0.25311 0.41631 0.25451 0.5 0.23876 0.42485 0.25311 0.5 0.23876 0.5 0.24041 0.64295 0.28999 0.58369 0.25451 0.65731 0.29988 0.57515 0.25311 0.58369 0.25451 0.64295 0.28999 0.5 0.24041 0.58369 0.25451 0.57515 0.25311 0.69675 0.34742 0.65731 0.29988 0.71195 0.36939 0.64295 0.28999 0.65731 0.29988 0.69675 0.34742 0.73129 0.41978 0.71195 0.36939 0.74102 0.45465 0.69675 0.34742 0.71195 0.36939 0.73129 0.41978 0.7432 0.5 0.74102 0.45465 0.74102 0.54535 0.73129 0.41978 0.74102 0.45465 0.7432 0.5 0.73129 0.58022 0.74102 0.54535 0.71195 0.63061 0.7432 0.5 0.74102 0.54535 0.73129 0.58022 0.69675 0.65258 0.71195 0.63061 0.65731 0.70012 0.73129 0.58022 0.71195 0.63061 0.69675 0.65258 0.64295 0.71001 0.65731 0.70012 0.58369 0.74548 0.69675 0.65258 0.65731 0.70012 0.64295 0.71001 0.57515 0.74689 0.58369 0.74548 0.5 0.76124 0.64295 0.71001 0.58369 0.74548 0.57515 0.74689 0.5 0.75959 0.5 0.76124 0.41631 0.74548 0.57515 0.74689 0.5 0.76124 0.5 0.75959 0.35705 0.71001 0.41631 0.74548 0.34269 0.70012 0.42485 0.74689 0.5 0.75959 0.41631 0.74548 0.42485 0.74689 0.41631 0.74548 0.35705 0.71001 0.30325 0.65258 0.34269 0.70012 0.28805 0.63061 0.35705 0.71001 0.34269 0.70012 0.30325 0.65258 0.26871 0.58022 0.28805 0.63061 0.25898 0.54535 0.30325 0.65258 0.28805 0.63061 0.26871 0.58022 0.25681 0.5 0.25898 0.54535 0.25898 0.45465 0.26871 0.58022 0.25898 0.54535 0.25681 0.5 0.26871 0.41978 0.25898 0.45465 0.28805 0.36939 0.25681 0.5 0.25898 0.45465 0.26871 0.41978 0.30325 0.34742 0.28805 0.36939 0.34269 0.29988 0.26871 0.41978 0.28805 0.36939 0.30325 0.34742 0.35705 0.28999 0.34269 0.29988 0.41631 0.25451 0.30325 0.34742 0.34269 0.29988 0.35705 0.28999 0.35705 0.28999 0.41631 0.25451 0.42485 0.25311 0.39048 0.93629 0.39838 0.90482 0.5 0.9191 0.5 0.91517 0.5 0.9191 0.39838 0.90482 0.5 0.95168 0.39048 0.93629 0.5 0.9191 0.60162 0.90482 0.5 0.95168 0.5 0.9191 0.59308 0.90311 0.60162 0.90482 0.5 0.9191 0.59308 0.90311 0.5 0.9191 0.5 0.91517 0.28842 0.89117 0.30368 0.86296 0.39838 0.90482 0.31925 0.86762 0.39838 0.90482 0.30368 0.86296 0.39048 0.93629 0.28842 0.89117 0.39838 0.90482 0.40692 0.90311 0.39838 0.90482 0.31925 0.86762 0.5 0.91517 0.39838 0.90482 0.40692 0.90311 0.20078 0.81939 0.22237 0.79635 0.30368 0.86296 0.24208 0.81076 0.30368 0.86296 0.22237 0.79635 0.28842 0.89117 0.20078 0.81939 0.30368 0.86296 0.31925 0.86762 0.30368 0.86296 0.24208 0.81076 0.13354 0.72584 0.15997 0.70955 0.22237 0.79635 0.1799 0.73584 0.22237 0.79635 0.15997 0.70955 0.20078 0.81939 0.13354 0.72584 0.22237 0.79635 0.24208 0.81076 0.22237 0.79635 0.1799 0.73584 0.09126 0.6169 0.12074 0.60847 0.15997 0.70955 0.13633 0.64722 0.15997 0.70955 0.12074 0.60847 0.13354 0.72584 0.09126 0.6169 0.15997 0.70955 0.1799 0.73584 0.15997 0.70955 0.13633 0.64722 0.07684 0.5 0.10737 0.5 0.12074 0.60847 0.11389 0.55004 0.12074 0.60847 0.10737 0.5 0.09126 0.6169 0.07684 0.5 0.12074 0.60847 0.13633 0.64722 0.12074 0.60847 0.11389 0.55004 0.09126 0.3831 0.12074 0.39153 0.10737 0.5 0.11389 0.44996 0.10737 0.5 0.12074 0.39153 0.07684 0.5 0.09126 0.3831 0.10737 0.5 0.11389 0.55004 0.10737 0.5 0.11389 0.44996 0.13354 0.27416 0.15997 0.29045 0.12074 0.39153 0.13633 0.35278 0.12074 0.39153 0.15997 0.29045 0.09126 0.3831 0.13354 0.27416 0.12074 0.39153 0.11389 0.44996 0.12074 0.39153 0.13633 0.35278 0.20078 0.18061 0.22237 0.20365 0.15997 0.29045 0.1799 0.26416 0.15997 0.29045 0.22237 0.20365 0.13354 0.27416 0.20078 0.18061 0.15997 0.29045 0.13633 0.35278 0.15997 0.29045 0.1799 0.26416 0.28842 0.10883 0.30368 0.13705 0.22237 0.20365 0.24208 0.18924 0.22237 0.20365 0.30368 0.13705 0.20078 0.18061 0.28842 0.10883 0.22237 0.20365 0.1799 0.26416 0.22237 0.20365 0.24208 0.18924 0.39048 0.06371 0.39838 0.09518 0.30368 0.13705 0.31925 0.13238 0.30368 0.13705 0.39838 0.09518 0.28842 0.10883 0.39048 0.06371 0.30368 0.13705 0.24208 0.18924 0.30368 0.13705 0.31925 0.13238 0.5 0.04832 0.5 0.0809 0.39838 0.09518 0.40692 0.09689 0.39838 0.09518 0.5 0.0809 0.39048 0.06371 0.5 0.04832 0.39838 0.09518 0.31925 0.13238 0.39838 0.09518 0.40692 0.09689 0.60952 0.06371 0.5 0.0809 0.5 0.04832 0.60952 0.06371 0.60162 0.09518 0.5 0.0809 0.5 0.08483 0.5 0.0809 0.60162 0.09518 0.40692 0.09689 0.5 0.0809 0.5 0.08483 0.5 0.04438 0.5 0.04832 0.39048 0.06371 0.60215 0.05762 0.60952 0.06371 0.5 0.04832 0.60215 0.05762 0.5 0.04832 0.5 0.04438 0.30164 0.09657 0.39048 0.06371 0.28842 0.10883 0.39785 0.05762 0.39048 0.06371 0.30164 0.09657 0.5 0.04438 0.39048 0.06371 0.39785 0.05762 0.21695 0.15897 0.28842 0.10883 0.20078 0.18061 0.30164 0.09657 0.28842 0.10883 0.21695 0.15897 0.14872 0.24118 0.20078 0.18061 0.13354 0.27416 0.21695 0.15897 0.20078 0.18061 0.14872 0.24118 0.1009 0.33844 0.13354 0.27416 0.09126 0.3831 0.14872 0.24118 0.13354 0.27416 0.1009 0.33844 0.07627 0.44508 0.09126 0.3831 0.07684 0.5 0.1009 0.33844 0.09126 0.3831 0.07627 0.44508 0.07627 0.55492 0.07684 0.5 0.09126 0.6169 0.07627 0.44508 0.07684 0.5 0.07627 0.55492 0.1009 0.66156 0.09126 0.6169 0.13354 0.72584 0.07627 0.55492 0.09126 0.6169 0.1009 0.66156 0.14872 0.75882 0.13354 0.72584 0.20078 0.81939 0.1009 0.66156 0.13354 0.72584 0.14872 0.75882 0.21695 0.84103 0.20078 0.81939 0.28842 0.89117 0.14872 0.75882 0.20078 0.81939 0.21695 0.84103 0.30164 0.90343 0.28842 0.89117 0.39048 0.93629 0.21695 0.84103 0.28842 0.89117 0.30164 0.90343 0.39785 0.94238 0.39048 0.93629 0.5 0.95168 0.30164 0.90343 0.39048 0.93629 0.39785 0.94238 0.60952 0.93629 0.5 0.95168 0.60162 0.90482 0.5 0.95561 0.5 0.95168 0.60952 0.93629 0.39785 0.94238 0.5 0.95168 0.5 0.95561 0.71158 0.10883 0.69632 0.13705 0.60162 0.09518 0.68075 0.13238 0.60162 0.09518 0.69632 0.13705 0.60952 0.06371 0.71158 0.10883 0.60162 0.09518 0.59308 0.09689 0.5 0.08483 0.60162 0.09518 0.59308 0.09689 0.60162 0.09518 0.68075 0.13238 0.79922 0.18061 0.77763 0.20365 0.69632 0.13705 0.75792 0.18924 0.69632 0.13705 0.77763 0.20365 0.71158 0.10883 0.79922 0.18061 0.69632 0.13705 0.68075 0.13238 0.69632 0.13705 0.75792 0.18924 0.86646 0.27416 0.84003 0.29045 0.77763 0.20365 0.8201 0.26416 0.77763 0.20365 0.84003 0.29045 0.79922 0.18061 0.86646 0.27416 0.77763 0.20365 0.75792 0.18924 0.77763 0.20365 0.8201 0.26416 0.90874 0.3831 0.87926 0.39153 0.84003 0.29045 0.86367 0.35278 0.84003 0.29045 0.87926 0.39153 0.86646 0.27416 0.90874 0.3831 0.84003 0.29045 0.8201 0.26416 0.84003 0.29045 0.86367 0.35278 0.92315 0.5 0.89263 0.5 0.87926 0.39153 0.88611 0.44996 0.87926 0.39153 0.89263 0.5 0.90874 0.3831 0.92315 0.5 0.87926 0.39153 0.86367 0.35278 0.87926 0.39153 0.88611 0.44996 0.90874 0.6169 0.87926 0.60847 0.89263 0.5 0.88611 0.55004 0.89263 0.5 0.87926 0.60847 0.92315 0.5 0.90874 0.6169 0.89263 0.5 0.88611 0.44996 0.89263 0.5 0.88611 0.55004 0.86646 0.72584 0.84003 0.70955 0.87926 0.60847 0.86367 0.64722 0.87926 0.60847 0.84003 0.70955 0.90874 0.6169 0.86646 0.72584 0.87926 0.60847 0.88611 0.55004 0.87926 0.60847 0.86367 0.64722 0.79922 0.81939 0.77763 0.79635 0.84003 0.70955 0.8201 0.73584 0.84003 0.70955 0.77763 0.79635 0.86646 0.72584 0.79922 0.81939 0.84003 0.70955 0.86367 0.64722 0.84003 0.70955 0.8201 0.73584 0.71158 0.89117 0.69632 0.86296 0.77763 0.79635 0.75792 0.81076 0.77763 0.79635 0.69632 0.86296 0.79922 0.81939 0.71158 0.89117 0.77763 0.79635 0.8201 0.73584 0.77763 0.79635 0.75792 0.81076 0.60952 0.93629 0.60162 0.90482 0.69632 0.86296 0.68075 0.86762 0.69632 0.86296 0.60162 0.90482 0.71158 0.89117 0.60952 0.93629 0.69632 0.86296 0.75792 0.81076 0.69632 0.86296 0.68075 0.86762 0.68075 0.86762 0.60162 0.90482 0.59308 0.90311 0.69836 0.90343 0.60952 0.93629 0.71158 0.89117 0.60215 0.94238 0.5 0.95561 0.60952 0.93629 0.60215 0.94238 0.60952 0.93629 0.69836 0.90343 0.78305 0.84103 0.71158 0.89117 0.79922 0.81939 0.69836 0.90343 0.71158 0.89117 0.78305 0.84103 0.85128 0.75882 0.79922 0.81939 0.86646 0.72584 0.78305 0.84103 0.79922 0.81939 0.85128 0.75882 0.8991 0.66156 0.86646 0.72584 0.90874 0.6169 0.85128 0.75882 0.86646 0.72584 0.8991 0.66156 0.92373 0.55492 0.90874 0.6169 0.92315 0.5 0.8991 0.66156 0.90874 0.6169 0.92373 0.55492 0.92373 0.44508 0.92315 0.5 0.90874 0.3831 0.92373 0.55492 0.92315 0.5 0.92373 0.44508 0.8991 0.33844 0.90874 0.3831 0.86646 0.27416 0.92373 0.44508 0.90874 0.3831 0.8991 0.33844 0.85128 0.24118 0.86646 0.27416 0.79922 0.18061 0.8991 0.33844 0.86646 0.27416 0.85128 0.24118 0.78305 0.15897 0.79922 0.18061 0.71158 0.10883 0.85128 0.24118 0.79922 0.18061 0.78305 0.15897 0.69836 0.09657 0.71158 0.10883 0.60952 0.06371 0.78305 0.15897 0.71158 0.10883 0.69836 0.09657 0.69836 0.09657 0.60952 0.06371 0.60215 0.05762 0.42814 0.41036 0.41815 0.25978 0.5 0.24438 0.5 0.24041 0.5 0.24438 0.41815 0.25978 0.52589 0.38531 0.5 0.24438 0.58185 0.25978 0.57515 0.25311 0.58185 0.25978 0.5 0.24438 0.47422 0.38528 0.42814 0.41036 0.5 0.24438 0.52589 0.38531 0.47422 0.38528 0.5 0.24438 0.5 0.24041 0.57515 0.25311 0.5 0.24438 0.39781 0.45506 0.3461 0.30417 0.41815 0.25978 0.35705 0.28999 0.41815 0.25978 0.3461 0.30417 0.42814 0.41036 0.39781 0.45506 0.41815 0.25978 0.42485 0.25311 0.5 0.24041 0.41815 0.25978 0.35705 0.28999 0.42485 0.25311 0.41815 0.25978 0.29898 0.46361 0.29261 0.37219 0.3461 0.30417 0.30325 0.34742 0.3461 0.30417 0.29261 0.37219 0.32368 0.45506 0.3461 0.30417 0.39781 0.45506 0.32368 0.45506 0.29898 0.46361 0.3461 0.30417 0.30325 0.34742 0.35705 0.28999 0.3461 0.30417 0.26416 0.54438 0.26416 0.45562 0.29261 0.37219 0.26871 0.41978 0.29261 0.37219 0.26416 0.45562 0.28365 0.48608 0.26416 0.54438 0.29261 0.37219 0.29898 0.46361 0.28365 0.48608 0.29261 0.37219 0.26871 0.41978 0.30325 0.34742 0.29261 0.37219 0.25681 0.5 0.26416 0.45562 0.26416 0.54438 0.25681 0.5 0.26871 0.41978 0.26416 0.45562 0.28365 0.51392 0.29261 0.62781 0.26416 0.54438 0.26871 0.58022 0.26416 0.54438 0.29261 0.62781 0.28365 0.48608 0.28365 0.51392 0.26416 0.54438 0.26871 0.58022 0.25681 0.5 0.26416 0.54438 0.32368 0.54494 0.3461 0.69583 0.29261 0.62781 0.30325 0.65258 0.29261 0.62781 0.3461 0.69583 0.29898 0.53639 0.32368 0.54494 0.29261 0.62781 0.28365 0.51392 0.29898 0.53639 0.29261 0.62781 0.30325 0.65258 0.26871 0.58022 0.29261 0.62781 0.39781 0.54494 0.41815 0.74022 0.3461 0.69583 0.35705 0.71001 0.3461 0.69583 0.41815 0.74022 0.32368 0.54494 0.39781 0.54494 0.3461 0.69583 0.35705 0.71001 0.30325 0.65258 0.3461 0.69583 0.47422 0.61472 0.5 0.75562 0.41815 0.74022 0.42485 0.74689 0.41815 0.74022 0.5 0.75562 0.42815 0.58964 0.47422 0.61472 0.41815 0.74022 0.39781 0.54494 0.42815 0.58964 0.41815 0.74022 0.42485 0.74689 0.35705 0.71001 0.41815 0.74022 0.57194 0.58956 0.58185 0.74022 0.5 0.75562 0.5 0.75959 0.5 0.75562 0.58185 0.74022 0.52589 0.61469 0.57194 0.58956 0.5 0.75562 0.47422 0.61472 0.52589 0.61469 0.5 0.75562 0.42485 0.74689 0.5 0.75562 0.5 0.75959 0.60219 0.54494 0.6539 0.69583 0.58185 0.74022 0.64295 0.71001 0.58185 0.74022 0.6539 0.69583 0.57194 0.58956 0.60219 0.54494 0.58185 0.74022 0.57515 0.74689 0.5 0.75959 0.58185 0.74022 0.64295 0.71001 0.57515 0.74689 0.58185 0.74022 0.70102 0.53639 0.70739 0.62781 0.6539 0.69583 0.69675 0.65258 0.6539 0.69583 0.70739 0.62781 0.67632 0.54494 0.70102 0.53639 0.6539 0.69583 0.60219 0.54494 0.67632 0.54494 0.6539 0.69583 0.69675 0.65258 0.64295 0.71001 0.6539 0.69583 0.73584 0.45562 0.73584 0.54438 0.70739 0.62781 0.73129 0.58022 0.70739 0.62781 0.73584 0.54438 0.71635 0.51392 0.73584 0.45562 0.70739 0.62781 0.70102 0.53639 0.71635 0.51392 0.70739 0.62781 0.73129 0.58022 0.69675 0.65258 0.70739 0.62781 0.7432 0.5 0.73584 0.54438 0.73584 0.45562 0.7432 0.5 0.73129 0.58022 0.73584 0.54438 0.71635 0.48608 0.70739 0.37219 0.73584 0.45562 0.73129 0.41978 0.73584 0.45562 0.70739 0.37219 0.71635 0.51392 0.71635 0.48608 0.73584 0.45562 0.73129 0.41978 0.7432 0.5 0.73584 0.45562 0.67632 0.45506 0.6539 0.30417 0.70739 0.37219 0.69675 0.34742 0.70739 0.37219 0.6539 0.30417 0.70102 0.46361 0.67632 0.45506 0.70739 0.37219 0.71635 0.48608 0.70102 0.46361 0.70739 0.37219 0.69675 0.34742 0.73129 0.41978 0.70739 0.37219 0.60219 0.45506 0.58185 0.25978 0.6539 0.30417 0.64295 0.28999 0.6539 0.30417 0.58185 0.25978 0.67632 0.45506 0.60219 0.45506 0.6539 0.30417 0.64295 0.28999 0.69675 0.34742 0.6539 0.30417 0.57194 0.41044 0.52589 0.38531 0.58185 0.25978 0.60219 0.45506 0.57194 0.41044 0.58185 0.25978 0.57515 0.25311 0.64295 0.28999 0.58185 0.25978 0.43133 0.41794 0.39781 0.45506 0.42814 0.41036 0.39993 0.45953 0.32368 0.45506 0.39781 0.45506 0.40337 0.46171 0.40078 0.45866 0.39781 0.45506 0.39993 0.45953 0.39781 0.45506 0.40078 0.45866 0.43133 0.41794 0.40337 0.46171 0.39781 0.45506 0.47518 0.3932 0.42814 0.41036 0.47422 0.38528 0.47518 0.3932 0.43133 0.41794 0.42814 0.41036 0.47518 0.3932 0.47422 0.38528 0.52589 0.38531 0.52479 0.3932 0.52589 0.38531 0.57194 0.41044 0.52479 0.3932 0.47518 0.3932 0.52589 0.38531 0.56865 0.41792 0.57194 0.41044 0.60219 0.45506 0.56865 0.41792 0.52479 0.3932 0.57194 0.41044 0.67632 0.463 0.60219 0.45506 0.67632 0.45506 0.59921 0.45867 0.56865 0.41792 0.60219 0.45506 0.60015 0.45935 0.59921 0.45867 0.60219 0.45506 0.67632 0.463 0.60015 0.45935 0.60219 0.45506 0.67632 0.463 0.67632 0.45506 0.70102 0.46361 0.69669 0.47007 0.70102 0.46361 0.71635 0.48608 0.69669 0.47007 0.67632 0.463 0.70102 0.46361 0.70928 0.48857 0.71635 0.48608 0.71635 0.51392 0.70928 0.48857 0.69669 0.47007 0.71635 0.48608 0.69669 0.52993 0.71635 0.51392 0.70102 0.53639 0.70928 0.51143 0.70928 0.48857 0.71635 0.51392 0.69669 0.52993 0.70928 0.51143 0.71635 0.51392 0.69669 0.52993 0.70102 0.53639 0.67632 0.54494 0.60006 0.54047 0.67632 0.54494 0.60219 0.54494 0.67632 0.537 0.69669 0.52993 0.67632 0.54494 0.59927 0.53882 0.67632 0.537 0.67632 0.54494 0.60006 0.54047 0.59927 0.53882 0.67632 0.54494 0.56867 0.58206 0.60219 0.54494 0.57194 0.58956 0.59663 0.53829 0.60219 0.54494 0.56867 0.58206 0.59922 0.54134 0.60219 0.54494 0.59663 0.53829 0.60006 0.54047 0.60219 0.54494 0.59922 0.54134 0.52482 0.6068 0.57194 0.58956 0.52589 0.61469 0.56867 0.58206 0.57194 0.58956 0.52482 0.6068 0.52482 0.6068 0.52589 0.61469 0.47422 0.61472 0.47521 0.6068 0.47422 0.61472 0.42815 0.58964 0.52482 0.6068 0.47422 0.61472 0.47521 0.6068 0.43135 0.58208 0.42815 0.58964 0.39781 0.54494 0.47521 0.6068 0.42815 0.58964 0.43135 0.58208 0.32368 0.537 0.39781 0.54494 0.32368 0.54494 0.39985 0.54065 0.39781 0.54494 0.32368 0.537 0.40079 0.54133 0.39781 0.54494 0.39985 0.54065 0.40079 0.54133 0.43135 0.58208 0.39781 0.54494 0.32368 0.537 0.32368 0.54494 0.29898 0.53639 0.30331 0.52993 0.29898 0.53639 0.28365 0.51392 0.30331 0.52993 0.32368 0.537 0.29898 0.53639 0.29072 0.51143 0.28365 0.51392 0.28365 0.48608 0.29072 0.51143 0.30331 0.52993 0.28365 0.51392 0.30331 0.47007 0.28365 0.48608 0.29898 0.46361 0.29072 0.48857 0.29072 0.51143 0.28365 0.48608 0.30331 0.47007 0.29072 0.48857 0.28365 0.48608 0.30331 0.47007 0.29898 0.46361 0.32368 0.45506 0.39993 0.45953 0.40073 0.46118 0.32368 0.45506 0.32368 0.463 0.32368 0.45506 0.40073 0.46118 0.30331 0.47007 0.32368 0.45506 0.32368 0.463 0.43268 0.42107 0.43268 0.42107 0.40572 0.46442 0.40553 0.46435 0.40572 0.46442 0.43268 0.42107 0.40572 0.46442 0.43268 0.42107 0.40572 0.46442 0.40476 0.46578 0.40572 0.46442 0.40572 0.46442 0.40476 0.46578 0.40572 0.46442 0.40553 0.46435 0.47563 0.39648 0.47563 0.39648 0.43268 0.42107 0.45959 0.40083 0.43268 0.42107 0.47563 0.39648 0.43268 0.42107 0.47563 0.39648 0.43268 0.42107 0.405 0.46415 0.40553 0.46435 0.43268 0.42107 0.40448 0.46395 0.405 0.46415 0.43268 0.42107 0.42588 0.42627 0.40448 0.46395 0.43268 0.42107 0.45959 0.40083 0.42588 0.42627 0.43268 0.42107 0.52437 0.39648 0.52437 0.39648 0.47563 0.39648 0.5 0.39185 0.47563 0.39648 0.52437 0.39648 0.47563 0.39648 0.52437 0.39648 0.47563 0.39648 0.5 0.39185 0.45959 0.40083 0.47563 0.39648 0.56732 0.42107 0.56732 0.42107 0.52437 0.39648 0.54041 0.40083 0.52437 0.39648 0.56732 0.42107 0.52437 0.39648 0.56732 0.42107 0.52437 0.39648 0.54041 0.40083 0.5 0.39185 0.52437 0.39648 0.59428 0.46442 0.59428 0.46442 0.56732 0.42107 0.57412 0.42627 0.56732 0.42107 0.59428 0.46442 0.56732 0.42107 0.59428 0.46442 0.56732 0.42107 0.57412 0.42627 0.54041 0.40083 0.56732 0.42107 0.59524 0.46578 0.59428 0.46442 0.59428 0.46442 0.59502 0.46414 0.57412 0.42627 0.59428 0.46442 0.59515 0.46527 0.59502 0.46414 0.59428 0.46442 0.59525 0.46579 0.59428 0.46442 0.59524 0.46578 0.59515 0.46527 0.59428 0.46442 0.59525 0.46579 0.59482 0.4638 0.59428 0.46442 0.56732 0.42107 0.59524 0.46578 0.59428 0.46442 0.59482 0.4638 0.56865 0.41792 0.56732 0.42107 0.52437 0.39648 0.59657 0.46178 0.56732 0.42107 0.56865 0.41792 0.59482 0.4638 0.56732 0.42107 0.59657 0.46178 0.52479 0.3932 0.52437 0.39648 0.47563 0.39648 0.56865 0.41792 0.52437 0.39648 0.52479 0.3932 0.43133 0.41794 0.47563 0.39648 0.43268 0.42107 0.47518 0.3932 0.47563 0.39648 0.43133 0.41794 0.52479 0.3932 0.47563 0.39648 0.47518 0.3932 0.40337 0.46171 0.43268 0.42107 0.40572 0.46442 0.43133 0.41794 0.43268 0.42107 0.40337 0.46171 0.40355 0.46193 0.40337 0.46171 0.40572 0.46442 0.40518 0.46381 0.40355 0.46193 0.40572 0.46442 0.40356 0.46442 0.40518 0.46381 0.40572 0.46442 0.40356 0.46442 0.40572 0.46442 0.40476 0.46578 0.40476 0.46578 0.40476 0.46578 0.40572 0.46442 0.56732 0.57893 0.56732 0.57893 0.59428 0.53558 0.59447 0.53565 0.59428 0.53558 0.56732 0.57893 0.59428 0.53558 0.56732 0.57893 0.59428 0.53558 0.59524 0.53422 0.59428 0.53558 0.59428 0.53558 0.59447 0.53565 0.59524 0.53422 0.59428 0.53558 0.52437 0.60352 0.52437 0.60352 0.56732 0.57893 0.54041 0.59917 0.56732 0.57893 0.52437 0.60352 0.56732 0.57893 0.52437 0.60352 0.56732 0.57893 0.57412 0.57373 0.56732 0.57893 0.54041 0.59917 0.59552 0.53605 0.56732 0.57893 0.57412 0.57373 0.595 0.53585 0.56732 0.57893 0.59552 0.53605 0.595 0.53585 0.59447 0.53565 0.56732 0.57893 0.47563 0.60352 0.47563 0.60352 0.52437 0.60352 0.5 0.60815 0.52437 0.60352 0.47563 0.60352 0.52437 0.60352 0.47563 0.60352 0.52437 0.60352 0.54041 0.59917 0.52437 0.60352 0.5 0.60815 0.43268 0.57893 0.43268 0.57893 0.47563 0.60352 0.45959 0.59917 0.47563 0.60352 0.43268 0.57893 0.47563 0.60352 0.43268 0.57893 0.47563 0.60352 0.5 0.60815 0.47563 0.60352 0.45959 0.59917 0.40572 0.53558 0.40572 0.53558 0.43268 0.57893 0.42588 0.57373 0.43268 0.57893 0.40572 0.53558 0.43268 0.57893 0.40572 0.53558 0.43268 0.57893 0.45959 0.59917 0.43268 0.57893 0.42588 0.57373 0.40476 0.53422 0.40572 0.53558 0.40572 0.53558 0.40498 0.53586 0.42588 0.57373 0.40572 0.53558 0.40485 0.53473 0.40498 0.53586 0.40572 0.53558 0.40475 0.53421 0.40572 0.53558 0.40476 0.53422 0.40485 0.53473 0.40572 0.53558 0.40475 0.53421 0.40518 0.5362 0.40572 0.53558 0.43268 0.57893 0.40476 0.53422 0.40572 0.53558 0.40518 0.5362 0.43135 0.58208 0.43268 0.57893 0.47563 0.60352 0.40343 0.53822 0.40518 0.5362 0.43268 0.57893 0.43135 0.58208 0.40343 0.53822 0.43268 0.57893 0.47521 0.6068 0.47563 0.60352 0.52437 0.60352 0.47521 0.6068 0.43135 0.58208 0.47563 0.60352 0.56867 0.58206 0.52437 0.60352 0.56732 0.57893 0.52482 0.6068 0.47521 0.6068 0.52437 0.60352 0.56867 0.58206 0.52482 0.6068 0.52437 0.60352 0.59663 0.53829 0.56732 0.57893 0.59428 0.53558 0.59663 0.53829 0.56867 0.58206 0.56732 0.57893 0.59645 0.53807 0.59663 0.53829 0.59428 0.53558 0.59482 0.53619 0.59645 0.53807 0.59428 0.53558 0.59644 0.53558 0.59482 0.53619 0.59428 0.53558 0.59644 0.53558 0.59428 0.53558 0.59524 0.53422 0.59524 0.53422 0.59524 0.53422 0.59428 0.53558 0.93798 0.3227 0.95612 0.38619 0.95747 0.39252 0.96048 0.39181 0.95747 0.39252 0.95612 0.38619 0.96501 0.43973 0.93798 0.3227 0.95747 0.39252 0.96842 0.5 0.96501 0.43973 0.95747 0.39252 0.96048 0.39181 0.96842 0.5 0.95747 0.39252 0.93798 0.3227 0.95492 0.38082 0.95612 0.38619 0.95867 0.38708 0.95612 0.38619 0.95492 0.38082 0.95867 0.38708 0.96048 0.39181 0.95612 0.38619 0.93798 0.3227 0.95409 0.37728 0.95492 0.38082 0.95716 0.38292 0.95492 0.38082 0.95409 0.37728 0.95867 0.38708 0.95492 0.38082 0.95716 0.38292 0.93798 0.3227 0.9538 0.37603 0.95409 0.37728 0.95716 0.38292 0.95409 0.37728 0.9538 0.37603 0.93798 0.3227 0.9538 0.37603 0.9538 0.37603 0.95754 0.38212 0.9538 0.37603 0.9538 0.37603 0.95655 0.38119 0.9538 0.37603 0.95754 0.38212 0.95716 0.38292 0.9538 0.37603 0.95655 0.38119 0.93798 0.3227 0.91752 0.27334 0.9538 0.37603 0.95157 0.3901 0.9538 0.37603 0.91752 0.27334 0.95754 0.38212 0.9538 0.37603 0.95157 0.3901 0.8855 0.21597 0.86112 0.18155 0.91752 0.27334 0.91732 0.28557 0.91752 0.27334 0.86112 0.18155 0.93798 0.3227 0.8855 0.21597 0.91752 0.27334 0.95157 0.3901 0.91752 0.27334 0.91732 0.28557 0.81062 0.12574 0.78729 0.10508 0.86112 0.18155 0.78882 0.11351 0.86112 0.18155 0.78729 0.10508 0.8855 0.21597 0.81062 0.12574 0.86112 0.18155 0.86216 0.19183 0.86112 0.18155 0.78882 0.11351 0.91732 0.28557 0.86112 0.18155 0.86216 0.19183 0.71769 0.05727 0.69958 0.04766 0.78729 0.10508 0.70098 0.05459 0.78729 0.10508 0.69958 0.04766 0.81062 0.12574 0.71769 0.05727 0.78729 0.10508 0.78882 0.11351 0.78729 0.10508 0.70098 0.05459 0.6121 0.01453 0.60228 0.01207 0.69958 0.04766 0.60309 0.01802 0.69958 0.04766 0.60228 0.01207 0.71769 0.05727 0.6121 0.01453 0.69958 0.04766 0.70098 0.05459 0.69958 0.04766 0.60309 0.01802 0.5 0 0.5 0 0.60228 0.01207 0.60309 0.01802 0.60228 0.01207 0.5 0 0.6121 0.01453 0.5 0 0.60228 0.01207 0.3879 0.01453 0.5 0 0.5 0 0.39772 0.01207 0.5 0 0.3879 0.01453 0.5 0.00562 0.5 0 0.39772 0.01207 0.60309 0.01802 0.5 0 0.5 0.00562 0.5 0.00329 0.5 0 0.6121 0.01453 0.39645 0.01574 0.3879 0.01453 0.5 0 0.39645 0.01574 0.5 0 0.5 0.00329 0.7019 0.05248 0.6121 0.01453 0.71769 0.05727 0.60355 0.01574 0.5 0.00329 0.6121 0.01453 0.60355 0.01574 0.6121 0.01453 0.7019 0.05248 0.79013 0.11166 0.71769 0.05727 0.81062 0.12574 0.7019 0.05248 0.71769 0.05727 0.79013 0.11166 0.86382 0.19031 0.81062 0.12574 0.8855 0.21597 0.79013 0.11166 0.81062 0.12574 0.86382 0.19031 0.91926 0.28449 0.8855 0.21597 0.93798 0.3227 0.86382 0.19031 0.8855 0.21597 0.91926 0.28449 0.95367 0.38947 0.93798 0.3227 0.96501 0.43973 0.91926 0.28449 0.93798 0.3227 0.95367 0.38947 0.96842 0.5 0.96501 0.56027 0.96501 0.43973 0.96534 0.5 0.96501 0.43973 0.96501 0.56027 0.95367 0.38947 0.96501 0.43973 0.96534 0.5 0.95747 0.60748 0.93798 0.6773 0.96501 0.56027 0.95367 0.61053 0.96501 0.56027 0.93798 0.6773 0.96842 0.5 0.95747 0.60748 0.96501 0.56027 0.96534 0.5 0.96501 0.56027 0.95367 0.61053 0.91752 0.72666 0.8855 0.78403 0.93798 0.6773 0.91926 0.71551 0.93798 0.6773 0.8855 0.78403 0.9538 0.62397 0.91752 0.72666 0.93798 0.6773 0.95409 0.62272 0.9538 0.62397 0.93798 0.6773 0.95492 0.61916 0.95409 0.62272 0.93798 0.6773 0.95613 0.61381 0.95492 0.61916 0.93798 0.6773 0.95747 0.60748 0.95613 0.61381 0.93798 0.6773 0.95367 0.61053 0.93798 0.6773 0.91926 0.71551 0.86112 0.81845 0.81062 0.87426 0.8855 0.78403 0.86382 0.80969 0.8855 0.78403 0.81062 0.87426 0.91752 0.72666 0.86112 0.81845 0.8855 0.78403 0.91926 0.71551 0.8855 0.78403 0.86382 0.80969 0.78729 0.89492 0.71769 0.94273 0.81062 0.87426 0.79013 0.88834 0.81062 0.87426 0.71769 0.94273 0.86112 0.81845 0.78729 0.89492 0.81062 0.87426 0.86382 0.80969 0.81062 0.87426 0.79013 0.88834 0.69958 0.95234 0.6121 0.98547 0.71769 0.94273 0.7019 0.94752 0.71769 0.94273 0.6121 0.98547 0.78729 0.89492 0.69958 0.95234 0.71769 0.94273 0.79013 0.88834 0.71769 0.94273 0.7019 0.94752 0.5 1 0.5 1 0.6121 0.98547 0.60355 0.98426 0.6121 0.98547 0.5 1 0.60228 0.98793 0.5 1 0.6121 0.98547 0.69958 0.95234 0.60228 0.98793 0.6121 0.98547 0.7019 0.94752 0.6121 0.98547 0.60355 0.98426 0.39772 0.98793 0.5 1 0.5 1 0.3879 0.98547 0.5 1 0.39772 0.98793 0.5 0.99671 0.5 1 0.3879 0.98547 0.60355 0.98426 0.5 1 0.5 0.99671 0.5 0.99438 0.5 1 0.60228 0.98793 0.39691 0.98198 0.39772 0.98793 0.5 1 0.39691 0.98198 0.5 1 0.5 0.99438 0.60309 0.98198 0.60228 0.98793 0.69958 0.95234 0.5 0.99438 0.60228 0.98793 0.60309 0.98198 0.70098 0.94541 0.69958 0.95234 0.78729 0.89492 0.60309 0.98198 0.69958 0.95234 0.70098 0.94541 0.78882 0.88649 0.78729 0.89492 0.86112 0.81845 0.70098 0.94541 0.78729 0.89492 0.78882 0.88649 0.86216 0.80817 0.86112 0.81845 0.91752 0.72666 0.78882 0.88649 0.86112 0.81845 0.86216 0.80817 0.9538 0.62397 0.9538 0.62397 0.91752 0.72666 0.95157 0.6099 0.91752 0.72666 0.9538 0.62397 0.91732 0.71443 0.91752 0.72666 0.95157 0.6099 0.86216 0.80817 0.91752 0.72666 0.91732 0.71443 0.95655 0.61881 0.9538 0.62397 0.9538 0.62397 0.95754 0.61788 0.95157 0.6099 0.9538 0.62397 0.95655 0.61881 0.95754 0.61788 0.9538 0.62397 0.95655 0.61881 0.9538 0.62397 0.95409 0.62272 0.95716 0.61708 0.95409 0.62272 0.95492 0.61916 0.95716 0.61708 0.95655 0.61881 0.95409 0.62272 0.95867 0.61292 0.95492 0.61916 0.95613 0.61381 0.95716 0.61708 0.95492 0.61916 0.95867 0.61292 0.95867 0.61292 0.95613 0.61381 0.95747 0.60748 0.96983 0.5 0.95747 0.60748 0.96842 0.5 0.96048 0.60819 0.95747 0.60748 0.96983 0.5 0.95867 0.61292 0.95747 0.60748 0.96048 0.60819 0.96048 0.39181 0.96983 0.5 0.96842 0.5 0.08248 0.27334 0.0462 0.37603 0.0462 0.37603 0.04345 0.38119 0.0462 0.37603 0.0462 0.37603 0.04843 0.3901 0.08248 0.27334 0.0462 0.37603 0.04246 0.38212 0.04843 0.3901 0.0462 0.37603 0.04345 0.38119 0.04246 0.38212 0.0462 0.37603 0.06202 0.3227 0.04591 0.37728 0.0462 0.37603 0.04345 0.38119 0.0462 0.37603 0.04591 0.37728 0.08248 0.27334 0.06202 0.3227 0.0462 0.37603 0.06202 0.3227 0.04508 0.38083 0.04591 0.37728 0.04284 0.38292 0.04591 0.37728 0.04508 0.38083 0.04284 0.38292 0.04345 0.38119 0.04591 0.37728 0.06202 0.3227 0.04387 0.38619 0.04508 0.38083 0.04133 0.38708 0.04508 0.38083 0.04387 0.38619 0.04284 0.38292 0.04508 0.38083 0.04133 0.38708 0.06202 0.3227 0.04253 0.39252 0.04387 0.38619 0.04133 0.38708 0.04387 0.38619 0.04253 0.39252 0.03499 0.43973 0.03158 0.5 0.04253 0.39252 0.03017 0.5 0.04253 0.39252 0.03158 0.5 0.06202 0.3227 0.03499 0.43973 0.04253 0.39252 0.03952 0.39181 0.04253 0.39252 0.03017 0.5 0.04133 0.38708 0.04253 0.39252 0.03952 0.39181 0.03499 0.56027 0.04253 0.60748 0.03158 0.5 0.03952 0.60819 0.03158 0.5 0.04253 0.60748 0.03499 0.43973 0.03499 0.56027 0.03158 0.5 0.03952 0.60819 0.03017 0.5 0.03158 0.5 0.06202 0.6773 0.04388 0.61381 0.04253 0.60748 0.03952 0.60819 0.04253 0.60748 0.04388 0.61381 0.03499 0.56027 0.06202 0.6773 0.04253 0.60748 0.06202 0.6773 0.04508 0.61918 0.04388 0.61381 0.04133 0.61292 0.04388 0.61381 0.04508 0.61918 0.04133 0.61292 0.03952 0.60819 0.04388 0.61381 0.06202 0.6773 0.04591 0.62272 0.04508 0.61918 0.04284 0.61708 0.04508 0.61918 0.04591 0.62272 0.04133 0.61292 0.04508 0.61918 0.04284 0.61708 0.06202 0.6773 0.0462 0.62397 0.04591 0.62272 0.04284 0.61708 0.04591 0.62272 0.0462 0.62397 0.06202 0.6773 0.0462 0.62397 0.0462 0.62397 0.04246 0.61788 0.0462 0.62397 0.0462 0.62397 0.04345 0.61881 0.0462 0.62397 0.04246 0.61788 0.04284 0.61708 0.0462 0.62397 0.04345 0.61881 0.06202 0.6773 0.08248 0.72666 0.0462 0.62397 0.04843 0.6099 0.0462 0.62397 0.08248 0.72666 0.04246 0.61788 0.0462 0.62397 0.04843 0.6099 0.1145 0.78403 0.13888 0.81845 0.08248 0.72666 0.08268 0.71443 0.08248 0.72666 0.13888 0.81845 0.06202 0.6773 0.1145 0.78403 0.08248 0.72666 0.04843 0.6099 0.08248 0.72666 0.08268 0.71443 0.18938 0.87426 0.21271 0.89492 0.13888 0.81845 0.21118 0.88649 0.13888 0.81845 0.21271 0.89492 0.1145 0.78403 0.18938 0.87426 0.13888 0.81845 0.13784 0.80817 0.13888 0.81845 0.21118 0.88649 0.08268 0.71443 0.13888 0.81845 0.13784 0.80817 0.28231 0.94273 0.30042 0.95234 0.21271 0.89492 0.29902 0.94541 0.21271 0.89492 0.30042 0.95234 0.18938 0.87426 0.28231 0.94273 0.21271 0.89492 0.21118 0.88649 0.21271 0.89492 0.29902 0.94541 0.3879 0.98547 0.39772 0.98793 0.30042 0.95234 0.39691 0.98198 0.30042 0.95234 0.39772 0.98793 0.28231 0.94273 0.3879 0.98547 0.30042 0.95234 0.29902 0.94541 0.30042 0.95234 0.39691 0.98198 0.2981 0.94752 0.3879 0.98547 0.28231 0.94273 0.39645 0.98426 0.3879 0.98547 0.2981 0.94752 0.5 0.99671 0.3879 0.98547 0.39645 0.98426 0.20987 0.88834 0.28231 0.94273 0.18938 0.87426 0.2981 0.94752 0.28231 0.94273 0.20987 0.88834 0.13618 0.80969 0.18938 0.87426 0.1145 0.78403 0.20987 0.88834 0.18938 0.87426 0.13618 0.80969 0.08074 0.71551 0.1145 0.78403 0.06202 0.6773 0.13618 0.80969 0.1145 0.78403 0.08074 0.71551 0.04633 0.61053 0.06202 0.6773 0.03499 0.56027 0.08074 0.71551 0.06202 0.6773 0.04633 0.61053 0.03466 0.5 0.03499 0.56027 0.03499 0.43973 0.04633 0.61053 0.03499 0.56027 0.03466 0.5 0.04633 0.38947 0.03499 0.43973 0.06202 0.3227 0.03466 0.5 0.03499 0.43973 0.04633 0.38947 0.08248 0.27334 0.1145 0.21597 0.06202 0.3227 0.08074 0.28449 0.06202 0.3227 0.1145 0.21597 0.04633 0.38947 0.06202 0.3227 0.08074 0.28449 0.13888 0.18155 0.18938 0.12574 0.1145 0.21597 0.13618 0.19031 0.1145 0.21597 0.18938 0.12574 0.08248 0.27334 0.13888 0.18155 0.1145 0.21597 0.08074 0.28449 0.1145 0.21597 0.13618 0.19031 0.21271 0.10508 0.28231 0.05727 0.18938 0.12574 0.20987 0.11166 0.18938 0.12574 0.28231 0.05727 0.13888 0.18155 0.21271 0.10508 0.18938 0.12574 0.13618 0.19031 0.18938 0.12574 0.20987 0.11166 0.30042 0.04766 0.3879 0.01453 0.28231 0.05727 0.2981 0.05248 0.28231 0.05727 0.3879 0.01453 0.21271 0.10508 0.30042 0.04766 0.28231 0.05727 0.20987 0.11166 0.28231 0.05727 0.2981 0.05248 0.30042 0.04766 0.39772 0.01207 0.3879 0.01453 0.2981 0.05248 0.3879 0.01453 0.39645 0.01574 0.39691 0.01802 0.39772 0.01207 0.30042 0.04766 0.39691 0.01802 0.5 0.00562 0.39772 0.01207 0.29902 0.05459 0.30042 0.04766 0.21271 0.10508 0.39691 0.01802 0.30042 0.04766 0.29902 0.05459 0.21118 0.11351 0.21271 0.10508 0.13888 0.18155 0.29902 0.05459 0.21271 0.10508 0.21118 0.11351 0.13784 0.19183 0.13888 0.18155 0.08248 0.27334 0.21118 0.11351 0.13888 0.18155 0.13784 0.19183 0.08268 0.28557 0.08248 0.27334 0.04843 0.3901 0.13784 0.19183 0.08248 0.27334 0.08268 0.28557 0.32368 0.46629 0.40324 0.46629 0.40324 0.46629 0.40476 0.46578 0.40324 0.46629 0.40324 0.46629 0.40324 0.46608 0.32368 0.46629 0.40324 0.46629 0.40455 0.46547 0.40324 0.46608 0.40324 0.46629 0.40476 0.46578 0.40324 0.46629 0.40476 0.46578 0.40455 0.46547 0.40324 0.46629 0.40476 0.46578 0.32368 0.46629 0.32368 0.46629 0.40324 0.46629 0.32368 0.463 0.40324 0.46629 0.32368 0.46629 0.32368 0.463 0.40287 0.46555 0.40324 0.46629 0.40476 0.46578 0.40324 0.46629 0.40287 0.46555 0.30512 0.47273 0.32368 0.46629 0.32368 0.46629 0.30512 0.47273 0.30512 0.47273 0.32368 0.46629 0.32368 0.463 0.32368 0.46629 0.30512 0.47273 0.30435 0.47159 0.30512 0.47273 0.32368 0.46629 0.32368 0.46489 0.30435 0.47159 0.32368 0.46629 0.40324 0.46548 0.32368 0.46489 0.32368 0.46629 0.40324 0.46608 0.40324 0.46548 0.32368 0.46629 0.59676 0.46629 0.67632 0.46629 0.67632 0.46629 0.69488 0.47273 0.67632 0.46629 0.67632 0.46629 0.67632 0.46489 0.59676 0.46629 0.67632 0.46629 0.69488 0.47273 0.67632 0.46629 0.69488 0.47273 0.67632 0.46489 0.67632 0.46629 0.69488 0.47273 0.59676 0.46629 0.59676 0.46629 0.67632 0.46629 0.59714 0.46554 0.67632 0.46629 0.59676 0.46629 0.69669 0.47007 0.69488 0.47273 0.67632 0.46629 0.67632 0.463 0.67632 0.46629 0.59714 0.46554 0.69669 0.47007 0.67632 0.46629 0.67632 0.463 0.59546 0.46592 0.59676 0.46629 0.59676 0.46629 0.59645 0.46442 0.59714 0.46554 0.59676 0.46629 0.59645 0.46442 0.59676 0.46629 0.59524 0.46578 0.59525 0.46579 0.59524 0.46578 0.59676 0.46629 0.59546 0.46592 0.59525 0.46579 0.59676 0.46629 0.59676 0.46547 0.59546 0.46592 0.59676 0.46629 0.59676 0.46547 0.59676 0.46629 0.67632 0.46489 0.69488 0.52727 0.67632 0.53371 0.67632 0.53371 0.59676 0.53371 0.67632 0.53371 0.67632 0.53371 0.69565 0.52841 0.69488 0.52727 0.67632 0.53371 0.59676 0.53371 0.59676 0.53371 0.67632 0.53371 0.59676 0.53392 0.67632 0.53371 0.59676 0.53371 0.59676 0.53392 0.59676 0.53452 0.67632 0.53371 0.67632 0.53511 0.67632 0.53371 0.59676 0.53452 0.69565 0.52841 0.67632 0.53371 0.67632 0.53511 0.69488 0.52727 0.69488 0.52727 0.67632 0.53371 0.67632 0.537 0.67632 0.53371 0.69488 0.52727 0.67632 0.537 0.59676 0.53371 0.67632 0.53371 0.70635 0.51042 0.70635 0.51042 0.69488 0.52727 0.69669 0.52993 0.69488 0.52727 0.70635 0.51042 0.69488 0.52727 0.70635 0.51042 0.69488 0.52727 0.67632 0.537 0.69488 0.52727 0.69669 0.52993 0.70635 0.48958 0.70635 0.48958 0.70635 0.51042 0.70928 0.51143 0.70635 0.51042 0.70635 0.48958 0.70635 0.51042 0.70635 0.48958 0.70635 0.51042 0.69669 0.52993 0.70635 0.51042 0.70928 0.51143 0.69488 0.47273 0.69488 0.47273 0.70635 0.48958 0.70928 0.48857 0.70635 0.48958 0.69488 0.47273 0.70635 0.48958 0.69488 0.47273 0.70635 0.48958 0.70928 0.51143 0.70635 0.48958 0.70928 0.48857 0.70928 0.48857 0.69488 0.47273 0.69669 0.47007 0.69565 0.47159 0.69488 0.47273 0.70635 0.48958 0.67632 0.46489 0.69488 0.47273 0.69565 0.47159 0.7076 0.48915 0.70635 0.48958 0.70635 0.51042 0.69565 0.47159 0.70635 0.48958 0.7076 0.48915 0.7076 0.51085 0.70635 0.51042 0.69488 0.52727 0.7076 0.48915 0.70635 0.51042 0.7076 0.51085 0.7076 0.51085 0.69488 0.52727 0.69565 0.52841 0.40324 0.53371 0.32368 0.53371 0.32368 0.53371 0.30512 0.52727 0.32368 0.53371 0.32368 0.53371 0.32368 0.53511 0.40324 0.53371 0.32368 0.53371 0.30512 0.52727 0.32368 0.53371 0.30512 0.52727 0.32368 0.53511 0.32368 0.53371 0.30512 0.52727 0.40324 0.53371 0.40324 0.53371 0.32368 0.53371 0.40286 0.53446 0.32368 0.53371 0.40324 0.53371 0.30331 0.52993 0.30512 0.52727 0.32368 0.53371 0.30331 0.52993 0.32368 0.53371 0.32368 0.537 0.40286 0.53446 0.32368 0.537 0.32368 0.53371 0.40454 0.53408 0.40324 0.53371 0.40324 0.53371 0.40355 0.53558 0.40286 0.53446 0.40324 0.53371 0.40355 0.53558 0.40324 0.53371 0.40476 0.53422 0.40475 0.53421 0.40476 0.53422 0.40324 0.53371 0.40454 0.53408 0.40475 0.53421 0.40324 0.53371 0.40324 0.53453 0.40454 0.53408 0.40324 0.53371 0.40324 0.53453 0.40324 0.53371 0.32368 0.53511 0.59524 0.53422 0.59676 0.53371 0.59676 0.53371 0.59524 0.53422 0.59676 0.53371 0.59524 0.53422 0.59545 0.53453 0.59676 0.53371 0.59524 0.53422 0.59545 0.53453 0.59676 0.53392 0.59676 0.53371 0.59713 0.53445 0.59676 0.53371 0.67632 0.537 0.59524 0.53422 0.59676 0.53371 0.59713 0.53445 0.29365 0.48958 0.29365 0.48958 0.30512 0.47273 0.30331 0.47007 0.30512 0.47273 0.29365 0.48958 0.30512 0.47273 0.29365 0.48958 0.30512 0.47273 0.30331 0.47007 0.32368 0.463 0.30512 0.47273 0.29365 0.51042 0.29365 0.51042 0.29365 0.48958 0.29072 0.48857 0.29365 0.48958 0.29365 0.51042 0.29365 0.48958 0.29365 0.51042 0.29365 0.48958 0.30331 0.47007 0.29365 0.48958 0.29072 0.48857 0.30512 0.52727 0.30512 0.52727 0.29365 0.51042 0.29072 0.51143 0.29365 0.51042 0.30512 0.52727 0.29365 0.51042 0.30512 0.52727 0.29365 0.51042 0.29072 0.48857 0.29365 0.51042 0.29072 0.51143 0.29072 0.51143 0.30512 0.52727 0.30331 0.52993 0.30435 0.52841 0.30512 0.52727 0.29365 0.51042 0.30435 0.52841 0.32368 0.53511 0.30512 0.52727 0.2924 0.51085 0.29365 0.51042 0.29365 0.48958 0.2924 0.51085 0.30435 0.52841 0.29365 0.51042 0.2924 0.48915 0.29365 0.48958 0.30512 0.47273 0.2924 0.48915 0.2924 0.51085 0.29365 0.48958 0.30435 0.47159 0.2924 0.48915 0.30512 0.47273 0.01053 0.5 0.03225 0.6099 0.02148 0.6099 0.03363 0.61206 0.02148 0.6099 0.03225 0.6099 0.02039 0.61002 0.01053 0.5 0.02148 0.6099 0.02148 0.61387 0.02039 0.61002 0.02148 0.6099 0.03363 0.61206 0.02148 0.61387 0.02148 0.6099 0.01053 0.5 0.02105 0.5 0.03225 0.6099 0.02632 0.5 0.03225 0.6099 0.02105 0.5 0.03952 0.60819 0.03225 0.6099 0.02632 0.5 0.04133 0.61292 0.03225 0.6099 0.03952 0.60819 0.04133 0.61292 0.03363 0.61206 0.03225 0.6099 0.02148 0.3901 0.03225 0.3901 0.02105 0.5 0.03952 0.39181 0.02105 0.5 0.03225 0.3901 0.01053 0.5 0.02148 0.3901 0.02105 0.5 0.03952 0.39181 0.02632 0.5 0.02105 0.5 0.02148 0.38613 0.03225 0.3901 0.02148 0.3901 0.03363 0.38794 0.03952 0.39181 0.03225 0.3901 0.03363 0.38794 0.03225 0.3901 0.02148 0.38613 0.00526 0.5 0.02148 0.3901 0.01053 0.5 0.02039 0.38998 0.02148 0.3901 0.00526 0.5 0.02148 0.38613 0.02148 0.3901 0.02039 0.38998 0.02039 0.61002 0.01932 0.61014 0.01053 0.5 0.00526 0.5 0.01053 0.5 0.01932 0.61014 0 0.5 0.00001 0.5 0.01006 0.39348 0.00526 0.5 0.01006 0.39348 0.00001 0.5 0.01006 0.39348 0 0.5 0.01006 0.39348 0.01372 0.38702 0.01006 0.39348 0.01006 0.39348 0.00526 0.5 0.01609 0.3901 0.01006 0.39348 0.01372 0.38702 0.01006 0.39348 0.01609 0.3901 0.01006 0.60652 0.01006 0.60652 0.00001 0.5 0.00526 0.5 0.00001 0.5 0.01006 0.60652 0 0.5 0.01006 0.60652 0.00001 0.5 0.01114 0.60968 0.01006 0.60652 0.01006 0.60652 0.01372 0.61298 0.00526 0.5 0.01006 0.60652 0.01275 0.61202 0.01372 0.61298 0.01006 0.60652 0.01114 0.60968 0.01275 0.61202 0.01006 0.60652 0.00141 0.5 0.01006 0.60652 0 0.5 0.01083 0.60807 0.01006 0.60652 0.00141 0.5 0.01114 0.60968 0.01006 0.60652 0.01083 0.60807 0.01085 0.39192 0 0.5 0.01006 0.39348 0.01085 0.39192 0.00141 0.5 0 0.5 0.01116 0.39029 0.01006 0.39348 0.01372 0.38702 0.01085 0.39192 0.01006 0.39348 0.01116 0.39029 0.03601 0.61552 0.02092 0.61552 0.02148 0.61552 0.01964 0.61395 0.02148 0.61552 0.02092 0.61552 0.03601 0.61552 0.03601 0.61552 0.02148 0.61552 0.02148 0.61387 0.03601 0.61552 0.02148 0.61552 0.02148 0.61387 0.02148 0.61552 0.01964 0.61395 0.03601 0.61552 0.02037 0.61552 0.02092 0.61552 0.01964 0.61395 0.02092 0.61552 0.02037 0.61552 0.03601 0.61552 0.02037 0.61552 0.02037 0.61552 0.01372 0.61298 0.02037 0.61552 0.02037 0.61552 0.01644 0.6147 0.02037 0.61552 0.01372 0.61298 0.01964 0.61395 0.02037 0.61552 0.01644 0.6147 0.01609 0.6099 0.02037 0.61552 0.03601 0.61552 0.01372 0.61298 0.02037 0.61552 0.01609 0.6099 0.04246 0.61788 0.03601 0.61552 0.03601 0.61552 0.01609 0.6099 0.03601 0.61552 0.04843 0.6099 0.04246 0.61788 0.04843 0.6099 0.03601 0.61552 0.04246 0.61788 0.04246 0.61788 0.03601 0.61552 0.0357 0.61509 0.04246 0.61788 0.03601 0.61552 0.0357 0.61509 0.03601 0.61552 0.02148 0.61387 0.02037 0.38448 0.03601 0.38448 0.03601 0.38448 0.04246 0.38212 0.03601 0.38448 0.03601 0.38448 0.02037 0.38448 0.02037 0.38448 0.03601 0.38448 0.02092 0.38448 0.02037 0.38448 0.03601 0.38448 0.02148 0.38448 0.02092 0.38448 0.03601 0.38448 0.0357 0.38491 0.02148 0.38448 0.03601 0.38448 0.04246 0.38212 0.03601 0.38448 0.04246 0.38212 0.04284 0.38292 0.03601 0.38448 0.04246 0.38212 0.04284 0.38292 0.0357 0.38491 0.03601 0.38448 0.04843 0.3901 0.03601 0.38448 0.02037 0.38448 0.04246 0.38212 0.03601 0.38448 0.04843 0.3901 0.01656 0.38525 0.02037 0.38448 0.02037 0.38448 0.01609 0.3901 0.04843 0.3901 0.02037 0.38448 0.01372 0.38702 0.01609 0.3901 0.02037 0.38448 0.01656 0.38525 0.01372 0.38702 0.02037 0.38448 0.02148 0.38613 0.02037 0.38448 0.02092 0.38448 0.01527 0.38648 0.01656 0.38525 0.02037 0.38448 0.01527 0.38648 0.02037 0.38448 0.01964 0.38605 0.02148 0.38613 0.01964 0.38605 0.02037 0.38448 0.02148 0.38613 0.02092 0.38448 0.02148 0.38448 0.03485 0.38612 0.02148 0.38613 0.02148 0.38448 0.0357 0.38491 0.03485 0.38612 0.02148 0.38448 0.97895 0.5 0.98947 0.5 0.97852 0.6099 0.99474 0.5 0.97852 0.6099 0.98947 0.5 0.96775 0.6099 0.97895 0.5 0.97852 0.6099 0.97852 0.61387 0.96775 0.6099 0.97852 0.6099 0.97961 0.61002 0.97852 0.6099 0.99474 0.5 0.97852 0.61387 0.97852 0.6099 0.97961 0.61002 0.96775 0.3901 0.97852 0.3901 0.98947 0.5 0.97961 0.38998 0.98947 0.5 0.97852 0.3901 0.97895 0.5 0.96775 0.3901 0.98947 0.5 0.98068 0.38986 0.99474 0.5 0.98947 0.5 0.97961 0.38998 0.98068 0.38986 0.98947 0.5 0.96637 0.38794 0.97852 0.3901 0.96775 0.3901 0.97852 0.38613 0.97961 0.38998 0.97852 0.3901 0.96637 0.38794 0.97852 0.38613 0.97852 0.3901 0.97368 0.5 0.96775 0.3901 0.97895 0.5 0.96048 0.39181 0.96775 0.3901 0.97368 0.5 0.95867 0.38708 0.96775 0.3901 0.96048 0.39181 0.95867 0.38708 0.96637 0.38794 0.96775 0.3901 0.96048 0.60819 0.97895 0.5 0.96775 0.6099 0.96048 0.60819 0.97368 0.5 0.97895 0.5 0.96637 0.61206 0.96048 0.60819 0.96775 0.6099 0.96637 0.61206 0.96775 0.6099 0.97852 0.61387 0.99999 0.5 1 0.5 0.98994 0.39348 0.99859 0.5 0.98994 0.39348 1 0.5 0.98994 0.39348 0.99999 0.5 0.98994 0.39348 0.98885 0.3903 0.98994 0.39348 0.98994 0.39348 0.98916 0.39192 0.98885 0.3903 0.98994 0.39348 0.98916 0.39192 0.98994 0.39348 0.99859 0.5 0.98994 0.60652 0.98994 0.60652 1 0.5 0.98917 0.60806 1 0.5 0.98994 0.60652 0.99999 0.5 0.98994 0.60652 1 0.5 0.99859 0.5 1 0.5 0.98917 0.60806 0.98628 0.61298 0.98994 0.60652 0.98994 0.60652 0.98886 0.60967 0.98994 0.60652 0.98628 0.61298 0.98886 0.60967 0.98917 0.60806 0.98994 0.60652 0.99474 0.5 0.98994 0.60652 0.99999 0.5 0.98391 0.6099 0.98994 0.60652 0.99474 0.5 0.98628 0.61298 0.98994 0.60652 0.98391 0.6099 0.99474 0.5 0.99999 0.5 0.98994 0.39348 0.98628 0.38702 0.99474 0.5 0.98994 0.39348 0.98725 0.38798 0.98628 0.38702 0.98994 0.39348 0.98885 0.3903 0.98725 0.38798 0.98994 0.39348 0.97962 0.61552 0.96399 0.61552 0.96399 0.61552 0.95754 0.61788 0.96399 0.61552 0.96399 0.61552 0.97962 0.61552 0.97962 0.61552 0.96399 0.61552 0.97908 0.61552 0.97962 0.61552 0.96399 0.61552 0.97852 0.61552 0.97908 0.61552 0.96399 0.61552 0.9643 0.61509 0.97852 0.61552 0.96399 0.61552 0.95754 0.61788 0.96399 0.61552 0.95754 0.61788 0.95716 0.61708 0.96399 0.61552 0.95754 0.61788 0.95716 0.61708 0.9643 0.61509 0.96399 0.61552 0.95157 0.6099 0.96399 0.61552 0.97962 0.61552 0.95754 0.61788 0.96399 0.61552 0.95157 0.6099 0.98372 0.61463 0.97962 0.61552 0.97962 0.61552 0.98391 0.6099 0.95157 0.6099 0.97962 0.61552 0.98628 0.61298 0.98391 0.6099 0.97962 0.61552 0.98372 0.61463 0.98628 0.61298 0.97962 0.61552 0.97852 0.61387 0.97962 0.61552 0.97908 0.61552 0.98473 0.61352 0.98372 0.61463 0.97962 0.61552 0.98473 0.61352 0.97962 0.61552 0.98035 0.61395 0.97852 0.61387 0.98035 0.61395 0.97962 0.61552 0.97852 0.61387 0.97908 0.61552 0.97852 0.61552 0.96515 0.61388 0.97852 0.61387 0.97852 0.61552 0.9643 0.61509 0.96515 0.61388 0.97852 0.61552 0.96399 0.38448 0.97908 0.38448 0.97852 0.38448 0.98035 0.38605 0.97852 0.38448 0.97908 0.38448 0.96399 0.38448 0.96399 0.38448 0.97852 0.38448 0.97852 0.38613 0.96399 0.38448 0.97852 0.38448 0.97852 0.38613 0.97852 0.38448 0.98035 0.38605 0.96399 0.38448 0.97962 0.38448 0.97908 0.38448 0.98035 0.38605 0.97908 0.38448 0.97962 0.38448 0.96399 0.38448 0.97962 0.38448 0.97962 0.38448 0.98628 0.38702 0.97962 0.38448 0.97962 0.38448 0.98366 0.38534 0.97962 0.38448 0.98628 0.38702 0.98035 0.38605 0.97962 0.38448 0.98366 0.38534 0.98391 0.3901 0.97962 0.38448 0.96399 0.38448 0.98628 0.38702 0.97962 0.38448 0.98391 0.3901 0.95754 0.38212 0.96399 0.38448 0.96399 0.38448 0.98391 0.3901 0.96399 0.38448 0.95157 0.3901 0.95754 0.38212 0.95157 0.3901 0.96399 0.38448 0.95754 0.38212 0.95754 0.38212 0.96399 0.38448 0.9643 0.38491 0.95754 0.38212 0.96399 0.38448 0.9643 0.38491 0.96399 0.38448 0.97852 0.38613 0.61846 0.97213 0.60969 0.93689 0.5 0.95231 0.5 0.91467 0.5 0.95231 0.60969 0.93689 0.5 0.98876 0.5 0.95231 0.39031 0.93689 0.44471 0.91045 0.39031 0.93689 0.5 0.95231 0.61846 0.97213 0.5 0.95231 0.5 0.98876 0.44471 0.91045 0.5 0.95231 0.5 0.91467 0.61846 0.97213 0.71188 0.8917 0.60969 0.93689 0.60945 0.89787 0.60969 0.93689 0.71188 0.8917 0.55529 0.91045 0.5 0.91467 0.60969 0.93689 0.60945 0.89787 0.55529 0.91045 0.60969 0.93689 0.72891 0.9233 0.79963 0.81983 0.71188 0.8917 0.71003 0.84884 0.71188 0.8917 0.79963 0.81983 0.61846 0.97213 0.72891 0.9233 0.71188 0.8917 0.66138 0.8772 0.60945 0.89787 0.71188 0.8917 0.71003 0.84884 0.66138 0.8772 0.71188 0.8917 0.82376 0.84562 0.86696 0.72617 0.79963 0.81983 0.79359 0.77155 0.79963 0.81983 0.86696 0.72617 0.72891 0.9233 0.82376 0.84562 0.79963 0.81983 0.7544 0.81339 0.71003 0.84884 0.79963 0.81983 0.79359 0.77155 0.7544 0.81339 0.79963 0.81983 0.89654 0.74439 0.9093 0.61708 0.86696 0.72617 0.85337 0.67226 0.86696 0.72617 0.9093 0.61708 0.82376 0.84562 0.89654 0.74439 0.86696 0.72617 0.82681 0.72419 0.79359 0.77155 0.86696 0.72617 0.85337 0.67226 0.82681 0.72419 0.86696 0.72617 0.94229 0.62651 0.92374 0.5 0.9093 0.61708 0.88453 0.55901 0.9093 0.61708 0.92374 0.5 0.89654 0.74439 0.94229 0.62651 0.9093 0.61708 0.87274 0.61683 0.85337 0.67226 0.9093 0.61708 0.88453 0.55901 0.87274 0.61683 0.9093 0.61708 0.89654 0.25561 0.9093 0.38292 0.92374 0.5 0.88848 0.5 0.92374 0.5 0.9093 0.38292 0.94229 0.62651 0.89654 0.25561 0.92374 0.5 0.88848 0.5 0.88453 0.55901 0.92374 0.5 0.89654 0.25561 0.86696 0.27383 0.9093 0.38292 0.87274 0.38317 0.9093 0.38292 0.86696 0.27383 0.88453 0.44099 0.88848 0.5 0.9093 0.38292 0.87274 0.38317 0.88453 0.44099 0.9093 0.38292 0.82376 0.15438 0.79963 0.18017 0.86696 0.27383 0.82681 0.27581 0.86696 0.27383 0.79963 0.18017 0.89654 0.25561 0.82376 0.15438 0.86696 0.27383 0.85337 0.32774 0.87274 0.38317 0.86696 0.27383 0.82681 0.27581 0.85337 0.32774 0.86696 0.27383 0.72891 0.0767 0.71188 0.1083 0.79963 0.18017 0.7544 0.18661 0.79963 0.18017 0.71188 0.1083 0.82376 0.15438 0.72891 0.0767 0.79963 0.18017 0.79359 0.22845 0.82681 0.27581 0.79963 0.18017 0.7544 0.18661 0.79359 0.22845 0.79963 0.18017 0.61846 0.02788 0.60969 0.06311 0.71188 0.1083 0.66138 0.1228 0.71188 0.1083 0.60969 0.06311 0.72891 0.0767 0.61846 0.02788 0.71188 0.1083 0.71003 0.15116 0.7544 0.18661 0.71188 0.1083 0.66138 0.1228 0.71003 0.15116 0.71188 0.1083 0.5 0.01124 0.5 0.04769 0.60969 0.06311 0.55529 0.08955 0.60969 0.06311 0.5 0.04769 0.61846 0.02788 0.5 0.01124 0.60969 0.06311 0.60945 0.10213 0.66138 0.1228 0.60969 0.06311 0.55529 0.08955 0.60945 0.10213 0.60969 0.06311 0.38154 0.02788 0.39031 0.06311 0.5 0.04769 0.5 0.08533 0.5 0.04769 0.39031 0.06311 0.5 0.01124 0.38154 0.02788 0.5 0.04769 0.55529 0.08955 0.5 0.04769 0.5 0.08533 0.38154 0.02788 0.28812 0.1083 0.39031 0.06311 0.39055 0.10213 0.39031 0.06311 0.28812 0.1083 0.44471 0.08955 0.5 0.08533 0.39031 0.06311 0.39055 0.10213 0.44471 0.08955 0.39031 0.06311 0.27109 0.0767 0.20037 0.18017 0.28812 0.1083 0.28997 0.15116 0.28812 0.1083 0.20037 0.18017 0.38154 0.02788 0.27109 0.0767 0.28812 0.1083 0.33862 0.1228 0.39055 0.10213 0.28812 0.1083 0.28997 0.15116 0.33862 0.1228 0.28812 0.1083 0.17624 0.15438 0.13304 0.27383 0.20037 0.18017 0.20641 0.22845 0.20037 0.18017 0.13304 0.27383 0.27109 0.0767 0.17624 0.15438 0.20037 0.18017 0.2456 0.18661 0.28997 0.15116 0.20037 0.18017 0.20641 0.22845 0.2456 0.18661 0.20037 0.18017 0.10346 0.25561 0.0907 0.38292 0.13304 0.27383 0.14663 0.32774 0.13304 0.27383 0.0907 0.38292 0.17624 0.15438 0.10346 0.25561 0.13304 0.27383 0.17319 0.27581 0.20641 0.22845 0.13304 0.27383 0.14663 0.32774 0.17319 0.27581 0.13304 0.27383 0.05771 0.37349 0.07626 0.5 0.0907 0.38292 0.11547 0.44099 0.0907 0.38292 0.07626 0.5 0.10346 0.25561 0.05771 0.37349 0.0907 0.38292 0.12726 0.38317 0.14663 0.32774 0.0907 0.38292 0.11547 0.44099 0.12726 0.38317 0.0907 0.38292 0.10346 0.74439 0.0907 0.61708 0.07626 0.5 0.11152 0.5 0.07626 0.5 0.0907 0.61708 0.05771 0.37349 0.10346 0.74439 0.07626 0.5 0.11152 0.5 0.11547 0.44099 0.07626 0.5 0.10346 0.74439 0.13304 0.72617 0.0907 0.61708 0.12726 0.61683 0.0907 0.61708 0.13304 0.72617 0.11547 0.55901 0.11152 0.5 0.0907 0.61708 0.12726 0.61683 0.11547 0.55901 0.0907 0.61708 0.17624 0.84562 0.20037 0.81983 0.13304 0.72617 0.17319 0.72419 0.13304 0.72617 0.20037 0.81983 0.10346 0.74439 0.17624 0.84562 0.13304 0.72617 0.14663 0.67226 0.12726 0.61683 0.13304 0.72617 0.17319 0.72419 0.14663 0.67226 0.13304 0.72617 0.27109 0.9233 0.28812 0.8917 0.20037 0.81983 0.2456 0.81339 0.20037 0.81983 0.28812 0.8917 0.17624 0.84562 0.27109 0.9233 0.20037 0.81983 0.20641 0.77155 0.17319 0.72419 0.20037 0.81983 0.2456 0.81339 0.20641 0.77155 0.20037 0.81983 0.38154 0.97213 0.39031 0.93689 0.28812 0.8917 0.33862 0.8772 0.28812 0.8917 0.39031 0.93689 0.27109 0.9233 0.38154 0.97213 0.28812 0.8917 0.28997 0.84884 0.2456 0.81339 0.28812 0.8917 0.33862 0.8772 0.28997 0.84884 0.28812 0.8917 0.38154 0.97213 0.5 0.98876 0.39031 0.93689 0.39055 0.89787 0.33862 0.8772 0.39031 0.93689 0.44471 0.91045 0.39055 0.89787 0.39031 0.93689 0.5 0.99274 0.5 0.98876 0.38154 0.97213 0.61047 0.97842 0.61846 0.97213 0.5 0.98876 0.61047 0.97842 0.5 0.98876 0.5 0.99274 0.28548 0.9363 0.38154 0.97213 0.27109 0.9233 0.38953 0.97842 0.5 0.99274 0.38154 0.97213 0.28548 0.9363 0.38953 0.97842 0.38154 0.97213 0.19389 0.86882 0.27109 0.9233 0.17624 0.84562 0.19389 0.86882 0.28548 0.9363 0.27109 0.9233 0.1201 0.77991 0.17624 0.84562 0.10346 0.74439 0.1201 0.77991 0.19389 0.86882 0.17624 0.84562 0.05771 0.37349 0.05771 0.62651 0.10346 0.74439 0.06838 0.67473 0.10346 0.74439 0.05771 0.62651 0.06838 0.67473 0.1201 0.77991 0.10346 0.74439 0.05771 0.37349 0.04211 0.5 0.05771 0.62651 0.04175 0.55939 0.05771 0.62651 0.04211 0.5 0.04175 0.55939 0.06838 0.67473 0.05771 0.62651 0.04175 0.44061 0.04211 0.5 0.05771 0.37349 0.04175 0.44061 0.04175 0.55939 0.04211 0.5 0.06838 0.32527 0.05771 0.37349 0.10346 0.25561 0.06838 0.32527 0.04175 0.44061 0.05771 0.37349 0.1201 0.22009 0.10346 0.25561 0.17624 0.15438 0.1201 0.22009 0.06838 0.32527 0.10346 0.25561 0.19389 0.13118 0.17624 0.15438 0.27109 0.0767 0.19389 0.13118 0.1201 0.22009 0.17624 0.15438 0.28548 0.0637 0.27109 0.0767 0.38154 0.02788 0.28548 0.0637 0.19389 0.13118 0.27109 0.0767 0.38953 0.02158 0.38154 0.02788 0.5 0.01124 0.38953 0.02158 0.28548 0.0637 0.38154 0.02788 0.5 0.00726 0.5 0.01124 0.61846 0.02788 0.5 0.00726 0.38953 0.02158 0.5 0.01124 0.71452 0.0637 0.61846 0.02788 0.72891 0.0767 0.61047 0.02158 0.5 0.00726 0.61846 0.02788 0.71452 0.0637 0.61047 0.02158 0.61846 0.02788 0.80611 0.13118 0.72891 0.0767 0.82376 0.15438 0.80611 0.13118 0.71452 0.0637 0.72891 0.0767 0.8799 0.22009 0.82376 0.15438 0.89654 0.25561 0.8799 0.22009 0.80611 0.13118 0.82376 0.15438 0.94229 0.62651 0.94229 0.37349 0.89654 0.25561 0.93162 0.32527 0.89654 0.25561 0.94229 0.37349 0.93162 0.32527 0.8799 0.22009 0.89654 0.25561 0.94229 0.62651 0.95789 0.5 0.94229 0.37349 0.95825 0.44061 0.94229 0.37349 0.95789 0.5 0.95825 0.44061 0.93162 0.32527 0.94229 0.37349 0.95825 0.55939 0.95789 0.5 0.94229 0.62651 0.95825 0.55939 0.95825 0.44061 0.95789 0.5 0.93162 0.67473 0.94229 0.62651 0.89654 0.74439 0.93162 0.67473 0.95825 0.55939 0.94229 0.62651 0.8799 0.77991 0.89654 0.74439 0.82376 0.84562 0.8799 0.77991 0.93162 0.67473 0.89654 0.74439 0.80611 0.86882 0.82376 0.84562 0.72891 0.9233 0.80611 0.86882 0.8799 0.77991 0.82376 0.84562 0.71452 0.9363 0.72891 0.9233 0.61846 0.97213 0.71452 0.9363 0.80611 0.86882 0.72891 0.9233 0.61047 0.97842 0.71452 0.9363 0.61846 0.97213 0.41811 0.74021 0.39178 0.89364 0.5 0.91024 0.5 0.9127 0.5 0.91024 0.39178 0.89364 0.5 0.75562 0.5 0.91024 0.60822 0.89364 0.55529 0.91045 0.60822 0.89364 0.5 0.91024 0.5 0.75562 0.41811 0.74021 0.5 0.91024 0.5 0.9127 0.55529 0.91045 0.5 0.91024 0.29261 0.6278 0.29226 0.84514 0.39178 0.89364 0.39055 0.89787 0.39178 0.89364 0.29226 0.84514 0.34608 0.69581 0.29261 0.6278 0.39178 0.89364 0.41811 0.74021 0.34608 0.69581 0.39178 0.89364 0.44471 0.91045 0.5 0.91467 0.39178 0.89364 0.5 0.9127 0.39178 0.89364 0.5 0.91467 0.44471 0.91045 0.39178 0.89364 0.39055 0.89787 0.20957 0.23133 0.20957 0.76867 0.29226 0.84514 0.28997 0.84884 0.29226 0.84514 0.20957 0.76867 0.26416 0.54438 0.20957 0.23133 0.29226 0.84514 0.29261 0.6278 0.26416 0.54438 0.29226 0.84514 0.33862 0.8772 0.29226 0.84514 0.28997 0.84884 0.39055 0.89787 0.29226 0.84514 0.33862 0.8772 0.15041 0.32956 0.15041 0.67044 0.20957 0.76867 0.20641 0.77155 0.20957 0.76867 0.15041 0.67044 0.20957 0.23133 0.15041 0.32956 0.20957 0.76867 0.2456 0.81339 0.20957 0.76867 0.20641 0.77155 0.28997 0.84884 0.20957 0.76867 0.2456 0.81339 0.11959 0.44161 0.11959 0.55839 0.15041 0.67044 0.14663 0.67226 0.15041 0.67044 0.11959 0.55839 0.15041 0.32956 0.11959 0.44161 0.15041 0.67044 0.17319 0.72419 0.15041 0.67044 0.14663 0.67226 0.20641 0.77155 0.15041 0.67044 0.17319 0.72419 0.11547 0.55901 0.11959 0.55839 0.11959 0.44161 0.12726 0.61683 0.11959 0.55839 0.11547 0.55901 0.14663 0.67226 0.11959 0.55839 0.12726 0.61683 0.12726 0.38317 0.11959 0.44161 0.15041 0.32956 0.11547 0.44099 0.11959 0.44161 0.12726 0.38317 0.11152 0.5 0.11959 0.44161 0.11547 0.44099 0.11547 0.55901 0.11959 0.44161 0.11152 0.5 0.17319 0.27581 0.15041 0.32956 0.20957 0.23133 0.14663 0.32774 0.15041 0.32956 0.17319 0.27581 0.12726 0.38317 0.15041 0.32956 0.14663 0.32774 0.26416 0.45563 0.29226 0.15486 0.20957 0.23133 0.2456 0.18661 0.20957 0.23133 0.29226 0.15486 0.26416 0.54438 0.26416 0.45563 0.20957 0.23133 0.20641 0.22845 0.20957 0.23133 0.2456 0.18661 0.17319 0.27581 0.20957 0.23133 0.20641 0.22845 0.34608 0.30418 0.39178 0.10636 0.29226 0.15486 0.33862 0.1228 0.29226 0.15486 0.39178 0.10636 0.29261 0.3722 0.34608 0.30418 0.29226 0.15486 0.26416 0.45563 0.29261 0.3722 0.29226 0.15486 0.28997 0.15116 0.29226 0.15486 0.33862 0.1228 0.2456 0.18661 0.29226 0.15486 0.28997 0.15116 0.5 0.24438 0.5 0.08976 0.39178 0.10636 0.44471 0.08955 0.39178 0.10636 0.5 0.08976 0.41811 0.25979 0.5 0.24438 0.39178 0.10636 0.34608 0.30418 0.41811 0.25979 0.39178 0.10636 0.39055 0.10213 0.39178 0.10636 0.44471 0.08955 0.33862 0.1228 0.39178 0.10636 0.39055 0.10213 0.58189 0.25979 0.60822 0.10636 0.5 0.08976 0.5 0.0873 0.5 0.08976 0.60822 0.10636 0.58189 0.25979 0.5 0.08976 0.5 0.24438 0.5 0.0873 0.44471 0.08955 0.5 0.08976 0.70739 0.3722 0.70774 0.15486 0.60822 0.10636 0.60945 0.10213 0.60822 0.10636 0.70774 0.15486 0.65392 0.30418 0.70739 0.3722 0.60822 0.10636 0.58189 0.25979 0.65392 0.30418 0.60822 0.10636 0.55529 0.08955 0.5 0.08533 0.60822 0.10636 0.5 0.0873 0.60822 0.10636 0.5 0.08533 0.55529 0.08955 0.60822 0.10636 0.60945 0.10213 0.79043 0.76867 0.79043 0.23133 0.70774 0.15486 0.71003 0.15116 0.70774 0.15486 0.79043 0.23133 0.73584 0.45563 0.79043 0.76867 0.70774 0.15486 0.70739 0.3722 0.73584 0.45563 0.70774 0.15486 0.66138 0.1228 0.70774 0.15486 0.71003 0.15116 0.60945 0.10213 0.70774 0.15486 0.66138 0.1228 0.84959 0.67044 0.84959 0.32956 0.79043 0.23133 0.79359 0.22845 0.79043 0.23133 0.84959 0.32956 0.79043 0.76867 0.84959 0.67044 0.79043 0.23133 0.7544 0.18661 0.79043 0.23133 0.79359 0.22845 0.71003 0.15116 0.79043 0.23133 0.7544 0.18661 0.88041 0.55839 0.88041 0.44161 0.84959 0.32956 0.85337 0.32774 0.84959 0.32956 0.88041 0.44161 0.84959 0.67044 0.88041 0.55839 0.84959 0.32956 0.82681 0.27581 0.84959 0.32956 0.85337 0.32774 0.79359 0.22845 0.84959 0.32956 0.82681 0.27581 0.88453 0.44099 0.88041 0.44161 0.88041 0.55839 0.87274 0.38317 0.88041 0.44161 0.88453 0.44099 0.85337 0.32774 0.88041 0.44161 0.87274 0.38317 0.87274 0.61683 0.88041 0.55839 0.84959 0.67044 0.88453 0.55901 0.88041 0.55839 0.87274 0.61683 0.88848 0.5 0.88041 0.55839 0.88453 0.55901 0.88453 0.44099 0.88041 0.55839 0.88848 0.5 0.82681 0.72419 0.84959 0.67044 0.79043 0.76867 0.85337 0.67226 0.84959 0.67044 0.82681 0.72419 0.87274 0.61683 0.84959 0.67044 0.85337 0.67226 0.73584 0.54438 0.70774 0.84514 0.79043 0.76867 0.7544 0.81339 0.79043 0.76867 0.70774 0.84514 0.73584 0.45563 0.73584 0.54438 0.79043 0.76867 0.79359 0.77155 0.79043 0.76867 0.7544 0.81339 0.82681 0.72419 0.79043 0.76867 0.79359 0.77155 0.65392 0.69581 0.60822 0.89364 0.70774 0.84514 0.66138 0.8772 0.70774 0.84514 0.60822 0.89364 0.70739 0.6278 0.65392 0.69581 0.70774 0.84514 0.73584 0.54438 0.70739 0.6278 0.70774 0.84514 0.71003 0.84884 0.70774 0.84514 0.66138 0.8772 0.7544 0.81339 0.70774 0.84514 0.71003 0.84884 0.58189 0.74021 0.5 0.75562 0.60822 0.89364 0.65392 0.69581 0.58189 0.74021 0.60822 0.89364 0.60945 0.89787 0.60822 0.89364 0.55529 0.91045 0.66138 0.8772 0.60822 0.89364 0.60945 0.89787 0.5 0.24603 0.5 0.24438 0.41811 0.25979 0.57352 0.25846 0.58189 0.25979 0.5 0.24438 0.57352 0.25846 0.5 0.24438 0.5 0.24603 0.36015 0.29453 0.41811 0.25979 0.34608 0.30418 0.42647 0.25846 0.5 0.24603 0.41811 0.25979 0.42647 0.25846 0.41811 0.25979 0.36015 0.29453 0.30751 0.35072 0.34608 0.30418 0.29261 0.3722 0.36015 0.29453 0.34608 0.30418 0.30751 0.35072 0.27371 0.42152 0.29261 0.3722 0.26416 0.45563 0.30751 0.35072 0.29261 0.3722 0.27371 0.42152 0.26207 0.5 0.26416 0.45563 0.26416 0.54438 0.27371 0.42152 0.26416 0.45563 0.26207 0.5 0.27371 0.57848 0.26416 0.54438 0.29261 0.6278 0.26207 0.5 0.26416 0.54438 0.27371 0.57848 0.30751 0.64928 0.29261 0.6278 0.34608 0.69581 0.27371 0.57848 0.29261 0.6278 0.30751 0.64928 0.36015 0.70547 0.34608 0.69581 0.41811 0.74021 0.30751 0.64928 0.34608 0.69581 0.36015 0.70547 0.42647 0.74154 0.41811 0.74021 0.5 0.75562 0.36015 0.70547 0.41811 0.74021 0.42647 0.74154 0.5 0.75397 0.5 0.75562 0.58189 0.74021 0.42647 0.74154 0.5 0.75562 0.5 0.75397 0.63985 0.70547 0.58189 0.74021 0.65392 0.69581 0.57352 0.74154 0.58189 0.74021 0.63985 0.70547 0.5 0.75397 0.58189 0.74021 0.57352 0.74154 0.69249 0.64928 0.65392 0.69581 0.70739 0.6278 0.63985 0.70547 0.65392 0.69581 0.69249 0.64928 0.72629 0.57848 0.70739 0.6278 0.73584 0.54438 0.69249 0.64928 0.70739 0.6278 0.72629 0.57848 0.73793 0.5 0.73584 0.54438 0.73584 0.45563 0.72629 0.57848 0.73584 0.54438 0.73793 0.5 0.72629 0.42152 0.73584 0.45563 0.70739 0.3722 0.73793 0.5 0.73584 0.45563 0.72629 0.42152 0.69249 0.35072 0.70739 0.3722 0.65392 0.30418 0.72629 0.42152 0.70739 0.3722 0.69249 0.35072 0.63985 0.29453 0.65392 0.30418 0.58189 0.25979 0.69249 0.35072 0.65392 0.30418 0.63985 0.29453 0.63985 0.29453 0.58189 0.25979 0.57352 0.25846 0.5 0.9127 0.5 0.91467 0.55529 0.91045 0.5 0.0873 0.5 0.08533 0.44471 0.08955 0.58005 0.26506 0.57004 0.41613 0.59861 0.46067 0.59861 0.46067 0.59861 0.46067 0.57004 0.41613 0.65051 0.30846 0.59861 0.46067 0.67632 0.46067 0.67632 0.46067 0.67632 0.46067 0.59861 0.46067 0.65051 0.30846 0.58005 0.26506 0.59861 0.46067 0.67632 0.46067 0.59861 0.46067 0.59861 0.46067 0.5 0.25 0.52528 0.39093 0.57004 0.41613 0.57003 0.41612 0.57004 0.41613 0.52528 0.39093 0.58005 0.26506 0.5 0.25 0.57004 0.41613 0.57003 0.41612 0.59861 0.46067 0.57004 0.41613 0.5 0.25 0.47472 0.39093 0.52528 0.39093 0.52529 0.39093 0.52528 0.39093 0.47472 0.39093 0.52529 0.39093 0.57003 0.41612 0.52528 0.39093 0.41995 0.26506 0.42996 0.41613 0.47472 0.39093 0.42996 0.41612 0.47472 0.39093 0.42996 0.41613 0.41995 0.26506 0.47472 0.39093 0.5 0.25 0.47471 0.39093 0.52529 0.39093 0.47472 0.39093 0.42996 0.41612 0.47471 0.39093 0.47472 0.39093 0.41995 0.26506 0.4014 0.46067 0.42996 0.41613 0.42996 0.41612 0.42996 0.41613 0.4014 0.46067 0.34949 0.30846 0.32368 0.46067 0.4014 0.46067 0.4014 0.46067 0.4014 0.46067 0.32368 0.46067 0.41995 0.26506 0.34949 0.30846 0.4014 0.46067 0.4014 0.46067 0.42996 0.41612 0.4014 0.46067 0.29718 0.37498 0.30205 0.46817 0.32368 0.46067 0.32368 0.46067 0.32368 0.46067 0.30205 0.46817 0.34949 0.30846 0.29718 0.37498 0.32368 0.46067 0.32368 0.46067 0.4014 0.46067 0.32368 0.46067 0.29718 0.37498 0.28865 0.48785 0.30205 0.46817 0.30203 0.46819 0.30205 0.46817 0.28865 0.48785 0.30203 0.46819 0.32368 0.46067 0.30205 0.46817 0.26935 0.45658 0.28865 0.51215 0.28865 0.48785 0.28864 0.48785 0.28865 0.48785 0.28865 0.51215 0.29718 0.37498 0.26935 0.45658 0.28865 0.48785 0.28864 0.48785 0.30203 0.46819 0.28865 0.48785 0.29718 0.62502 0.30205 0.53183 0.28865 0.51215 0.30203 0.53182 0.28865 0.51215 0.30205 0.53183 0.26935 0.45658 0.29718 0.62502 0.28865 0.51215 0.28864 0.51215 0.28864 0.48785 0.28865 0.51215 0.30203 0.53182 0.28864 0.51215 0.28865 0.51215 0.34949 0.69154 0.32368 0.53933 0.30205 0.53183 0.30203 0.53182 0.30205 0.53183 0.32368 0.53933 0.29718 0.62502 0.34949 0.69154 0.30205 0.53183 0.34949 0.69154 0.4014 0.53933 0.32368 0.53933 0.32368 0.53933 0.32368 0.53933 0.4014 0.53933 0.30203 0.53182 0.32368 0.53933 0.32368 0.53933 0.41995 0.73494 0.42996 0.58387 0.4014 0.53933 0.4014 0.53933 0.4014 0.53933 0.42996 0.58387 0.34949 0.69154 0.41995 0.73494 0.4014 0.53933 0.32368 0.53933 0.4014 0.53933 0.4014 0.53933 0.5 0.75 0.47472 0.60907 0.42996 0.58387 0.42996 0.58388 0.42996 0.58387 0.47472 0.60907 0.41995 0.73494 0.5 0.75 0.42996 0.58387 0.42996 0.58388 0.4014 0.53933 0.42996 0.58387 0.5 0.75 0.52528 0.60907 0.47472 0.60907 0.47471 0.60907 0.47472 0.60907 0.52528 0.60907 0.47471 0.60907 0.42996 0.58388 0.47472 0.60907 0.58005 0.73494 0.57004 0.58387 0.52528 0.60907 0.57003 0.58388 0.52528 0.60907 0.57004 0.58387 0.5 0.75 0.58005 0.73494 0.52528 0.60907 0.52529 0.60907 0.47471 0.60907 0.52528 0.60907 0.57003 0.58388 0.52529 0.60907 0.52528 0.60907 0.58005 0.73494 0.59861 0.53933 0.57004 0.58387 0.57003 0.58388 0.57004 0.58387 0.59861 0.53933 0.65051 0.69154 0.67632 0.53933 0.59861 0.53933 0.59861 0.53933 0.59861 0.53933 0.67632 0.53933 0.58005 0.73494 0.65051 0.69154 0.59861 0.53933 0.59861 0.53933 0.57003 0.58388 0.59861 0.53933 0.70282 0.62502 0.69795 0.53183 0.67632 0.53933 0.67632 0.53933 0.67632 0.53933 0.69795 0.53183 0.65051 0.69154 0.70282 0.62502 0.67632 0.53933 0.67632 0.53933 0.59861 0.53933 0.67632 0.53933 0.70282 0.62502 0.71135 0.51215 0.69795 0.53183 0.69797 0.53182 0.69795 0.53183 0.71135 0.51215 0.69797 0.53182 0.67632 0.53933 0.69795 0.53183 0.73065 0.54342 0.71135 0.48785 0.71135 0.51215 0.71135 0.51215 0.71135 0.51215 0.71135 0.48785 0.70282 0.62502 0.73065 0.54342 0.71135 0.51215 0.71135 0.51215 0.69797 0.53182 0.71135 0.51215 0.70282 0.37498 0.69795 0.46817 0.71135 0.48785 0.69797 0.46819 0.71135 0.48785 0.69795 0.46817 0.73065 0.54342 0.70282 0.37498 0.71135 0.48785 0.71135 0.48785 0.71135 0.51215 0.71135 0.48785 0.69797 0.46819 0.71135 0.48785 0.71135 0.48785 0.65051 0.30846 0.67632 0.46067 0.69795 0.46817 0.69797 0.46819 0.69795 0.46817 0.67632 0.46067 0.70282 0.37498 0.65051 0.30846 0.69795 0.46817 0.69797 0.46819 0.67632 0.46067 0.67632 0.46067 0.5 0.24603 0.5 0.25 0.58005 0.26506 0.42647 0.25846 0.41995 0.26506 0.5 0.25 0.42647 0.25846 0.5 0.25 0.5 0.24603 0.63985 0.29453 0.58005 0.26506 0.65051 0.30846 0.57352 0.25846 0.5 0.24603 0.58005 0.26506 0.63985 0.29453 0.57352 0.25846 0.58005 0.26506 0.69249 0.35072 0.65051 0.30846 0.70282 0.37498 0.69249 0.35072 0.63985 0.29453 0.65051 0.30846 0.73065 0.54342 0.73065 0.45658 0.70282 0.37498 0.72629 0.42152 0.70282 0.37498 0.73065 0.45658 0.72629 0.42152 0.69249 0.35072 0.70282 0.37498 0.73793 0.5 0.73065 0.45658 0.73065 0.54342 0.73793 0.5 0.72629 0.42152 0.73065 0.45658 0.72629 0.57848 0.73065 0.54342 0.70282 0.62502 0.72629 0.57848 0.73793 0.5 0.73065 0.54342 0.69249 0.64928 0.70282 0.62502 0.65051 0.69154 0.69249 0.64928 0.72629 0.57848 0.70282 0.62502 0.63985 0.70547 0.65051 0.69154 0.58005 0.73494 0.63985 0.70547 0.69249 0.64928 0.65051 0.69154 0.57352 0.74154 0.58005 0.73494 0.5 0.75 0.57352 0.74154 0.63985 0.70547 0.58005 0.73494 0.5 0.75397 0.5 0.75 0.41995 0.73494 0.5 0.75397 0.57352 0.74154 0.5 0.75 0.36015 0.70547 0.41995 0.73494 0.34949 0.69154 0.42647 0.74154 0.5 0.75397 0.41995 0.73494 0.36015 0.70547 0.42647 0.74154 0.41995 0.73494 0.30751 0.64928 0.34949 0.69154 0.29718 0.62502 0.30751 0.64928 0.36015 0.70547 0.34949 0.69154 0.26935 0.45658 0.26935 0.54342 0.29718 0.62502 0.27371 0.57848 0.29718 0.62502 0.26935 0.54342 0.27371 0.57848 0.30751 0.64928 0.29718 0.62502 0.26207 0.5 0.26935 0.54342 0.26935 0.45658 0.26207 0.5 0.27371 0.57848 0.26935 0.54342 0.27371 0.42152 0.26935 0.45658 0.29718 0.37498 0.27371 0.42152 0.26207 0.5 0.26935 0.45658 0.30751 0.35072 0.29718 0.37498 0.34949 0.30846 0.30751 0.35072 0.27371 0.42152 0.29718 0.37498 0.36015 0.29453 0.34949 0.30846 0.41995 0.26506 0.36015 0.29453 0.30751 0.35072 0.34949 0.30846 0.42647 0.25846 0.36015 0.29453 0.41995 0.26506 0.5696 0.41758 0.59861 0.46067 0.57003 0.41612 0.59811 0.46144 0.67632 0.46067 0.59861 0.46067 0.59811 0.46144 0.59861 0.46067 0.5696 0.41758 0.52516 0.39234 0.57003 0.41612 0.52529 0.39093 0.5696 0.41758 0.57003 0.41612 0.52516 0.39234 0.52516 0.39234 0.52529 0.39093 0.47471 0.39093 0.47484 0.39234 0.47471 0.39093 0.42996 0.41612 0.52516 0.39234 0.47471 0.39093 0.47484 0.39234 0.4304 0.41758 0.42996 0.41612 0.4014 0.46067 0.47484 0.39234 0.42996 0.41612 0.4304 0.41758 0.32368 0.46208 0.4014 0.46067 0.32368 0.46067 0.40189 0.46144 0.4304 0.41758 0.4014 0.46067 0.32368 0.46208 0.40189 0.46144 0.4014 0.46067 0.4304 0.58242 0.4014 0.53933 0.42996 0.58388 0.40189 0.53856 0.32368 0.53933 0.4014 0.53933 0.4304 0.58242 0.40189 0.53856 0.4014 0.53933 0.47484 0.60766 0.42996 0.58388 0.47471 0.60907 0.47484 0.60766 0.4304 0.58242 0.42996 0.58388 0.47484 0.60766 0.47471 0.60907 0.52529 0.60907 0.52516 0.60766 0.52529 0.60907 0.57003 0.58388 0.52516 0.60766 0.47484 0.60766 0.52529 0.60907 0.5696 0.58242 0.57003 0.58388 0.59861 0.53933 0.5696 0.58242 0.52516 0.60766 0.57003 0.58388 0.67632 0.53792 0.59861 0.53933 0.67632 0.53933 0.67632 0.53792 0.59811 0.53856 0.59861 0.53933 0.5696 0.58242 0.59861 0.53933 0.59811 0.53856 0.61987 0.02246 0.5 0.00562 0.5 0.00562 0.39691 0.01802 0.5 0.00562 0.5 0.00562 0.61047 0.02158 0.61987 0.02246 0.5 0.00562 0.38013 0.02246 0.5 0.00562 0.39691 0.01802 0.5 0.00726 0.5 0.00562 0.38013 0.02246 0.61047 0.02158 0.5 0.00562 0.5 0.00726 0.61987 0.02246 0.60309 0.01802 0.5 0.00562 0.61987 0.02246 0.70098 0.05459 0.60309 0.01802 0.73158 0.07185 0.78882 0.11351 0.70098 0.05459 0.61987 0.02246 0.73158 0.07185 0.70098 0.05459 0.8275 0.15042 0.86216 0.19183 0.78882 0.11351 0.73158 0.07185 0.8275 0.15042 0.78882 0.11351 0.90111 0.25281 0.91732 0.28557 0.86216 0.19183 0.8275 0.15042 0.90111 0.25281 0.86216 0.19183 0.95157 0.3901 0.95157 0.3901 0.91732 0.28557 0.94738 0.37204 0.95157 0.3901 0.91732 0.28557 0.90111 0.25281 0.94738 0.37204 0.91732 0.28557 0.98391 0.3901 0.95157 0.3901 0.95157 0.3901 0.98391 0.3901 0.95157 0.3901 0.98391 0.3901 0.96316 0.5 0.96316 0.5 0.95157 0.3901 0.98391 0.3901 0.95157 0.3901 0.96316 0.5 0.94738 0.37204 0.96316 0.5 0.95157 0.3901 0.94738 0.62796 0.95157 0.6099 0.96316 0.5 0.99474 0.5 0.96316 0.5 0.95157 0.6099 0.96316 0.5 0.94738 0.62796 0.96316 0.5 0.99474 0.5 0.98391 0.3901 0.96316 0.5 0.94738 0.62796 0.95157 0.6099 0.95157 0.6099 0.98391 0.6099 0.95157 0.6099 0.95157 0.6099 0.99474 0.5 0.95157 0.6099 0.98391 0.6099 0.98391 0.6099 0.98391 0.6099 0.95157 0.6099 0.94738 0.62796 0.91732 0.71443 0.95157 0.6099 0.90111 0.74719 0.86216 0.80817 0.91732 0.71443 0.94738 0.62796 0.90111 0.74719 0.91732 0.71443 0.8275 0.84958 0.78882 0.88649 0.86216 0.80817 0.90111 0.74719 0.8275 0.84958 0.86216 0.80817 0.73158 0.92815 0.70098 0.94541 0.78882 0.88649 0.8275 0.84958 0.73158 0.92815 0.78882 0.88649 0.61987 0.97754 0.60309 0.98198 0.70098 0.94541 0.73158 0.92815 0.61987 0.97754 0.70098 0.94541 0.5 0.99438 0.5 0.99438 0.60309 0.98198 0.61987 0.97754 0.5 0.99438 0.60309 0.98198 0.38013 0.97754 0.5 0.99438 0.5 0.99438 0.38013 0.97754 0.39691 0.98198 0.5 0.99438 0.5 0.99274 0.5 0.99438 0.61987 0.97754 0.38953 0.97842 0.38013 0.97754 0.5 0.99438 0.38953 0.97842 0.5 0.99438 0.5 0.99274 0.71452 0.9363 0.61987 0.97754 0.73158 0.92815 0.61047 0.97842 0.5 0.99274 0.61987 0.97754 0.61047 0.97842 0.61987 0.97754 0.71452 0.9363 0.80611 0.86882 0.73158 0.92815 0.8275 0.84958 0.71452 0.9363 0.73158 0.92815 0.80611 0.86882 0.8799 0.77991 0.8275 0.84958 0.90111 0.74719 0.80611 0.86882 0.8275 0.84958 0.8799 0.77991 0.93162 0.67473 0.90111 0.74719 0.94738 0.62796 0.8799 0.77991 0.90111 0.74719 0.93162 0.67473 0.95825 0.55939 0.94738 0.62796 0.96316 0.5 0.93162 0.67473 0.94738 0.62796 0.95825 0.55939 0.95825 0.44061 0.96316 0.5 0.94738 0.37204 0.95825 0.55939 0.96316 0.5 0.95825 0.44061 0.93162 0.32527 0.94738 0.37204 0.90111 0.25281 0.95825 0.44061 0.94738 0.37204 0.93162 0.32527 0.8799 0.22009 0.90111 0.25281 0.8275 0.15042 0.93162 0.32527 0.90111 0.25281 0.8799 0.22009 0.80611 0.13118 0.8275 0.15042 0.73158 0.07185 0.8799 0.22009 0.8275 0.15042 0.80611 0.13118 0.71452 0.0637 0.73158 0.07185 0.61987 0.02246 0.80611 0.13118 0.73158 0.07185 0.71452 0.0637 0.71452 0.0637 0.61987 0.02246 0.61047 0.02158 0.38013 0.97754 0.29902 0.94541 0.39691 0.98198 0.26842 0.92815 0.21118 0.88649 0.29902 0.94541 0.38013 0.97754 0.26842 0.92815 0.29902 0.94541 0.1725 0.84958 0.13784 0.80817 0.21118 0.88649 0.26842 0.92815 0.1725 0.84958 0.21118 0.88649 0.09889 0.74719 0.08268 0.71443 0.13784 0.80817 0.1725 0.84958 0.09889 0.74719 0.13784 0.80817 0.04843 0.6099 0.04843 0.6099 0.08268 0.71443 0.05262 0.62796 0.04843 0.6099 0.08268 0.71443 0.09889 0.74719 0.05262 0.62796 0.08268 0.71443 0.01609 0.6099 0.04843 0.6099 0.04843 0.6099 0.01609 0.6099 0.04843 0.6099 0.01609 0.6099 0.03684 0.5 0.03684 0.5 0.04843 0.6099 0.01609 0.6099 0.04843 0.6099 0.03684 0.5 0.05262 0.62796 0.03684 0.5 0.04843 0.6099 0.05262 0.37204 0.04843 0.3901 0.03684 0.5 0.00526 0.5 0.03684 0.5 0.04843 0.3901 0.03684 0.5 0.05262 0.37204 0.03684 0.5 0.00526 0.5 0.01609 0.6099 0.03684 0.5 0.05262 0.37204 0.04843 0.3901 0.04843 0.3901 0.01609 0.3901 0.04843 0.3901 0.04843 0.3901 0.01609 0.3901 0.00526 0.5 0.04843 0.3901 0.01609 0.3901 0.01609 0.3901 0.04843 0.3901 0.05262 0.37204 0.08268 0.28557 0.04843 0.3901 0.09889 0.25281 0.13784 0.19183 0.08268 0.28557 0.05262 0.37204 0.09889 0.25281 0.08268 0.28557 0.1725 0.15042 0.21118 0.11351 0.13784 0.19183 0.09889 0.25281 0.1725 0.15042 0.13784 0.19183 0.26842 0.07185 0.29902 0.05459 0.21118 0.11351 0.1725 0.15042 0.26842 0.07185 0.21118 0.11351 0.38013 0.02246 0.39691 0.01802 0.29902 0.05459 0.26842 0.07185 0.38013 0.02246 0.29902 0.05459 0.28548 0.0637 0.38013 0.02246 0.26842 0.07185 0.38953 0.02158 0.38013 0.02246 0.28548 0.0637 0.5 0.00726 0.38013 0.02246 0.38953 0.02158 0.19389 0.13118 0.26842 0.07185 0.1725 0.15042 0.28548 0.0637 0.26842 0.07185 0.19389 0.13118 0.1201 0.22009 0.1725 0.15042 0.09889 0.25281 0.19389 0.13118 0.1725 0.15042 0.1201 0.22009 0.06838 0.32527 0.09889 0.25281 0.05262 0.37204 0.1201 0.22009 0.09889 0.25281 0.06838 0.32527 0.04175 0.44061 0.05262 0.37204 0.03684 0.5 0.06838 0.32527 0.05262 0.37204 0.04175 0.44061 0.04175 0.55939 0.03684 0.5 0.05262 0.62796 0.04175 0.44061 0.03684 0.5 0.04175 0.55939 0.06838 0.67473 0.05262 0.62796 0.09889 0.74719 0.04175 0.55939 0.05262 0.62796 0.06838 0.67473 0.1201 0.77991 0.09889 0.74719 0.1725 0.84958 0.06838 0.67473 0.09889 0.74719 0.1201 0.77991 0.19389 0.86882 0.1725 0.84958 0.26842 0.92815 0.1201 0.77991 0.1725 0.84958 0.19389 0.86882 0.28548 0.9363 0.26842 0.92815 0.38013 0.97754 0.19389 0.86882 0.26842 0.92815 0.28548 0.9363 0.28548 0.9363 0.38013 0.97754 0.38953 0.97842 0.32368 0.46208 0.32368 0.46067 0.30203 0.46819 0.6972 0.46932 0.69797 0.46819 0.67632 0.46067 0.59811 0.46144 0.5977 0.46206 0.67632 0.46067 0.67632 0.46208 0.67632 0.46067 0.5977 0.46206 0.67632 0.46208 0.6972 0.46932 0.67632 0.46067 0.67632 0.53792 0.67632 0.53933 0.69797 0.53182 0.6972 0.53068 0.69797 0.53182 0.71135 0.51215 0.6972 0.53068 0.67632 0.53792 0.69797 0.53182 0.71011 0.51172 0.71135 0.51215 0.71135 0.48785 0.71011 0.51172 0.6972 0.53068 0.71135 0.51215 0.71011 0.48828 0.71135 0.48785 0.69797 0.46819 0.71011 0.48828 0.71011 0.51172 0.71135 0.48785 0.6972 0.46932 0.71011 0.48828 0.69797 0.46819 0.3028 0.53068 0.30203 0.53182 0.32368 0.53933 0.4023 0.53794 0.32368 0.53933 0.40189 0.53856 0.32368 0.53792 0.32368 0.53933 0.4023 0.53794 0.3028 0.53068 0.32368 0.53933 0.32368 0.53792 0.3028 0.46932 0.30203 0.46819 0.28864 0.48785 0.3028 0.46932 0.32368 0.46208 0.30203 0.46819 0.28989 0.48828 0.28864 0.48785 0.28864 0.51215 0.28989 0.48828 0.3028 0.46932 0.28864 0.48785 0.28989 0.51172 0.28864 0.51215 0.30203 0.53182 0.28989 0.51172 0.28989 0.48828 0.28864 0.51215 0.3028 0.53068 0.28989 0.51172 0.30203 0.53182 0.01609 0.6099 0.01609 0.6099 0.00526 0.5 0.00526 0.5 0.00526 0.5 0.01609 0.3901 0.00526 0.5 0.01609 0.6099 0.00526 0.5 0.00526 0.5 0.01609 0.3901 0.01609 0.3901 0.01372 0.61298 0.01609 0.6099 0.00526 0.5 0.99474 0.5 0.99474 0.5 0.98391 0.6099 0.98391 0.6099 0.99474 0.5 0.98391 0.6099 0.98391 0.3901 0.98391 0.3901 0.99474 0.5 0.99474 0.5 0.98391 0.3901 0.99474 0.5 0.98628 0.38702 0.98391 0.3901 0.99474 0.5 0.04345 0.38119 0.04246 0.38212 0.04246 0.38212 0.95754 0.38212 0.95655 0.38119 0.95754 0.38212 0.98725 0.38798 0.98366 0.38534 0.98628 0.38702 0.98729 0.61198 0.98886 0.60967 0.98628 0.61298 0.40455 0.46547 0.404 0.46463 0.40324 0.46548 0.98372 0.61463 0.98729 0.61198 0.98628 0.61298 0.95655 0.61881 0.95754 0.61788 0.95754 0.61788 0.04246 0.61788 0.04345 0.61881 0.04246 0.61788 0.01275 0.61202 0.01644 0.6147 0.01372 0.61298 0.01275 0.38797 0.01116 0.39029 0.01372 0.38702 0.2924 0.51085 0.3028 0.53068 0.30435 0.52841 0.01656 0.38525 0.01275 0.38797 0.01372 0.38702 0.04284 0.38292 0.04246 0.38212 0.04345 0.38119 0.03952 0.39181 0.03017 0.5 0.02632 0.5 0.03952 0.60819 0.02632 0.5 0.03017 0.5 0.04133 0.38708 0.03952 0.39181 0.03363 0.38794 0.0357 0.61509 0.04345 0.61881 0.04246 0.61788 0.04284 0.61708 0.04345 0.61881 0.0357 0.61509 0.95716 0.61708 0.95754 0.61788 0.95655 0.61881 0.96048 0.60819 0.96983 0.5 0.97368 0.5 0.96048 0.39181 0.97368 0.5 0.96983 0.5 0.95867 0.61292 0.96048 0.60819 0.96637 0.61206 0.9643 0.38491 0.95655 0.38119 0.95754 0.38212 0.95716 0.38292 0.95655 0.38119 0.9643 0.38491 0.01085 0.39192 0.01116 0.39029 0.01275 0.38797 0.2924 0.48915 0.28989 0.51172 0.2924 0.51085 0.01085 0.39192 0.01275 0.38797 0.01223 0.39085 0.01527 0.38648 0.01223 0.39085 0.01275 0.38797 0.01527 0.38648 0.01275 0.38797 0.01656 0.38525 0.02148 0.61387 0.01932 0.61014 0.02039 0.61002 0.01555 0.61014 0.00526 0.5 0.01932 0.61014 0.01527 0.61352 0.01555 0.61014 0.01932 0.61014 0.01964 0.61395 0.01527 0.61352 0.01932 0.61014 0.02148 0.61387 0.01964 0.61395 0.01932 0.61014 0.01218 0.60913 0.00141 0.5 0.00526 0.5 0.01567 0.38985 0.00526 0.5 0.00141 0.5 0.01555 0.61014 0.01218 0.60913 0.00526 0.5 0.01932 0.38986 0.02039 0.38998 0.00526 0.5 0.01567 0.38985 0.01932 0.38986 0.00526 0.5 0.01218 0.60913 0.01083 0.60807 0.00141 0.5 0.01223 0.39085 0.01567 0.38985 0.00141 0.5 0.01085 0.39192 0.01223 0.39085 0.00141 0.5 0.01114 0.60968 0.01083 0.60807 0.01218 0.60913 0.01275 0.61202 0.01218 0.60913 0.01555 0.61014 0.01114 0.60968 0.01218 0.60913 0.01275 0.61202 0.01527 0.61352 0.01275 0.61202 0.01555 0.61014 0.02148 0.38613 0.02039 0.38998 0.01932 0.38986 0.01964 0.38605 0.01932 0.38986 0.01567 0.38985 0.02148 0.38613 0.01932 0.38986 0.01964 0.38605 0.01527 0.38648 0.01567 0.38985 0.01223 0.39085 0.01527 0.38648 0.01964 0.38605 0.01567 0.38985 0.01527 0.61352 0.01644 0.6147 0.01275 0.61202 0.01964 0.61395 0.01644 0.6147 0.01527 0.61352 0.98473 0.38648 0.98366 0.38534 0.98725 0.38798 0.98035 0.38605 0.98366 0.38534 0.98473 0.38648 0.98782 0.39087 0.98725 0.38798 0.98885 0.3903 0.98454 0.38987 0.98725 0.38798 0.98782 0.39087 0.98473 0.38648 0.98725 0.38798 0.98454 0.38987 0.98782 0.39087 0.98885 0.3903 0.98916 0.39192 0.99474 0.5 0.98459 0.61012 0.98068 0.61014 0.98035 0.61395 0.98068 0.61014 0.98459 0.61012 0.97961 0.61002 0.99474 0.5 0.98068 0.61014 0.97852 0.61387 0.97961 0.61002 0.98068 0.61014 0.97852 0.61387 0.98068 0.61014 0.98035 0.61395 0.99859 0.5 0.98785 0.60911 0.98459 0.61012 0.98473 0.61352 0.98459 0.61012 0.98785 0.60911 0.99474 0.5 0.99859 0.5 0.98459 0.61012 0.98473 0.61352 0.98035 0.61395 0.98459 0.61012 0.99859 0.5 0.98917 0.60806 0.98785 0.60911 0.98729 0.61198 0.98785 0.60911 0.98917 0.60806 0.40455 0.46547 0.40324 0.46548 0.40324 0.46608 0.98473 0.61352 0.98785 0.60911 0.98729 0.61198 0.98729 0.61198 0.98917 0.60806 0.98886 0.60967 0.98782 0.39087 0.99859 0.5 0.99474 0.5 0.98782 0.39087 0.98916 0.39192 0.99859 0.5 0.98454 0.38987 0.98782 0.39087 0.99474 0.5 0.98068 0.38986 0.98454 0.38987 0.99474 0.5 0.98473 0.38648 0.98454 0.38987 0.98068 0.38986 0.97852 0.38613 0.98068 0.38986 0.97961 0.38998 0.98035 0.38605 0.98473 0.38648 0.98068 0.38986 0.97852 0.38613 0.98035 0.38605 0.98068 0.38986 0.98473 0.61352 0.98729 0.61198 0.98372 0.61463 0.39993 0.45953 0.40078 0.45866 0.40337 0.46171 0.40073 0.46118 0.40337 0.46171 0.40355 0.46193 0.39993 0.45953 0.40337 0.46171 0.40073 0.46118 0.59707 0.46121 0.59657 0.46178 0.56865 0.41792 0.59921 0.45867 0.59707 0.46121 0.56865 0.41792 0.59645 0.46442 0.59657 0.46178 0.59707 0.46121 0.59645 0.46442 0.59482 0.4638 0.59657 0.46178 0.59927 0.46117 0.59707 0.46121 0.59921 0.45867 0.59645 0.46442 0.59707 0.46121 0.59927 0.46117 0.59927 0.46117 0.59921 0.45867 0.60015 0.45935 0.59645 0.46442 0.59524 0.46578 0.59482 0.4638 0.40356 0.46442 0.40355 0.46193 0.40518 0.46381 0.40356 0.46442 0.40073 0.46118 0.40355 0.46193 0.32368 0.463 0.40175 0.46327 0.40287 0.46555 0.40356 0.46442 0.40287 0.46555 0.40175 0.46327 0.40356 0.46442 0.40476 0.46578 0.40287 0.46555 0.32368 0.463 0.40073 0.46118 0.40175 0.46327 0.40356 0.46442 0.40175 0.46327 0.40073 0.46118 0.40073 0.53883 0.39985 0.54065 0.32368 0.537 0.40132 0.5376 0.40073 0.53883 0.32368 0.537 0.40286 0.53446 0.40132 0.5376 0.32368 0.537 0.40079 0.54133 0.39985 0.54065 0.40073 0.53883 0.40355 0.53558 0.40073 0.53883 0.40132 0.5376 0.40079 0.54133 0.40073 0.53883 0.40293 0.53879 0.40355 0.53558 0.40293 0.53879 0.40073 0.53883 0.40355 0.53558 0.40132 0.5376 0.40286 0.53446 0.40355 0.53558 0.40518 0.5362 0.40343 0.53822 0.40355 0.53558 0.40476 0.53422 0.40518 0.5362 0.40293 0.53879 0.40343 0.53822 0.43135 0.58208 0.40355 0.53558 0.40343 0.53822 0.40293 0.53879 0.40079 0.54133 0.40293 0.53879 0.43135 0.58208 0.59927 0.53882 0.59663 0.53829 0.59645 0.53807 0.60006 0.54047 0.59922 0.54134 0.59663 0.53829 0.60006 0.54047 0.59663 0.53829 0.59927 0.53882 0.59644 0.53558 0.59645 0.53807 0.59482 0.53619 0.59644 0.53558 0.59927 0.53882 0.59645 0.53807 0.67632 0.463 0.59927 0.46117 0.60015 0.45935 0.67632 0.463 0.59868 0.4624 0.59927 0.46117 0.59645 0.46442 0.59927 0.46117 0.59868 0.4624 0.67632 0.463 0.59714 0.46554 0.59868 0.4624 0.59645 0.46442 0.59868 0.4624 0.59714 0.46554 0.59825 0.53673 0.59713 0.53445 0.67632 0.537 0.59927 0.53882 0.59825 0.53673 0.67632 0.537 0.59644 0.53558 0.59713 0.53445 0.59825 0.53673 0.59644 0.53558 0.59524 0.53422 0.59713 0.53445 0.59644 0.53558 0.59825 0.53673 0.59927 0.53882 0.03486 0.61388 0.0357 0.61509 0.02148 0.61387 0.03363 0.61206 0.03486 0.61388 0.02148 0.61387 0.04284 0.61708 0.0357 0.61509 0.03486 0.61388 0.04133 0.61292 0.03486 0.61388 0.03363 0.61206 0.04133 0.61292 0.04284 0.61708 0.03486 0.61388 0.03485 0.38612 0.03363 0.38794 0.02148 0.38613 0.04133 0.38708 0.03363 0.38794 0.03485 0.38612 0.04284 0.38292 0.03485 0.38612 0.0357 0.38491 0.04284 0.38292 0.04133 0.38708 0.03485 0.38612 0.96515 0.61388 0.96637 0.61206 0.97852 0.61387 0.95867 0.61292 0.96637 0.61206 0.96515 0.61388 0.95716 0.61708 0.96515 0.61388 0.9643 0.61509 0.95716 0.61708 0.95867 0.61292 0.96515 0.61388 0.96514 0.38612 0.9643 0.38491 0.97852 0.38613 0.96637 0.38794 0.96514 0.38612 0.97852 0.38613 0.95716 0.38292 0.9643 0.38491 0.96514 0.38612 0.95867 0.38708 0.96514 0.38612 0.96637 0.38794 0.95867 0.38708 0.95716 0.38292 0.96514 0.38612 0.40455 0.46547 0.40553 0.46435 0.405 0.46415 0.40455 0.46547 0.40476 0.46578 0.40553 0.46435 0.404 0.46463 0.405 0.46415 0.40448 0.46395 0.40455 0.46547 0.405 0.46415 0.404 0.46463 0.40324 0.46348 0.40448 0.46395 0.42588 0.42627 0.404 0.46463 0.40448 0.46395 0.40324 0.46348 0.4304 0.41758 0.42588 0.42627 0.45959 0.40083 0.4023 0.46206 0.40324 0.46348 0.42588 0.42627 0.4304 0.41758 0.4023 0.46206 0.42588 0.42627 0.47484 0.39234 0.45959 0.40083 0.5 0.39185 0.47484 0.39234 0.4304 0.41758 0.45959 0.40083 0.52516 0.39234 0.5 0.39185 0.54041 0.40083 0.52516 0.39234 0.47484 0.39234 0.5 0.39185 0.5696 0.41758 0.54041 0.40083 0.57412 0.42627 0.5696 0.41758 0.52516 0.39234 0.54041 0.40083 0.59524 0.46406 0.59553 0.46395 0.57412 0.42627 0.5977 0.46206 0.57412 0.42627 0.59553 0.46395 0.59502 0.46414 0.59524 0.46406 0.57412 0.42627 0.5977 0.46206 0.5696 0.41758 0.57412 0.42627 0.59676 0.46348 0.59553 0.46395 0.59524 0.46406 0.59676 0.46348 0.5977 0.46206 0.59553 0.46395 0.59515 0.46527 0.59524 0.46406 0.59502 0.46414 0.59676 0.46547 0.59676 0.46348 0.59524 0.46406 0.59515 0.46527 0.59676 0.46547 0.59524 0.46406 0.32368 0.46489 0.40324 0.46348 0.4023 0.46206 0.40324 0.46548 0.40324 0.46348 0.32368 0.46489 0.404 0.46463 0.40324 0.46348 0.40324 0.46548 0.40189 0.46144 0.4023 0.46206 0.4304 0.41758 0.32368 0.46208 0.4023 0.46206 0.40189 0.46144 0.32368 0.46489 0.4023 0.46206 0.32368 0.46208 0.59811 0.46144 0.5696 0.41758 0.5977 0.46206 0.67632 0.46208 0.5977 0.46206 0.59676 0.46348 0.67632 0.46489 0.67632 0.46208 0.59676 0.46348 0.59676 0.46547 0.67632 0.46489 0.59676 0.46348 0.59545 0.53453 0.59524 0.53422 0.59447 0.53565 0.59515 0.46527 0.59525 0.46579 0.59546 0.46592 0.59515 0.46527 0.59546 0.46592 0.59676 0.46547 0.67632 0.53792 0.5977 0.53794 0.59811 0.53856 0.5696 0.58242 0.59811 0.53856 0.5977 0.53794 0.67632 0.53511 0.59676 0.53652 0.5977 0.53794 0.57412 0.57373 0.5977 0.53794 0.59676 0.53652 0.67632 0.53792 0.67632 0.53511 0.5977 0.53794 0.57412 0.57373 0.5696 0.58242 0.5977 0.53794 0.67632 0.53511 0.59676 0.53452 0.59676 0.53652 0.596 0.53537 0.59676 0.53652 0.59676 0.53452 0.59552 0.53605 0.57412 0.57373 0.59676 0.53652 0.596 0.53537 0.59552 0.53605 0.59676 0.53652 0.59545 0.53453 0.59676 0.53452 0.59676 0.53392 0.59545 0.53453 0.596 0.53537 0.59676 0.53452 0.6972 0.53068 0.67632 0.53511 0.67632 0.53792 0.69565 0.52841 0.67632 0.53511 0.6972 0.53068 0.69565 0.52841 0.6972 0.53068 0.71011 0.51172 0.7076 0.51085 0.71011 0.51172 0.71011 0.48828 0.7076 0.51085 0.69565 0.52841 0.71011 0.51172 0.7076 0.48915 0.71011 0.48828 0.6972 0.46932 0.7076 0.48915 0.7076 0.51085 0.71011 0.48828 0.69565 0.47159 0.6972 0.46932 0.67632 0.46208 0.69565 0.47159 0.7076 0.48915 0.6972 0.46932 0.67632 0.46489 0.69565 0.47159 0.67632 0.46208 0.4304 0.58242 0.4023 0.53794 0.40189 0.53856 0.42588 0.57373 0.4023 0.53794 0.4304 0.58242 0.40447 0.53605 0.40324 0.53652 0.4023 0.53794 0.32368 0.53792 0.4023 0.53794 0.40324 0.53652 0.42588 0.57373 0.40447 0.53605 0.4023 0.53794 0.45959 0.59917 0.4304 0.58242 0.47484 0.60766 0.45959 0.59917 0.42588 0.57373 0.4304 0.58242 0.5 0.60815 0.47484 0.60766 0.52516 0.60766 0.5 0.60815 0.45959 0.59917 0.47484 0.60766 0.54041 0.59917 0.52516 0.60766 0.5696 0.58242 0.54041 0.59917 0.5 0.60815 0.52516 0.60766 0.57412 0.57373 0.54041 0.59917 0.5696 0.58242 0.40476 0.53594 0.40324 0.53652 0.40447 0.53605 0.40324 0.53453 0.40324 0.53652 0.40476 0.53594 0.32368 0.53511 0.32368 0.53792 0.40324 0.53652 0.40324 0.53453 0.32368 0.53511 0.40324 0.53652 0.40476 0.53594 0.40447 0.53605 0.42588 0.57373 0.40498 0.53586 0.40476 0.53594 0.42588 0.57373 0.596 0.53537 0.595 0.53585 0.59552 0.53605 0.40485 0.53473 0.40476 0.53594 0.40498 0.53586 0.40485 0.53473 0.40324 0.53453 0.40476 0.53594 0.59545 0.53453 0.59447 0.53565 0.595 0.53585 0.59545 0.53453 0.595 0.53585 0.596 0.53537 0.40485 0.53473 0.40475 0.53421 0.40454 0.53408 0.40485 0.53473 0.40454 0.53408 0.40324 0.53453 0.30435 0.52841 0.32368 0.53792 0.32368 0.53511 0.30435 0.52841 0.3028 0.53068 0.32368 0.53792 0.32368 0.46489 0.32368 0.46208 0.3028 0.46932 0.30435 0.47159 0.3028 0.46932 0.28989 0.48828 0.32368 0.46489 0.3028 0.46932 0.30435 0.47159 0.2924 0.48915 0.28989 0.48828 0.28989 0.51172 0.30435 0.47159 0.28989 0.48828 0.2924 0.48915 0.2924 0.51085 0.28989 0.51172 0.3028 0.53068</float_array>
          <technique_common>
            <accessor source="#_296-mesh-map-0-array" count="17292" stride="2">
              <param name="S" type="float"/>
              <param name="T" type="float"/>
            </accessor>
          </technique_common>
        </source>
        <vertices id="_296-mesh-vertices">
          <input semantic="POSITION" source="#_296-mesh-positions"/>
        </vertices>
        <polylist material="MTL14-material" count="5764">
          <input semantic="VERTEX" source="#_296-mesh-vertices" offset="0"/>
          <input semantic="NORMAL" source="#_296-mesh-normals" offset="1"/>
          <input semantic="TEXCOORD" source="#_296-mesh-map-0" offset="2" set="0"/>
          <vcount>3 3 3 3 3 3 3 3 3 3 3 3 3 3 3 3 3 3 3 3 3 3 3 3 3 3 3 3 3 3 3 3 3 3 3 3 3 3 3 3 3 3 3 3 3 3 3 3 3 3 3 3 3 3 3 3 3 3 3 3 3 3 3 3 3 3 3 3 3 3 3 3 3 3 3 3 3 3 3 3 3 3 3 3 3 3 3 3 3 3 3 3 3 3 3 3 3 3 3 3 3 3 3 3 3 3 3 3 3 3 3 3 3 3 3 3 3 3 3 3 3 3 3 3 3 3 3 3 3 3 3 3 3 3 3 3 3 3 3 3 3 3 3 3 3 3 3 3 3 3 3 3 3 3 3 3 3 3 3 3 3 3 3 3 3 3 3 3 3 3 3 3 3 3 3 3 3 3 3 3 3 3 3 3 3 3 3 3 3 3 3 3 3 3 3 3 3 3 3 3 3 3 3 3 3 3 3 3 3 3 3 3 3 3 3 3 3 3 3 3 3 3 3 3 3 3 3 3 3 3 3 3 3 3 3 3 3 3 3 3 3 3 3 3 3 3 3 3 3 3 3 3 3 3 3 3 3 3 3 3 3 3 3 3 3 3 3 3 3 3 3 3 3 3 3 3 3 3 3 3 3 3 3 3 3 3 3 3 3 3 3 3 3 3 3 3 3 3 3 3 3 3 3 3 3 3 3 3 3 3 3 3 3 3 3 3 3 3 3 3 3 3 3 3 3 3 3 3 3 3 3 3 3 3 3 3 3 3 3 3 3 3 3 3 3 3 3 3 3 3 3 3 3 3 3 3 3 3 3 3 3 3 3 3 3 3 3 3 3 3 3 3 3 3 3 3 3 3 3 3 3 3 3 3 3 3 3 3 3 3 3 3 3 3 3 3 3 3 3 3 3 3 3 3 3 3 3 3 3 3 3 3 3 3 3 3 3 3 3 3 3 3 3 3 3 3 3 3 3 3 3 3 3 3 3 3 3 3 3 3 3 3 3 3 3 3 3 3 3 3 3 3 3 3 3 3 3 3 3 3 3 3 3 3 3 3 3 3 3 3 3 3 3 3 3 3 3 3 3 3 3 3 3 3 3 3 3 3 3 3 3 3 3 3 3 3 3 3 3 3 3 3 3 3 3 3 3 3 3 3 3 3 3 3 3 3 3 3 3 3 3 3 3 3 3 3 3 3 3 3 3 3 3 3 3 3 3 3 3 3 3 3 3 3 3 3 3 3 3 3 3 3 3 3 3 3 3 3 3 3 3 3 3 3 3 3 3 3 3 3 3 3 3 3 3 3 3 3 3 3 3 3 3 3 3 3 3 3 3 3 3 3 3 3 3 3 3 3 3 3 3 3 3 3 3 3 3 3 3 3 3 3 3 3 3 3 3 3 3 3 3 3 3 3 3 3 3 3 3 3 3 3 3 3 3 3 3 3 3 3 3 3 3 3 3 3 3 3 3 3 3 3 3 3 3 3 3 3 3 3 3 3 3 3 3 3 3 3 3 3 3 3 3 3 3 3 3 3 3 3 3 3 3 3 3 3 3 3 3 3 3 3 3 3 3 3 3 3 3 3 3 3 3 3 3 3 3 3 3 3 3 3 3 3 3 3 3 3 3 3 3 3 3 3 3 3 3 3 3 3 3 3 3 3 3 3 3 3 3 3 3 3 3 3 3 3 3 3 3 3 3 3 3 3 3 3 3 3 3 3 3 3 3 3 3 3 3 3 3 3 3 3 3 3 3 3 3 3 3 3 3 3 3 3 3 3 3 3 3 3 3 3 3 3 3 3 3 3 3 3 3 3 3 3 3 3 3 3 3 3 3 3 3 3 3 3 3 3 3 3 3 3 3 3 3 3 3 3 3 3 3 3 3 3 3 3 3 3 3 3 3 3 3 3 3 3 3 3 3 3 3 3 3 3 3 3 3 3 3 3 3 3 3 3 3 3 3 3 3 3 3 3 3 3 3 3 3 3 3 3 3 3 3 3 3 3 3 3 3 3 3 3 3 3 3 3 3 3 3 3 3 3 3 3 3 3 3 3 3 3 3 3 3 3 3 3 3 3 3 3 3 3 3 3 3 3 3 3 3 3 3 3 3 3 3 3 3 3 3 3 3 3 3 3 3 3 3 3 3 3 3 3 3 3 3 3 3 3 3 3 3 3 3 3 3 3 3 3 3 3 3 3 3 3 3 3 3 3 3 3 3 3 3 3 3 3 3 3 3 3 3 3 3 3 3 3 3 3 3 3 3 3 3 3 3 3 3 3 3 3 3 3 3 3 3 3 3 3 3 3 3 3 3 3 3 3 3 3 3 3 3 3 3 3 3 3 3 3 3 3 3 3 3 3 3 3 3 3 3 3 3 3 3 3 3 3 3 3 3 3 3 3 3 3 3 3 3 3 3 3 3 3 3 3 3 3 3 3 3 3 3 3 3 3 3 3 3 3 3 3 3 3 3 3 3 3 3 3 3 3 3 3 3 3 3 3 3 3 3 3 3 3 3 3 3 3 3 3 3 3 3 3 3 3 3 3 3 3 3 3 3 3 3 3 3 3 3 3 3 3 3 3 3 3 3 3 3 3 3 3 3 3 3 3 3 3 3 3 3 3 3 3 3 3 3 3 3 3 3 3 3 3 3 3 3 3 3 3 3 3 3 3 3 3 3 3 3 3 3 3 3 3 3 3 3 3 3 3 3 3 3 3 3 3 3 3 3 3 3 3 3 3 3 3 3 3 3 3 3 3 3 3 3 3 3 3 3 3 3 3 3 3 3 3 3 3 3 3 3 3 3 3 3 3 3 3 3 3 3 3 3 3 3 3 3 3 3 3 3 3 3 3 3 3 3 3 3 3 3 3 3 3 3 3 3 3 3 3 3 3 3 3 3 3 3 3 3 3 3 3 3 3 3 3 3 3 3 3 3 3 3 3 3 3 3 3 3 3 3 3 3 3 3 3 3 3 3 3 3 3 3 3 3 3 3 3 3 3 3 3 3 3 3 3 3 3 3 3 3 3 3 3 3 3 3 3 3 3 3 3 3 3 3 3 3 3 3 3 3 3 3 3 3 3 3 3 3 3 3 3 3 3 3 3 3 3 3 3 3 3 3 3 3 3 3 3 3 3 3 3 3 3 3 3 3 3 3 3 3 3 3 3 3 3 3 3 3 3 3 3 3 3 3 3 3 3 3 3 3 3 3 3 3 3 3 3 3 3 3 3 3 3 3 3 3 3 3 3 3 3 3 3 3 3 3 3 3 3 3 3 3 3 3 3 3 3 3 3 3 3 3 3 3 3 3 3 3 3 3 3 3 3 3 3 3 3 3 3 3 3 3 3 3 3 3 3 3 3 3 3 3 3 3 3 3 3 3 3 3 3 3 3 3 3 3 3 3 3 3 3 3 3 3 3 3 3 3 3 3 3 3 3 3 3 3 3 3 3 3 3 3 3 3 3 3 3 3 3 3 3 3 3 3 3 3 3 3 3 3 3 3 3 3 3 3 3 3 3 3 3 3 3 3 3 3 3 3 3 3 3 3 3 3 3 3 3 3 3 3 3 3 3 3 3 3 3 3 3 3 3 3 3 3 3 3 3 3 3 3 3 3 3 3 3 3 3 3 3 3 3 3 3 3 3 3 3 3 3 3 3 3 3 3 3 3 3 3 3 3 3 3 3 3 3 3 3 3 3 3 3 3 3 3 3 3 3 3 3 3 3 3 3 3 3 3 3 3 3 3 3 3 3 3 3 3 3 3 3 3 3 3 3 3 3 3 3 3 3 3 3 3 3 3 3 3 3 3 3 3 3 3 3 3 3 3 3 3 3 3 3 3 3 3 3 3 3 3 3 3 3 3 3 3 3 3 3 3 3 3 3 3 3 3 3 3 3 3 3 3 3 3 3 3 3 3 3 3 3 3 3 3 3 3 3 3 3 3 3 3 3 3 3 3 3 3 3 3 3 3 3 3 3 3 3 3 3 3 3 3 3 3 3 3 3 3 3 3 3 3 3 3 3 3 3 3 3 3 3 3 3 3 3 3 3 3 3 3 3 3 3 3 3 3 3 3 3 3 3 3 3 3 3 3 3 3 3 3 3 3 3 3 3 3 3 3 3 3 3 3 3 3 3 3 3 3 3 3 3 3 3 3 3 3 3 3 3 3 3 3 3 3 3 3 3 3 3 3 3 3 3 3 3 3 3 3 3 3 3 3 3 3 3 3 3 3 3 3 3 3 3 3 3 3 3 3 3 3 3 3 3 3 3 3 3 3 3 3 3 3 3 3 3 3 3 3 3 3 3 3 3 3 3 3 3 3 3 3 3 3 3 3 3 3 3 3 3 3 3 3 3 3 3 3 3 3 3 3 3 3 3 3 3 3 3 3 3 3 3 3 3 3 3 3 3 3 3 3 3 3 3 3 3 3 3 3 3 3 3 3 3 3 3 3 3 3 3 3 3 3 3 3 3 3 3 3 3 3 3 3 3 3 3 3 3 3 3 3 3 3 3 3 3 3 3 3 3 3 3 3 3 3 3 3 3 3 3 3 3 3 3 3 3 3 3 3 3 3 3 3 3 3 3 3 3 3 3 3 3 3 3 3 3 3 3 3 3 3 3 3 3 3 3 3 3 3 3 3 3 3 3 3 3 3 3 3 3 3 3 3 3 3 3 3 3 3 3 3 3 3 3 3 3 3 3 3 3 3 3 3 3 3 3 3 3 3 3 3 3 3 3 3 3 3 3 3 3 3 3 3 3 3 3 3 3 3 3 3 3 3 3 3 3 3 3 3 3 3 3 3 3 3 3 3 3 3 3 3 3 3 3 3 3 3 3 3 3 3 3 3 3 3 3 3 3 3 3 3 3 3 3 3 3 3 3 3 3 3 3 3 3 3 3 3 3 3 3 3 3 3 3 3 3 3 3 3 3 3 3 3 3 3 3 3 3 3 3 3 3 3 3 3 3 3 3 3 3 3 3 3 3 3 3 3 3 3 3 3 3 3 3 3 3 3 3 3 3 3 3 3 3 3 3 3 3 3 3 3 3 3 3 3 3 3 3 3 3 3 3 3 3 3 3 3 3 3 3 3 3 3 3 3 3 3 3 3 3 3 3 3 3 3 3 3 3 3 3 3 3 3 3 3 3 3 3 3 3 3 3 3 3 3 3 3 3 3 3 3 3 3 3 3 3 3 3 3 3 3 3 3 3 3 3 3 3 3 3 3 3 3 3 3 3 3 3 3 3 3 3 3 3 3 3 3 3 3 3 3 3 3 3 3 3 3 3 3 3 3 3 3 3 3 3 3 3 3 3 3 3 3 3 3 3 3 3 3 3 3 3 3 3 3 3 3 3 3 3 3 3 3 3 3 3 3 3 3 3 3 3 3 3 3 3 3 3 3 3 3 3 3 3 3 3 3 3 3 3 3 3 3 3 3 3 3 3 3 3 3 3 3 3 3 3 3 3 3 3 3 3 3 3 3 3 3 3 3 3 3 3 3 3 3 3 3 3 3 3 3 3 3 3 3 3 3 3 3 3 3 3 3 3 3 3 3 3 3 3 3 3 3 3 3 3 3 3 3 3 3 3 3 3 3 3 3 3 3 3 3 3 3 3 3 3 3 3 3 3 3 3 3 3 3 3 3 3 3 3 3 3 3 3 3 3 3 3 3 3 3 3 3 3 3 3 3 3 3 3 3 3 3 3 3 3 3 3 3 3 3 3 3 3 3 3 3 3 3 3 3 3 3 3 3 3 3 3 3 3 3 3 3 3 3 3 3 3 3 3 3 3 3 3 3 3 3 3 3 3 3 3 3 3 3 3 3 3 3 3 3 3 3 3 3 3 3 3 3 3 3 3 3 3 3 3 3 3 3 3 3 3 3 3 3 3 3 3 3 3 3 3 3 3 3 3 3 3 3 3 3 3 3 3 3 3 3 3 3 3 3 3 3 3 3 3 3 3 3 3 3 3 3 3 3 3 3 3 3 3 3 3 3 3 3 3 3 3 3 3 3 3 3 3 3 3 3 3 3 3 3 3 3 3 3 3 3 3 3 3 3 3 3 3 3 3 3 3 3 3 3 3 3 3 3 3 3 3 3 3 3 3 3 3 3 3 3 3 3 3 3 3 3 3 3 3 3 3 3 3 3 3 3 3 3 3 3 3 3 3 3 3 3 3 3 3 3 3 3 3 3 3 3 3 3 3 3 3 3 3 3 3 3 3 3 3 3 3 3 3 3 3 3 3 3 3 3 3 3 3 3 3 3 3 3 3 3 3 3 3 3 3 3 3 3 3 3 3 3 3 3 3 3 3 3 3 3 3 3 3 3 3 3 3 3 3 3 3 3 3 3 3 3 3 3 3 3 3 3 3 3 3 3 3 3 3 3 3 3 3 3 3 3 3 3 3 3 3 3 3 3 3 3 3 3 3 3 3 3 3 3 3 3 3 3 3 3 3 3 3 3 3 3 3 3 3 3 3 3 3 3 3 3 3 3 3 3 3 3 3 3 3 3 3 3 3 3 3 3 3 3 3 3 3 3 3 3 3 3 3 3 3 3 3 3 3 3 3 3 3 3 3 3 3 3 3 3 3 3 3 3 3 3 3 3 3 3 3 3 3 3 3 3 3 3 3 3 3 3 3 3 3 3 3 3 3 3 3 3 3 3 3 3 3 3 3 3 3 3 3 3 3 3 3 3 3 3 3 3 3 3 3 3 3 3 3 3 3 3 3 3 3 3 3 3 3 3 3 3 3 3 3 3 3 3 3 3 3 3 3 3 3 3 3 3 3 3 3 3 3 3 3 3 3 3 3 3 3 3 3 3 3 3 3 3 3 3 3 3 3 3 3 3 3 3 3 3 3 3 3 3 3 3 3 3 3 3 3 3 3 3 3 3 3 3 3 3 3 3 3 3 3 3 3 3 3 3 3 3 3 3 3 3 3 3 3 3 3 3 3 3 3 3 3 3 3 3 3 3 3 3 3 3 3 3 3 3 3 3 3 3 3 3 3 3 3 3 3 3 3 3 3 3 3 3 3 3 3 3 3 3 3 3 3 3 3 3 3 3 3 3 3 3 3 3 3 3 3 3 3 3 3 3 3 3 3 3 3 3 3 3 3 3 3 3 3 3 3 3 3 3 3 3 3 3 3 3 3 3 3 3 3 3 3 3 3 3 3 3 3 3 3 3 3 3 3 3 3 3 3 3 3 3 3 3 3 3 3 3 3 3 3 3 3 3 3 3 3 3 3 3 3 3 3 3 3 3 3 3 3 3 3 3 3 3 3 3 3 3 3 3 3 3 3 3 3 3 3 3 3 3 3 3 3 3 3 3 3 3 3 3 3 3 3 3 3 3 3 3 3 3 3 3 3 3 3 3 3 3 3 3 3 3 3 3 3 3 3 3 3 3 3 3 3 3 3 3 3 3 3 3 3 3 3 3 3 3 3 3 3 3 3 3 3 3 3 3 3 3 3 3 3 3 3 3 3 3 3 3 3 3 3 3 3 3 3 3 3 3 3 3 3 3 3 3 3 3 3 3 3 3 3 3 3 3 3 3 3 3 3 3 3 3 3 3 3 3 3 3 3 3 3 3 3 3 3 3 3 3 3 3 3 3 3 3 3 3 3 3 3 3 3 3 3 3 3 3 3 3 3 3 3 3 3 3 3 3 3 3 3 3 3 3 3 3 3 3 3 3 3 3 3 3 3 3 3 3 3 3 3 3 3 3 3 3 3 3 3 3 3 3 3 3 3 3 3 3 3 3 3 3 3 3 3 3 3 3 3 3 3 3 3 3 3 3 3 3 3 3 3 3 3 3 3 3 3 3 3 3 3 3 3 3 3 3 3 3 3 3 3 3 3 3 3 3 3 3 3 3 3 3 3 3 3 3 3 3 3 3 3 3 3 3 3 3 3 3 3 3 3 3 3 3 3 3 3 3 3 3 3 3 3 3 3 3 3 3 3 3 3 3 3 3 3 3 3 3 3 3 3 3 3 3 3 3 3 3 3 3 3 3 3 3 3 3 3 3 3 3 3 3 3 3 3 3 3 3 3 3 3 3 3 3 3 3 3 3 3 3 3 3 3 3 3 3 3 3 3 3 3 3 3 3 3 3 3 3 3 3 3 3 3 3 3 3 3 3 3 3 3 3 3 3 3 3 3 3 3 3 3 3 3 3 3 3 3 3 3 3 3 3 3 3 3 3 3 3 3 3 3 3 3 3 3 3 3 3 3 3 3 3 3 3 3 3 3 3 3 3 3 3 3 3 3 3 3 3 3 3 3 3 3 3 3 3 3 3 3 3 3 3 3 3 3 3 3 3 3 3 3 3 3 3 3 3 3 3 3 3 3 3 3 3 3 3 3 3 3 3 3 3 3 3 3 3 3 3 3 3 3 3 3 3 3 3 3 3 3 3 3 3 3 3 3 3 3 3 3 3 3 3 3 3 3 3 3 3 3 3 3 3 3 3 3 3 3 3 3 3 3 3 3 3 3 3 3 3 3 3 3 3 3 3 3 3 3 3 3 3 3 3 3 3 3 3 3 3 3 3 3 3 3 3 3 3 3 3 3 3 3 3 3 3 3 3 3 3 3 3 3 3 3 3 3 3 3 3 3 3 3 3 3 3 3 3 3 3 3 3 3 3 3 3 3 3 3 3 3 3 3 3 3 3 3 3 3 3 3 3 3 3 3 3 3 3 3 3 3 3 3 3 3 3 3 3 3 3 3 3 3 3 3 3 3 3 3 3 3 3 3 3 3 3 3 3 3 3 3 3 3 3 3 3 3 3 3 3 3 3 3 3 3 3 3 3 3 3 3 3 3 3 3 3 3 3 3 3 3 3 3 3 3 3 3 3 3 3 3 3 3 3 3 3 3 3 3 3 3 3 3 3 3 3 3 3 3 3 3 3 3 3 3 3 3 3 3 3 3 3 3 3 3 3 3 3 3 3 3 3 3 3 3 3 3 3 3 3 3 3 3 3 3 3 3 3 3 3 3 3 3 3 3 3 3 3 3 3 3 3 3 3 3 3 3 3 3 3 3 3 3 3 3 3 3 3 3 3 3 3 3 3 3 3 3 3 3 3 3 3 3 3 3 3 3 3 3 3 3 3 3 3 3 3 3 3 3 3 3 3 3 3 3 3 3 3 3 3 3 3 3 3 3 3 3 3 3 3 3 3 3 3 3 3 3 3 3 3 3 3 3 3 3 3 3 3 3 3 3 3 3 3 3 3 3 3 3 3 3 3 3 3 3 3 3 3 3 3 3 3 3 3 3 3 3 3 3 3 3 3 3 3 3 3 3 3 3 3 3 3 3 3 3 3 3 3 3 3 3 3 3 3 3 3 3 3 3 3 3 3 3 3 3 3 3 3 3 3 3 3 3 3 3 3 3 3 3 3 3 3 3 3 3 3 3 3 3 3 3 3 3 3 3 3 3 3 3 3 3 3 3 3 3 3 3 3 3 3 3 3 3 3 3 3 3 3 3 3 3 3 3 3 3 3 3 3 3 3 3 3 3 3 3 3 3 3 3 3 3 3 3 3 3 3 3 3 3 3 3 3 3 3 3 3 3 3 3 3 3 3 3 3 3 3 3 3 3 3 3 3 3 3 3 3 3 3 3 3 3 3 3 3 3 3 3 3 3 3 3 3 3 3 3 3 3 3 3 3 3 3 3 3 3 3 3 3 3 3 3 3 3 3 3 3 3 3 3 3 3 3 3 3 3 3 3 3 3 3 3 3 3 3 3 3 3 3 3 3 3 3 3 3 3 3 3 3 3 3 3 3 3 3 3 3 3 3 3 3 3 3 3 3 3 3 3 3 3 3 3 3 3 3 3 3 3 3 3 3 3 3 3 3 3 3 3 3 3 3 3 3 3 3 3 3 3 3 3 3 3 3 3 3 3 3 3 3 3 3 3 3 3 3 3 3 3 3 3 3 3 3 3 3 3 3 3 3 3 3 3 3 3 3 3 3 3 3 3 3 3 3 3 3 3 3 3 3 3 3 3 3 3 3 3 3 3 3 3 3 3 3 3 3 3 3 3 3 3 3 3 3 3 3 3 3 3 3 3 3 3 3 3 3 3 3 3 3 3 3 3 3 3 3 3 3 3 3 3 3 3 3 3 3 3 3 3 3 3 3 3 3 3 3 3 3 3 3 3 3 3 3 3 3 3 3 3 3 3 3 3 3 3 3 3 3 3 3 3 3 3 3 3 3 3 3 3 3 3 3 3 3 3 3 3 3 3 3 3 3 3 3 3 3 3 3 3 3 3 3 3 3 3 3 3 3 3 3 3 3 3 3 3 3 3 3 3 3 3 3 3 3 3 3 3 3 3 3 3 3 3 3 3 3 3 3 3 3 3 3 3 3 3 3 3 3 3 3 3 3 3 3 3 3 3 3 3 3 3 3 3 3 3 3 3 3 3 3 3 3 3 3 3 3 3 3 3 3 3 3 3 3 3 3 3 3 3 3 3 3 3 3 3 3 3 3 3 3 3 3 3 3 3 3 3 3 3 3 3 3 3 3 3 3 3 3 3 3 3 3 3 3 3 3 3 3 3 3 3 3 3 3 3 3 3 3 3 3 3 3 3 3 3 3 3 3 3 3 3 3 3 3 3 3 3 3 3 3 3 3 3 3 3 3 3 3 3 3 3 3 3 3 3 3 3 3 3 3 3 3 3 3 3 3 3 3 3 3 3 3 3 3 3 3 3 3 3 3 3 3 3 3 3 3 3 3 3 3 3 3 3 3 3 3 3 3 3 3 3 3 3 3 3 3 3 3 3 3 3 3 3 3 3 3 3 3 3 3 3 3 3 3 3 3 3 3 3 3 3 3 3 3 3 3 3 3 3 3 3 3 3 3 3 3 3 3 3 3 3 3 3 3 3 3 3 3 3 3 3 3 3 3 3 3 3 3 3 3 3 3 3 3 3 3 3 3 3 3 3 3 3 3 3 3 3 3 3 3 3 3 3 3 3 3 3 3 3 3 3 3 3 3 3 3 3 3 3 3 3 3 3 3 3 3 3 3 3 3 3 3 3 3 3 3 3 3 3 3 3 3 3 3 3 3 3 3 3 3 3 3 3 3 3 3 3 3 3 3 3 3 3 3 3 3 3 3 3 3 3 3 3 3 3 3 3 3 3 3 3 3 3 3 3 3 3 3 3 3 3 3 3 3 3 3 3 3 3 3 3 3 3 3 3 3 3 3 3 3 3 3 3 3 3 3 3 3 3 3 3 3 3 3 3 3 3 3 3 3 3 3 3 3 3 3 3 3 3 3 3 3 3 3 3 3 3 3 3 3 3 3 3 3 3 3 3 3 3 3 3 3 3 3 3 3 3 3 3 3 3 3 3 3 3 3 3 3 3 3 3 3 3 3 3 3 3 3 3 3 3 3 3 3 3 3 3 3 3 3 3 3 3 3 3 3 3 3 3 3 3 3 3 3 3 3 3 3 3 3 3 3 3 3 3 3 3 3 3 3 3 3 3 3 3 3 3 3 3 3 3 3 3 3 3 3 3 3 3 3 3 3 3 3 3 3 3 3 3 3 3 3 3 3 3 3 3 3 3 3 3 3 3 3 3 3 3 3 3 3 3 3 3 3 3 3 3 3 3 3 3 3 3 3 3 3 3 3 3 3 3 3 3 3 3 3 3 3 3 3 3 3 3 3 3 3 3 3 3 3 3 3 3 3 3 3 3 3 3 3 3 3 3 3 3 3 3 3 3 3 3 3 3 3 3 3 3 3 3 3 3 3 3 3 3 3 3 3 3 3 3 3 3 3 3 3 3 3 3 3 3 3 3 3 3 3 3 3 3 3 3 3 3 3 3 3 3 3 3 3 3 3 3 3 3 3 3 3 3 3 3 3 3 3 3 3 3 3 3 3 3 3 3 3 3 3 3 3 3 3 3 3 3 3 3 3 3 3 3 3 3 3 3 3 3 3 3 3 3 3 3 3 3 3 3 3 3 3 3 3 3 3 3 3 3 3 3 3 3 3 3 3 3 3 3 3 3 3 3 3 3 3 3 3 3 3 3 3 3 3 3 3 3 3 3 3 3 3 3 3 3 3 3 3 3 3 3 3 3 3 3 3 3 3 3 3 3 3 3 3 3 3 3 3 3 3 3 3 3 3 3 3 3 3 3 3 3 3 3 3 3 3 3 3 3 3 3 3 3 3 3 3 3 3 3 3 3 3 3 3 3 3 3 3 3 3 3 3 3 3 3 3 3 3 3 3 3 3 3 3 3 3 3 3 3 3 3 3 3 3 3 3 3 3 3 3 3 3 3 3 3 3 3 3 3 3 3 3 3 3 3 3 3 3 3 3 3 3 3 3 3 3 3 3 3 3 3 3 3 3 3 3 3 3 3 3 3 3 3 3 3 3 3 3 3 3 3 3 3 3 3 3 3 3 3 3 3 3 3 3 3 3 3 3 3 3 3 3 3 3 3 3 3 3 3 3 3 3 3 3 3 3 3 3 3 3 3 3 3 3 3 3 3 3 3 3 3 3 3 3 3 3 3 3 3 3 3 3 3 3 3 3 3 3 3 3 3 3 3 3 3 3 3 3 3 3 3 3 3 3 3 3 3 3 3 3 3 3 3 3 3 3 3 3 3 3 3 3 3 3 3 3 3 3 3 3 3 3 3 3 3 3 3 3 3 3 3 3 3 3 3 3 3 3 3 3 3 3 3 3 3 3 3 3 3 3 3 3 3 3 3 3 3 3 3 3 3 3 3 3 3 3 3 3 3 3 3 3 3 3 3 3 3 3 3 3 3 3 3 3 3 3 3 3 3 3 3 3 3 3 3 3 3 3 3 3 3 3 3 3 3 3 3 3 3 3 3 3 3 3 3 3 3 3 3 3 3 3 3 3 3 3 3 3 3 3 3 3 3 3 3 3 3 3 3 3 3 3 3 3 3 3 3 3 3 3 3 3 3 3 3 3 3 3 3 3 3 3 3 3 3 3 3 </vcount>
          <p>0 0 0 1 0 1 2 0 2 3 1 3 4 1 4 5 1 5 6 2 6 2 2 7 7 2 8 8 3 9 9 3 10 10 3 11 0 4 12 2 4 13 6 4 14 8 5 15 10 5 16 11 5 17 0 6 18 12 6 19 1 6 20 13 7 21 5 7 22 14 7 23 13 8 24 3 8 25 5 8 26 15 9 27 16 9 28 12 9 29 17 10 30 14 10 31 18 10 32 0 11 33 15 11 34 12 11 35 13 12 36 14 12 37 17 12 38 19 13 39 20 13 40 16 13 41 21 14 42 18 14 43 22 14 44 15 15 45 19 15 46 16 15 47 17 16 48 18 16 49 21 16 50 23 17 51 24 17 52 20 17 53 25 18 54 22 18 55 26 18 56 19 19 57 23 19 58 20 19 59 21 20 60 22 20 61 25 20 62 27 21 63 28 21 64 24 21 65 29 22 66 26 22 67 30 22 68 23 23 69 27 23 70 24 23 71 25 24 72 26 24 73 29 24 74 31 25 75 32 25 76 28 25 77 33 26 78 30 26 79 34 26 80 35 27 81 31 27 82 28 27 83 27 28 84 35 28 85 28 28 86 29 29 87 30 29 88 33 29 89 36 30 90 37 30 91 32 30 92 38 31 93 34 31 94 39 31 95 31 32 96 36 32 97 32 32 98 33 33 99 34 33 100 38 33 101 40 34 102 41 34 103 37 34 104 42 35 105 39 35 106 43 35 107 36 36 108 40 36 109 37 36 110 38 37 111 39 37 112 42 37 113 44 38 114 45 38 115 41 38 116 46 39 117 43 39 118 47 39 119 40 40 120 44 40 121 41 40 122 42 41 123 43 41 124 46 41 125 48 42 126 49 42 127 45 42 128 50 43 129 47 43 130 51 43 131 44 44 132 48 44 133 45 44 134 46 45 135 47 45 136 50 45 137 52 46 138 53 46 139 49 46 140 54 47 141 55 47 142 56 47 143 48 48 144 52 48 145 49 48 146 50 49 147 51 49 148 57 49 149 52 50 150 58 50 151 53 50 152 59 51 153 56 51 154 60 51 155 54 52 156 56 52 157 59 52 158 61 53 159 62 53 160 58 53 161 63 54 162 60 54 163 64 54 164 52 55 165 61 55 166 58 55 167 59 56 168 60 56 169 63 56 170 65 57 171 66 57 172 62 57 173 67 58 174 64 58 175 68 58 176 61 59 177 65 59 178 62 59 179 63 60 180 64 60 181 67 60 182 69 61 183 70 61 184 66 61 185 71 62 186 68 62 187 72 62 188 65 63 189 69 63 190 66 63 191 67 64 192 68 64 193 71 64 194 73 65 195 74 65 196 70 65 197 75 66 198 72 66 199 76 66 200 69 67 201 73 67 202 70 67 203 71 68 204 72 68 205 75 68 206 77 69 207 78 69 208 74 69 209 79 70 210 76 70 211 80 70 212 81 71 213 77 71 214 74 71 215 73 72 216 81 72 217 74 72 218 75 73 219 76 73 220 79 73 221 82 74 222 83 74 223 78 74 224 84 75 225 80 75 226 85 75 227 77 76 228 82 76 229 78 76 230 79 77 231 80 77 232 84 77 233 86 78 234 87 78 235 83 78 236 88 79 237 85 79 238 89 79 239 82 80 240 86 80 241 83 80 242 84 81 243 85 81 244 88 81 245 90 82 246 7 82 247 87 82 248 91 83 249 89 83 250 9 83 251 86 84 252 90 84 253 87 84 254 88 85 255 89 85 256 91 85 257 90 86 258 6 86 259 7 86 260 91 87 261 9 87 262 8 87 263 92 88 264 93 88 265 94 88 266 95 89 267 96 89 268 97 89 269 98 90 270 94 90 271 99 90 272 100 91 273 101 91 274 102 91 275 103 92 276 92 92 277 94 92 278 98 93 279 103 93 280 94 93 281 100 94 282 102 94 283 104 94 284 105 95 285 106 95 286 93 95 287 107 96 288 97 96 289 108 96 290 109 97 291 105 97 292 93 97 293 92 98 294 109 98 295 93 98 296 95 99 297 97 99 298 107 99 299 110 100 300 111 100 301 106 100 302 112 101 303 108 101 304 113 101 305 114 102 306 110 102 307 106 102 308 105 103 309 114 103 310 106 103 311 107 104 312 108 104 313 112 104 314 115 105 315 116 105 316 111 105 317 117 106 318 113 106 319 118 106 320 110 107 321 115 107 322 111 107 323 112 108 324 113 108 325 117 108 326 119 109 327 120 109 328 116 109 329 121 110 330 118 110 331 122 110 332 123 111 333 119 111 334 116 111 335 115 112 336 123 112 337 116 112 338 117 113 339 118 113 340 121 113 341 124 114 342 125 114 343 120 114 344 126 115 345 122 115 346 127 115 347 119 116 348 124 116 349 120 116 350 121 117 351 122 117 352 126 117 353 128 118 354 129 118 355 125 118 356 130 119 357 127 119 358 131 119 359 124 120 360 128 120 361 125 120 362 126 121 363 127 121 364 130 121 365 132 122 366 133 122 367 129 122 368 134 123 369 131 123 370 135 123 371 136 124 372 132 124 373 129 124 374 128 125 375 136 125 376 129 125 377 130 126 378 131 126 379 134 126 380 137 127 381 138 127 382 133 127 383 139 128 384 135 128 385 140 128 386 132 129 387 137 129 388 133 129 389 134 130 390 135 130 391 139 130 392 141 131 393 142 131 394 138 131 395 143 132 396 140 132 397 144 132 398 145 133 399 141 133 400 138 133 401 137 134 402 145 134 403 138 134 404 139 135 405 140 135 406 143 135 407 146 136 408 147 136 409 142 136 410 148 137 411 144 137 412 149 137 413 150 138 414 146 138 415 142 138 416 141 139 417 150 139 418 142 139 419 143 140 420 144 140 421 148 140 422 151 141 423 152 141 424 147 141 425 153 142 426 154 142 427 155 142 428 146 143 429 156 143 430 147 143 431 151 144 432 147 144 433 156 144 434 148 145 435 149 145 436 157 145 437 158 146 438 159 146 439 152 146 440 160 147 441 155 147 442 161 147 443 162 148 444 158 148 445 152 148 446 151 149 447 162 149 448 152 149 449 160 150 450 153 150 451 155 150 452 163 151 453 164 151 454 159 151 455 165 152 456 161 152 457 166 152 458 167 153 459 163 153 460 159 153 461 158 154 462 167 154 463 159 154 464 160 155 465 161 155 466 165 155 467 168 156 468 169 156 469 164 156 470 170 157 471 166 157 472 171 157 473 163 158 474 168 158 475 164 158 476 165 159 477 166 159 478 170 159 479 172 160 480 173 160 481 169 160 482 174 161 483 171 161 484 175 161 485 176 162 486 172 162 487 169 162 488 168 163 489 176 163 490 169 163 491 170 164 492 171 164 493 174 164 494 177 165 495 178 165 496 173 165 497 179 166 498 175 166 499 180 166 500 172 167 501 177 167 502 173 167 503 174 168 504 175 168 505 179 168 506 181 169 507 182 169 508 178 169 509 183 170 510 180 170 511 184 170 512 177 171 513 181 171 514 178 171 515 179 172 516 180 172 517 183 172 518 185 173 519 186 173 520 182 173 521 187 174 522 184 174 523 188 174 524 189 175 525 185 175 526 182 175 527 181 176 528 189 176 529 182 176 530 183 177 531 184 177 532 187 177 533 190 178 534 191 178 535 186 178 536 192 179 537 188 179 538 193 179 539 185 180 540 190 180 541 186 180 542 187 181 543 188 181 544 192 181 545 194 182 546 99 182 547 191 182 548 195 183 549 193 183 550 101 183 551 196 184 552 194 184 553 191 184 554 190 185 555 196 185 556 191 185 557 192 186 558 193 186 559 195 186 560 197 187 561 98 187 562 99 187 563 194 188 564 197 188 565 99 188 566 195 189 567 101 189 568 100 189 569 198 190 570 199 190 571 200 190 572 201 191 573 202 191 574 203 191 575 201 192 576 203 192 577 204 192 578 198 193 579 200 193 580 205 193 581 206 194 582 205 194 583 207 194 584 206 195 585 198 195 586 205 195 587 206 196 588 207 196 589 208 196 590 209 197 591 208 197 592 210 197 593 206 198 594 208 198 595 209 198 596 211 199 597 210 199 598 212 199 599 209 200 600 210 200 601 211 200 602 211 201 603 212 201 604 213 201 605 214 202 606 213 202 607 215 202 608 211 203 609 213 203 610 214 203 611 216 204 612 215 204 613 217 204 614 214 205 615 215 205 616 216 205 617 216 206 618 217 206 619 218 206 620 219 207 621 218 207 622 220 207 623 216 208 624 218 208 625 219 208 626 221 209 627 220 209 628 222 209 629 219 210 630 220 210 631 221 210 632 221 211 633 222 211 634 223 211 635 224 212 636 223 212 637 225 212 638 221 213 639 223 213 640 224 213 641 226 214 642 225 214 643 227 214 644 224 215 645 225 215 646 226 215 647 226 216 648 227 216 649 228 216 650 229 217 651 228 217 652 230 217 653 226 218 654 228 218 655 229 218 656 229 219 657 230 219 658 231 219 659 232 220 660 233 220 661 234 220 662 229 221 663 231 221 664 235 221 665 232 222 666 234 222 667 236 222 668 237 223 669 236 223 670 238 223 671 232 224 672 236 224 673 237 224 674 237 225 675 238 225 676 239 225 677 240 226 678 239 226 679 241 226 680 237 227 681 239 227 682 240 227 683 242 228 684 241 228 685 243 228 686 240 229 687 241 229 688 242 229 689 242 230 690 243 230 691 244 230 692 245 231 693 244 231 694 246 231 695 242 232 696 244 232 697 245 232 698 247 233 699 246 233 700 248 233 701 245 234 702 246 234 703 247 234 704 247 235 705 248 235 706 249 235 707 250 236 708 249 236 709 251 236 710 247 237 711 249 237 712 250 237 713 252 238 714 251 238 715 253 238 716 250 239 717 251 239 718 252 239 719 252 240 720 253 240 721 254 240 722 255 241 723 254 241 724 256 241 725 252 242 726 254 242 727 255 242 728 257 243 729 256 243 730 258 243 731 255 244 732 256 244 733 257 244 734 257 245 735 258 245 736 259 245 737 201 246 738 259 246 739 202 246 740 257 247 741 259 247 742 201 247 743 260 248 744 261 248 745 262 248 746 263 249 747 264 249 748 265 249 749 266 250 750 262 250 751 267 250 752 268 251 753 269 251 754 270 251 755 271 252 756 260 252 757 262 252 758 266 253 759 271 253 760 262 253 761 268 254 762 270 254 763 272 254 764 273 255 765 274 255 766 261 255 767 263 256 768 265 256 769 275 256 770 260 257 771 273 257 772 261 257 773 276 258 774 277 258 775 274 258 776 278 259 777 275 259 778 279 259 779 276 260 780 274 260 781 273 260 782 263 261 783 275 261 784 278 261 785 280 262 786 281 262 787 277 262 788 278 263 789 279 263 790 282 263 791 280 264 792 277 264 793 276 264 794 283 265 795 284 265 796 281 265 797 278 266 798 282 266 799 285 266 800 286 267 801 283 267 802 281 267 803 280 268 804 286 268 805 281 268 806 287 269 807 288 269 808 284 269 809 289 270 810 285 270 811 290 270 812 287 271 813 284 271 814 291 271 815 283 272 816 291 272 817 284 272 818 278 273 819 285 273 820 289 273 821 292 274 822 293 274 823 288 274 824 294 275 825 290 275 826 295 275 827 292 276 828 288 276 829 287 276 830 289 277 831 290 277 832 294 277 833 292 278 834 296 278 835 293 278 836 294 279 837 295 279 838 297 279 839 298 280 840 299 280 841 296 280 842 294 281 843 297 281 844 300 281 845 301 282 846 298 282 847 296 282 848 302 283 849 301 283 850 296 283 851 292 284 852 302 284 853 296 284 854 298 285 855 303 285 856 299 285 857 304 286 858 300 286 859 305 286 860 294 287 861 300 287 862 304 287 863 298 288 864 306 288 865 303 288 866 307 289 867 305 289 868 308 289 869 304 290 870 305 290 871 307 290 872 309 291 873 310 291 874 306 291 875 307 292 876 308 292 877 311 292 878 312 293 879 309 293 880 306 293 881 298 294 882 312 294 883 306 294 884 313 295 885 314 295 886 310 295 887 315 296 888 311 296 889 316 296 890 309 297 891 313 297 892 310 297 893 307 298 894 311 298 895 315 298 896 313 299 897 317 299 898 314 299 899 318 300 900 316 300 901 319 300 902 315 301 903 316 301 904 318 301 905 320 302 906 321 302 907 317 302 908 318 303 909 319 303 910 322 303 911 323 304 912 320 304 913 317 304 914 324 305 915 323 305 916 317 305 917 313 306 918 324 306 919 317 306 920 325 307 921 326 307 922 321 307 923 318 308 924 322 308 925 327 308 926 320 309 927 325 309 928 321 309 929 328 310 930 329 310 931 326 310 932 330 311 933 327 311 934 331 311 935 332 312 936 328 312 937 326 312 938 325 313 939 332 313 940 326 313 941 318 314 942 327 314 943 330 314 944 333 315 945 334 315 946 329 315 947 335 316 948 331 316 949 336 316 950 328 317 951 337 317 952 329 317 953 333 318 954 329 318 955 337 318 956 330 319 957 331 319 958 335 319 959 338 320 960 339 320 961 334 320 962 335 321 963 336 321 964 340 321 965 341 322 966 338 322 967 334 322 968 342 323 969 341 323 970 334 323 971 333 324 972 342 324 973 334 324 974 343 325 975 344 325 976 339 325 977 335 326 978 340 326 979 345 326 980 338 327 981 343 327 982 339 327 983 346 328 984 347 328 985 344 328 986 348 329 987 345 329 988 349 329 989 343 330 990 346 330 991 344 330 992 335 331 993 345 331 994 348 331 995 350 332 996 351 332 997 347 332 998 348 333 999 349 333 1000 352 333 1001 346 334 1002 353 334 1003 347 334 1004 354 335 1005 347 335 1006 353 335 1007 350 336 1008 347 336 1009 354 336 1010 355 337 1011 356 337 1012 351 337 1013 357 338 1014 358 338 1015 359 338 1016 360 339 1017 355 339 1018 351 339 1019 350 340 1020 360 340 1021 351 340 1022 348 341 1023 352 341 1024 361 341 1025 362 342 1026 363 342 1027 356 342 1028 357 343 1029 359 343 1030 364 343 1031 355 344 1032 362 344 1033 356 344 1034 365 345 1035 366 345 1036 363 345 1037 367 346 1038 364 346 1039 368 346 1040 365 347 1041 363 347 1042 362 347 1043 367 348 1044 357 348 1045 364 348 1046 369 349 1047 370 349 1048 366 349 1049 367 350 1050 368 350 1051 371 350 1052 369 351 1053 366 351 1054 365 351 1055 372 352 1056 373 352 1057 370 352 1058 367 353 1059 371 353 1060 374 353 1061 375 354 1062 372 354 1063 370 354 1064 369 355 1065 375 355 1066 370 355 1067 376 356 1068 377 356 1069 373 356 1070 378 357 1071 374 357 1072 379 357 1073 376 358 1074 373 358 1075 380 358 1076 372 359 1077 380 359 1078 373 359 1079 367 360 1080 374 360 1081 378 360 1082 381 361 1083 382 361 1084 377 361 1085 383 362 1086 379 362 1087 384 362 1088 381 363 1089 377 363 1090 376 363 1091 378 364 1092 379 364 1093 383 364 1094 381 365 1095 385 365 1096 382 365 1097 383 366 1098 384 366 1099 386 366 1100 387 367 1101 388 367 1102 385 367 1103 383 368 1104 386 368 1105 389 368 1106 390 369 1107 387 369 1108 385 369 1109 391 370 1110 390 370 1111 385 370 1112 381 371 1113 391 371 1114 385 371 1115 387 372 1116 392 372 1117 388 372 1118 393 373 1119 389 373 1120 394 373 1121 383 374 1122 389 374 1123 393 374 1124 387 375 1125 395 375 1126 392 375 1127 396 376 1128 394 376 1129 397 376 1130 393 377 1131 394 377 1132 396 377 1133 398 378 1134 399 378 1135 395 378 1136 396 379 1137 397 379 1138 400 379 1139 401 380 1140 398 380 1141 395 380 1142 387 381 1143 401 381 1144 395 381 1145 402 382 1146 403 382 1147 399 382 1148 404 383 1149 400 383 1150 405 383 1151 398 384 1152 402 384 1153 399 384 1154 396 385 1155 400 385 1156 404 385 1157 402 386 1158 406 386 1159 403 386 1160 407 387 1161 405 387 1162 408 387 1163 404 388 1164 405 388 1165 407 388 1166 409 389 1167 410 389 1168 406 389 1169 407 390 1170 408 390 1171 411 390 1172 412 391 1173 409 391 1174 406 391 1175 413 392 1176 412 392 1177 406 392 1178 402 393 1179 413 393 1180 406 393 1181 414 394 1182 415 394 1183 410 394 1184 407 395 1185 411 395 1186 416 395 1187 409 396 1188 414 396 1189 410 396 1190 417 397 1191 418 397 1192 415 397 1193 419 398 1194 416 398 1195 420 398 1196 421 399 1197 417 399 1198 415 399 1199 414 400 1200 421 400 1201 415 400 1202 407 401 1203 416 401 1204 419 401 1205 422 402 1206 423 402 1207 418 402 1208 424 403 1209 420 403 1210 425 403 1211 417 404 1212 426 404 1213 418 404 1214 422 405 1215 418 405 1216 426 405 1217 419 406 1218 420 406 1219 424 406 1220 427 407 1221 428 407 1222 423 407 1223 424 408 1224 425 408 1225 429 408 1226 430 409 1227 427 409 1228 423 409 1229 431 410 1230 430 410 1231 423 410 1232 422 411 1233 431 411 1234 423 411 1235 432 412 1236 433 412 1237 428 412 1238 424 413 1239 429 413 1240 434 413 1241 427 414 1242 432 414 1243 428 414 1244 435 415 1245 267 415 1246 433 415 1247 268 416 1248 434 416 1249 269 416 1250 432 417 1251 435 417 1252 433 417 1253 424 418 1254 434 418 1255 268 418 1256 435 419 1257 436 419 1258 267 419 1259 437 420 1260 267 420 1261 436 420 1262 266 421 1263 267 421 1264 437 421 1265 438 422 1266 439 422 1267 440 422 1268 441 423 1269 353 423 1270 362 423 1271 442 424 1272 443 424 1273 444 424 1274 441 425 1275 354 425 1276 353 425 1277 442 426 1278 444 426 1279 445 426 1280 446 427 1281 337 427 1282 346 427 1283 447 428 1284 440 428 1285 448 428 1286 343 429 1287 446 429 1288 346 429 1289 447 430 1290 438 430 1291 440 430 1292 449 431 1293 448 431 1294 450 431 1295 333 432 1296 337 432 1297 446 432 1298 447 433 1299 448 433 1300 449 433 1301 451 434 1302 452 434 1303 328 434 1304 453 435 1305 450 435 1306 454 435 1307 332 436 1308 451 436 1309 328 436 1310 449 437 1311 450 437 1312 453 437 1313 324 438 1314 455 438 1315 452 438 1316 456 439 1317 454 439 1318 457 439 1319 324 440 1320 452 440 1321 451 440 1322 453 441 1323 454 441 1324 456 441 1325 287 442 1326 291 442 1327 455 442 1328 458 443 1329 457 443 1330 459 443 1331 313 444 1332 455 444 1333 324 444 1334 460 445 1335 455 445 1336 313 445 1337 460 446 1338 287 446 1339 455 446 1340 456 447 1341 457 447 1342 458 447 1343 461 448 1344 462 448 1345 291 448 1346 463 449 1347 459 449 1348 464 449 1349 283 450 1350 461 450 1351 291 450 1352 458 451 1353 459 451 1354 463 451 1355 276 452 1356 273 452 1357 462 452 1358 465 453 1359 464 453 1360 466 453 1361 467 454 1362 276 454 1363 462 454 1364 461 455 1365 467 455 1366 462 455 1367 463 456 1368 464 456 1369 465 456 1370 468 457 1371 436 457 1372 273 457 1373 469 458 1374 466 458 1375 470 458 1376 260 459 1377 468 459 1378 273 459 1379 465 460 1380 466 460 1381 469 460 1382 471 461 1383 472 461 1384 473 461 1385 468 462 1386 437 462 1387 436 462 1388 469 463 1389 470 463 1390 474 463 1391 475 464 1392 426 464 1393 435 464 1394 476 465 1395 473 465 1396 477 465 1397 432 466 1398 475 466 1399 435 466 1400 471 467 1401 473 467 1402 476 467 1403 478 468 1404 477 468 1405 479 468 1406 422 469 1407 426 469 1408 475 469 1409 476 470 1410 477 470 1411 478 470 1412 480 471 1413 481 471 1414 417 471 1415 482 472 1416 479 472 1417 483 472 1418 421 473 1419 480 473 1420 417 473 1421 478 474 1422 479 474 1423 482 474 1424 413 475 1425 484 475 1426 481 475 1427 485 476 1428 483 476 1429 486 476 1430 413 477 1431 481 477 1432 480 477 1433 482 478 1434 483 478 1435 485 478 1436 376 479 1437 380 479 1438 484 479 1439 487 480 1440 486 480 1441 488 480 1442 402 481 1443 484 481 1444 413 481 1445 489 482 1446 484 482 1447 402 482 1448 489 483 1449 376 483 1450 484 483 1451 485 484 1452 486 484 1453 487 484 1454 490 485 1455 491 485 1456 380 485 1457 492 486 1458 488 486 1459 493 486 1460 372 487 1461 490 487 1462 380 487 1463 487 488 1464 488 488 1465 492 488 1466 365 489 1467 362 489 1468 491 489 1469 494 490 1470 493 490 1471 443 490 1472 495 491 1473 365 491 1474 491 491 1475 490 492 1476 495 492 1477 491 492 1478 492 493 1479 493 493 1480 494 493 1481 355 494 1482 441 494 1483 362 494 1484 494 495 1485 443 495 1486 442 495 1487 496 496 1488 497 496 1489 498 496 1490 499 497 1491 500 497 1492 501 497 1493 499 498 1494 501 498 1495 502 498 1496 503 499 1497 502 499 1498 501 499 1499 496 500 1500 504 500 1501 497 500 1502 505 501 1503 506 501 1504 507 501 1505 508 502 1506 507 502 1507 509 502 1508 505 503 1509 507 503 1510 508 503 1511 510 504 1512 511 504 1513 512 504 1514 508 505 1515 509 505 1516 513 505 1517 514 506 1518 512 506 1519 515 506 1520 510 507 1521 512 507 1522 514 507 1523 514 508 1524 515 508 1525 516 508 1526 517 509 1527 518 509 1528 519 509 1529 520 510 1530 521 510 1531 522 510 1532 520 511 1533 522 511 1534 523 511 1535 524 512 1536 523 512 1537 522 512 1538 517 513 1539 525 513 1540 518 513 1541 526 514 1542 527 514 1543 528 514 1544 529 515 1545 528 515 1546 530 515 1547 526 516 1548 528 516 1549 529 516 1550 531 517 1551 532 517 1552 533 517 1553 529 518 1554 530 518 1555 534 518 1556 535 519 1557 533 519 1558 536 519 1559 531 520 1560 533 520 1561 535 520 1562 535 521 1563 536 521 1564 537 521 1565 489 522 1566 402 522 1567 538 522 1568 539 523 1569 540 523 1570 541 523 1571 542 524 1572 538 524 1573 387 524 1574 543 525 1575 544 525 1576 545 525 1577 542 526 1578 489 526 1579 538 526 1580 543 527 1581 545 527 1582 546 527 1583 547 528 1584 546 528 1585 545 528 1586 539 529 1587 548 529 1588 540 529 1589 549 530 1590 550 530 1591 551 530 1592 552 531 1593 553 531 1594 554 531 1595 555 532 1596 551 532 1597 556 532 1598 549 533 1599 551 533 1600 555 533 1601 557 534 1602 554 534 1603 558 534 1604 552 535 1605 554 535 1606 557 535 1607 390 536 1608 542 536 1609 387 536 1610 557 537 1611 558 537 1612 559 537 1613 560 538 1614 561 538 1615 562 538 1616 563 539 1617 564 539 1618 565 539 1619 563 540 1620 565 540 1621 566 540 1622 567 541 1623 566 541 1624 565 541 1625 560 542 1626 568 542 1627 561 542 1628 569 543 1629 570 543 1630 571 543 1631 572 544 1632 571 544 1633 573 544 1634 569 545 1635 571 545 1636 572 545 1637 574 546 1638 575 546 1639 576 546 1640 572 547 1641 573 547 1642 577 547 1643 578 548 1644 576 548 1645 579 548 1646 574 549 1647 576 549 1648 578 549 1649 578 550 1650 579 550 1651 580 550 1652 581 551 1653 582 551 1654 583 551 1655 584 552 1656 585 552 1657 586 552 1658 584 553 1659 586 553 1660 587 553 1661 588 554 1662 587 554 1663 586 554 1664 581 555 1665 589 555 1666 582 555 1667 590 556 1668 591 556 1669 592 556 1670 593 557 1671 592 557 1672 594 557 1673 590 558 1674 592 558 1675 593 558 1676 595 559 1677 596 559 1678 597 559 1679 593 560 1680 594 560 1681 598 560 1682 599 561 1683 597 561 1684 600 561 1685 595 562 1686 597 562 1687 599 562 1688 599 563 1689 600 563 1690 601 563 1691 602 564 1692 603 564 1693 604 564 1694 605 565 1695 606 565 1696 607 565 1697 605 566 1698 607 566 1699 608 566 1700 609 567 1701 608 567 1702 607 567 1703 602 568 1704 610 568 1705 603 568 1706 611 569 1707 612 569 1708 613 569 1709 614 570 1710 615 570 1711 616 570 1712 617 571 1713 613 571 1714 618 571 1715 611 572 1716 613 572 1717 617 572 1718 619 573 1719 616 573 1720 620 573 1721 614 574 1722 616 574 1723 619 574 1724 619 575 1725 620 575 1726 621 575 1727 622 576 1728 623 576 1729 624 576 1730 625 577 1731 626 577 1732 627 577 1733 625 578 1734 627 578 1735 628 578 1736 629 579 1737 628 579 1738 627 579 1739 622 580 1740 630 580 1741 623 580 1742 631 581 1743 632 581 1744 633 581 1745 634 582 1746 633 582 1747 635 582 1748 631 583 1749 633 583 1750 634 583 1751 636 584 1752 637 584 1753 638 584 1754 634 585 1755 635 585 1756 639 585 1757 640 586 1758 638 586 1759 641 586 1760 636 587 1761 638 587 1762 640 587 1763 640 588 1764 641 588 1765 642 588 1766 643 589 1767 644 589 1768 645 589 1769 646 590 1770 647 590 1771 648 590 1772 646 591 1773 648 591 1774 649 591 1775 650 592 1776 649 592 1777 648 592 1778 643 593 1779 651 593 1780 644 593 1781 652 594 1782 653 594 1783 654 594 1784 655 595 1785 654 595 1786 656 595 1787 652 596 1788 654 596 1789 655 596 1790 657 597 1791 658 597 1792 659 597 1793 655 598 1794 656 598 1795 660 598 1796 661 599 1797 659 599 1798 662 599 1799 657 600 1800 659 600 1801 661 600 1802 661 601 1803 662 601 1804 663 601 1805 460 602 1806 313 602 1807 664 602 1808 665 603 1809 666 603 1810 667 603 1811 668 604 1812 664 604 1813 298 604 1814 669 605 1815 670 605 1816 671 605 1817 668 606 1818 460 606 1819 664 606 1820 669 607 1821 671 607 1822 672 607 1823 673 608 1824 672 608 1825 671 608 1826 665 609 1827 674 609 1828 666 609 1829 675 610 1830 676 610 1831 677 610 1832 678 611 1833 679 611 1834 680 611 1835 681 612 1836 677 612 1837 682 612 1838 675 613 1839 677 613 1840 681 613 1841 683 614 1842 680 614 1843 684 614 1844 678 615 1845 680 615 1846 683 615 1847 301 616 1848 668 616 1849 298 616 1850 683 617 1851 684 617 1852 685 617 1853 686 618 1854 687 618 1855 688 618 1856 689 619 1857 690 619 1858 691 619 1859 689 620 1860 691 620 1861 692 620 1862 693 621 1863 692 621 1864 691 621 1865 686 622 1866 694 622 1867 687 622 1868 695 623 1869 696 623 1870 697 623 1871 698 624 1872 697 624 1873 699 624 1874 695 625 1875 697 625 1876 698 625 1877 700 626 1878 701 626 1879 702 626 1880 698 627 1881 699 627 1882 703 627 1883 704 628 1884 702 628 1885 705 628 1886 700 629 1887 702 629 1888 704 629 1889 704 630 1890 705 630 1891 706 630 1892 707 631 1893 708 631 1894 709 631 1895 710 632 1896 711 632 1897 712 632 1898 710 633 1899 712 633 1900 713 633 1901 714 634 1902 713 634 1903 712 634 1904 707 635 1905 715 635 1906 708 635 1907 716 636 1908 717 636 1909 718 636 1910 719 637 1911 718 637 1912 720 637 1913 716 638 1914 718 638 1915 719 638 1916 721 639 1917 722 639 1918 723 639 1919 719 640 1920 720 640 1921 724 640 1922 725 641 1923 723 641 1924 726 641 1925 721 642 1926 723 642 1927 725 642 1928 725 643 1929 726 643 1930 727 643 1931 728 644 1932 729 644 1933 730 644 1934 731 645 1935 732 645 1936 733 645 1937 731 646 1938 733 646 1939 734 646 1940 735 647 1941 734 647 1942 733 647 1943 728 648 1944 736 648 1945 729 648 1946 737 649 1947 738 649 1948 739 649 1949 740 650 1950 741 650 1951 742 650 1952 743 651 1953 739 651 1954 744 651 1955 737 652 1956 739 652 1957 743 652 1958 745 653 1959 742 653 1960 746 653 1961 740 654 1962 742 654 1963 745 654 1964 745 655 1965 746 655 1966 747 655 1967 748 656 1968 749 656 1969 750 656 1970 751 657 1971 752 657 1972 753 657 1973 751 658 1974 753 658 1975 754 658 1976 755 659 1977 750 659 1978 756 659 1979 757 660 1980 750 660 1981 755 660 1982 748 661 1983 750 661 1984 757 661 1985 758 662 1986 756 662 1987 759 662 1988 755 663 1989 756 663 1990 758 663 1991 760 664 1992 759 664 1993 761 664 1994 758 665 1995 759 665 1996 760 665 1997 762 666 1998 761 666 1999 763 666 2000 760 667 2001 761 667 2002 762 667 2003 764 668 2004 763 668 2005 765 668 2006 762 669 2007 763 669 2008 764 669 2009 766 670 2010 765 670 2011 767 670 2012 764 671 2013 765 671 2014 766 671 2015 768 672 2016 767 672 2017 769 672 2018 766 673 2019 767 673 2020 768 673 2021 770 674 2022 769 674 2023 771 674 2024 768 675 2025 769 675 2026 770 675 2027 772 676 2028 771 676 2029 773 676 2030 770 677 2031 771 677 2032 772 677 2033 774 678 2034 773 678 2035 775 678 2036 772 679 2037 773 679 2038 774 679 2039 776 680 2040 777 680 2041 778 680 2042 774 681 2043 775 681 2044 779 681 2045 780 682 2046 778 682 2047 781 682 2048 782 683 2049 776 683 2050 778 683 2051 782 684 2052 778 684 2053 780 684 2054 783 685 2055 781 685 2056 784 685 2057 780 686 2058 781 686 2059 783 686 2060 785 687 2061 784 687 2062 786 687 2063 783 688 2064 784 688 2065 785 688 2066 787 689 2067 786 689 2068 788 689 2069 785 690 2070 786 690 2071 787 690 2072 789 691 2073 788 691 2074 790 691 2075 787 692 2076 788 692 2077 789 692 2078 791 693 2079 790 693 2080 792 693 2081 789 694 2082 790 694 2083 791 694 2084 793 695 2085 792 695 2086 794 695 2087 791 696 2088 792 696 2089 793 696 2090 795 697 2091 794 697 2092 796 697 2093 793 698 2094 794 698 2095 795 698 2096 797 699 2097 796 699 2098 752 699 2099 795 700 2100 796 700 2101 797 700 2102 797 701 2103 752 701 2104 751 701 2105 798 702 2106 799 702 2107 800 702 2108 801 703 2109 802 703 2110 803 703 2111 804 704 2112 805 704 2113 806 704 2114 807 705 2115 802 705 2116 801 705 2117 808 706 2118 806 706 2119 809 706 2120 804 707 2121 806 707 2122 808 707 2123 798 708 2124 810 708 2125 799 708 2126 779 709 2127 811 709 2128 812 709 2129 782 710 2130 813 710 2131 814 710 2132 782 711 2133 814 711 2134 776 711 2135 798 712 2136 815 712 2137 810 712 2138 774 713 2139 812 713 2140 816 713 2141 774 714 2142 779 714 2143 812 714 2144 817 715 2145 818 715 2146 815 715 2147 774 716 2148 816 716 2149 819 716 2150 798 717 2151 817 717 2152 815 717 2153 817 718 2154 820 718 2155 818 718 2156 772 719 2157 819 719 2158 821 719 2159 772 720 2160 774 720 2161 819 720 2162 822 721 2163 823 721 2164 820 721 2165 772 722 2166 821 722 2167 824 722 2168 817 723 2169 822 723 2170 820 723 2171 822 724 2172 825 724 2173 823 724 2174 770 725 2175 824 725 2176 826 725 2177 770 726 2178 772 726 2179 824 726 2180 827 727 2181 828 727 2182 825 727 2183 770 728 2184 826 728 2185 829 728 2186 822 729 2187 827 729 2188 825 729 2189 827 730 2190 830 730 2191 828 730 2192 768 731 2193 829 731 2194 831 731 2195 768 732 2196 770 732 2197 829 732 2198 832 733 2199 833 733 2200 830 733 2201 768 734 2202 831 734 2203 834 734 2204 827 735 2205 832 735 2206 830 735 2207 832 736 2208 835 736 2209 833 736 2210 766 737 2211 834 737 2212 836 737 2213 766 738 2214 768 738 2215 834 738 2216 837 739 2217 838 739 2218 835 739 2219 766 740 2220 836 740 2221 839 740 2222 832 741 2223 837 741 2224 835 741 2225 840 742 2226 841 742 2227 838 742 2228 764 743 2229 839 743 2230 842 743 2231 837 744 2232 840 744 2233 838 744 2234 764 745 2235 766 745 2236 839 745 2237 840 746 2238 843 746 2239 841 746 2240 762 747 2241 842 747 2242 844 747 2243 762 748 2244 764 748 2245 842 748 2246 845 749 2247 846 749 2248 843 749 2249 762 750 2250 844 750 2251 847 750 2252 840 751 2253 845 751 2254 843 751 2255 845 752 2256 848 752 2257 846 752 2258 760 753 2259 847 753 2260 849 753 2261 760 754 2262 762 754 2263 847 754 2264 850 755 2265 851 755 2266 848 755 2267 760 756 2268 849 756 2269 852 756 2270 845 757 2271 850 757 2272 848 757 2273 850 758 2274 853 758 2275 851 758 2276 758 759 2277 852 759 2278 854 759 2279 758 760 2280 760 760 2281 852 760 2282 855 761 2283 856 761 2284 853 761 2285 758 762 2286 854 762 2287 857 762 2288 850 763 2289 855 763 2290 853 763 2291 855 764 2292 858 764 2293 856 764 2294 755 765 2295 857 765 2296 859 765 2297 755 766 2298 758 766 2299 857 766 2300 860 767 2301 861 767 2302 858 767 2303 755 768 2304 859 768 2305 862 768 2306 855 769 2307 860 769 2308 858 769 2309 860 770 2310 863 770 2311 861 770 2312 757 771 2313 862 771 2314 864 771 2315 757 772 2316 755 772 2317 862 772 2318 865 773 2319 866 773 2320 863 773 2321 757 774 2322 864 774 2323 867 774 2324 860 775 2325 865 775 2326 863 775 2327 868 776 2328 869 776 2329 870 776 2330 868 777 2331 871 777 2332 869 777 2333 754 778 2334 872 778 2335 873 778 2336 748 779 2337 757 779 2338 867 779 2339 874 780 2340 875 780 2341 876 780 2342 874 781 2343 877 781 2344 875 781 2345 878 782 2346 876 782 2347 879 782 2348 878 783 2349 874 783 2350 876 783 2351 880 784 2352 879 784 2353 881 784 2354 880 785 2355 878 785 2356 879 785 2357 882 786 2358 881 786 2359 883 786 2360 882 787 2361 880 787 2362 881 787 2363 884 788 2364 883 788 2365 885 788 2366 884 789 2367 882 789 2368 883 789 2369 886 790 2370 885 790 2371 887 790 2372 886 791 2373 884 791 2374 885 791 2375 888 792 2376 887 792 2377 889 792 2378 890 793 2379 887 793 2380 888 793 2381 890 794 2382 886 794 2383 887 794 2384 891 795 2385 889 795 2386 892 795 2387 888 796 2388 889 796 2389 891 796 2390 893 797 2391 892 797 2392 894 797 2393 891 798 2394 892 798 2395 893 798 2396 895 799 2397 894 799 2398 896 799 2399 893 800 2400 894 800 2401 895 800 2402 804 801 2403 896 801 2404 805 801 2405 895 802 2406 896 802 2407 804 802 2408 897 803 2409 898 803 2410 899 803 2411 900 804 2412 901 804 2413 902 804 2414 903 805 2415 904 805 2416 905 805 2417 906 806 2418 901 806 2419 900 806 2420 907 807 2421 905 807 2422 908 807 2423 907 808 2424 903 808 2425 905 808 2426 897 809 2427 909 809 2428 898 809 2429 910 810 2430 911 810 2431 912 810 2432 913 811 2433 914 811 2434 915 811 2435 913 812 2436 915 812 2437 916 812 2438 917 813 2439 918 813 2440 909 813 2441 919 814 2442 912 814 2443 920 814 2444 897 815 2445 917 815 2446 909 815 2447 921 816 2448 912 816 2449 919 816 2450 922 817 2451 910 817 2452 912 817 2453 921 818 2454 922 818 2455 912 818 2456 923 819 2457 924 819 2458 918 819 2459 925 820 2460 920 820 2461 926 820 2462 917 821 2463 923 821 2464 918 821 2465 927 822 2466 919 822 2467 920 822 2468 925 823 2469 927 823 2470 920 823 2471 928 824 2472 929 824 2473 924 824 2474 930 825 2475 926 825 2476 931 825 2477 923 826 2478 928 826 2479 924 826 2480 930 827 2481 925 827 2482 926 827 2483 932 828 2484 933 828 2485 929 828 2486 934 829 2487 931 829 2488 935 829 2489 928 830 2490 932 830 2491 929 830 2492 934 831 2493 930 831 2494 931 831 2495 936 832 2496 937 832 2497 933 832 2498 938 833 2499 935 833 2500 939 833 2501 932 834 2502 936 834 2503 933 834 2504 938 835 2505 934 835 2506 935 835 2507 940 836 2508 941 836 2509 937 836 2510 942 837 2511 939 837 2512 943 837 2513 936 838 2514 940 838 2515 937 838 2516 942 839 2517 938 839 2518 939 839 2519 940 840 2520 944 840 2521 941 840 2522 945 841 2523 943 841 2524 946 841 2525 947 842 2526 942 842 2527 943 842 2528 945 843 2529 947 843 2530 943 843 2531 948 844 2532 949 844 2533 944 844 2534 950 845 2535 946 845 2536 951 845 2537 940 846 2538 948 846 2539 944 846 2540 950 847 2541 945 847 2542 946 847 2543 952 848 2544 953 848 2545 949 848 2546 954 849 2547 951 849 2548 955 849 2549 948 850 2550 952 850 2551 949 850 2552 954 851 2553 950 851 2554 951 851 2555 956 852 2556 957 852 2557 953 852 2558 958 853 2559 955 853 2560 959 853 2561 952 854 2562 956 854 2563 953 854 2564 958 855 2565 954 855 2566 955 855 2567 960 856 2568 961 856 2569 957 856 2570 962 857 2571 959 857 2572 963 857 2573 964 858 2574 960 858 2575 957 858 2576 956 859 2577 964 859 2578 957 859 2579 962 860 2580 958 860 2581 959 860 2582 965 861 2583 966 861 2584 967 861 2585 965 862 2586 968 862 2587 966 862 2588 969 863 2589 970 863 2590 971 863 2591 972 864 2592 962 864 2593 963 864 2594 973 865 2595 974 865 2596 975 865 2597 973 866 2598 976 866 2599 974 866 2600 977 867 2601 975 867 2602 978 867 2603 973 868 2604 975 868 2605 977 868 2606 979 869 2607 978 869 2608 980 869 2609 977 870 2610 978 870 2611 979 870 2612 981 871 2613 980 871 2614 982 871 2615 979 872 2616 980 872 2617 981 872 2618 983 873 2619 982 873 2620 984 873 2621 981 874 2622 982 874 2623 983 874 2624 985 875 2625 984 875 2626 986 875 2627 983 876 2628 984 876 2629 985 876 2630 987 877 2631 986 877 2632 988 877 2633 989 878 2634 985 878 2635 986 878 2636 987 879 2637 989 879 2638 986 879 2639 990 880 2640 988 880 2641 991 880 2642 990 881 2643 987 881 2644 988 881 2645 992 882 2646 991 882 2647 993 882 2648 992 883 2649 990 883 2650 991 883 2651 994 884 2652 993 884 2653 995 884 2654 994 885 2655 992 885 2656 993 885 2657 903 886 2658 995 886 2659 904 886 2660 903 887 2661 994 887 2662 995 887 2663 868 888 2664 996 888 2665 871 888 2666 751 889 2667 873 889 2668 997 889 2669 751 890 2670 754 890 2671 873 890 2672 998 891 2673 999 891 2674 996 891 2675 751 892 2676 997 892 2677 1000 892 2678 868 893 2679 998 893 2680 996 893 2681 998 894 2682 1001 894 2683 999 894 2684 797 895 2685 1000 895 2686 1002 895 2687 797 896 2688 751 896 2689 1000 896 2690 1003 897 2691 1004 897 2692 1001 897 2693 797 898 2694 1002 898 2695 1005 898 2696 998 899 2697 1003 899 2698 1001 899 2699 1003 900 2700 1006 900 2701 1004 900 2702 795 901 2703 1005 901 2704 1007 901 2705 795 902 2706 797 902 2707 1005 902 2708 1008 903 2709 1009 903 2710 1006 903 2711 795 904 2712 1007 904 2713 1010 904 2714 1003 905 2715 1008 905 2716 1006 905 2717 1008 906 2718 1011 906 2719 1009 906 2720 793 907 2721 1010 907 2722 1012 907 2723 793 908 2724 795 908 2725 1010 908 2726 1013 909 2727 1014 909 2728 1011 909 2729 793 910 2730 1012 910 2731 1015 910 2732 1008 911 2733 1013 911 2734 1011 911 2735 1013 912 2736 1016 912 2737 1014 912 2738 791 913 2739 1015 913 2740 1017 913 2741 791 914 2742 793 914 2743 1015 914 2744 1018 915 2745 1019 915 2746 1016 915 2747 791 916 2748 1017 916 2749 1020 916 2750 1013 917 2751 1018 917 2752 1016 917 2753 1018 918 2754 1021 918 2755 1019 918 2756 789 919 2757 1020 919 2758 1022 919 2759 789 920 2760 791 920 2761 1020 920 2762 1023 921 2763 1024 921 2764 1021 921 2765 787 922 2766 1022 922 2767 1025 922 2768 1018 923 2769 1023 923 2770 1021 923 2771 787 924 2772 789 924 2773 1022 924 2774 1026 925 2775 1027 925 2776 1024 925 2777 787 926 2778 1025 926 2779 1028 926 2780 1023 927 2781 1026 927 2782 1024 927 2783 1026 928 2784 1029 928 2785 1027 928 2786 785 929 2787 1028 929 2788 1030 929 2789 785 930 2790 787 930 2791 1028 930 2792 1031 931 2793 1032 931 2794 1029 931 2795 785 932 2796 1030 932 2797 1033 932 2798 1026 933 2799 1031 933 2800 1029 933 2801 1031 934 2802 1034 934 2803 1032 934 2804 783 935 2805 1033 935 2806 1035 935 2807 783 936 2808 785 936 2809 1033 936 2810 1036 937 2811 1037 937 2812 1034 937 2813 783 938 2814 1035 938 2815 1038 938 2816 1031 939 2817 1036 939 2818 1034 939 2819 1036 940 2820 1039 940 2821 1037 940 2822 780 941 2823 1038 941 2824 1040 941 2825 780 942 2826 783 942 2827 1038 942 2828 807 943 2829 1041 943 2830 1039 943 2831 780 944 2832 1040 944 2833 1042 944 2834 1036 945 2835 807 945 2836 1039 945 2837 807 946 2838 801 946 2839 1041 946 2840 782 947 2841 1042 947 2842 813 947 2843 782 948 2844 780 948 2845 1042 948 2846 1043 949 2847 809 949 2848 1044 949 2849 808 950 2850 809 950 2851 1043 950 2852 1045 951 2853 1044 951 2854 1046 951 2855 1043 952 2856 1044 952 2857 1045 952 2858 1047 953 2859 1046 953 2860 1048 953 2861 1047 954 2862 1045 954 2863 1046 954 2864 1049 955 2865 1048 955 2866 1050 955 2867 1049 956 2868 1047 956 2869 1048 956 2870 1051 957 2871 1050 957 2872 1052 957 2873 1051 958 2874 1049 958 2875 1050 958 2876 1053 959 2877 1052 959 2878 1054 959 2879 1055 960 2880 1051 960 2881 1052 960 2882 1053 961 2883 1055 961 2884 1052 961 2885 1056 962 2886 1054 962 2887 1057 962 2888 1056 963 2889 1053 963 2890 1054 963 2891 1058 964 2892 1057 964 2893 1059 964 2894 1058 965 2895 1056 965 2896 1057 965 2897 1060 966 2898 1059 966 2899 1061 966 2900 1060 967 2901 1058 967 2902 1059 967 2903 1062 968 2904 1061 968 2905 877 968 2906 1063 969 2907 1060 969 2908 1061 969 2909 1062 970 2910 1063 970 2911 1061 970 2912 874 971 2913 1062 971 2914 877 971 2915 965 972 2916 1064 972 2917 968 972 2918 1065 973 2919 971 973 2920 1066 973 2921 969 974 2922 971 974 2923 1067 974 2924 1068 975 2925 1067 975 2926 971 975 2927 1065 976 2928 1068 976 2929 971 976 2930 1069 977 2931 1070 977 2932 1064 977 2933 1071 978 2934 1066 978 2935 1072 978 2936 965 979 2937 1069 979 2938 1064 979 2939 1073 980 2940 1065 980 2941 1066 980 2942 1071 981 2943 1073 981 2944 1066 981 2945 1074 982 2946 1075 982 2947 1070 982 2948 1076 983 2949 1072 983 2950 1077 983 2951 1069 984 2952 1074 984 2953 1070 984 2954 1076 985 2955 1071 985 2956 1072 985 2957 1078 986 2958 1079 986 2959 1075 986 2960 1080 987 2961 1077 987 2962 1081 987 2963 1074 988 2964 1078 988 2965 1075 988 2966 1080 989 2967 1076 989 2968 1077 989 2969 1082 990 2970 1083 990 2971 1079 990 2972 1084 991 2973 1081 991 2974 1085 991 2975 1078 992 2976 1082 992 2977 1079 992 2978 1084 993 2979 1080 993 2980 1081 993 2981 1086 994 2982 1087 994 2983 1083 994 2984 1088 995 2985 1085 995 2986 1089 995 2987 1082 996 2988 1086 996 2989 1083 996 2990 1088 997 2991 1084 997 2992 1085 997 2993 1090 998 2994 1091 998 2995 1087 998 2996 1092 999 2997 1089 999 2998 1093 999 2999 1086 1000 3000 1090 1000 3001 1087 1000 3002 1094 1001 3003 1088 1001 3004 1089 1001 3005 1092 1002 3006 1094 1002 3007 1089 1002 3008 1095 1003 3009 1096 1003 3010 1091 1003 3011 1097 1004 3012 1093 1004 3013 1098 1004 3014 1090 1005 3015 1095 1005 3016 1091 1005 3017 1097 1006 3018 1092 1006 3019 1093 1006 3020 1099 1007 3021 1100 1007 3022 1096 1007 3023 1101 1008 3024 1098 1008 3025 1102 1008 3026 1095 1009 3027 1099 1009 3028 1096 1009 3029 1101 1010 3030 1097 1010 3031 1098 1010 3032 1103 1011 3033 900 1011 3034 1100 1011 3035 1104 1012 3036 1102 1012 3037 914 1012 3038 1099 1013 3039 1103 1013 3040 1100 1013 3041 1101 1014 3042 1102 1014 3043 1104 1014 3044 1103 1015 3045 906 1015 3046 900 1015 3047 913 1016 3048 1104 1016 3049 914 1016 3050 1105 1017 3051 908 1017 3052 1106 1017 3053 1105 1018 3054 907 1018 3055 908 1018 3056 1107 1019 3057 1106 1019 3058 1108 1019 3059 1107 1020 3060 1105 1020 3061 1106 1020 3062 1109 1021 3063 1108 1021 3064 1110 1021 3065 1111 1022 3066 1107 1022 3067 1108 1022 3068 1109 1023 3069 1111 1023 3070 1108 1023 3071 1112 1024 3072 1110 1024 3073 1113 1024 3074 1112 1025 3075 1109 1025 3076 1110 1025 3077 1114 1026 3078 1113 1026 3079 1115 1026 3080 1114 1027 3081 1112 1027 3082 1113 1027 3083 1116 1028 3084 1115 1028 3085 1117 1028 3086 1118 1029 3087 1114 1029 3088 1115 1029 3089 1116 1030 3090 1118 1030 3091 1115 1030 3092 1119 1031 3093 1117 1031 3094 1120 1031 3095 1119 1032 3096 1116 1032 3097 1117 1032 3098 1121 1033 3099 1120 1033 3100 1122 1033 3101 1121 1034 3102 1119 1034 3103 1120 1034 3104 1123 1035 3105 1122 1035 3106 1124 1035 3107 1121 1036 3108 1122 1036 3109 1123 1036 3110 1125 1037 3111 1124 1037 3112 976 1037 3113 1123 1038 3114 1124 1038 3115 1125 1038 3116 1125 1039 3117 976 1039 3118 973 1039 3119 1126 1040 3120 1127 1040 3121 1128 1040 3122 1129 1041 3123 1128 1041 3124 1130 1041 3125 1126 1042 3126 1128 1042 3127 1129 1042 3128 1131 1043 3129 1132 1043 3130 1127 1043 3131 1126 1044 3132 1131 1044 3133 1127 1044 3134 1133 1045 3135 1134 1045 3136 1132 1045 3137 1131 1046 3138 1133 1046 3139 1132 1046 3140 1135 1047 3141 1136 1047 3142 1134 1047 3143 1133 1048 3144 1135 1048 3145 1134 1048 3146 1137 1049 3147 1138 1049 3148 1136 1049 3149 1135 1050 3150 1137 1050 3151 1136 1050 3152 1137 1051 3153 1139 1051 3154 1138 1051 3155 1140 1052 3156 1141 1052 3157 1139 1052 3158 1137 1053 3159 1140 1053 3160 1139 1053 3161 1142 1054 3162 1143 1054 3163 1141 1054 3164 1140 1055 3165 1142 1055 3166 1141 1055 3167 1144 1056 3168 1145 1056 3169 1143 1056 3170 1142 1057 3171 1144 1057 3172 1143 1057 3173 1146 1058 3174 1147 1058 3175 1145 1058 3176 1144 1059 3177 1146 1059 3178 1145 1059 3179 1148 1060 3180 1149 1060 3181 1147 1060 3182 1150 1061 3183 1148 1061 3184 1147 1061 3185 1146 1062 3186 1150 1062 3187 1147 1062 3188 1151 1063 3189 1152 1063 3190 1149 1063 3191 1148 1064 3192 1151 1064 3193 1149 1064 3194 1153 1065 3195 1154 1065 3196 1152 1065 3197 1151 1066 3198 1153 1066 3199 1152 1066 3200 1155 1067 3201 1156 1067 3202 1154 1067 3203 1153 1068 3204 1155 1068 3205 1154 1068 3206 1157 1069 3207 1158 1069 3208 1156 1069 3209 1155 1070 3210 1157 1070 3211 1156 1070 3212 1159 1071 3213 1160 1071 3214 1158 1071 3215 1157 1072 3216 1159 1072 3217 1158 1072 3218 1159 1073 3219 1161 1073 3220 1160 1073 3221 1162 1074 3222 1163 1074 3223 1161 1074 3224 1159 1075 3225 1162 1075 3226 1161 1075 3227 1164 1076 3228 1165 1076 3229 1163 1076 3230 1162 1077 3231 1164 1077 3232 1163 1077 3233 1166 1078 3234 1167 1078 3235 1165 1078 3236 1164 1079 3237 1166 1079 3238 1165 1079 3239 1168 1080 3240 1130 1080 3241 1167 1080 3242 1166 1081 3243 1168 1081 3244 1167 1081 3245 1169 1082 3246 1129 1082 3247 1130 1082 3248 1168 1083 3249 1169 1083 3250 1130 1083 3251 1170 1084 3252 1171 1084 3253 1172 1084 3254 1173 1085 3255 1172 1085 3256 1174 1085 3257 1170 1086 3258 1172 1086 3259 1173 1086 3260 1175 1087 3261 1176 1087 3262 1171 1087 3263 1170 1088 3264 1175 1088 3265 1171 1088 3266 1177 1089 3267 1178 1089 3268 1176 1089 3269 1175 1090 3270 1177 1090 3271 1176 1090 3272 1179 1091 3273 1180 1091 3274 1178 1091 3275 1177 1092 3276 1179 1092 3277 1178 1092 3278 1181 1093 3279 1182 1093 3280 1180 1093 3281 1179 1094 3282 1181 1094 3283 1180 1094 3284 1181 1095 3285 1183 1095 3286 1182 1095 3287 1184 1096 3288 1185 1096 3289 1183 1096 3290 1181 1097 3291 1184 1097 3292 1183 1097 3293 1186 1098 3294 1187 1098 3295 1185 1098 3296 1184 1099 3297 1186 1099 3298 1185 1099 3299 1188 1100 3300 1189 1100 3301 1187 1100 3302 1186 1101 3303 1188 1101 3304 1187 1101 3305 1190 1102 3306 1191 1102 3307 1189 1102 3308 1188 1103 3309 1190 1103 3310 1189 1103 3311 1192 1104 3312 1193 1104 3313 1191 1104 3314 1194 1105 3315 1192 1105 3316 1191 1105 3317 1190 1106 3318 1194 1106 3319 1191 1106 3320 1195 1107 3321 1196 1107 3322 1193 1107 3323 1192 1108 3324 1195 1108 3325 1193 1108 3326 1197 1109 3327 1198 1109 3328 1196 1109 3329 1195 1110 3330 1197 1110 3331 1196 1110 3332 1199 1111 3333 1200 1111 3334 1198 1111 3335 1197 1112 3336 1199 1112 3337 1198 1112 3338 1201 1113 3339 1202 1113 3340 1200 1113 3341 1199 1114 3342 1201 1114 3343 1200 1114 3344 1203 1115 3345 1204 1115 3346 1202 1115 3347 1201 1116 3348 1203 1116 3349 1202 1116 3350 1203 1117 3351 1205 1117 3352 1204 1117 3353 1206 1118 3354 1207 1118 3355 1205 1118 3356 1203 1119 3357 1206 1119 3358 1205 1119 3359 1208 1120 3360 1209 1120 3361 1207 1120 3362 1206 1121 3363 1208 1121 3364 1207 1121 3365 1210 1122 3366 1211 1122 3367 1209 1122 3368 1208 1123 3369 1210 1123 3370 1209 1123 3371 1212 1124 3372 1174 1124 3373 1211 1124 3374 1210 1125 3375 1212 1125 3376 1211 1125 3377 1213 1126 3378 1173 1126 3379 1174 1126 3380 1212 1127 3381 1213 1127 3382 1174 1127 3383 1214 1128 3384 1215 1128 3385 1216 1128 3386 1217 1129 3387 1216 1129 3388 1218 1129 3389 1214 1130 3390 1216 1130 3391 1217 1130 3392 1219 1131 3393 1220 1131 3394 1215 1131 3395 1214 1132 3396 1219 1132 3397 1215 1132 3398 1221 1133 3399 1222 1133 3400 1220 1133 3401 1219 1134 3402 1221 1134 3403 1220 1134 3404 1223 1135 3405 1224 1135 3406 1222 1135 3407 1221 1136 3408 1223 1136 3409 1222 1136 3410 1223 1137 3411 1225 1137 3412 1224 1137 3413 1226 1138 3414 1227 1138 3415 1225 1138 3416 1223 1139 3417 1226 1139 3418 1225 1139 3419 1228 1140 3420 1229 1140 3421 1227 1140 3422 1226 1141 3423 1228 1141 3424 1227 1141 3425 1230 1142 3426 1231 1142 3427 1229 1142 3428 1228 1143 3429 1230 1143 3430 1229 1143 3431 1232 1144 3432 1233 1144 3433 1231 1144 3434 1234 1145 3435 1232 1145 3436 1231 1145 3437 1230 1146 3438 1234 1146 3439 1231 1146 3440 1235 1147 3441 1236 1147 3442 1233 1147 3443 1232 1148 3444 1235 1148 3445 1233 1148 3446 1237 1149 3447 1238 1149 3448 1236 1149 3449 1235 1150 3450 1237 1150 3451 1236 1150 3452 1239 1151 3453 1240 1151 3454 1238 1151 3455 1237 1152 3456 1239 1152 3457 1238 1152 3458 1241 1153 3459 1242 1153 3460 1240 1153 3461 1239 1154 3462 1241 1154 3463 1240 1154 3464 1241 1155 3465 1243 1155 3466 1242 1155 3467 1244 1156 3468 1245 1156 3469 1243 1156 3470 1241 1157 3471 1244 1157 3472 1243 1157 3473 1246 1158 3474 1247 1158 3475 1245 1158 3476 1244 1159 3477 1246 1159 3478 1245 1159 3479 1248 1160 3480 1218 1160 3481 1247 1160 3482 1246 1161 3483 1248 1161 3484 1247 1161 3485 1249 1162 3486 1217 1162 3487 1218 1162 3488 1248 1163 3489 1249 1163 3490 1218 1163 3491 1250 1164 3492 1251 1164 3493 1252 1164 3494 1253 1165 3495 1254 1165 3496 1255 1165 3497 1253 1166 3498 1255 1166 3499 1256 1166 3500 1257 1167 3501 1252 1167 3502 1258 1167 3503 1257 1168 3504 1250 1168 3505 1252 1168 3506 1259 1169 3507 1258 1169 3508 1260 1169 3509 1259 1170 3510 1257 1170 3511 1258 1170 3512 1261 1171 3513 1260 1171 3514 1262 1171 3515 1261 1172 3516 1259 1172 3517 1260 1172 3518 1263 1173 3519 1262 1173 3520 1264 1173 3521 1263 1174 3522 1261 1174 3523 1262 1174 3524 1265 1175 3525 1264 1175 3526 1266 1175 3527 1265 1176 3528 1263 1176 3529 1264 1176 3530 1267 1177 3531 1266 1177 3532 1268 1177 3533 1267 1178 3534 1265 1178 3535 1266 1178 3536 1269 1179 3537 1268 1179 3538 1270 1179 3539 1269 1180 3540 1267 1180 3541 1268 1180 3542 1271 1181 3543 1270 1181 3544 1272 1181 3545 1271 1182 3546 1269 1182 3547 1270 1182 3548 1273 1183 3549 1274 1183 3550 1275 1183 3551 1271 1184 3552 1272 1184 3553 1276 1184 3554 1277 1185 3555 1275 1185 3556 1278 1185 3557 1277 1186 3558 1273 1186 3559 1275 1186 3560 1279 1187 3561 1278 1187 3562 1280 1187 3563 1279 1188 3564 1277 1188 3565 1278 1188 3566 1281 1189 3567 1280 1189 3568 1282 1189 3569 1281 1190 3570 1279 1190 3571 1280 1190 3572 1283 1191 3573 1282 1191 3574 1284 1191 3575 1283 1192 3576 1281 1192 3577 1282 1192 3578 1285 1193 3579 1284 1193 3580 1286 1193 3581 1285 1194 3582 1283 1194 3583 1284 1194 3584 1287 1195 3585 1286 1195 3586 1288 1195 3587 1287 1196 3588 1285 1196 3589 1286 1196 3590 1289 1197 3591 1288 1197 3592 1254 1197 3593 1289 1198 3594 1287 1198 3595 1288 1198 3596 1253 1199 3597 1289 1199 3598 1254 1199 3599 1290 1200 3600 1291 1200 3601 1292 1200 3602 1293 1201 3603 1294 1201 3604 1295 1201 3605 1296 1202 3606 1290 1202 3607 1292 1202 3608 1297 1203 3609 1296 1203 3610 1292 1203 3611 1298 1204 3612 1299 1204 3613 1300 1204 3614 1298 1205 3615 1300 1205 3616 1301 1205 3617 1302 1206 3618 1303 1206 3619 1291 1206 3620 1304 1207 3621 1295 1207 3622 1305 1207 3623 1290 1208 3624 1302 1208 3625 1291 1208 3626 1306 1209 3627 1293 1209 3628 1295 1209 3629 1304 1210 3630 1306 1210 3631 1295 1210 3632 1307 1211 3633 1308 1211 3634 1303 1211 3635 1309 1212 3636 1305 1212 3637 1310 1212 3638 1302 1213 3639 1307 1213 3640 1303 1213 3641 1309 1214 3642 1304 1214 3643 1305 1214 3644 1311 1215 3645 1312 1215 3646 1308 1215 3647 1313 1216 3648 1310 1216 3649 1314 1216 3650 1307 1217 3651 1311 1217 3652 1308 1217 3653 1313 1218 3654 1309 1218 3655 1310 1218 3656 1315 1219 3657 1314 1219 3658 1316 1219 3659 1315 1220 3660 1313 1220 3661 1314 1220 3662 1317 1221 3663 1316 1221 3664 1318 1221 3665 1317 1222 3666 1315 1222 3667 1316 1222 3668 1319 1223 3669 1318 1223 3670 1320 1223 3671 1319 1224 3672 1317 1224 3673 1318 1224 3674 1321 1225 3675 1320 1225 3676 1322 1225 3677 1321 1226 3678 1319 1226 3679 1320 1226 3680 1323 1227 3681 1322 1227 3682 1324 1227 3683 1323 1228 3684 1321 1228 3685 1322 1228 3686 1297 1229 3687 1325 1229 3688 1296 1229 3689 1326 1230 3690 1327 1230 3691 1328 1230 3692 1329 1231 3693 1323 1231 3694 1324 1231 3695 1330 1232 3696 1331 1232 3697 1325 1232 3698 1332 1233 3699 1328 1233 3700 1333 1233 3701 1297 1234 3702 1330 1234 3703 1325 1234 3704 1334 1235 3705 1326 1235 3706 1328 1235 3707 1332 1236 3708 1334 1236 3709 1328 1236 3710 1335 1237 3711 1336 1237 3712 1331 1237 3713 1337 1238 3714 1333 1238 3715 1338 1238 3716 1330 1239 3717 1335 1239 3718 1331 1239 3719 1337 1240 3720 1332 1240 3721 1333 1240 3722 1339 1241 3723 1340 1241 3724 1336 1241 3725 1341 1242 3726 1338 1242 3727 1342 1242 3728 1335 1243 3729 1339 1243 3730 1336 1243 3731 1341 1244 3732 1337 1244 3733 1338 1244 3734 1343 1245 3735 1342 1245 3736 1344 1245 3737 1343 1246 3738 1341 1246 3739 1342 1246 3740 1345 1247 3741 1344 1247 3742 1346 1247 3743 1345 1248 3744 1343 1248 3745 1344 1248 3746 1347 1249 3747 1346 1249 3748 1348 1249 3749 1347 1250 3750 1345 1250 3751 1346 1250 3752 1349 1251 3753 1348 1251 3754 1299 1251 3755 1349 1252 3756 1347 1252 3757 1348 1252 3758 1298 1253 3759 1349 1253 3760 1299 1253 3761 1306 1254 3762 1350 1254 3763 1351 1254 3764 1301 1255 3765 1352 1255 3766 1353 1255 3767 1306 1256 3768 1351 1256 3769 1293 1256 3770 1329 1257 3771 1354 1257 3772 1355 1257 3773 1334 1258 3774 1356 1258 3775 1357 1258 3776 1334 1259 3777 1357 1259 3778 1326 1259 3779 1321 1260 3780 1355 1260 3781 1358 1260 3782 1323 1261 3783 1355 1261 3784 1321 1261 3785 1329 1262 3786 1355 1262 3787 1323 1262 3788 1319 1263 3789 1358 1263 3790 1359 1263 3791 1321 1264 3792 1358 1264 3793 1319 1264 3794 1317 1265 3795 1359 1265 3796 1360 1265 3797 1319 1266 3798 1359 1266 3799 1317 1266 3800 1315 1267 3801 1360 1267 3802 1361 1267 3803 1317 1268 3804 1360 1268 3805 1315 1268 3806 1313 1269 3807 1361 1269 3808 1362 1269 3809 1315 1270 3810 1361 1270 3811 1313 1270 3812 1309 1271 3813 1362 1271 3814 1363 1271 3815 1313 1272 3816 1362 1272 3817 1309 1272 3818 1304 1273 3819 1363 1273 3820 1350 1273 3821 1309 1274 3822 1363 1274 3823 1304 1274 3824 1304 1275 3825 1350 1275 3826 1306 1275 3827 1349 1276 3828 1353 1276 3829 1364 1276 3830 1298 1277 3831 1301 1277 3832 1353 1277 3833 1298 1278 3834 1353 1278 3835 1349 1278 3836 1347 1279 3837 1364 1279 3838 1365 1279 3839 1349 1280 3840 1364 1280 3841 1347 1280 3842 1345 1281 3843 1365 1281 3844 1366 1281 3845 1347 1282 3846 1365 1282 3847 1345 1282 3848 1343 1283 3849 1366 1283 3850 1367 1283 3851 1345 1284 3852 1366 1284 3853 1343 1284 3854 1341 1285 3855 1367 1285 3856 1368 1285 3857 1343 1286 3858 1367 1286 3859 1341 1286 3860 1337 1287 3861 1368 1287 3862 1369 1287 3863 1341 1288 3864 1368 1288 3865 1337 1288 3866 1332 1289 3867 1369 1289 3868 1356 1289 3869 1337 1290 3870 1369 1290 3871 1332 1290 3872 1332 1291 3873 1356 1291 3874 1334 1291 3875 1370 1292 3876 1371 1292 3877 1372 1292 3878 1373 1293 3879 1374 1293 3880 1375 1293 3881 1376 1294 3882 1370 1294 3883 1372 1294 3884 1377 1295 3885 1378 1295 3886 1379 1295 3887 1373 1296 3888 1380 1296 3889 1374 1296 3890 1377 1297 3891 1379 1297 3892 1381 1297 3893 1382 1298 3894 1383 1298 3895 1371 1298 3896 1384 1299 3897 1375 1299 3898 1385 1299 3899 1370 1300 3900 1382 1300 3901 1371 1300 3902 1384 1301 3903 1373 1301 3904 1375 1301 3905 1386 1302 3906 1387 1302 3907 1383 1302 3908 1388 1303 3909 1385 1303 3910 1389 1303 3911 1382 1304 3912 1386 1304 3913 1383 1304 3914 1388 1305 3915 1384 1305 3916 1385 1305 3917 1390 1306 3918 1391 1306 3919 1387 1306 3920 1392 1307 3921 1389 1307 3922 1393 1307 3923 1386 1308 3924 1390 1308 3925 1387 1308 3926 1392 1309 3927 1388 1309 3928 1389 1309 3929 1394 1310 3930 1395 1310 3931 1391 1310 3932 1396 1311 3933 1393 1311 3934 1397 1311 3935 1390 1312 3936 1394 1312 3937 1391 1312 3938 1396 1313 3939 1392 1313 3940 1393 1313 3941 1394 1314 3942 1398 1314 3943 1395 1314 3944 1396 1315 3945 1397 1315 3946 1399 1315 3947 1400 1316 3948 1401 1316 3949 1398 1316 3950 1402 1317 3951 1399 1317 3952 1403 1317 3953 1394 1318 3954 1400 1318 3955 1398 1318 3956 1402 1319 3957 1396 1319 3958 1399 1319 3959 1404 1320 3960 1405 1320 3961 1401 1320 3962 1406 1321 3963 1403 1321 3964 1407 1321 3965 1400 1322 3966 1404 1322 3967 1401 1322 3968 1406 1323 3969 1402 1323 3970 1403 1323 3971 1408 1324 3972 1409 1324 3973 1405 1324 3974 1410 1325 3975 1407 1325 3976 1411 1325 3977 1404 1326 3978 1408 1326 3979 1405 1326 3980 1410 1327 3981 1406 1327 3982 1407 1327 3983 1412 1328 3984 1413 1328 3985 1409 1328 3986 1414 1329 3987 1411 1329 3988 1415 1329 3989 1416 1330 3990 1412 1330 3991 1409 1330 3992 1408 1331 3993 1416 1331 3994 1409 1331 3995 1414 1332 3996 1410 1332 3997 1411 1332 3998 1417 1333 3999 1418 1333 4000 1419 1333 4001 1417 1334 4002 1420 1334 4003 1418 1334 4004 1421 1335 4005 1418 1335 4006 1420 1335 4007 1422 1336 4008 1414 1336 4009 1415 1336 4010 1423 1337 4011 1424 1337 4012 1418 1337 4013 1421 1338 4014 1423 1338 4015 1418 1338 4016 1425 1339 4017 1426 1339 4018 1427 1339 4019 954 1340 4020 1427 1340 4021 1428 1340 4022 1429 1341 4023 1427 1341 4024 954 1341 4025 1425 1342 4026 1427 1342 4027 1429 1342 4028 950 1343 4029 1428 1343 4030 1430 1343 4031 954 1344 4032 1428 1344 4033 950 1344 4034 945 1345 4035 1430 1345 4036 1431 1345 4037 950 1346 4038 1430 1346 4039 945 1346 4040 947 1347 4041 1431 1347 4042 1432 1347 4043 945 1348 4044 1431 1348 4045 947 1348 4046 938 1349 4047 1432 1349 4048 1433 1349 4049 942 1350 4050 1432 1350 4051 938 1350 4052 947 1351 4053 1432 1351 4054 942 1351 4055 934 1352 4056 1433 1352 4057 1434 1352 4058 938 1353 4059 1433 1353 4060 934 1353 4061 930 1354 4062 1434 1354 4063 1435 1354 4064 934 1355 4065 1434 1355 4066 930 1355 4067 925 1356 4068 1435 1356 4069 1436 1356 4070 930 1357 4071 1435 1357 4072 925 1357 4073 1437 1358 4074 1436 1358 4075 1438 1358 4076 925 1359 4077 1436 1359 4078 927 1359 4079 1437 1360 4080 927 1360 4081 1436 1360 4082 1377 1361 4083 1439 1361 4084 1378 1361 4085 1440 1362 4086 1441 1362 4087 1442 1362 4088 1443 1363 4089 1444 1363 4090 1445 1363 4091 1446 1364 4092 1447 1364 4093 1448 1364 4094 1443 1365 4095 1449 1365 4096 1444 1365 4097 1450 1366 4098 1444 1366 4099 1449 1366 4100 1446 1367 4101 1448 1367 4102 1451 1367 4103 1452 1368 4104 1453 1368 4105 1444 1368 4106 1450 1369 4107 1452 1369 4108 1444 1369 4109 1440 1370 4110 1454 1370 4111 1441 1370 4112 1455 1371 4113 1456 1371 4114 1457 1371 4115 1440 1372 4116 1458 1372 4117 1454 1372 4118 1101 1373 4119 1457 1373 4120 1459 1373 4121 1460 1374 4122 1457 1374 4123 1101 1374 4124 1455 1375 4125 1457 1375 4126 1460 1375 4127 1461 1376 4128 1462 1376 4129 1458 1376 4130 1097 1377 4131 1459 1377 4132 1463 1377 4133 1440 1378 4134 1461 1378 4135 1458 1378 4136 1101 1379 4137 1459 1379 4138 1097 1379 4139 1464 1380 4140 1465 1380 4141 1462 1380 4142 1092 1381 4143 1463 1381 4144 1466 1381 4145 1461 1382 4146 1464 1382 4147 1462 1382 4148 1097 1383 4149 1463 1383 4150 1092 1383 4151 1467 1384 4152 1468 1384 4153 1465 1384 4154 1094 1385 4155 1466 1385 4156 1469 1385 4157 1464 1386 4158 1467 1386 4159 1465 1386 4160 1092 1387 4161 1466 1387 4162 1094 1387 4163 1470 1388 4164 1471 1388 4165 1468 1388 4166 1088 1389 4167 1469 1389 4168 1472 1389 4169 1473 1390 4170 1470 1390 4171 1468 1390 4172 1467 1391 4173 1473 1391 4174 1468 1391 4175 1094 1392 4176 1469 1392 4177 1088 1392 4178 1474 1393 4179 1475 1393 4180 1471 1393 4181 1080 1394 4182 1472 1394 4183 1476 1394 4184 1470 1395 4185 1474 1395 4186 1471 1395 4187 1084 1396 4188 1472 1396 4189 1080 1396 4190 1088 1397 4191 1472 1397 4192 1084 1397 4193 1477 1398 4194 1478 1398 4195 1475 1398 4196 1076 1399 4197 1476 1399 4198 1479 1399 4199 1474 1400 4200 1477 1400 4201 1475 1400 4202 1080 1401 4203 1476 1401 4204 1076 1401 4205 1480 1402 4206 1481 1402 4207 1478 1402 4208 1071 1403 4209 1479 1403 4210 1482 1403 4211 1477 1404 4212 1480 1404 4213 1478 1404 4214 1076 1405 4215 1479 1405 4216 1071 1405 4217 1483 1406 4218 1484 1406 4219 1481 1406 4220 1485 1407 4221 1482 1407 4222 1486 1407 4223 1480 1408 4224 1483 1408 4225 1481 1408 4226 1071 1409 4227 1482 1409 4228 1073 1409 4229 1485 1410 4230 1073 1410 4231 1482 1410 4232 1487 1411 4233 1488 1411 4234 1489 1411 4235 1487 1412 4236 1490 1412 4237 1488 1412 4238 1491 1413 4239 1492 1413 4240 1493 1413 4241 1494 1414 4242 1492 1414 4243 1491 1414 4244 1487 1415 4245 1489 1415 4246 1495 1415 4247 1496 1416 4248 1493 1416 4249 1497 1416 4250 1491 1417 4251 1493 1417 4252 1496 1417 4253 1498 1418 4254 1497 1418 4255 1499 1418 4256 1496 1419 4257 1497 1419 4258 1498 1419 4259 1500 1420 4260 1499 1420 4261 1501 1420 4262 1498 1421 4263 1499 1421 4264 1500 1421 4265 1500 1422 4266 1501 1422 4267 1502 1422 4268 1503 1423 4269 1502 1423 4270 1504 1423 4271 1500 1424 4272 1502 1424 4273 1503 1424 4274 1505 1425 4275 1504 1425 4276 1506 1425 4277 1503 1426 4278 1504 1426 4279 1505 1426 4280 1507 1427 4281 1506 1427 4282 1508 1427 4283 1505 1428 4284 1506 1428 4285 1507 1428 4286 1509 1429 4287 1508 1429 4288 1447 1429 4289 1507 1430 4290 1508 1430 4291 1509 1430 4292 1509 1431 4293 1447 1431 4294 1446 1431 4295 1510 1432 4296 1511 1432 4297 1512 1432 4298 1513 1433 4299 1514 1433 4300 1515 1433 4301 1380 1434 4302 1516 1434 4303 1517 1434 4304 1377 1435 4305 1381 1435 4306 1514 1435 4307 1513 1436 4308 1377 1436 4309 1514 1436 4310 1510 1437 4311 1518 1437 4312 1511 1437 4313 1519 1438 4314 1520 1438 4315 1521 1438 4316 1519 1439 4317 1522 1439 4318 1520 1439 4319 1523 1440 4320 1515 1440 4321 1524 1440 4322 1525 1441 4323 1513 1441 4324 1515 1441 4325 1526 1442 4326 1525 1442 4327 1515 1442 4328 1523 1443 4329 1526 1443 4330 1515 1443 4331 1527 1444 4332 1528 1444 4333 1518 1444 4334 1529 1445 4335 1521 1445 4336 1530 1445 4337 1510 1446 4338 1527 1446 4339 1518 1446 4340 1529 1447 4341 1519 1447 4342 1521 1447 4343 1531 1448 4344 1532 1448 4345 1528 1448 4346 1533 1449 4347 1530 1449 4348 1534 1449 4349 1527 1450 4350 1531 1450 4351 1528 1450 4352 1533 1451 4353 1529 1451 4354 1530 1451 4355 1535 1452 4356 1536 1452 4357 1532 1452 4358 1537 1453 4359 1534 1453 4360 1538 1453 4361 1531 1454 4362 1535 1454 4363 1532 1454 4364 1537 1455 4365 1533 1455 4366 1534 1455 4367 1539 1456 4368 1540 1456 4369 1536 1456 4370 1537 1457 4371 1538 1457 4372 1541 1457 4373 1535 1458 4374 1539 1458 4375 1536 1458 4376 1542 1459 4377 1543 1459 4378 1540 1459 4379 1544 1460 4380 1541 1460 4381 1545 1460 4382 1539 1461 4383 1542 1461 4384 1540 1461 4385 1544 1462 4386 1537 1462 4387 1541 1462 4388 1546 1463 4389 1547 1463 4390 1543 1463 4391 1548 1464 4392 1545 1464 4393 1549 1464 4394 1542 1465 4395 1546 1465 4396 1543 1465 4397 1548 1466 4398 1544 1466 4399 1545 1466 4400 1550 1467 4401 1551 1467 4402 1547 1467 4403 1552 1468 4404 1549 1468 4405 1553 1468 4406 1546 1469 4407 1550 1469 4408 1547 1469 4409 1552 1470 4410 1548 1470 4411 1549 1470 4412 1554 1471 4413 1555 1471 4414 1551 1471 4415 1556 1472 4416 1553 1472 4417 1557 1472 4418 1550 1473 4419 1554 1473 4420 1551 1473 4421 1556 1474 4422 1552 1474 4423 1553 1474 4424 1558 1475 4425 1559 1475 4426 1555 1475 4427 1560 1476 4428 1557 1476 4429 1561 1476 4430 1554 1477 4431 1558 1477 4432 1555 1477 4433 1560 1478 4434 1556 1478 4435 1557 1478 4436 1562 1479 4437 1563 1479 4438 1564 1479 4439 1565 1480 4440 1560 1480 4441 1561 1480 4442 1566 1481 4443 1567 1481 4444 1563 1481 4445 1566 1482 4446 1563 1482 4447 1562 1482 4448 1422 1483 4449 1568 1483 4450 1569 1483 4451 1423 1484 4452 1564 1484 4453 1424 1484 4454 1570 1485 4455 1562 1485 4456 1564 1485 4457 1423 1486 4458 1570 1486 4459 1564 1486 4460 1414 1487 4461 1569 1487 4462 1571 1487 4463 1422 1488 4464 1569 1488 4465 1414 1488 4466 1410 1489 4467 1571 1489 4468 1572 1489 4469 1414 1490 4470 1571 1490 4471 1410 1490 4472 1406 1491 4473 1572 1491 4474 1573 1491 4475 1410 1492 4476 1572 1492 4477 1406 1492 4478 1402 1493 4479 1573 1493 4480 1574 1493 4481 1406 1494 4482 1573 1494 4483 1402 1494 4484 1396 1495 4485 1574 1495 4486 1575 1495 4487 1402 1496 4488 1574 1496 4489 1396 1496 4490 1388 1497 4491 1575 1497 4492 1576 1497 4493 1392 1498 4494 1575 1498 4495 1388 1498 4496 1396 1499 4497 1575 1499 4498 1392 1499 4499 1384 1500 4500 1576 1500 4501 1577 1500 4502 1388 1501 4503 1576 1501 4504 1384 1501 4505 1373 1502 4506 1577 1502 4507 1516 1502 4508 1384 1503 4509 1577 1503 4510 1373 1503 4511 1373 1504 4512 1516 1504 4513 1380 1504 4514 1578 1505 4515 1579 1505 4516 1580 1505 4517 1451 1506 4518 1581 1506 4519 1582 1506 4520 1583 1507 4521 1578 1507 4522 1580 1507 4523 1584 1508 4524 1585 1508 4525 1586 1508 4526 1452 1509 4527 1586 1509 4528 1453 1509 4529 1587 1510 4530 1584 1510 4531 1586 1510 4532 1452 1511 4533 1587 1511 4534 1586 1511 4535 1588 1512 4536 1589 1512 4537 1579 1512 4538 1446 1513 4539 1582 1513 4540 1590 1513 4541 1578 1514 4542 1588 1514 4543 1579 1514 4544 1446 1515 4545 1451 1515 4546 1582 1515 4547 1591 1516 4548 1592 1516 4549 1589 1516 4550 1509 1517 4551 1590 1517 4552 1593 1517 4553 1588 1518 4554 1591 1518 4555 1589 1518 4556 1509 1519 4557 1446 1519 4558 1590 1519 4559 1594 1520 4560 1595 1520 4561 1592 1520 4562 1507 1521 4563 1593 1521 4564 1596 1521 4565 1591 1522 4566 1594 1522 4567 1592 1522 4568 1507 1523 4569 1509 1523 4570 1593 1523 4571 1597 1524 4572 1598 1524 4573 1595 1524 4574 1505 1525 4575 1596 1525 4576 1599 1525 4577 1594 1526 4578 1597 1526 4579 1595 1526 4580 1505 1527 4581 1507 1527 4582 1596 1527 4583 1600 1528 4584 1601 1528 4585 1598 1528 4586 1503 1529 4587 1599 1529 4588 1602 1529 4589 1597 1530 4590 1600 1530 4591 1598 1530 4592 1503 1531 4593 1505 1531 4594 1599 1531 4595 1603 1532 4596 1604 1532 4597 1601 1532 4598 1498 1533 4599 1602 1533 4600 1605 1533 4601 1600 1534 4602 1603 1534 4603 1601 1534 4604 1500 1535 4605 1503 1535 4606 1602 1535 4607 1498 1536 4608 1500 1536 4609 1602 1536 4610 1606 1537 4611 1607 1537 4612 1604 1537 4613 1496 1538 4614 1605 1538 4615 1608 1538 4616 1603 1539 4617 1606 1539 4618 1604 1539 4619 1496 1540 4620 1498 1540 4621 1605 1540 4622 1609 1541 4623 1610 1541 4624 1607 1541 4625 1491 1542 4626 1608 1542 4627 1611 1542 4628 1606 1543 4629 1609 1543 4630 1607 1543 4631 1491 1544 4632 1496 1544 4633 1608 1544 4634 1612 1545 4635 1613 1545 4636 1610 1545 4637 1494 1546 4638 1611 1546 4639 1614 1546 4640 1609 1547 4641 1612 1547 4642 1610 1547 4643 1494 1548 4644 1491 1548 4645 1611 1548 4646 1615 1549 4647 1616 1549 4648 1617 1549 4649 1487 1550 4650 1495 1550 4651 1616 1550 4652 1615 1551 4653 1487 1551 4654 1616 1551 4655 1618 1552 4656 1619 1552 4657 1620 1552 4658 1621 1553 4659 1619 1553 4660 1618 1553 4661 1622 1554 4662 1617 1554 4663 1623 1554 4664 1624 1555 4665 1615 1555 4666 1617 1555 4667 1625 1556 4668 1624 1556 4669 1617 1556 4670 1622 1557 4671 1625 1557 4672 1617 1557 4673 1626 1558 4674 1620 1558 4675 1627 1558 4676 1618 1559 4677 1620 1559 4678 1626 1559 4679 1628 1560 4680 1627 1560 4681 1629 1560 4682 1626 1561 4683 1627 1561 4684 1628 1561 4685 1630 1562 4686 1629 1562 4687 1631 1562 4688 1628 1563 4689 1629 1563 4690 1630 1563 4691 1630 1564 4692 1631 1564 4693 1632 1564 4694 1633 1565 4695 1632 1565 4696 1634 1565 4697 1630 1566 4698 1632 1566 4699 1633 1566 4700 1635 1567 4701 1634 1567 4702 1636 1567 4703 1633 1568 4704 1634 1568 4705 1635 1568 4706 1637 1569 4707 1636 1569 4708 1638 1569 4709 1635 1570 4710 1636 1570 4711 1637 1570 4712 1639 1571 4713 1638 1571 4714 1640 1571 4715 1637 1572 4716 1638 1572 4717 1639 1572 4718 1641 1573 4719 1640 1573 4720 1642 1573 4721 1639 1574 4722 1640 1574 4723 1641 1574 4724 1641 1575 4725 1642 1575 4726 1643 1575 4727 1644 1576 4728 1645 1576 4729 1585 1576 4730 1644 1577 4731 1585 1577 4732 1584 1577 4733 1646 1578 4734 1647 1578 4735 1648 1578 4736 1649 1579 4737 1650 1579 4738 1651 1579 4739 1652 1580 4740 1646 1580 4741 1648 1580 4742 1523 1581 4743 1653 1581 4744 1654 1581 4745 1649 1582 4746 1655 1582 4747 1650 1582 4748 1656 1583 4749 1650 1583 4750 1655 1583 4751 1657 1584 4752 1658 1584 4753 1659 1584 4754 1523 1585 4755 1654 1585 4756 1660 1585 4757 1646 1586 4758 1661 1586 4759 1647 1586 4760 1649 1587 4761 1651 1587 4762 1662 1587 4763 1663 1588 4764 1664 1588 4765 1661 1588 4766 1665 1589 4767 1662 1589 4768 1666 1589 4769 1646 1590 4770 1663 1590 4771 1661 1590 4772 1665 1591 4773 1649 1591 4774 1662 1591 4775 1663 1592 4776 1667 1592 4777 1664 1592 4778 1665 1593 4779 1666 1593 4780 1668 1593 4781 1669 1594 4782 1670 1594 4783 1667 1594 4784 1671 1595 4785 1668 1595 4786 1672 1595 4787 1663 1596 4788 1669 1596 4789 1667 1596 4790 1671 1597 4791 1665 1597 4792 1668 1597 4793 1669 1598 4794 1673 1598 4795 1670 1598 4796 1671 1599 4797 1672 1599 4798 1674 1599 4799 1675 1600 4800 1676 1600 4801 1673 1600 4802 1677 1601 4803 1674 1601 4804 1678 1601 4805 1669 1602 4806 1675 1602 4807 1673 1602 4808 1677 1603 4809 1671 1603 4810 1674 1603 4811 1675 1604 4812 1679 1604 4813 1676 1604 4814 1677 1605 4815 1678 1605 4816 1680 1605 4817 1681 1606 4818 1682 1606 4819 1679 1606 4820 1683 1607 4821 1680 1607 4822 1684 1607 4823 1685 1608 4824 1681 1608 4825 1679 1608 4826 1675 1609 4827 1685 1609 4828 1679 1609 4829 1683 1610 4830 1677 1610 4831 1680 1610 4832 1681 1611 4833 1686 1611 4834 1682 1611 4835 1683 1612 4836 1684 1612 4837 1687 1612 4838 1688 1613 4839 1689 1613 4840 1690 1613 4841 1691 1614 4842 1683 1614 4843 1687 1614 4844 1685 1615 4845 1692 1615 4846 1681 1615 4847 1693 1616 4848 1690 1616 4849 1694 1616 4850 1693 1617 4851 1688 1617 4852 1690 1617 4853 1695 1618 4854 1696 1618 4855 1692 1618 4856 1693 1619 4857 1694 1619 4858 1697 1619 4859 1685 1620 4860 1695 1620 4861 1692 1620 4862 1698 1621 4863 1699 1621 4864 1696 1621 4865 1700 1622 4866 1697 1622 4867 1701 1622 4868 1695 1623 4869 1698 1623 4870 1696 1623 4871 1700 1624 4872 1693 1624 4873 1697 1624 4874 1698 1625 4875 1702 1625 4876 1699 1625 4877 1700 1626 4878 1701 1626 4879 1703 1626 4880 1704 1627 4881 1705 1627 4882 1702 1627 4883 1706 1628 4884 1703 1628 4885 1707 1628 4886 1698 1629 4887 1704 1629 4888 1702 1629 4889 1706 1630 4890 1700 1630 4891 1703 1630 4892 1704 1631 4893 1708 1631 4894 1705 1631 4895 1706 1632 4896 1707 1632 4897 1709 1632 4898 1710 1633 4899 1711 1633 4900 1708 1633 4901 1712 1634 4902 1709 1634 4903 1713 1634 4904 1704 1635 4905 1710 1635 4906 1708 1635 4907 1712 1636 4908 1706 1636 4909 1709 1636 4910 1710 1637 4911 1714 1637 4912 1711 1637 4913 1712 1638 4914 1713 1638 4915 1715 1638 4916 1716 1639 4917 1717 1639 4918 1714 1639 4919 1718 1640 4920 1715 1640 4921 1719 1640 4922 1710 1641 4923 1716 1641 4924 1714 1641 4925 1718 1642 4926 1712 1642 4927 1715 1642 4928 1567 1643 4929 1720 1643 4930 1721 1643 4931 1718 1644 4932 1719 1644 4933 1722 1644 4934 1723 1645 4935 1724 1645 4936 1725 1645 4937 1726 1646 4938 1720 1646 4939 1567 1646 4940 1723 1647 4941 1725 1647 4942 1727 1647 4943 1565 1648 4944 1728 1648 4945 1729 1648 4946 1560 1649 4947 1729 1649 4948 1730 1649 4949 1565 1650 4950 1729 1650 4951 1560 1650 4952 1556 1651 4953 1730 1651 4954 1731 1651 4955 1560 1652 4956 1730 1652 4957 1556 1652 4958 1552 1653 4959 1731 1653 4960 1732 1653 4961 1556 1654 4962 1731 1654 4963 1552 1654 4964 1548 1655 4965 1732 1655 4966 1733 1655 4967 1552 1656 4968 1732 1656 4969 1548 1656 4970 1544 1657 4971 1733 1657 4972 1734 1657 4973 1548 1658 4974 1733 1658 4975 1544 1658 4976 1533 1659 4977 1734 1659 4978 1735 1659 4979 1537 1660 4980 1734 1660 4981 1533 1660 4982 1544 1661 4983 1734 1661 4984 1537 1661 4985 1529 1662 4986 1735 1662 4987 1736 1662 4988 1533 1663 4989 1735 1663 4990 1529 1663 4991 1519 1664 4992 1736 1664 4993 1737 1664 4994 1529 1665 4995 1736 1665 4996 1519 1665 4997 1522 1666 4998 1737 1666 4999 1738 1666 5000 1519 1667 5001 1737 1667 5002 1522 1667 5003 1523 1668 5004 1524 1668 5005 1653 1668 5006 1739 1669 5007 1740 1669 5008 1741 1669 5009 1645 1670 5010 1742 1670 5011 1743 1670 5012 1744 1671 5013 1745 1671 5014 1746 1671 5015 1744 1672 5016 1746 1672 5017 1747 1672 5018 1748 1673 5019 1749 1673 5020 1750 1673 5021 1751 1674 5022 1742 1674 5023 1645 1674 5024 1748 1675 5025 1750 1675 5026 1752 1675 5027 1739 1676 5028 1753 1676 5029 1740 1676 5030 1643 1677 5031 1754 1677 5032 1755 1677 5033 1756 1678 5034 1757 1678 5035 1753 1678 5036 1641 1679 5037 1755 1679 5038 1758 1679 5039 1759 1680 5040 1756 1680 5041 1753 1680 5042 1739 1681 5043 1759 1681 5044 1753 1681 5045 1641 1682 5046 1643 1682 5047 1755 1682 5048 1760 1683 5049 1761 1683 5050 1757 1683 5051 1639 1684 5052 1758 1684 5053 1762 1684 5054 1763 1685 5055 1760 1685 5056 1757 1685 5057 1756 1686 5058 1763 1686 5059 1757 1686 5060 1639 1687 5061 1641 1687 5062 1758 1687 5063 1764 1688 5064 1765 1688 5065 1761 1688 5066 1637 1689 5067 1762 1689 5068 1766 1689 5069 1767 1690 5070 1764 1690 5071 1761 1690 5072 1760 1691 5073 1767 1691 5074 1761 1691 5075 1637 1692 5076 1639 1692 5077 1762 1692 5078 1768 1693 5079 1769 1693 5080 1765 1693 5081 1635 1694 5082 1766 1694 5083 1770 1694 5084 1764 1695 5085 1768 1695 5086 1765 1695 5087 1635 1696 5088 1637 1696 5089 1766 1696 5090 1771 1697 5091 1772 1697 5092 1769 1697 5093 1630 1698 5094 1770 1698 5095 1773 1698 5096 1774 1699 5097 1771 1699 5098 1769 1699 5099 1768 1700 5100 1774 1700 5101 1769 1700 5102 1633 1701 5103 1635 1701 5104 1770 1701 5105 1630 1702 5106 1633 1702 5107 1770 1702 5108 1775 1703 5109 1776 1703 5110 1772 1703 5111 1628 1704 5112 1773 1704 5113 1777 1704 5114 1778 1705 5115 1775 1705 5116 1772 1705 5117 1771 1706 5118 1778 1706 5119 1772 1706 5120 1628 1707 5121 1630 1707 5122 1773 1707 5123 1779 1708 5124 1780 1708 5125 1776 1708 5126 1626 1709 5127 1777 1709 5128 1781 1709 5129 1782 1710 5130 1779 1710 5131 1776 1710 5132 1775 1711 5133 1782 1711 5134 1776 1711 5135 1626 1712 5136 1628 1712 5137 1777 1712 5138 1783 1713 5139 1784 1713 5140 1780 1713 5141 1618 1714 5142 1781 1714 5143 1785 1714 5144 1786 1715 5145 1783 1715 5146 1780 1715 5147 1779 1716 5148 1786 1716 5149 1780 1716 5150 1618 1717 5151 1626 1717 5152 1781 1717 5153 1787 1718 5154 1788 1718 5155 1784 1718 5156 1621 1719 5157 1785 1719 5158 1789 1719 5159 1790 1720 5160 1787 1720 5161 1784 1720 5162 1783 1721 5163 1790 1721 5164 1784 1721 5165 1621 1722 5166 1618 1722 5167 1785 1722 5168 1622 1723 5169 1791 1723 5170 1792 1723 5171 1622 1724 5172 1623 1724 5173 1791 1724 5174 1793 1725 5175 1794 1725 5176 1795 1725 5177 1793 1726 5178 1796 1726 5179 1794 1726 5180 1797 1727 5181 1794 1727 5182 1796 1727 5183 1798 1728 5184 1799 1728 5185 1800 1728 5186 1622 1729 5187 1792 1729 5188 1801 1729 5189 1793 1730 5190 1795 1730 5191 1802 1730 5192 1803 1731 5193 1802 1731 5194 1804 1731 5195 1803 1732 5196 1793 1732 5197 1802 1732 5198 1803 1733 5199 1804 1733 5200 1805 1733 5201 1806 1734 5202 1805 1734 5203 1807 1734 5204 1806 1735 5205 1803 1735 5206 1805 1735 5207 1806 1736 5208 1807 1736 5209 1808 1736 5210 1809 1737 5211 1808 1737 5212 1810 1737 5213 1809 1738 5214 1806 1738 5215 1808 1738 5216 1809 1739 5217 1810 1739 5218 1811 1739 5219 1774 1740 5220 1812 1740 5221 1771 1740 5222 1813 1741 5223 1811 1741 5224 1814 1741 5225 1813 1742 5226 1809 1742 5227 1811 1742 5228 1774 1743 5229 1815 1743 5230 1812 1743 5231 1813 1744 5232 1814 1744 5233 1816 1744 5234 1817 1745 5235 1818 1745 5236 1819 1745 5237 1813 1746 5238 1816 1746 5239 1820 1746 5240 1821 1747 5241 1819 1747 5242 1822 1747 5243 1821 1748 5244 1817 1748 5245 1819 1748 5246 1821 1749 5247 1822 1749 5248 1823 1749 5249 1824 1750 5250 1823 1750 5251 1825 1750 5252 1824 1751 5253 1821 1751 5254 1823 1751 5255 1824 1752 5256 1825 1752 5257 1826 1752 5258 1827 1753 5259 1826 1753 5260 1828 1753 5261 1827 1754 5262 1824 1754 5263 1826 1754 5264 1827 1755 5265 1828 1755 5266 1829 1755 5267 1830 1756 5268 1829 1756 5269 1831 1756 5270 1830 1757 5271 1827 1757 5272 1829 1757 5273 1830 1758 5274 1831 1758 5275 1745 1758 5276 1744 1759 5277 1830 1759 5278 1745 1759 5279 1832 1760 5280 1833 1760 5281 1834 1760 5282 1820 1761 5283 1835 1761 5284 1836 1761 5285 1837 1762 5286 1832 1762 5287 1834 1762 5288 1838 1763 5289 1839 1763 5290 1840 1763 5291 1821 1764 5292 1841 1764 5293 1842 1764 5294 1821 1765 5295 1842 1765 5296 1817 1765 5297 1843 1766 5298 1844 1766 5299 1833 1766 5300 1809 1767 5301 1836 1767 5302 1845 1767 5303 1832 1768 5304 1843 1768 5305 1833 1768 5306 1813 1769 5307 1820 1769 5308 1836 1769 5309 1813 1770 5310 1836 1770 5311 1809 1770 5312 1846 1771 5313 1847 1771 5314 1844 1771 5315 1806 1772 5316 1845 1772 5317 1848 1772 5318 1843 1773 5319 1846 1773 5320 1844 1773 5321 1809 1774 5322 1845 1774 5323 1806 1774 5324 1849 1775 5325 1850 1775 5326 1847 1775 5327 1803 1776 5328 1848 1776 5329 1851 1776 5330 1846 1777 5331 1849 1777 5332 1847 1777 5333 1806 1778 5334 1848 1778 5335 1803 1778 5336 1852 1779 5337 1853 1779 5338 1850 1779 5339 1793 1780 5340 1851 1780 5341 1854 1780 5342 1849 1781 5343 1852 1781 5344 1850 1781 5345 1803 1782 5346 1851 1782 5347 1793 1782 5348 1855 1783 5349 1856 1783 5350 1853 1783 5351 1796 1784 5352 1854 1784 5353 1857 1784 5354 1852 1785 5355 1855 1785 5356 1853 1785 5357 1793 1786 5358 1854 1786 5359 1796 1786 5360 1858 1787 5361 1859 1787 5362 1856 1787 5363 1860 1788 5364 1857 1788 5365 1861 1788 5366 1855 1789 5367 1858 1789 5368 1856 1789 5369 1796 1790 5370 1857 1790 5371 1860 1790 5372 1862 1791 5373 1863 1791 5374 1859 1791 5375 1718 1792 5376 1861 1792 5377 1864 1792 5378 1858 1793 5379 1862 1793 5380 1859 1793 5381 1860 1794 5382 1861 1794 5383 1718 1794 5384 1865 1795 5385 1866 1795 5386 1863 1795 5387 1712 1796 5388 1864 1796 5389 1867 1796 5390 1862 1797 5391 1865 1797 5392 1863 1797 5393 1718 1798 5394 1864 1798 5395 1712 1798 5396 1868 1799 5397 1869 1799 5398 1866 1799 5399 1706 1800 5400 1867 1800 5401 1870 1800 5402 1865 1801 5403 1868 1801 5404 1866 1801 5405 1712 1802 5406 1867 1802 5407 1706 1802 5408 1871 1803 5409 1872 1803 5410 1869 1803 5411 1700 1804 5412 1870 1804 5413 1873 1804 5414 1868 1805 5415 1871 1805 5416 1869 1805 5417 1706 1806 5418 1870 1806 5419 1700 1806 5420 1874 1807 5421 1875 1807 5422 1872 1807 5423 1693 1808 5424 1873 1808 5425 1876 1808 5426 1871 1809 5427 1874 1809 5428 1872 1809 5429 1700 1810 5430 1873 1810 5431 1693 1810 5432 1877 1811 5433 1878 1811 5434 1879 1811 5435 1877 1812 5436 1880 1812 5437 1878 1812 5438 1691 1813 5439 1881 1813 5440 1882 1813 5441 1693 1814 5442 1876 1814 5443 1688 1814 5444 1883 1815 5445 1884 1815 5446 1885 1815 5447 1886 1816 5448 1887 1816 5449 1888 1816 5450 1886 1817 5451 1888 1817 5452 1889 1817 5453 1890 1818 5454 1885 1818 5455 1891 1818 5456 1892 1819 5457 1883 1819 5458 1885 1819 5459 1892 1820 5460 1885 1820 5461 1890 1820 5462 1893 1821 5463 1891 1821 5464 1894 1821 5465 1890 1822 5466 1891 1822 5467 1893 1822 5468 1895 1823 5469 1894 1823 5470 1896 1823 5471 1893 1824 5472 1894 1824 5473 1895 1824 5474 1897 1825 5475 1896 1825 5476 1898 1825 5477 1895 1826 5478 1896 1826 5479 1897 1826 5480 1899 1827 5481 1898 1827 5482 1900 1827 5483 1897 1828 5484 1898 1828 5485 1899 1828 5486 1901 1829 5487 1900 1829 5488 1902 1829 5489 1899 1830 5490 1900 1830 5491 1901 1830 5492 1903 1831 5493 1902 1831 5494 1904 1831 5495 1901 1832 5496 1902 1832 5497 1903 1832 5498 1905 1833 5499 1904 1833 5500 1906 1833 5501 1903 1834 5502 1904 1834 5503 1905 1834 5504 1907 1835 5505 1906 1835 5506 1908 1835 5507 1905 1836 5508 1906 1836 5509 1907 1836 5510 1909 1837 5511 1908 1837 5512 1910 1837 5513 1907 1838 5514 1908 1838 5515 1909 1838 5516 1911 1839 5517 1910 1839 5518 1912 1839 5519 1909 1840 5520 1910 1840 5521 1911 1840 5522 1913 1841 5523 1839 1841 5524 1838 1841 5525 1914 1842 5526 1915 1842 5527 1916 1842 5528 1911 1843 5529 1912 1843 5530 1917 1843 5531 1918 1844 5532 1919 1844 5533 1880 1844 5534 1677 1845 5535 1882 1845 5536 1920 1845 5537 1877 1846 5538 1918 1846 5539 1880 1846 5540 1683 1847 5541 1882 1847 5542 1677 1847 5543 1691 1848 5544 1882 1848 5545 1683 1848 5546 1921 1849 5547 1922 1849 5548 1919 1849 5549 1671 1850 5550 1920 1850 5551 1923 1850 5552 1918 1851 5553 1921 1851 5554 1919 1851 5555 1677 1852 5556 1920 1852 5557 1671 1852 5558 1924 1853 5559 1925 1853 5560 1922 1853 5561 1665 1854 5562 1923 1854 5563 1926 1854 5564 1921 1855 5565 1924 1855 5566 1922 1855 5567 1671 1856 5568 1923 1856 5569 1665 1856 5570 1927 1857 5571 1928 1857 5572 1925 1857 5573 1649 1858 5574 1926 1858 5575 1929 1858 5576 1924 1859 5577 1927 1859 5578 1925 1859 5579 1665 1860 5580 1926 1860 5581 1649 1860 5582 1930 1861 5583 1931 1861 5584 1928 1861 5585 1655 1862 5586 1929 1862 5587 1932 1862 5588 1927 1863 5589 1930 1863 5590 1928 1863 5591 1649 1864 5592 1929 1864 5593 1655 1864 5594 1933 1865 5595 1934 1865 5596 1931 1865 5597 1935 1866 5598 1932 1866 5599 1936 1866 5600 1930 1867 5601 1933 1867 5602 1931 1867 5603 1655 1868 5604 1932 1868 5605 1935 1868 5606 1937 1869 5607 1938 1869 5608 1934 1869 5609 1744 1870 5610 1936 1870 5611 1939 1870 5612 1933 1871 5613 1937 1871 5614 1934 1871 5615 1935 1872 5616 1936 1872 5617 1744 1872 5618 1940 1873 5619 1941 1873 5620 1938 1873 5621 1830 1874 5622 1939 1874 5623 1942 1874 5624 1937 1875 5625 1940 1875 5626 1938 1875 5627 1744 1876 5628 1939 1876 5629 1830 1876 5630 1943 1877 5631 1944 1877 5632 1941 1877 5633 1827 1878 5634 1942 1878 5635 1945 1878 5636 1940 1879 5637 1943 1879 5638 1941 1879 5639 1830 1880 5640 1942 1880 5641 1827 1880 5642 1913 1881 5643 1838 1881 5644 1944 1881 5645 1824 1882 5646 1945 1882 5647 1841 1882 5648 1943 1883 5649 1913 1883 5650 1944 1883 5651 1827 1884 5652 1945 1884 5653 1824 1884 5654 1824 1885 5655 1841 1885 5656 1821 1885 5657 1946 1886 5658 1916 1886 5659 1947 1886 5660 1948 1887 5661 1916 1887 5662 1946 1887 5663 1914 1888 5664 1916 1888 5665 1948 1888 5666 1949 1889 5667 1947 1889 5668 1950 1889 5669 1946 1890 5670 1947 1890 5671 1949 1890 5672 1951 1891 5673 1950 1891 5674 1952 1891 5675 1949 1892 5676 1950 1892 5677 1951 1892 5678 1953 1893 5679 1952 1893 5680 1954 1893 5681 1951 1894 5682 1952 1894 5683 1953 1894 5684 1955 1895 5685 1954 1895 5686 1956 1895 5687 1953 1896 5688 1954 1896 5689 1955 1896 5690 1957 1897 5691 1956 1897 5692 1958 1897 5693 1955 1898 5694 1956 1898 5695 1957 1898 5696 1959 1899 5697 1958 1899 5698 1960 1899 5699 1957 1900 5700 1958 1900 5701 1959 1900 5702 1961 1901 5703 1960 1901 5704 1962 1901 5705 1959 1902 5706 1960 1902 5707 1961 1902 5708 1963 1903 5709 1962 1903 5710 1964 1903 5711 1961 1904 5712 1962 1904 5713 1963 1904 5714 1965 1905 5715 1964 1905 5716 1887 1905 5717 1963 1906 5718 1964 1906 5719 1965 1906 5720 1965 1907 5721 1887 1907 5722 1886 1907 5723 1966 1908 5724 1967 1908 5725 1968 1908 5726 1969 1909 5727 1970 1909 5728 1971 1909 5729 1972 1910 5730 1966 1910 5731 1968 1910 5732 1973 1911 5733 1972 1911 5734 1968 1911 5735 1974 1912 5736 1975 1912 5737 1976 1912 5738 1974 1913 5739 1976 1913 5740 1977 1913 5741 1978 1914 5742 1979 1914 5743 1967 1914 5744 1980 1915 5745 1971 1915 5746 1981 1915 5747 1966 1916 5748 1978 1916 5749 1967 1916 5750 1982 1917 5751 1971 1917 5752 1980 1917 5753 1969 1918 5754 1971 1918 5755 1982 1918 5756 1983 1919 5757 1984 1919 5758 1979 1919 5759 1985 1920 5760 1981 1920 5761 1986 1920 5762 1978 1921 5763 1983 1921 5764 1979 1921 5765 1980 1922 5766 1981 1922 5767 1985 1922 5768 1987 1923 5769 1988 1923 5770 1984 1923 5771 1989 1924 5772 1986 1924 5773 1990 1924 5774 1983 1925 5775 1987 1925 5776 1984 1925 5777 1985 1926 5778 1986 1926 5779 1989 1926 5780 1991 1927 5781 1990 1927 5782 1992 1927 5783 1989 1928 5784 1990 1928 5785 1991 1928 5786 1993 1929 5787 1992 1929 5788 1994 1929 5789 1991 1930 5790 1992 1930 5791 1993 1930 5792 1995 1931 5793 1994 1931 5794 1996 1931 5795 1993 1932 5796 1994 1932 5797 1995 1932 5798 1997 1933 5799 1996 1933 5800 1998 1933 5801 1995 1934 5802 1996 1934 5803 1997 1934 5804 1999 1935 5805 1998 1935 5806 2000 1935 5807 1997 1936 5808 1998 1936 5809 1999 1936 5810 1973 1937 5811 2001 1937 5812 1972 1937 5813 2002 1938 5814 2003 1938 5815 2004 1938 5816 1999 1939 5817 2000 1939 5818 2005 1939 5819 2006 1940 5820 2007 1940 5821 2001 1940 5822 2008 1941 5823 2004 1941 5824 2009 1941 5825 1973 1942 5826 2006 1942 5827 2001 1942 5828 2010 1943 5829 2002 1943 5830 2004 1943 5831 2010 1944 5832 2004 1944 5833 2008 1944 5834 2011 1945 5835 2012 1945 5836 2007 1945 5837 2013 1946 5838 2009 1946 5839 2014 1946 5840 2006 1947 5841 2011 1947 5842 2007 1947 5843 2008 1948 5844 2009 1948 5845 2013 1948 5846 2015 1949 5847 2016 1949 5848 2012 1949 5849 2017 1950 5850 2014 1950 5851 2018 1950 5852 2011 1951 5853 2015 1951 5854 2012 1951 5855 2013 1952 5856 2014 1952 5857 2017 1952 5858 2019 1953 5859 2018 1953 5860 2020 1953 5861 2017 1954 5862 2018 1954 5863 2019 1954 5864 2021 1955 5865 2020 1955 5866 2022 1955 5867 2019 1956 5868 2020 1956 5869 2021 1956 5870 2023 1957 5871 2022 1957 5872 2024 1957 5873 2021 1958 5874 2022 1958 5875 2023 1958 5876 2025 1959 5877 2024 1959 5878 1975 1959 5879 2023 1960 5880 2024 1960 5881 2025 1960 5882 2025 1961 5883 1975 1961 5884 1974 1961 5885 2026 1962 5886 2027 1962 5887 2028 1962 5888 2029 1963 5889 2030 1963 5890 2031 1963 5891 2010 1964 5892 2032 1964 5893 2033 1964 5894 2034 1965 5895 2030 1965 5896 2029 1965 5897 2005 1966 5898 2035 1966 5899 2036 1966 5900 2010 1967 5901 2033 1967 5902 2002 1967 5903 2026 1968 5904 2037 1968 5905 2027 1968 5906 2038 1969 5907 2039 1969 5908 2040 1969 5909 2041 1970 5910 2042 1970 5911 2043 1970 5912 2041 1971 5913 2043 1971 5914 2044 1971 5915 2045 1972 5916 2046 1972 5917 2037 1972 5918 2047 1973 5919 2040 1973 5920 2048 1973 5921 2026 1974 5922 2045 1974 5923 2037 1974 5924 2049 1975 5925 2038 1975 5926 2040 1975 5927 2049 1976 5928 2040 1976 5929 2047 1976 5930 2050 1977 5931 2051 1977 5932 2046 1977 5933 2052 1978 5934 2048 1978 5935 2053 1978 5936 2045 1979 5937 2050 1979 5938 2046 1979 5939 2047 1980 5940 2048 1980 5941 2052 1980 5942 2054 1981 5943 2055 1981 5944 2051 1981 5945 2056 1982 5946 2053 1982 5947 2057 1982 5948 2050 1983 5949 2054 1983 5950 2051 1983 5951 2052 1984 5952 2053 1984 5953 2056 1984 5954 2058 1985 5955 2059 1985 5956 2055 1985 5957 2060 1986 5958 2057 1986 5959 2061 1986 5960 2054 1987 5961 2058 1987 5962 2055 1987 5963 2056 1988 5964 2057 1988 5965 2060 1988 5966 2062 1989 5967 2063 1989 5968 2059 1989 5969 2064 1990 5970 2061 1990 5971 2065 1990 5972 2058 1991 5973 2062 1991 5974 2059 1991 5975 2060 1992 5976 2061 1992 5977 2064 1992 5978 2066 1993 5979 2067 1993 5980 2063 1993 5981 2068 1994 5982 2065 1994 5983 2069 1994 5984 2062 1995 5985 2066 1995 5986 2063 1995 5987 2064 1996 5988 2065 1996 5989 2068 1996 5990 2070 1997 5991 2071 1997 5992 2067 1997 5993 2072 1998 5994 2069 1998 5995 2073 1998 5996 2066 1999 5997 2070 1999 5998 2067 1999 5999 2068 2000 6000 2069 2000 6001 2072 2000 6002 2074 2001 6003 2075 2001 6004 2071 2001 6005 2076 2002 6006 2073 2002 6007 2077 2002 6008 2070 2003 6009 2074 2003 6010 2071 2003 6011 2072 2004 6012 2073 2004 6013 2076 2004 6014 2078 2005 6015 2079 2005 6016 2080 2005 6017 2078 2006 6018 2081 2006 6019 2079 2006 6020 2082 2007 6021 2083 2007 6022 2084 2007 6023 2076 2008 6024 2077 2008 6025 2085 2008 6026 1977 2009 6027 2086 2009 6028 2087 2009 6029 1982 2010 6030 2088 2010 6031 2089 2010 6032 1969 2011 6033 1982 2011 6034 2089 2011 6035 2025 2012 6036 2087 2012 6037 2090 2012 6038 1974 2013 6039 1977 2013 6040 2087 2013 6041 2025 2014 6042 1974 2014 6043 2087 2014 6044 2023 2015 6045 2090 2015 6046 2091 2015 6047 2023 2016 6048 2025 2016 6049 2090 2016 6050 2021 2017 6051 2091 2017 6052 2092 2017 6053 2021 2018 6054 2023 2018 6055 2091 2018 6056 2019 2019 6057 2092 2019 6058 2093 2019 6059 2019 2020 6060 2021 2020 6061 2092 2020 6062 2017 2021 6063 2093 2021 6064 2094 2021 6065 2017 2022 6066 2019 2022 6067 2093 2022 6068 2013 2023 6069 2094 2023 6070 2095 2023 6071 2013 2024 6072 2017 2024 6073 2094 2024 6074 2008 2025 6075 2095 2025 6076 2032 2025 6077 2008 2026 6078 2013 2026 6079 2095 2026 6080 2010 2027 6081 2008 2027 6082 2032 2027 6083 2096 2028 6084 2097 2028 6085 2098 2028 6086 2044 2029 6087 2099 2029 6088 2100 2029 6089 2101 2030 6090 2098 2030 6091 2102 2030 6092 2049 2031 6093 2103 2031 6094 2104 2031 6095 2096 2032 6096 2098 2032 6097 2101 2032 6098 2049 2033 6099 2104 2033 6100 2038 2033 6101 2096 2034 6102 2105 2034 6103 2097 2034 6104 2106 2035 6105 2100 2035 6106 2107 2035 6107 2041 2036 6108 2044 2036 6109 2100 2036 6110 2106 2037 6111 2041 2037 6112 2100 2037 6113 2108 2038 6114 2109 2038 6115 2105 2038 6116 2110 2039 6117 2107 2039 6118 2111 2039 6119 2096 2040 6120 2108 2040 6121 2105 2040 6122 2110 2041 6123 2106 2041 6124 2107 2041 6125 2112 2042 6126 2113 2042 6127 2109 2042 6128 2114 2043 6129 2111 2043 6130 2115 2043 6131 2108 2044 6132 2112 2044 6133 2109 2044 6134 2114 2045 6135 2110 2045 6136 2111 2045 6137 2112 2046 6138 2116 2046 6139 2113 2046 6140 2117 2047 6141 2115 2047 6142 2118 2047 6143 2117 2048 6144 2114 2048 6145 2115 2048 6146 2119 2049 6147 2120 2049 6148 2116 2049 6149 2121 2050 6150 2118 2050 6151 2122 2050 6152 2123 2051 6153 2119 2051 6154 2116 2051 6155 2112 2052 6156 2123 2052 6157 2116 2052 6158 2121 2053 6159 2117 2053 6160 2118 2053 6161 2119 2054 6162 2124 2054 6163 2120 2054 6164 2125 2055 6165 2122 2055 6166 2126 2055 6167 2125 2056 6168 2121 2056 6169 2122 2056 6170 2127 2057 6171 2128 2057 6172 2124 2057 6173 2129 2058 6174 2126 2058 6175 2130 2058 6176 2119 2059 6177 2127 2059 6178 2124 2059 6179 2129 2060 6180 2125 2060 6181 2126 2060 6182 2131 2061 6183 2132 2061 6184 2128 2061 6185 2133 2062 6186 2130 2062 6187 2134 2062 6188 2127 2063 6189 2131 2063 6190 2128 2063 6191 2133 2064 6192 2129 2064 6193 2130 2064 6194 2135 2065 6195 2136 2065 6196 2132 2065 6197 2085 2066 6198 2137 2066 6199 2138 2066 6200 2131 2067 6201 2135 2067 6202 2132 2067 6203 2082 2068 6204 2133 2068 6205 2134 2068 6206 2135 2069 6207 2139 2069 6208 2136 2069 6209 2072 2070 6210 2138 2070 6211 2140 2070 6212 2076 2071 6213 2085 2071 6214 2138 2071 6215 2072 2072 6216 2076 2072 6217 2138 2072 6218 2141 2073 6219 2142 2073 6220 2139 2073 6221 2068 2074 6222 2140 2074 6223 2143 2074 6224 2135 2075 6225 2141 2075 6226 2139 2075 6227 2068 2076 6228 2072 2076 6229 2140 2076 6230 2144 2077 6231 2145 2077 6232 2142 2077 6233 2064 2078 6234 2143 2078 6235 2146 2078 6236 2141 2079 6237 2144 2079 6238 2142 2079 6239 2064 2080 6240 2068 2080 6241 2143 2080 6242 2144 2081 6243 2147 2081 6244 2145 2081 6245 2060 2082 6246 2146 2082 6247 2148 2082 6248 2060 2083 6249 2064 2083 6250 2146 2083 6251 2149 2084 6252 2150 2084 6253 2147 2084 6254 2056 2085 6255 2148 2085 6256 2151 2085 6257 2152 2086 6258 2149 2086 6259 2147 2086 6260 2144 2087 6261 2152 2087 6262 2147 2087 6263 2056 2088 6264 2060 2088 6265 2148 2088 6266 2149 2089 6267 2153 2089 6268 2150 2089 6269 2052 2090 6270 2151 2090 6271 2154 2090 6272 2052 2091 6273 2056 2091 6274 2151 2091 6275 2155 2092 6276 2102 2092 6277 2153 2092 6278 2047 2093 6279 2154 2093 6280 2103 2093 6281 2149 2094 6282 2155 2094 6283 2153 2094 6284 2047 2095 6285 2052 2095 6286 2154 2095 6287 2155 2096 6288 2101 2096 6289 2102 2096 6290 2049 2097 6291 2047 2097 6292 2103 2097 6293 2156 2098 6294 2157 2098 6295 2158 2098 6296 2159 2099 6297 2160 2099 6298 2161 2099 6299 2159 2100 6300 2161 2100 6301 2162 2100 6302 2163 2101 6303 2158 2101 6304 2164 2101 6305 2165 2102 6306 2156 2102 6307 2158 2102 6308 2165 2103 6309 2158 2103 6310 2163 2103 6311 2166 2104 6312 2164 2104 6313 2167 2104 6314 2163 2105 6315 2164 2105 6316 2166 2105 6317 2168 2106 6318 2169 2106 6319 2152 2106 6320 2170 2107 6321 2167 2107 6322 2171 2107 6323 2144 2108 6324 2168 2108 6325 2152 2108 6326 2166 2109 6327 2167 2109 6328 2170 2109 6329 2172 2110 6330 2173 2110 6331 2169 2110 6332 2174 2111 6333 2171 2111 6334 2175 2111 6335 2168 2112 6336 2172 2112 6337 2169 2112 6338 2170 2113 6339 2171 2113 6340 2174 2113 6341 2176 2114 6342 2175 2114 6343 2177 2114 6344 2174 2115 6345 2175 2115 6346 2176 2115 6347 2178 2116 6348 2177 2116 6349 2179 2116 6350 2176 2117 6351 2177 2117 6352 2178 2117 6353 2180 2118 6354 2179 2118 6355 2181 2118 6356 2178 2119 6357 2179 2119 6358 2180 2119 6359 2182 2120 6360 2181 2120 6361 2183 2120 6362 2180 2121 6363 2181 2121 6364 2182 2121 6365 2184 2122 6366 2183 2122 6367 2185 2122 6368 2182 2123 6369 2183 2123 6370 2184 2123 6371 2186 2124 6372 2185 2124 6373 2187 2124 6374 2184 2125 6375 2185 2125 6376 2186 2125 6377 2188 2126 6378 2189 2126 6379 2190 2126 6380 2186 2127 6381 2187 2127 6382 2191 2127 6383 2192 2128 6384 2190 2128 6385 2193 2128 6386 2194 2129 6387 2190 2129 6388 2192 2129 6389 2188 2130 6390 2190 2130 6391 2194 2130 6392 2195 2131 6393 2193 2131 6394 2196 2131 6395 2192 2132 6396 2193 2132 6397 2195 2132 6398 2197 2133 6399 2198 2133 6400 2123 2133 6401 2199 2134 6402 2196 2134 6403 2200 2134 6404 2112 2135 6405 2197 2135 6406 2123 2135 6407 2195 2136 6408 2196 2136 6409 2199 2136 6410 2201 2137 6411 2202 2137 6412 2198 2137 6413 2203 2138 6414 2200 2138 6415 2204 2138 6416 2197 2139 6417 2201 2139 6418 2198 2139 6419 2199 2140 6420 2200 2140 6421 2203 2140 6422 2205 2141 6423 2204 2141 6424 2206 2141 6425 2203 2142 6426 2204 2142 6427 2205 2142 6428 2207 2143 6429 2206 2143 6430 2208 2143 6431 2205 2144 6432 2206 2144 6433 2207 2144 6434 2209 2145 6435 2208 2145 6436 2210 2145 6437 2207 2146 6438 2208 2146 6439 2209 2146 6440 2211 2147 6441 2210 2147 6442 2212 2147 6443 2209 2148 6444 2210 2148 6445 2211 2148 6446 2213 2149 6447 2212 2149 6448 2160 2149 6449 2211 2150 6450 2212 2150 6451 2213 2150 6452 2213 2151 6453 2160 2151 6454 2159 2151 6455 2214 2152 6456 2215 2152 6457 2216 2152 6458 2217 2153 6459 2218 2153 6460 2219 2153 6461 2220 2154 6462 2221 2154 6463 2222 2154 6464 2223 2155 6465 2218 2155 6466 2217 2155 6467 2224 2156 6468 2222 2156 6469 2225 2156 6470 2224 2157 6471 2220 2157 6472 2222 2157 6473 2214 2158 6474 2226 2158 6475 2215 2158 6476 2191 2159 6477 2227 2159 6478 2228 2159 6479 2194 2160 6480 2229 2160 6481 2230 2160 6482 2188 2161 6483 2194 2161 6484 2230 2161 6485 2214 2162 6486 2231 2162 6487 2226 2162 6488 2186 2163 6489 2228 2163 6490 2232 2163 6491 2186 2164 6492 2191 2164 6493 2228 2164 6494 2233 2165 6495 2234 2165 6496 2231 2165 6497 2186 2166 6498 2232 2166 6499 2235 2166 6500 2214 2167 6501 2233 2167 6502 2231 2167 6503 2233 2168 6504 2236 2168 6505 2234 2168 6506 2184 2169 6507 2235 2169 6508 2237 2169 6509 2184 2170 6510 2186 2170 6511 2235 2170 6512 2238 2171 6513 2239 2171 6514 2236 2171 6515 2184 2172 6516 2237 2172 6517 2240 2172 6518 2233 2173 6519 2238 2173 6520 2236 2173 6521 2238 2174 6522 2241 2174 6523 2239 2174 6524 2182 2175 6525 2240 2175 6526 2242 2175 6527 2182 2176 6528 2184 2176 6529 2240 2176 6530 2243 2177 6531 2244 2177 6532 2241 2177 6533 2182 2178 6534 2242 2178 6535 2245 2178 6536 2238 2179 6537 2243 2179 6538 2241 2179 6539 2243 2180 6540 2246 2180 6541 2244 2180 6542 2180 2181 6543 2245 2181 6544 2247 2181 6545 2180 2182 6546 2182 2182 6547 2245 2182 6548 2248 2183 6549 2249 2183 6550 2246 2183 6551 2180 2184 6552 2247 2184 6553 2250 2184 6554 2243 2185 6555 2248 2185 6556 2246 2185 6557 2248 2186 6558 2251 2186 6559 2249 2186 6560 2178 2187 6561 2250 2187 6562 2252 2187 6563 2178 2188 6564 2180 2188 6565 2250 2188 6566 2253 2189 6567 2254 2189 6568 2251 2189 6569 2178 2190 6570 2252 2190 6571 2255 2190 6572 2248 2191 6573 2253 2191 6574 2251 2191 6575 2256 2192 6576 2257 2192 6577 2254 2192 6578 2176 2193 6579 2255 2193 6580 2258 2193 6581 2253 2194 6582 2256 2194 6583 2254 2194 6584 2176 2195 6585 2178 2195 6586 2255 2195 6587 2256 2196 6588 2259 2196 6589 2257 2196 6590 2174 2197 6591 2258 2197 6592 2260 2197 6593 2174 2198 6594 2176 2198 6595 2258 2198 6596 2261 2199 6597 2262 2199 6598 2259 2199 6599 2174 2200 6600 2260 2200 6601 2263 2200 6602 2256 2201 6603 2261 2201 6604 2259 2201 6605 2261 2202 6606 2264 2202 6607 2262 2202 6608 2170 2203 6609 2263 2203 6610 2265 2203 6611 2170 2204 6612 2174 2204 6613 2263 2204 6614 2266 2205 6615 2267 2205 6616 2264 2205 6617 2170 2206 6618 2265 2206 6619 2268 2206 6620 2261 2207 6621 2266 2207 6622 2264 2207 6623 2266 2208 6624 2269 2208 6625 2267 2208 6626 2166 2209 6627 2268 2209 6628 2270 2209 6629 2166 2210 6630 2170 2210 6631 2268 2210 6632 2271 2211 6633 2272 2211 6634 2269 2211 6635 2166 2212 6636 2270 2212 6637 2273 2212 6638 2266 2213 6639 2271 2213 6640 2269 2213 6641 2271 2214 6642 2274 2214 6643 2272 2214 6644 2163 2215 6645 2273 2215 6646 2275 2215 6647 2163 2216 6648 2166 2216 6649 2273 2216 6650 2276 2217 6651 2277 2217 6652 2274 2217 6653 2163 2218 6654 2275 2218 6655 2278 2218 6656 2271 2219 6657 2276 2219 6658 2274 2219 6659 2276 2220 6660 2279 2220 6661 2277 2220 6662 2165 2221 6663 2278 2221 6664 2280 2221 6665 2165 2222 6666 2163 2222 6667 2278 2222 6668 2281 2223 6669 2282 2223 6670 2279 2223 6671 2165 2224 6672 2280 2224 6673 2283 2224 6674 2276 2225 6675 2281 2225 6676 2279 2225 6677 2284 2226 6678 2285 2226 6679 2286 2226 6680 2287 2227 6681 2285 2227 6682 2284 2227 6683 2162 2228 6684 2288 2228 6685 2289 2228 6686 2165 2229 6687 2283 2229 6688 2156 2229 6689 2290 2230 6690 2291 2230 6691 2292 2230 6692 2293 2231 6693 2294 2231 6694 2291 2231 6695 2295 2232 6696 2293 2232 6697 2291 2232 6698 2290 2233 6699 2295 2233 6700 2291 2233 6701 2296 2234 6702 2292 2234 6703 2297 2234 6704 2296 2235 6705 2290 2235 6706 2292 2235 6707 2298 2236 6708 2297 2236 6709 2299 2236 6710 2298 2237 6711 2296 2237 6712 2297 2237 6713 2300 2238 6714 2299 2238 6715 2301 2238 6716 2300 2239 6717 2298 2239 6718 2299 2239 6719 2302 2240 6720 2301 2240 6721 2303 2240 6722 2302 2241 6723 2300 2241 6724 2301 2241 6725 2304 2242 6726 2303 2242 6727 2305 2242 6728 2306 2243 6729 2303 2243 6730 2304 2243 6731 2306 2244 6732 2302 2244 6733 2303 2244 6734 2304 2245 6735 2305 2245 6736 2307 2245 6737 2308 2246 6738 2307 2246 6739 2309 2246 6740 2308 2247 6741 2304 2247 6742 2307 2247 6743 2310 2248 6744 2309 2248 6745 2311 2248 6746 2310 2249 6747 2308 2249 6748 2309 2249 6749 2312 2250 6750 2311 2250 6751 2313 2250 6752 2312 2251 6753 2310 2251 6754 2311 2251 6755 2314 2252 6756 2313 2252 6757 2221 2252 6758 2314 2253 6759 2312 2253 6760 2313 2253 6761 2220 2254 6762 2314 2254 6763 2221 2254 6764 2315 2255 6765 2316 2255 6766 2317 2255 6767 2318 2256 6768 2319 2256 6769 2320 2256 6770 2321 2257 6771 2322 2257 6772 2323 2257 6773 2324 2258 6774 2319 2258 6775 2318 2258 6776 2325 2259 6777 2323 2259 6778 2326 2259 6779 2321 2260 6780 2323 2260 6781 2325 2260 6782 2315 2261 6783 2327 2261 6784 2316 2261 6785 2328 2262 6786 2329 2262 6787 2330 2262 6788 2331 2263 6789 2332 2263 6790 2329 2263 6791 2331 2264 6792 2329 2264 6793 2328 2264 6794 2333 2265 6795 2334 2265 6796 2327 2265 6797 2335 2266 6798 2330 2266 6799 2336 2266 6800 2315 2267 6801 2333 2267 6802 2327 2267 6803 2335 2268 6804 2328 2268 6805 2330 2268 6806 2337 2269 6807 2338 2269 6808 2334 2269 6809 2339 2270 6810 2336 2270 6811 2340 2270 6812 2333 2271 6813 2337 2271 6814 2334 2271 6815 2339 2272 6816 2335 2272 6817 2336 2272 6818 2341 2273 6819 2342 2273 6820 2338 2273 6821 2343 2274 6822 2340 2274 6823 2344 2274 6824 2337 2275 6825 2341 2275 6826 2338 2275 6827 2343 2276 6828 2339 2276 6829 2340 2276 6830 2345 2277 6831 2346 2277 6832 2342 2277 6833 2347 2278 6834 2344 2278 6835 2348 2278 6836 2341 2279 6837 2345 2279 6838 2342 2279 6839 2347 2280 6840 2343 2280 6841 2344 2280 6842 2349 2281 6843 2350 2281 6844 2346 2281 6845 2351 2282 6846 2348 2282 6847 2352 2282 6848 2345 2283 6849 2349 2283 6850 2346 2283 6851 2351 2284 6852 2347 2284 6853 2348 2284 6854 2353 2285 6855 2354 2285 6856 2350 2285 6857 2355 2286 6858 2352 2286 6859 2356 2286 6860 2349 2287 6861 2353 2287 6862 2350 2287 6863 2357 2288 6864 2351 2288 6865 2352 2288 6866 2355 2289 6867 2357 2289 6868 2352 2289 6869 2353 2290 6870 2358 2290 6871 2354 2290 6872 2359 2291 6873 2356 2291 6874 2360 2291 6875 2359 2292 6876 2355 2292 6877 2356 2292 6878 2361 2293 6879 2362 2293 6880 2358 2293 6881 2363 2294 6882 2360 2294 6883 2364 2294 6884 2353 2295 6885 2361 2295 6886 2358 2295 6887 2363 2296 6888 2359 2296 6889 2360 2296 6890 2365 2297 6891 2366 2297 6892 2362 2297 6893 2367 2298 6894 2364 2298 6895 2368 2298 6896 2361 2299 6897 2365 2299 6898 2362 2299 6899 2367 2300 6900 2363 2300 6901 2364 2300 6902 2369 2301 6903 2370 2301 6904 2366 2301 6905 2371 2302 6906 2368 2302 6907 2372 2302 6908 2365 2303 6909 2369 2303 6910 2366 2303 6911 2371 2304 6912 2367 2304 6913 2368 2304 6914 2373 2305 6915 2374 2305 6916 2370 2305 6917 2371 2306 6918 2372 2306 6919 2375 2306 6920 2376 2307 6921 2373 2307 6922 2370 2307 6923 2369 2308 6924 2376 2308 6925 2370 2308 6926 2377 2309 6927 2378 2309 6928 2379 2309 6929 2380 2310 6930 2375 2310 6931 2381 2310 6932 2377 2311 6933 2382 2311 6934 2378 2311 6935 2380 2312 6936 2371 2312 6937 2375 2312 6938 2383 2313 6939 2384 2313 6940 2385 2313 6941 2386 2314 6942 2387 2314 6943 2384 2314 6944 2388 2315 6945 2386 2315 6946 2384 2315 6947 2383 2316 6948 2388 2316 6949 2384 2316 6950 2389 2317 6951 2385 2317 6952 2390 2317 6953 2389 2318 6954 2383 2318 6955 2385 2318 6956 2391 2319 6957 2390 2319 6958 2392 2319 6959 2391 2320 6960 2389 2320 6961 2390 2320 6962 2393 2321 6963 2392 2321 6964 2394 2321 6965 2393 2322 6966 2391 2322 6967 2392 2322 6968 2395 2323 6969 2394 2323 6970 2396 2323 6971 2395 2324 6972 2393 2324 6973 2394 2324 6974 2397 2325 6975 2396 2325 6976 2398 2325 6977 2397 2326 6978 2395 2326 6979 2396 2326 6980 2397 2327 6981 2398 2327 6982 2399 2327 6983 2400 2328 6984 2399 2328 6985 2401 2328 6986 2402 2329 6987 2399 2329 6988 2400 2329 6989 2397 2330 6990 2399 2330 6991 2402 2330 6992 2403 2331 6993 2401 2331 6994 2404 2331 6995 2400 2332 6996 2401 2332 6997 2403 2332 6998 2405 2333 6999 2404 2333 7000 2406 2333 7001 2403 2334 7002 2404 2334 7003 2405 2334 7004 2407 2335 7005 2406 2335 7006 2322 2335 7007 2405 2336 7008 2406 2336 7009 2407 2336 7010 2407 2337 7011 2322 2337 7012 2321 2337 7013 2331 2338 7014 2408 2338 7015 2332 2338 7016 2324 2339 7017 2318 2339 7018 2409 2339 7019 2410 2340 7020 2411 2340 7021 2408 2340 7022 2412 2341 7023 2409 2341 7024 2413 2341 7025 2331 2342 7026 2410 2342 7027 2408 2342 7028 2412 2343 7029 2324 2343 7030 2409 2343 7031 2414 2344 7032 2415 2344 7033 2411 2344 7034 2416 2345 7035 2413 2345 7036 2417 2345 7037 2410 2346 7038 2414 2346 7039 2411 2346 7040 2418 2347 7041 2412 2347 7042 2413 2347 7043 2419 2348 7044 2418 2348 7045 2413 2348 7046 2420 2349 7047 2419 2349 7048 2413 2349 7049 2416 2350 7050 2420 2350 7051 2413 2350 7052 2421 2351 7053 2422 2351 7054 2415 2351 7055 2423 2352 7056 2417 2352 7057 2424 2352 7058 2414 2353 7059 2421 2353 7060 2415 2353 7061 2425 2354 7062 2416 2354 7063 2417 2354 7064 2423 2355 7065 2425 2355 7066 2417 2355 7067 2426 2356 7068 2427 2356 7069 2422 2356 7070 2428 2357 7071 2424 2357 7072 2429 2357 7073 2421 2358 7074 2426 2358 7075 2422 2358 7076 2430 2359 7077 2423 2359 7078 2424 2359 7079 2428 2360 7080 2430 2360 7081 2424 2360 7082 2431 2361 7083 2432 2361 7084 2427 2361 7085 2433 2362 7086 2429 2362 7087 2434 2362 7088 2435 2363 7089 2431 2363 7090 2427 2363 7091 2426 2364 7092 2435 2364 7093 2427 2364 7094 2433 2365 7095 2428 2365 7096 2429 2365 7097 2436 2366 7098 2437 2366 7099 2432 2366 7100 2438 2367 7101 2434 2367 7102 2439 2367 7103 2431 2368 7104 2436 2368 7105 2432 2368 7106 2440 2369 7107 2433 2369 7108 2434 2369 7109 2438 2370 7110 2440 2370 7111 2434 2370 7112 2441 2371 7113 2442 2371 7114 2437 2371 7115 2443 2372 7116 2439 2372 7117 2444 2372 7118 2436 2373 7119 2441 2373 7120 2437 2373 7121 2445 2374 7122 2438 2374 7123 2439 2374 7124 2443 2375 7125 2445 2375 7126 2439 2375 7127 2446 2376 7128 2447 2376 7129 2442 2376 7130 2448 2377 7131 2444 2377 7132 2449 2377 7133 2441 2378 7134 2446 2378 7135 2442 2378 7136 2450 2379 7137 2443 2379 7138 2444 2379 7139 2448 2380 7140 2450 2380 7141 2444 2380 7142 2451 2381 7143 2381 2381 7144 2447 2381 7145 2452 2382 7146 2449 2382 7147 2382 2382 7148 2446 2383 7149 2451 2383 7150 2447 2383 7151 2453 2384 7152 2449 2384 7153 2452 2384 7154 2453 2385 7155 2448 2385 7156 2449 2385 7157 2451 2386 7158 2380 2386 7159 2381 2386 7160 2377 2387 7161 2452 2387 7162 2382 2387 7163 2454 2388 7164 2455 2388 7165 2456 2388 7166 2457 2389 7167 2458 2389 7168 2459 2389 7169 2457 2390 7170 2459 2390 7171 2460 2390 7172 2461 2391 7173 2456 2391 7174 2462 2391 7175 2463 2392 7176 2454 2392 7177 2456 2392 7178 2463 2393 7179 2456 2393 7180 2461 2393 7181 2464 2394 7182 2462 2394 7183 2465 2394 7184 2461 2395 7185 2462 2395 7186 2464 2395 7187 2466 2396 7188 2465 2396 7189 2467 2396 7190 2464 2397 7191 2465 2397 7192 2466 2397 7193 2468 2398 7194 2467 2398 7195 2469 2398 7196 2466 2399 7197 2467 2399 7198 2468 2399 7199 2470 2400 7200 2469 2400 7201 2471 2400 7202 2468 2401 7203 2469 2401 7204 2470 2401 7205 2472 2402 7206 2471 2402 7207 2473 2402 7208 2470 2403 7209 2471 2403 7210 2472 2403 7211 2474 2404 7212 2473 2404 7213 2475 2404 7214 2472 2405 7215 2473 2405 7216 2474 2405 7217 2476 2406 7218 2475 2406 7219 2477 2406 7220 2474 2407 7221 2475 2407 7222 2476 2407 7223 2478 2408 7224 2477 2408 7225 2479 2408 7226 2476 2409 7227 2477 2409 7228 2478 2409 7229 2480 2410 7230 2479 2410 7231 2481 2410 7232 2478 2411 7233 2479 2411 7234 2480 2411 7235 2482 2412 7236 2481 2412 7237 2483 2412 7238 2480 2413 7239 2481 2413 7240 2482 2413 7241 2484 2414 7242 2485 2414 7243 2486 2414 7244 2482 2415 7245 2483 2415 7246 2487 2415 7247 2488 2416 7248 2486 2416 7249 2489 2416 7250 2490 2417 7251 2486 2417 7252 2488 2417 7253 2484 2418 7254 2486 2418 7255 2490 2418 7256 2491 2419 7257 2489 2419 7258 2492 2419 7259 2488 2420 7260 2489 2420 7261 2491 2420 7262 2493 2421 7263 2492 2421 7264 2494 2421 7265 2491 2422 7266 2492 2422 7267 2493 2422 7268 2495 2423 7269 2494 2423 7270 2496 2423 7271 2493 2424 7272 2494 2424 7273 2495 2424 7274 2497 2425 7275 2496 2425 7276 2498 2425 7277 2495 2426 7278 2496 2426 7279 2497 2426 7280 2499 2427 7281 2498 2427 7282 2500 2427 7283 2497 2428 7284 2498 2428 7285 2499 2428 7286 2501 2429 7287 2500 2429 7288 2502 2429 7289 2499 2430 7290 2500 2430 7291 2501 2430 7292 2503 2431 7293 2502 2431 7294 2504 2431 7295 2501 2432 7296 2502 2432 7297 2503 2432 7298 2505 2433 7299 2504 2433 7300 2506 2433 7301 2503 2434 7302 2504 2434 7303 2505 2434 7304 2507 2435 7305 2506 2435 7306 2458 2435 7307 2505 2436 7308 2506 2436 7309 2507 2436 7310 2507 2437 7311 2458 2437 7312 2457 2437 7313 2508 2438 7314 2509 2438 7315 2510 2438 7316 2511 2439 7317 2512 2439 7318 2513 2439 7319 2514 2440 7320 2508 2440 7321 2510 2440 7322 2515 2441 7323 2516 2441 7324 2517 2441 7325 2518 2442 7326 2519 2442 7327 2520 2442 7328 2518 2443 7329 2520 2443 7330 2521 2443 7331 2522 2444 7332 2523 2444 7333 2509 2444 7334 2524 2445 7335 2513 2445 7336 2525 2445 7337 2508 2446 7338 2522 2446 7339 2509 2446 7340 2526 2447 7341 2511 2447 7342 2513 2447 7343 2526 2448 7344 2513 2448 7345 2524 2448 7346 2527 2449 7347 2528 2449 7348 2523 2449 7349 2529 2450 7350 2525 2450 7351 2530 2450 7352 2522 2451 7353 2527 2451 7354 2523 2451 7355 2524 2452 7356 2525 2452 7357 2529 2452 7358 2531 2453 7359 2532 2453 7360 2528 2453 7361 2533 2454 7362 2530 2454 7363 2534 2454 7364 2527 2455 7365 2531 2455 7366 2528 2455 7367 2529 2456 7368 2530 2456 7369 2533 2456 7370 2535 2457 7371 2536 2457 7372 2532 2457 7373 2537 2458 7374 2534 2458 7375 2538 2458 7376 2531 2459 7377 2535 2459 7378 2532 2459 7379 2533 2460 7380 2534 2460 7381 2537 2460 7382 2539 2461 7383 2540 2461 7384 2536 2461 7385 2541 2462 7386 2538 2462 7387 2542 2462 7388 2535 2463 7389 2539 2463 7390 2536 2463 7391 2537 2464 7392 2538 2464 7393 2541 2464 7394 2543 2465 7395 2544 2465 7396 2540 2465 7397 2545 2466 7398 2542 2466 7399 2546 2466 7400 2539 2467 7401 2543 2467 7402 2540 2467 7403 2541 2468 7404 2542 2468 7405 2545 2468 7406 2547 2469 7407 2548 2469 7408 2544 2469 7409 2549 2470 7410 2546 2470 7411 2550 2470 7412 2543 2471 7413 2547 2471 7414 2544 2471 7415 2545 2472 7416 2546 2472 7417 2549 2472 7418 2551 2473 7419 2552 2473 7420 2548 2473 7421 2553 2474 7422 2550 2474 7423 2554 2474 7424 2547 2475 7425 2551 2475 7426 2548 2475 7427 2549 2476 7428 2550 2476 7429 2553 2476 7430 2555 2477 7431 2556 2477 7432 2552 2477 7433 2557 2478 7434 2554 2478 7435 2558 2478 7436 2551 2479 7437 2555 2479 7438 2552 2479 7439 2553 2480 7440 2554 2480 7441 2557 2480 7442 2559 2481 7443 2560 2481 7444 2556 2481 7445 2561 2482 7446 2558 2482 7447 2562 2482 7448 2555 2483 7449 2559 2483 7450 2556 2483 7451 2557 2484 7452 2558 2484 7453 2561 2484 7454 2563 2485 7455 2564 2485 7456 2560 2485 7457 2565 2486 7458 2562 2486 7459 2566 2486 7460 2559 2487 7461 2563 2487 7462 2560 2487 7463 2561 2488 7464 2562 2488 7465 2565 2488 7466 2567 2489 7467 2568 2489 7468 2569 2489 7469 2567 2490 7470 2570 2490 7471 2568 2490 7472 2571 2491 7473 2572 2491 7474 2573 2491 7475 2565 2492 7476 2566 2492 7477 2574 2492 7478 2487 2493 7479 2575 2493 7480 2576 2493 7481 2490 2494 7482 2577 2494 7483 2578 2494 7484 2484 2495 7485 2490 2495 7486 2578 2495 7487 2480 2496 7488 2576 2496 7489 2579 2496 7490 2482 2497 7491 2487 2497 7492 2576 2497 7493 2480 2498 7494 2482 2498 7495 2576 2498 7496 2478 2499 7497 2579 2499 7498 2580 2499 7499 2478 2500 7500 2480 2500 7501 2579 2500 7502 2476 2501 7503 2580 2501 7504 2581 2501 7505 2476 2502 7506 2478 2502 7507 2580 2502 7508 2474 2503 7509 2581 2503 7510 2582 2503 7511 2474 2504 7512 2476 2504 7513 2581 2504 7514 2472 2505 7515 2582 2505 7516 2583 2505 7517 2472 2506 7518 2474 2506 7519 2582 2506 7520 2470 2507 7521 2583 2507 7522 2584 2507 7523 2470 2508 7524 2472 2508 7525 2583 2508 7526 2468 2509 7527 2584 2509 7528 2585 2509 7529 2468 2510 7530 2470 2510 7531 2584 2510 7532 2466 2511 7533 2585 2511 7534 2586 2511 7535 2466 2512 7536 2468 2512 7537 2585 2512 7538 2464 2513 7539 2586 2513 7540 2587 2513 7541 2464 2514 7542 2466 2514 7543 2586 2514 7544 2461 2515 7545 2587 2515 7546 2588 2515 7547 2461 2516 7548 2464 2516 7549 2587 2516 7550 2463 2517 7551 2588 2517 7552 2589 2517 7553 2463 2518 7554 2461 2518 7555 2588 2518 7556 2590 2519 7557 2516 2519 7558 2515 2519 7559 2460 2520 7560 2591 2520 7561 2592 2520 7562 2463 2521 7563 2589 2521 7564 2454 2521 7565 2593 2522 7566 2594 2522 7567 2595 2522 7568 2596 2523 7569 2597 2523 7570 2598 2523 7571 2599 2524 7572 2593 2524 7573 2595 2524 7574 2600 2525 7575 2601 2525 7576 2602 2525 7577 2603 2526 7578 2604 2526 7579 2605 2526 7580 2603 2527 7581 2605 2527 7582 2606 2527 7583 2607 2528 7584 2608 2528 7585 2594 2528 7586 2609 2529 7587 2598 2529 7588 2610 2529 7589 2593 2530 7590 2607 2530 7591 2594 2530 7592 2611 2531 7593 2596 2531 7594 2598 2531 7595 2611 2532 7596 2598 2532 7597 2609 2532 7598 2612 2533 7599 2613 2533 7600 2608 2533 7601 2614 2534 7602 2610 2534 7603 2615 2534 7604 2607 2535 7605 2612 2535 7606 2608 2535 7607 2609 2536 7608 2610 2536 7609 2614 2536 7610 2616 2537 7611 2617 2537 7612 2613 2537 7613 2618 2538 7614 2615 2538 7615 2619 2538 7616 2612 2539 7617 2616 2539 7618 2613 2539 7619 2614 2540 7620 2615 2540 7621 2618 2540 7622 2620 2541 7623 2621 2541 7624 2617 2541 7625 2622 2542 7626 2619 2542 7627 2623 2542 7628 2616 2543 7629 2620 2543 7630 2617 2543 7631 2618 2544 7632 2619 2544 7633 2622 2544 7634 2624 2545 7635 2625 2545 7636 2621 2545 7637 2626 2546 7638 2623 2546 7639 2627 2546 7640 2620 2547 7641 2624 2547 7642 2621 2547 7643 2622 2548 7644 2623 2548 7645 2626 2548 7646 2628 2549 7647 2629 2549 7648 2625 2549 7649 2630 2550 7650 2627 2550 7651 2631 2550 7652 2624 2551 7653 2628 2551 7654 2625 2551 7655 2626 2552 7656 2627 2552 7657 2630 2552 7658 2632 2553 7659 2633 2553 7660 2629 2553 7661 2634 2554 7662 2631 2554 7663 2635 2554 7664 2628 2555 7665 2632 2555 7666 2629 2555 7667 2630 2556 7668 2631 2556 7669 2634 2556 7670 2636 2557 7671 2637 2557 7672 2633 2557 7673 2638 2558 7674 2635 2558 7675 2639 2558 7676 2632 2559 7677 2636 2559 7678 2633 2559 7679 2634 2560 7680 2635 2560 7681 2638 2560 7682 2640 2561 7683 2641 2561 7684 2637 2561 7685 2642 2562 7686 2639 2562 7687 2643 2562 7688 2636 2563 7689 2640 2563 7690 2637 2563 7691 2638 2564 7692 2639 2564 7693 2642 2564 7694 2644 2565 7695 2645 2565 7696 2641 2565 7697 2646 2566 7698 2643 2566 7699 2647 2566 7700 2640 2567 7701 2644 2567 7702 2641 2567 7703 2642 2568 7704 2643 2568 7705 2646 2568 7706 2648 2569 7707 2649 2569 7708 2645 2569 7709 2650 2570 7710 2647 2570 7711 2651 2570 7712 2644 2571 7713 2648 2571 7714 2645 2571 7715 2646 2572 7716 2647 2572 7717 2650 2572 7718 2652 2573 7719 2653 2573 7720 2654 2573 7721 2652 2574 7722 2655 2574 7723 2653 2574 7724 2656 2575 7725 2657 2575 7726 2658 2575 7727 2650 2576 7728 2651 2576 7729 2659 2576 7730 2660 2577 7731 2661 2577 7732 2662 2577 7733 2663 2578 7734 2664 2578 7735 2665 2578 7736 2663 2579 7737 2665 2579 7738 2666 2579 7739 2667 2580 7740 2662 2580 7741 2668 2580 7742 2669 2581 7743 2660 2581 7744 2662 2581 7745 2669 2582 7746 2662 2582 7747 2667 2582 7748 2670 2583 7749 2668 2583 7750 2671 2583 7751 2667 2584 7752 2668 2584 7753 2670 2584 7754 2672 2585 7755 2671 2585 7756 2673 2585 7757 2670 2586 7758 2671 2586 7759 2672 2586 7760 2674 2587 7761 2673 2587 7762 2675 2587 7763 2672 2588 7764 2673 2588 7765 2674 2588 7766 2676 2589 7767 2675 2589 7768 2677 2589 7769 2674 2590 7770 2675 2590 7771 2676 2590 7772 2678 2591 7773 2677 2591 7774 2679 2591 7775 2676 2592 7776 2677 2592 7777 2678 2592 7778 2680 2593 7779 2679 2593 7780 2681 2593 7781 2678 2594 7782 2679 2594 7783 2680 2594 7784 2682 2595 7785 2681 2595 7786 2683 2595 7787 2680 2596 7788 2681 2596 7789 2682 2596 7790 2684 2597 7791 2683 2597 7792 2685 2597 7793 2682 2598 7794 2683 2598 7795 2684 2598 7796 2686 2599 7797 2685 2599 7798 2687 2599 7799 2684 2600 7800 2685 2600 7801 2686 2600 7802 2688 2601 7803 2687 2601 7804 2689 2601 7805 2686 2602 7806 2687 2602 7807 2688 2602 7808 2690 2603 7809 2601 2603 7810 2600 2603 7811 2691 2604 7812 2692 2604 7813 2693 2604 7814 2688 2605 7815 2689 2605 7816 2694 2605 7817 2695 2606 7818 2696 2606 7819 2081 2606 7820 2129 2607 7821 2084 2607 7822 2697 2607 7823 2078 2608 7824 2695 2608 7825 2081 2608 7826 2133 2609 7827 2084 2609 7828 2129 2609 7829 2082 2610 7830 2084 2610 7831 2133 2610 7832 2698 2611 7833 2699 2611 7834 2696 2611 7835 2125 2612 7836 2697 2612 7837 2700 2612 7838 2695 2613 7839 2698 2613 7840 2696 2613 7841 2129 2614 7842 2697 2614 7843 2125 2614 7844 2701 2615 7845 2702 2615 7846 2699 2615 7847 2121 2616 7848 2700 2616 7849 2703 2616 7850 2698 2617 7851 2701 2617 7852 2699 2617 7853 2125 2618 7854 2700 2618 7855 2121 2618 7856 2704 2619 7857 2705 2619 7858 2702 2619 7859 2117 2620 7860 2703 2620 7861 2706 2620 7862 2701 2621 7863 2704 2621 7864 2702 2621 7865 2121 2622 7866 2703 2622 7867 2117 2622 7868 2707 2623 7869 2708 2623 7870 2705 2623 7871 2114 2624 7872 2706 2624 7873 2709 2624 7874 2704 2625 7875 2707 2625 7876 2705 2625 7877 2117 2626 7878 2706 2626 7879 2114 2626 7880 2710 2627 7881 2711 2627 7882 2708 2627 7883 2110 2628 7884 2709 2628 7885 2712 2628 7886 2707 2629 7887 2710 2629 7888 2708 2629 7889 2114 2630 7890 2709 2630 7891 2110 2630 7892 2034 2631 7893 2029 2631 7894 2711 2631 7895 2106 2632 7896 2712 2632 7897 2042 2632 7898 2710 2633 7899 2034 2633 7900 2711 2633 7901 2110 2634 7902 2712 2634 7903 2106 2634 7904 2106 2635 7905 2042 2635 7906 2041 2635 7907 1997 2636 7908 2036 2636 7909 2713 2636 7910 1999 2637 7911 2005 2637 7912 2036 2637 7913 1997 2638 7914 1999 2638 7915 2036 2638 7916 1995 2639 7917 2713 2639 7918 2714 2639 7919 1995 2640 7920 1997 2640 7921 2713 2640 7922 1993 2641 7923 2714 2641 7924 2715 2641 7925 1993 2642 7926 1995 2642 7927 2714 2642 7928 1991 2643 7929 2715 2643 7930 2716 2643 7931 1991 2644 7932 1993 2644 7933 2715 2644 7934 1989 2645 7935 2716 2645 7936 2717 2645 7937 1989 2646 7938 1991 2646 7939 2716 2646 7940 1985 2647 7941 2717 2647 7942 2718 2647 7943 1985 2648 7944 1989 2648 7945 2717 2648 7946 1980 2649 7947 2718 2649 7948 2088 2649 7949 1980 2650 7950 1985 2650 7951 2718 2650 7952 1982 2651 7953 1980 2651 7954 2088 2651 7955 2453 2652 7956 2452 2652 7957 2719 2652 7958 2720 2653 7959 2721 2653 7960 2722 2653 7961 2723 2654 7962 2453 2654 7963 2719 2654 7964 2223 2655 7965 2723 2655 7966 2719 2655 7967 2724 2656 7968 2225 2656 7969 2725 2656 7970 2726 2657 7971 2727 2657 7972 2387 2657 7973 2728 2658 7974 2720 2658 7975 2722 2658 7976 2386 2659 7977 2726 2659 7978 2387 2659 7979 2729 2660 7980 2326 2660 7981 2730 2660 7982 2731 2661 7983 2326 2661 7984 2729 2661 7985 2325 2662 7986 2326 2662 7987 2731 2662 7988 2732 2663 7989 2733 2663 7990 2734 2663 7991 2735 2664 7992 2284 2664 7993 2418 2664 7994 2736 2665 7995 2737 2665 7996 2294 2665 7997 2738 2666 7998 2735 2666 7999 2418 2666 8000 2419 2667 8001 2738 2667 8002 2418 2667 8003 2732 2668 8004 2734 2668 8005 2739 2668 8006 2735 2669 8007 2287 2669 8008 2284 2669 8009 2293 2670 8010 2736 2670 8011 2294 2670 8012 2159 2671 8013 2289 2671 8014 2740 2671 8015 2159 2672 8016 2162 2672 8017 2289 2672 8018 2159 2673 8019 2740 2673 8020 2741 2673 8021 2213 2674 8022 2741 2674 8023 2742 2674 8024 2213 2675 8025 2159 2675 8026 2741 2675 8027 2213 2676 8028 2742 2676 8029 2743 2676 8030 2211 2677 8031 2743 2677 8032 2744 2677 8033 2211 2678 8034 2213 2678 8035 2743 2678 8036 2211 2679 8037 2744 2679 8038 2745 2679 8039 2209 2680 8040 2745 2680 8041 2746 2680 8042 2209 2681 8043 2211 2681 8044 2745 2681 8045 2209 2682 8046 2746 2682 8047 2747 2682 8048 2207 2683 8049 2747 2683 8050 2748 2683 8051 2207 2684 8052 2209 2684 8053 2747 2684 8054 2207 2685 8055 2748 2685 8056 2749 2685 8057 2205 2686 8058 2749 2686 8059 2750 2686 8060 2205 2687 8061 2207 2687 8062 2749 2687 8063 2203 2688 8064 2750 2688 8065 2751 2688 8066 2203 2689 8067 2205 2689 8068 2750 2689 8069 2203 2690 8070 2751 2690 8071 2752 2690 8072 2199 2691 8073 2752 2691 8074 2753 2691 8075 2199 2692 8076 2203 2692 8077 2752 2692 8078 2199 2693 8079 2753 2693 8080 2754 2693 8081 2195 2694 8082 2754 2694 8083 2755 2694 8084 2195 2695 8085 2199 2695 8086 2754 2695 8087 2195 2696 8088 2755 2696 8089 2756 2696 8090 2192 2697 8091 2756 2697 8092 2757 2697 8093 2192 2698 8094 2195 2698 8095 2756 2698 8096 2223 2699 8097 2758 2699 8098 2723 2699 8099 2192 2700 8100 2757 2700 8101 2759 2700 8102 2223 2701 8103 2217 2701 8104 2758 2701 8105 2194 2702 8106 2759 2702 8107 2229 2702 8108 2194 2703 8109 2192 2703 8110 2759 2703 8111 2760 2704 8112 2224 2704 8113 2225 2704 8114 2724 2705 8115 2760 2705 8116 2225 2705 8117 2761 2706 8118 2762 2706 8119 2570 2706 8120 2763 2707 8121 2573 2707 8122 2764 2707 8123 2567 2708 8124 2761 2708 8125 2570 2708 8126 2765 2709 8127 2573 2709 8128 2763 2709 8129 2571 2710 8130 2573 2710 8131 2765 2710 8132 2766 2711 8133 2767 2711 8134 2762 2711 8135 2768 2712 8136 2764 2712 8137 2769 2712 8138 2761 2713 8139 2766 2713 8140 2762 2713 8141 2763 2714 8142 2764 2714 8143 2768 2714 8144 2770 2715 8145 2771 2715 8146 2767 2715 8147 2772 2716 8148 2769 2716 8149 2773 2716 8150 2766 2717 8151 2770 2717 8152 2767 2717 8153 2768 2718 8154 2769 2718 8155 2772 2718 8156 2774 2719 8157 2775 2719 8158 2771 2719 8159 2776 2720 8160 2773 2720 8161 2777 2720 8162 2770 2721 8163 2774 2721 8164 2771 2721 8165 2772 2722 8166 2773 2722 8167 2776 2722 8168 2778 2723 8169 2779 2723 8170 2775 2723 8171 2780 2724 8172 2777 2724 8173 2781 2724 8174 2774 2725 8175 2778 2725 8176 2775 2725 8177 2776 2726 8178 2777 2726 8179 2780 2726 8180 2782 2727 8181 2783 2727 8182 2779 2727 8183 2784 2728 8184 2781 2728 8185 2785 2728 8186 2778 2729 8187 2782 2729 8188 2779 2729 8189 2780 2730 8190 2781 2730 8191 2784 2730 8192 2786 2731 8193 2787 2731 8194 2783 2731 8195 2788 2732 8196 2785 2732 8197 2789 2732 8198 2782 2733 8199 2786 2733 8200 2783 2733 8201 2784 2734 8202 2785 2734 8203 2788 2734 8204 2790 2735 8205 2791 2735 8206 2787 2735 8207 2792 2736 8208 2789 2736 8209 2793 2736 8210 2786 2737 8211 2790 2737 8212 2787 2737 8213 2788 2738 8214 2789 2738 8215 2792 2738 8216 2794 2739 8217 2795 2739 8218 2791 2739 8219 2796 2740 8220 2793 2740 8221 2797 2740 8222 2790 2741 8223 2794 2741 8224 2791 2741 8225 2792 2742 8226 2793 2742 8227 2796 2742 8228 2590 2743 8229 2515 2743 8230 2795 2743 8231 2798 2744 8232 2797 2744 8233 2519 2744 8234 2794 2745 8235 2590 2745 8236 2795 2745 8237 2796 2746 8238 2797 2746 8239 2798 2746 8240 2798 2747 8241 2519 2747 8242 2518 2747 8243 2507 2748 8244 2592 2748 8245 2799 2748 8246 2457 2749 8247 2460 2749 8248 2592 2749 8249 2507 2750 8250 2457 2750 8251 2592 2750 8252 2505 2751 8253 2799 2751 8254 2800 2751 8255 2505 2752 8256 2507 2752 8257 2799 2752 8258 2503 2753 8259 2800 2753 8260 2801 2753 8261 2503 2754 8262 2505 2754 8263 2800 2754 8264 2501 2755 8265 2801 2755 8266 2802 2755 8267 2501 2756 8268 2503 2756 8269 2801 2756 8270 2499 2757 8271 2802 2757 8272 2803 2757 8273 2499 2758 8274 2501 2758 8275 2802 2758 8276 2497 2759 8277 2803 2759 8278 2804 2759 8279 2497 2760 8280 2499 2760 8281 2803 2760 8282 2495 2761 8283 2804 2761 8284 2805 2761 8285 2495 2762 8286 2497 2762 8287 2804 2762 8288 2493 2763 8289 2805 2763 8290 2806 2763 8291 2493 2764 8292 2495 2764 8293 2805 2764 8294 2491 2765 8295 2806 2765 8296 2807 2765 8297 2491 2766 8298 2493 2766 8299 2806 2766 8300 2488 2767 8301 2807 2767 8302 2577 2767 8303 2488 2768 8304 2491 2768 8305 2807 2768 8306 2490 2769 8307 2488 2769 8308 2577 2769 8309 2808 2770 8310 2809 2770 8311 2655 2770 8312 2810 2771 8313 2658 2771 8314 2811 2771 8315 2652 2772 8316 2808 2772 8317 2655 2772 8318 2812 2773 8319 2658 2773 8320 2810 2773 8321 2656 2774 8322 2658 2774 8323 2812 2774 8324 2813 2775 8325 2814 2775 8326 2809 2775 8327 2815 2776 8328 2811 2776 8329 2816 2776 8330 2808 2777 8331 2813 2777 8332 2809 2777 8333 2810 2778 8334 2811 2778 8335 2815 2778 8336 2817 2779 8337 2818 2779 8338 2814 2779 8339 2819 2780 8340 2816 2780 8341 2820 2780 8342 2813 2781 8343 2817 2781 8344 2814 2781 8345 2815 2782 8346 2816 2782 8347 2819 2782 8348 2821 2783 8349 2822 2783 8350 2818 2783 8351 2823 2784 8352 2820 2784 8353 2824 2784 8354 2817 2785 8355 2821 2785 8356 2818 2785 8357 2819 2786 8358 2820 2786 8359 2823 2786 8360 2825 2787 8361 2826 2787 8362 2822 2787 8363 2827 2788 8364 2824 2788 8365 2828 2788 8366 2821 2789 8367 2825 2789 8368 2822 2789 8369 2823 2790 8370 2824 2790 8371 2827 2790 8372 2829 2791 8373 2830 2791 8374 2826 2791 8375 2831 2792 8376 2828 2792 8377 2832 2792 8378 2825 2793 8379 2829 2793 8380 2826 2793 8381 2827 2794 8382 2828 2794 8383 2831 2794 8384 2833 2795 8385 2834 2795 8386 2830 2795 8387 2835 2796 8388 2832 2796 8389 2836 2796 8390 2829 2797 8391 2833 2797 8392 2830 2797 8393 2831 2798 8394 2832 2798 8395 2835 2798 8396 2837 2799 8397 2838 2799 8398 2834 2799 8399 2839 2800 8400 2836 2800 8401 2840 2800 8402 2833 2801 8403 2837 2801 8404 2834 2801 8405 2835 2802 8406 2836 2802 8407 2839 2802 8408 2841 2803 8409 2842 2803 8410 2838 2803 8411 2843 2804 8412 2840 2804 8413 2844 2804 8414 2837 2805 8415 2841 2805 8416 2838 2805 8417 2839 2806 8418 2840 2806 8419 2843 2806 8420 2690 2807 8421 2600 2807 8422 2842 2807 8423 2845 2808 8424 2844 2808 8425 2604 2808 8426 2841 2809 8427 2690 2809 8428 2842 2809 8429 2843 2810 8430 2844 2810 8431 2845 2810 8432 2845 2811 8433 2604 2811 8434 2603 2811 8435 2846 2812 8436 2693 2812 8437 2847 2812 8438 2848 2813 8439 2693 2813 8440 2846 2813 8441 2691 2814 8442 2693 2814 8443 2848 2814 8444 2849 2815 8445 2847 2815 8446 2850 2815 8447 2846 2816 8448 2847 2816 8449 2849 2816 8450 2851 2817 8451 2850 2817 8452 2852 2817 8453 2849 2818 8454 2850 2818 8455 2851 2818 8456 2853 2819 8457 2852 2819 8458 2854 2819 8459 2851 2820 8460 2852 2820 8461 2853 2820 8462 2855 2821 8463 2854 2821 8464 2856 2821 8465 2853 2822 8466 2854 2822 8467 2855 2822 8468 2857 2823 8469 2856 2823 8470 2858 2823 8471 2855 2824 8472 2856 2824 8473 2857 2824 8474 2859 2825 8475 2858 2825 8476 2860 2825 8477 2857 2826 8478 2858 2826 8479 2859 2826 8480 2861 2827 8481 2860 2827 8482 2862 2827 8483 2859 2828 8484 2860 2828 8485 2861 2828 8486 2863 2829 8487 2862 2829 8488 2864 2829 8489 2861 2830 8490 2862 2830 8491 2863 2830 8492 2865 2831 8493 2864 2831 8494 2664 2831 8495 2863 2832 8496 2864 2832 8497 2865 2832 8498 2865 2833 8499 2664 2833 8500 2663 2833 8501 2866 2834 8502 2867 2834 8503 2868 2834 8504 2869 2835 8505 2866 2835 8506 2868 2835 8507 736 2836 8508 2870 2836 8509 2871 2836 8510 2866 2837 8511 2872 2837 8512 2867 2837 8513 728 2838 8514 2870 2838 8515 736 2838 8516 2873 2839 8517 2874 2839 8518 2875 2839 8519 2876 2840 8520 2873 2840 8521 2875 2840 8522 715 2841 8523 2877 2841 8524 2878 2841 8525 2873 2842 8526 2879 2842 8527 2874 2842 8528 707 2843 8529 2877 2843 8530 715 2843 8531 2880 2844 8532 2881 2844 8533 2882 2844 8534 2883 2845 8535 2880 2845 8536 2882 2845 8537 694 2846 8538 2884 2846 8539 2885 2846 8540 2880 2847 8541 2886 2847 8542 2881 2847 8543 686 2848 8544 2884 2848 8545 694 2848 8546 2887 2849 8547 2888 2849 8548 2889 2849 8549 2890 2850 8550 2887 2850 8551 2889 2850 8552 674 2851 8553 2891 2851 8554 2892 2851 8555 2887 2852 8556 2893 2852 8557 2888 2852 8558 665 2853 8559 2891 2853 8560 674 2853 8561 2894 2854 8562 2895 2854 8563 2896 2854 8564 2897 2855 8565 2894 2855 8566 2896 2855 8567 651 2856 8568 2898 2856 8569 2899 2856 8570 2894 2857 8571 2900 2857 8572 2895 2857 8573 643 2858 8574 2898 2858 8575 651 2858 8576 2901 2859 8577 2902 2859 8578 2903 2859 8579 2904 2860 8580 2901 2860 8581 2903 2860 8582 630 2861 8583 2905 2861 8584 2906 2861 8585 2901 2862 8586 2907 2862 8587 2902 2862 8588 622 2863 8589 2905 2863 8590 630 2863 8591 2908 2864 8592 2909 2864 8593 2910 2864 8594 2911 2865 8595 2908 2865 8596 2910 2865 8597 610 2866 8598 2912 2866 8599 2913 2866 8600 2908 2867 8601 2914 2867 8602 2909 2867 8603 602 2868 8604 2912 2868 8605 610 2868 8606 2915 2869 8607 2916 2869 8608 2917 2869 8609 2918 2870 8610 2915 2870 8611 2917 2870 8612 589 2871 8613 2919 2871 8614 2920 2871 8615 2915 2872 8616 2921 2872 8617 2916 2872 8618 581 2873 8619 2919 2873 8620 589 2873 8621 2922 2874 8622 2923 2874 8623 2924 2874 8624 2925 2875 8625 2922 2875 8626 2924 2875 8627 568 2876 8628 2926 2876 8629 2927 2876 8630 2922 2877 8631 2928 2877 8632 2923 2877 8633 560 2878 8634 2926 2878 8635 568 2878 8636 2929 2879 8637 2930 2879 8638 2931 2879 8639 2932 2880 8640 2929 2880 8641 2931 2880 8642 548 2881 8643 2933 2881 8644 2934 2881 8645 2929 2882 8646 2935 2882 8647 2930 2882 8648 539 2883 8649 2933 2883 8650 548 2883 8651 2936 2884 8652 2937 2884 8653 2938 2884 8654 2939 2885 8655 2936 2885 8656 2938 2885 8657 525 2886 8658 2940 2886 8659 2941 2886 8660 2936 2887 8661 2942 2887 8662 2937 2887 8663 517 2888 8664 2940 2888 8665 525 2888 8666 2943 2889 8667 2944 2889 8668 2945 2889 8669 2946 2890 8670 2943 2890 8671 2945 2890 8672 504 2891 8673 2947 2891 8674 2948 2891 8675 2943 2892 8676 2949 2892 8677 2944 2892 8678 496 2893 8679 2947 2893 8680 504 2893 8681 2950 2894 8682 2666 2894 8683 2951 2894 8684 2669 2895 8685 2952 2895 8686 2660 2895 8687 2765 2896 8688 2953 2896 8689 2954 2896 8690 2955 2897 8691 2952 2897 8692 2669 2897 8693 2574 2898 8694 2956 2898 8695 2957 2898 8696 2571 2899 8697 2765 2899 8698 2954 2899 8699 2950 2900 8700 2663 2900 8701 2666 2900 8702 2950 2901 8703 2865 2901 8704 2663 2901 8705 2958 2902 8706 2863 2902 8707 2865 2902 8708 2950 2903 8709 2958 2903 8710 2865 2903 8711 2959 2904 8712 2861 2904 8713 2863 2904 8714 2958 2905 8715 2959 2905 8716 2863 2905 8717 2960 2906 8718 2859 2906 8719 2861 2906 8720 2959 2907 8721 2960 2907 8722 2861 2907 8723 2961 2908 8724 2857 2908 8725 2859 2908 8726 2960 2909 8727 2961 2909 8728 2859 2909 8729 2962 2910 8730 2855 2910 8731 2857 2910 8732 2961 2911 8733 2962 2911 8734 2857 2911 8735 2963 2912 8736 2853 2912 8737 2855 2912 8738 2962 2913 8739 2963 2913 8740 2855 2913 8741 2964 2914 8742 2851 2914 8743 2853 2914 8744 2963 2915 8745 2964 2915 8746 2853 2915 8747 2965 2916 8748 2849 2916 8749 2851 2916 8750 2964 2917 8751 2965 2917 8752 2851 2917 8753 2966 2918 8754 2846 2918 8755 2849 2918 8756 2965 2919 8757 2966 2919 8758 2849 2919 8759 2967 2920 8760 2848 2920 8761 2846 2920 8762 2966 2921 8763 2967 2921 8764 2846 2921 8765 2968 2922 8766 2691 2922 8767 2848 2922 8768 2967 2923 8769 2968 2923 8770 2848 2923 8771 2969 2924 8772 2694 2924 8773 2970 2924 8774 2969 2925 8775 2688 2925 8776 2694 2925 8777 2521 2926 8778 2971 2926 8779 2972 2926 8780 2526 2927 8781 2973 2927 8782 2974 2927 8783 2526 2928 8784 2974 2928 8785 2511 2928 8786 2798 2929 8787 2972 2929 8788 2975 2929 8789 2518 2930 8790 2521 2930 8791 2972 2930 8792 2798 2931 8793 2518 2931 8794 2972 2931 8795 2796 2932 8796 2975 2932 8797 2976 2932 8798 2796 2933 8799 2798 2933 8800 2975 2933 8801 2792 2934 8802 2976 2934 8803 2977 2934 8804 2792 2935 8805 2796 2935 8806 2976 2935 8807 2788 2936 8808 2977 2936 8809 2978 2936 8810 2788 2937 8811 2792 2937 8812 2977 2937 8813 2784 2938 8814 2978 2938 8815 2979 2938 8816 2784 2939 8817 2788 2939 8818 2978 2939 8819 2780 2940 8820 2979 2940 8821 2980 2940 8822 2780 2941 8823 2784 2941 8824 2979 2941 8825 2776 2942 8826 2980 2942 8827 2981 2942 8828 2776 2943 8829 2780 2943 8830 2980 2943 8831 2772 2944 8832 2981 2944 8833 2982 2944 8834 2772 2945 8835 2776 2945 8836 2981 2945 8837 2768 2946 8838 2982 2946 8839 2983 2946 8840 2768 2947 8841 2772 2947 8842 2982 2947 8843 2763 2948 8844 2983 2948 8845 2953 2948 8846 2763 2949 8847 2768 2949 8848 2983 2949 8849 2765 2950 8850 2763 2950 8851 2953 2950 8852 2969 2951 8853 2686 2951 8854 2688 2951 8855 2984 2952 8856 2684 2952 8857 2686 2952 8858 2969 2953 8859 2984 2953 8860 2686 2953 8861 2985 2954 8862 2682 2954 8863 2684 2954 8864 2984 2955 8865 2985 2955 8866 2684 2955 8867 2986 2956 8868 2680 2956 8869 2682 2956 8870 2985 2957 8871 2986 2957 8872 2682 2957 8873 2987 2958 8874 2678 2958 8875 2680 2958 8876 2986 2959 8877 2987 2959 8878 2680 2959 8879 2988 2960 8880 2676 2960 8881 2678 2960 8882 2987 2961 8883 2988 2961 8884 2678 2961 8885 2989 2962 8886 2674 2962 8887 2676 2962 8888 2988 2963 8889 2989 2963 8890 2676 2963 8891 2990 2964 8892 2672 2964 8893 2674 2964 8894 2989 2965 8895 2990 2965 8896 2674 2965 8897 2991 2966 8898 2670 2966 8899 2672 2966 8900 2990 2967 8901 2991 2967 8902 2672 2967 8903 2992 2968 8904 2667 2968 8905 2670 2968 8906 2991 2969 8907 2992 2969 8908 2670 2969 8909 2955 2970 8910 2669 2970 8911 2667 2970 8912 2992 2971 8913 2955 2971 8914 2667 2971 8915 2561 2972 8916 2957 2972 8917 2993 2972 8918 2565 2973 8919 2574 2973 8920 2957 2973 8921 2561 2974 8922 2565 2974 8923 2957 2974 8924 2557 2975 8925 2993 2975 8926 2994 2975 8927 2557 2976 8928 2561 2976 8929 2993 2976 8930 2553 2977 8931 2994 2977 8932 2995 2977 8933 2553 2978 8934 2557 2978 8935 2994 2978 8936 2549 2979 8937 2995 2979 8938 2996 2979 8939 2549 2980 8940 2553 2980 8941 2995 2980 8942 2545 2981 8943 2996 2981 8944 2997 2981 8945 2545 2982 8946 2549 2982 8947 2996 2982 8948 2541 2983 8949 2997 2983 8950 2998 2983 8951 2541 2984 8952 2545 2984 8953 2997 2984 8954 2537 2985 8955 2998 2985 8956 2999 2985 8957 2537 2986 8958 2541 2986 8959 2998 2986 8960 2533 2987 8961 2999 2987 8962 3000 2987 8963 2533 2988 8964 2537 2988 8965 2999 2988 8966 2529 2989 8967 3000 2989 8968 3001 2989 8969 2529 2990 8970 2533 2990 8971 3000 2990 8972 2524 2991 8973 3001 2991 8974 2973 2991 8975 2524 2992 8976 2529 2992 8977 3001 2992 8978 2526 2993 8979 2524 2993 8980 2973 2993 8981 3002 2994 8982 3003 2994 8983 3004 2994 8984 3005 2995 8985 3006 2995 8986 3007 2995 8987 1377 2996 8988 3004 2996 8989 1439 2996 8990 3008 2997 8991 3002 2997 8992 3004 2997 8993 1377 2998 8994 3008 2998 8995 3004 2998 8996 958 2999 8997 1429 2999 8998 954 2999 8999 1421 3000 9000 1420 3000 9001 3009 3000 9002 3010 3001 9003 3011 3001 9004 3012 3001 9005 3013 3002 9006 1421 3002 9007 3009 3002 9008 3014 3003 9009 3013 3003 9010 3009 3003 9011 972 3004 9012 3015 3004 9013 962 3004 9014 3010 3005 9015 3012 3005 9016 3016 3005 9017 3017 3006 9018 3016 3006 9019 3018 3006 9020 3017 3007 9021 3010 3007 9022 3016 3007 9023 913 3008 9024 916 3008 9025 3019 3008 9026 3005 3009 9027 3020 3009 9028 3006 3009 9029 3021 3010 9030 3022 3010 9031 3020 3010 9032 3021 3011 9033 3020 3011 9034 3005 3011 9035 3021 3012 9036 3023 3012 9037 3022 3012 9038 1460 3013 9039 1101 3013 9040 1104 3013 9041 1450 3014 9042 1449 3014 9043 3024 3014 9044 3025 3015 9045 1450 3015 9046 3024 3015 9047 3026 3016 9048 3025 3016 9049 3024 3016 9050 3017 3017 9051 3018 3017 9052 3027 3017 9053 3028 3018 9054 3029 3018 9055 3030 3018 9056 1487 3019 9057 3030 3019 9058 1490 3019 9059 3031 3020 9060 3028 3020 9061 3030 3020 9062 1487 3021 9063 3031 3021 9064 3030 3021 9065 1957 3022 9066 3032 3022 9067 3033 3022 9068 2659 3023 9069 3034 3023 9070 3035 3023 9071 1955 3024 9072 1957 3024 9073 3033 3024 9074 3036 3025 9075 1955 3025 9076 3033 3025 9077 2812 3026 9078 3037 3026 9079 3038 3026 9080 2656 3027 9081 2812 3027 9082 3038 3027 9083 1959 3028 9084 3039 3028 9085 3032 3028 9086 2646 3029 9087 3035 3029 9088 3040 3029 9089 1957 3030 9090 1959 3030 9091 3032 3030 9092 2650 3031 9093 2659 3031 9094 3035 3031 9095 2646 3032 9096 2650 3032 9097 3035 3032 9098 1961 3033 9099 3041 3033 9100 3039 3033 9101 2642 3034 9102 3040 3034 9103 3042 3034 9104 1959 3035 9105 1961 3035 9106 3039 3035 9107 2642 3036 9108 2646 3036 9109 3040 3036 9110 1963 3037 9111 3043 3037 9112 3041 3037 9113 2638 3038 9114 3042 3038 9115 3044 3038 9116 1961 3039 9117 1963 3039 9118 3041 3039 9119 2638 3040 9120 2642 3040 9121 3042 3040 9122 1965 3041 9123 3045 3041 9124 3043 3041 9125 2634 3042 9126 3044 3042 9127 3046 3042 9128 1963 3043 9129 1965 3043 9130 3043 3043 9131 2634 3044 9132 2638 3044 9133 3044 3044 9134 1889 3045 9135 3047 3045 9136 3045 3045 9137 2630 3046 9138 3046 3046 9139 3048 3046 9140 1886 3047 9141 1889 3047 9142 3045 3047 9143 1965 3048 9144 1886 3048 9145 3045 3048 9146 2630 3049 9147 2634 3049 9148 3046 3049 9149 1892 3050 9150 3049 3050 9151 1883 3050 9152 3050 3051 9153 3049 3051 9154 1892 3051 9155 2626 3052 9156 3048 3052 9157 3051 3052 9158 2626 3053 9159 2630 3053 9160 3048 3053 9161 3036 3054 9162 1953 3054 9163 1955 3054 9164 3052 3055 9165 1951 3055 9166 1953 3055 9167 3036 3056 9168 3052 3056 9169 1953 3056 9170 3053 3057 9171 1949 3057 9172 1951 3057 9173 3052 3058 9174 3053 3058 9175 1951 3058 9176 3054 3059 9177 1946 3059 9178 1949 3059 9179 3053 3060 9180 3054 3060 9181 1949 3060 9182 3055 3061 9183 1948 3061 9184 1946 3061 9185 3054 3062 9186 3055 3062 9187 1946 3062 9188 3056 3063 9189 1914 3063 9190 1948 3063 9191 3055 3064 9192 3056 3064 9193 1948 3064 9194 3057 3065 9195 1917 3065 9196 3058 3065 9197 3057 3066 9198 1911 3066 9199 1917 3066 9200 2827 3067 9201 3059 3067 9202 3060 3067 9203 2831 3068 9204 3061 3068 9205 3059 3068 9206 2827 3069 9207 2831 3069 9208 3059 3069 9209 2823 3070 9210 3060 3070 9211 3062 3070 9212 2823 3071 9213 2827 3071 9214 3060 3071 9215 2819 3072 9216 3062 3072 9217 3063 3072 9218 2819 3073 9219 2823 3073 9220 3062 3073 9221 2815 3074 9222 3063 3074 9223 3064 3074 9224 2815 3075 9225 2819 3075 9226 3063 3075 9227 2810 3076 9228 3064 3076 9229 3037 3076 9230 2810 3077 9231 2815 3077 9232 3064 3077 9233 2812 3078 9234 2810 3078 9235 3037 3078 9236 3057 3079 9237 1909 3079 9238 1911 3079 9239 3065 3080 9240 1907 3080 9241 1909 3080 9242 3057 3081 9243 3065 3081 9244 1909 3081 9245 3066 3082 9246 1905 3082 9247 1907 3082 9248 3065 3083 9249 3066 3083 9250 1907 3083 9251 3067 3084 9252 1903 3084 9253 1905 3084 9254 3066 3085 9255 3067 3085 9256 1905 3085 9257 3068 3086 9258 1901 3086 9259 1903 3086 9260 3067 3087 9261 3068 3087 9262 1903 3087 9263 3069 3088 9264 1899 3088 9265 1901 3088 9266 3068 3089 9267 3069 3089 9268 1901 3089 9269 3070 3090 9270 1897 3090 9271 1899 3090 9272 3069 3091 9273 3070 3091 9274 1899 3091 9275 3071 3092 9276 1895 3092 9277 1897 3092 9278 3070 3093 9279 3071 3093 9280 1897 3093 9281 3072 3094 9282 1893 3094 9283 1895 3094 9284 3071 3095 9285 3072 3095 9286 1895 3095 9287 3073 3096 9288 1890 3096 9289 1893 3096 9290 3072 3097 9291 3073 3097 9292 1893 3097 9293 3050 3098 9294 1892 3098 9295 1890 3098 9296 3073 3099 9297 3050 3099 9298 1890 3099 9299 2622 3100 9300 3051 3100 9301 3074 3100 9302 2622 3101 9303 2626 3101 9304 3051 3101 9305 2618 3102 9306 3074 3102 9307 3075 3102 9308 2618 3103 9309 2622 3103 9310 3074 3103 9311 2614 3104 9312 3075 3104 9313 3076 3104 9314 2614 3105 9315 2618 3105 9316 3075 3105 9317 2609 3106 9318 3076 3106 9319 3077 3106 9320 2609 3107 9321 2614 3107 9322 3076 3107 9323 2611 3108 9324 3077 3108 9325 3078 3108 9326 2611 3109 9327 2609 3109 9328 3077 3109 9329 2606 3110 9330 3079 3110 9331 3080 3110 9332 2611 3111 9333 3078 3111 9334 2596 3111 9335 2845 3112 9336 3080 3112 9337 3081 3112 9338 2603 3113 9339 2606 3113 9340 3080 3113 9341 2845 3114 9342 2603 3114 9343 3080 3114 9344 2843 3115 9345 3081 3115 9346 3082 3115 9347 2843 3116 9348 2845 3116 9349 3081 3116 9350 2839 3117 9351 3082 3117 9352 3083 3117 9353 2839 3118 9354 2843 3118 9355 3082 3118 9356 2835 3119 9357 3083 3119 9358 3061 3119 9359 2835 3120 9360 2839 3120 9361 3083 3120 9362 2831 3121 9363 2835 3121 9364 3061 3121 9365 1744 3122 9366 1747 3122 9367 3084 3122 9368 1748 3123 9369 3085 3123 9370 1749 3123 9371 1935 3124 9372 1744 3124 9373 3084 3124 9374 3086 3125 9375 1935 3125 9376 3084 3125 9377 3087 3126 9378 3088 3126 9379 3089 3126 9380 3090 3127 9381 3091 3127 9382 3092 3127 9383 3087 3128 9384 3089 3128 9385 3093 3128 9386 3090 3129 9387 3094 3129 9388 3091 3129 9389 3086 3130 9390 1655 3130 9391 1935 3130 9392 3095 3131 9393 1656 3131 9394 1655 3131 9395 3086 3132 9396 3095 3132 9397 1655 3132 9398 1657 3133 9399 1659 3133 9400 3096 3133 9401 3097 3134 9402 3098 3134 9403 3088 3134 9404 3099 3135 9405 1657 3135 9406 3096 3135 9407 3100 3136 9408 3101 3136 9409 3102 3136 9410 3100 3137 9411 3102 3137 9412 3103 3137 9413 3097 3138 9414 3088 3138 9415 3087 3138 9416 1718 3139 9417 1722 3139 9418 3104 3139 9419 1723 3140 9420 3105 3140 9421 1724 3140 9422 1860 3141 9423 1718 3141 9424 3104 3141 9425 3106 3142 9426 1860 3142 9427 3104 3142 9428 3107 3143 9429 3108 3143 9430 3109 3143 9431 3110 3144 9432 3111 3144 9433 3112 3144 9434 3107 3145 9435 3109 3145 9436 3113 3145 9437 3110 3146 9438 3114 3146 9439 3111 3146 9440 3106 3147 9441 1796 3147 9442 1860 3147 9443 3115 3148 9444 1797 3148 9445 1796 3148 9446 3106 3149 9447 3115 3149 9448 1796 3149 9449 1798 3150 9450 1800 3150 9451 3116 3150 9452 3117 3151 9453 3118 3151 9454 3108 3151 9455 3119 3152 9456 1798 3152 9457 3116 3152 9458 3120 3153 9459 3121 3153 9460 3122 3153 9461 3120 3154 9462 3122 3154 9463 3123 3154 9464 3117 3155 9465 3108 3155 9466 3107 3155 9467 3124 3156 9468 3125 3156 9469 3126 3156 9470 3127 3157 9471 3128 3157 9472 3124 3157 9473 1566 3158 9474 1726 3158 9475 1567 3158 9476 1644 3159 9477 1751 3159 9478 1645 3159 9479 3124 3160 9480 3128 3160 9481 3125 3160 9482 3129 3161 9483 3130 3161 9484 3127 3161 9485 3131 3162 9486 3132 3162 9487 3133 3162 9488 3134 3163 9489 3135 3163 9490 3136 3163 9491 3131 3164 9492 3137 3164 9493 3132 3164 9494 3134 3165 9495 3136 3165 9496 3138 3165 9497 3139 3166 9498 3140 3166 9499 3141 3166 9500 3142 3167 9501 3143 3167 9502 3140 3167 9503 3144 3168 9504 3142 3168 9505 3140 3168 9506 3139 3169 9507 3144 3169 9508 3140 3169 9509 3145 3170 9510 3146 3170 9511 3147 3170 9512 3148 3171 9513 3146 3171 9514 3145 3171 9515 3139 3172 9516 3141 3172 9517 3149 3172 9518 3150 3173 9519 3151 3173 9520 3152 3173 9521 3153 3174 9522 3152 3174 9523 3154 3174 9524 3155 3175 9525 3152 3175 9526 3153 3175 9527 3156 3176 9528 3150 3176 9529 3152 3176 9530 3155 3177 9531 3157 3177 9532 3152 3177 9533 3156 3178 9534 3152 3178 9535 3157 3178 9536 3153 3179 9537 3154 3179 9538 3158 3179 9539 3159 3180 9540 3160 3180 9541 3135 3180 9542 3134 3181 9543 3159 3181 9544 3135 3181 9545 3161 3182 9546 3162 3182 9547 3163 3182 9548 3161 3183 9549 3163 3183 9550 3164 3183 9551 3155 3184 9552 3153 3184 9553 3165 3184 9554 3166 3185 9555 3167 3185 9556 3168 3185 9557 3166 3186 9558 3169 3186 9559 3167 3186 9560 3170 3187 9561 3165 3187 9562 3171 3187 9563 3170 3188 9564 3155 3188 9565 3165 3188 9566 3172 3189 9567 3173 3189 9568 3174 3189 9569 3175 3190 9570 3176 3190 9571 3173 3190 9572 3177 3191 9573 3175 3191 9574 3173 3191 9575 3172 3192 9576 3177 3192 9577 3173 3192 9578 3178 3193 9579 3179 3193 9580 3180 3193 9581 3181 3194 9582 3179 3194 9583 3178 3194 9584 3172 3195 9585 3174 3195 9586 3182 3195 9587 3183 3196 9588 3184 3196 9589 3162 3196 9590 3161 3197 9591 3183 3197 9592 3162 3197 9593 3185 3198 9594 3121 3198 9595 3120 3198 9596 3114 3199 9597 3186 3199 9598 3187 3199 9599 3110 3200 9600 3186 3200 9601 3114 3200 9602 3188 3201 9603 3189 3201 9604 3143 3201 9605 3190 3202 9606 3191 3202 9607 3192 3202 9608 3193 3203 9609 3188 3203 9610 3143 3203 9611 3194 3204 9612 3193 3204 9613 3143 3204 9614 3195 3205 9615 3194 3205 9616 3143 3205 9617 3196 3206 9618 3195 3206 9619 3143 3206 9620 3197 3207 9621 3196 3207 9622 3143 3207 9623 3142 3208 9624 3197 3208 9625 3143 3208 9626 3198 3209 9627 3114 3209 9628 3187 3209 9629 3190 3210 9630 3199 3210 9631 3191 3210 9632 3200 3211 9633 3201 3211 9634 3202 3211 9635 3203 3212 9636 3202 3212 9637 3120 3212 9638 3185 3213 9639 3120 3213 9640 3202 3213 9641 3203 3214 9642 3200 3214 9643 3202 3214 9644 3204 3215 9645 3172 3215 9646 3182 3215 9647 3205 3216 9648 3204 3216 9649 3182 3216 9650 3206 3217 9651 3205 3217 9652 3182 3217 9653 3207 3218 9654 3206 3218 9655 3182 3218 9656 3208 3219 9657 3207 3219 9658 3182 3219 9659 3209 3220 9660 3208 3220 9661 3182 3220 9662 3210 3221 9663 3209 3221 9664 3182 3221 9665 3211 3222 9666 3210 3222 9667 3182 3222 9668 3212 3223 9669 3213 3223 9670 3214 3223 9671 3212 3224 9672 3214 3224 9673 3215 3224 9674 3216 3225 9675 3217 3225 9676 3218 3225 9677 3219 3226 9678 3114 3226 9679 3218 3226 9680 3220 3227 9681 3218 3227 9682 3114 3227 9683 3221 3228 9684 3216 3228 9685 3218 3228 9686 3220 3229 9687 3221 3229 9688 3218 3229 9689 3222 3230 9690 3139 3230 9691 3149 3230 9692 3223 3231 9693 3222 3231 9694 3149 3231 9695 3224 3232 9696 3223 3232 9697 3149 3232 9698 3225 3233 9699 3224 3233 9700 3149 3233 9701 3226 3234 9702 3225 3234 9703 3149 3234 9704 3227 3235 9705 3226 3235 9706 3149 3235 9707 3228 3236 9708 3227 3236 9709 3149 3236 9710 3229 3237 9711 3228 3237 9712 3149 3237 9713 3230 3238 9714 3231 3238 9715 3232 3238 9716 3233 3239 9717 3232 3239 9718 3234 3239 9719 3233 3240 9720 3230 3240 9721 3232 3240 9722 3235 3241 9723 3236 3241 9724 3237 3241 9725 3238 3242 9726 3239 3242 9727 3240 3242 9728 3241 3243 9729 3242 3243 9730 3243 3243 9731 3244 3244 9732 3241 3244 9733 3243 3244 9734 3238 3245 9735 3245 3245 9736 3239 3245 9737 3246 3246 9738 3247 3246 9739 3242 3246 9740 3248 3247 9741 3247 3247 9742 3246 3247 9743 3241 3248 9744 3246 3248 9745 3242 3248 9746 3120 3249 9747 3249 3249 9748 3250 3249 9749 3251 3250 9750 3249 3250 9751 3120 3250 9752 3252 3251 9753 3253 3251 9754 3176 3251 9755 3254 3252 9756 3255 3252 9757 3256 3252 9758 3257 3253 9759 3252 3253 9760 3176 3253 9761 3258 3254 9762 3257 3254 9763 3176 3254 9764 3259 3255 9765 3258 3255 9766 3176 3255 9767 3260 3256 9768 3259 3256 9769 3176 3256 9770 3261 3257 9771 3260 3257 9772 3176 3257 9773 3175 3258 9774 3261 3258 9775 3176 3258 9776 3262 3259 9777 3120 3259 9778 3250 3259 9779 3263 3260 9780 3264 3260 9781 3265 3260 9782 3266 3261 9783 3254 3261 9784 3256 3261 9785 3267 3262 9786 3266 3262 9787 3256 3262 9788 3263 3263 9789 3268 3263 9790 3264 3263 9791 3263 3264 9792 3265 3264 9793 3269 3264 9794 3263 3265 9795 3269 3265 9796 3270 3265 9797 3263 3266 9798 3270 3266 9799 3271 3266 9800 3263 3267 9801 3271 3267 9802 3272 3267 9803 3273 3268 9804 3272 3268 9805 3274 3268 9806 3263 3269 9807 3272 3269 9808 3273 3269 9809 3273 3270 9810 3274 3270 9811 3275 3270 9812 3273 3271 9813 3275 3271 9814 3276 3271 9815 3277 3272 9816 3278 3272 9817 3279 3272 9818 3277 3273 9819 3280 3273 9820 3278 3273 9821 3281 3274 9822 3282 3274 9823 3283 3274 9824 3284 3275 9825 3282 3275 9826 3281 3275 9827 3285 3276 9828 3282 3276 9829 3284 3276 9830 3285 3277 9831 3286 3277 9832 3282 3277 9833 3287 3278 9834 3284 3278 9835 3288 3278 9836 3289 3279 9837 3284 3279 9838 3287 3279 9839 3290 3280 9840 3284 3280 9841 3289 3280 9842 3291 3281 9843 3284 3281 9844 3290 3281 9845 3285 3282 9846 3284 3282 9847 3291 3282 9848 3212 3283 9849 3292 3283 9850 3213 3283 9851 3293 3284 9852 3213 3284 9853 3292 3284 9854 3285 3285 9855 3291 3285 9856 3294 3285 9857 3285 3286 9858 3295 3286 9859 3296 3286 9860 3292 3287 9861 3190 3287 9862 3192 3287 9863 3293 3288 9864 3292 3288 9865 3192 3288 9866 3285 3289 9867 3294 3289 9868 3295 3289 9869 3285 3290 9870 3296 3290 9871 3297 3290 9872 3285 3291 9873 3297 3291 9874 3298 3291 9875 3285 3292 9876 3298 3292 9877 3299 3292 9878 3285 3293 9879 3299 3293 9880 3300 3293 9881 3286 3294 9882 3300 3294 9883 3301 3294 9884 3285 3295 9885 3300 3295 9886 3286 3295 9887 3286 3296 9888 3301 3296 9889 3302 3296 9890 3286 3297 9891 3302 3297 9892 3303 3297 9893 3280 3298 9894 3304 3298 9895 3305 3298 9896 3277 3299 9897 3304 3299 9898 3280 3299 9899 3306 3300 9900 3307 3300 9901 3308 3300 9902 3309 3301 9903 3307 3301 9904 3306 3301 9905 3273 3302 9906 3307 3302 9907 3309 3302 9908 3310 3303 9909 3309 3303 9910 3311 3303 9911 3312 3304 9912 3309 3304 9913 3310 3304 9914 3313 3305 9915 3309 3305 9916 3312 3305 9917 3314 3306 9918 3309 3306 9919 3313 3306 9920 3268 3307 9921 3309 3307 9922 3314 3307 9923 3263 3308 9924 3273 3308 9925 3309 3308 9926 3263 3309 9927 3309 3309 9928 3268 3309 9929 3267 3310 9930 3231 3310 9931 3230 3310 9932 3248 3311 9933 3246 3311 9934 3315 3311 9935 3219 3312 9936 3316 3312 9937 3114 3312 9938 3245 3313 9939 3157 3313 9940 3155 3313 9941 3238 3314 9942 3157 3314 9943 3245 3314 9944 3317 3315 9945 3220 3315 9946 3114 3315 9947 3318 3316 9948 3317 3316 9949 3114 3316 9950 3198 3317 9951 3318 3317 9952 3114 3317 9953 3319 3318 9954 3320 3318 9955 3241 3318 9956 3244 3319 9957 3319 3319 9958 3241 3319 9959 3321 3320 9960 3203 3320 9961 3120 3320 9962 3322 3321 9963 3321 3321 9964 3120 3321 9965 3323 3322 9966 3322 3322 9967 3120 3322 9968 3262 3323 9969 3323 3323 9970 3120 3323 9971 3324 3324 9972 3325 3324 9973 3326 3324 9974 3327 3325 9975 3326 3325 9976 3328 3325 9977 3327 3326 9978 3324 3326 9979 3326 3326 9980 3329 3327 9981 3330 3327 9982 3331 3327 9983 3327 3328 9984 3328 3328 9985 3332 3328 9986 3333 3329 9987 3334 3329 9988 3335 3329 9989 3329 3330 9990 3331 3330 9991 3336 3330 9992 3337 3331 9993 3335 3331 9994 3338 3331 9995 3337 3332 9996 3333 3332 9997 3335 3332 9998 3337 3333 9999 3338 3333 10000 3339 3333 10001 3340 3334 10002 3341 3334 10003 3342 3334 10004 3343 3335 10005 3342 3335 10006 3344 3335 10007 3343 3336 10008 3340 3336 10009 3342 3336 10010 3345 3337 10011 3346 3337 10012 3347 3337 10013 3343 3338 10014 3344 3338 10015 3348 3338 10016 3349 3339 10017 3350 3339 10018 3351 3339 10019 3352 3340 10020 3345 3340 10021 3347 3340 10022 3353 3341 10023 3351 3341 10024 3354 3341 10025 3353 3342 10026 3349 3342 10027 3351 3342 10028 3353 3343 10029 3354 3343 10030 3355 3343 10031 3356 3344 10032 3357 3344 10033 3358 3344 10034 3359 3345 10035 3360 3345 10036 3361 3345 10037 3362 3346 10038 3356 3346 10039 3358 3346 10040 3363 3347 10041 3360 3347 10042 3359 3347 10043 3364 3348 10044 3365 3348 10045 3357 3348 10046 3366 3349 10047 3361 3349 10048 3367 3349 10049 3356 3350 10050 3364 3350 10051 3357 3350 10052 3359 3351 10053 3361 3351 10054 3366 3351 10055 3368 3352 10056 3369 3352 10057 3370 3352 10058 3371 3353 10059 3369 3353 10060 3368 3353 10061 3372 3354 10062 3370 3354 10063 3373 3354 10064 3368 3355 10065 3370 3355 10066 3372 3355 10067 3374 3356 10068 3375 3356 10069 3376 3356 10070 3374 3357 10071 3366 3357 10072 3375 3357 10073 3363 3358 10074 3376 3358 10075 3377 3358 10076 3363 3359 10077 3374 3359 10078 3376 3359 10079 3267 3360 10080 3230 3360 10081 3266 3360 10082 3378 3361 10083 3379 3361 10084 3380 3361 10085 3378 3362 10086 3372 3362 10087 3379 3362 10088 3371 3363 10089 3380 3363 10090 3381 3363 10091 3371 3364 10092 3378 3364 10093 3380 3364 10094 3359 3365 10095 3366 3365 10096 3374 3365 10097 3363 3366 10098 3359 3366 10099 3374 3366 10100 3368 3367 10101 3372 3367 10102 3378 3367 10103 3371 3368 10104 3368 3368 10105 3378 3368 10106 3382 3369 10107 3383 3369 10108 3384 3369 10109 3382 3370 10110 3384 3370 10111 3385 3370 10112 3386 3371 10113 3387 3371 10114 3388 3371 10115 3389 3372 10116 3388 3372 10117 3390 3372 10118 3386 3373 10119 3388 3373 10120 3391 3373 10121 3389 3374 10122 3391 3374 10123 3388 3374 10124 3392 3375 10125 3393 3375 10126 3394 3375 10127 3392 3376 10128 3395 3376 10129 3393 3376 10130 3396 3377 10131 3390 3377 10132 3397 3377 10133 3396 3378 10134 3389 3378 10135 3390 3378 10136 3398 3379 10137 3399 3379 10138 3400 3379 10139 3401 3380 10140 3402 3380 10141 3399 3380 10142 3403 3381 10143 3401 3381 10144 3399 3381 10145 3398 3382 10146 3403 3382 10147 3399 3382 10148 3404 3383 10149 3405 3383 10150 3406 3383 10151 3407 3384 10152 3405 3384 10153 3404 3384 10154 3398 3385 10155 3400 3385 10156 3408 3385 10157 3409 3386 10158 3410 3386 10159 3383 3386 10160 3382 3387 10161 3409 3387 10162 3383 3387 10163 3411 3388 10164 3412 3388 10165 3413 3388 10166 3414 3389 10167 3415 3389 10168 3416 3389 10169 3411 3390 10170 3417 3390 10171 3412 3390 10172 3414 3391 10173 3416 3391 10174 3418 3391 10175 3419 3392 10176 3420 3392 10177 3421 3392 10178 3422 3393 10179 3423 3393 10180 3420 3393 10181 3424 3394 10182 3422 3394 10183 3420 3394 10184 3419 3395 10185 3424 3395 10186 3420 3395 10187 3425 3396 10188 3426 3396 10189 3427 3396 10190 3428 3397 10191 3426 3397 10192 3425 3397 10193 3419 3398 10194 3421 3398 10195 3429 3398 10196 3430 3399 10197 3431 3399 10198 3391 3399 10199 3432 3400 10200 3430 3400 10201 3391 3400 10202 3389 3401 10203 3433 3401 10204 3391 3401 10205 3432 3402 10206 3391 3402 10207 3433 3402 10208 3434 3403 10209 3435 3403 10210 3415 3403 10211 3414 3404 10212 3434 3404 10213 3415 3404 10214 3436 3405 10215 3101 3405 10216 3100 3405 10217 3437 3406 10218 3438 3406 10219 3439 3406 10220 3440 3407 10221 3439 3407 10222 3100 3407 10223 3436 3408 10224 3100 3408 10225 3439 3408 10226 3440 3409 10227 3437 3409 10228 3439 3409 10229 3441 3410 10230 3398 3410 10231 3408 3410 10232 3442 3411 10233 3441 3411 10234 3408 3411 10235 3443 3412 10236 3442 3412 10237 3408 3412 10238 3444 3413 10239 3443 3413 10240 3408 3413 10241 3445 3414 10242 3444 3414 10243 3408 3414 10244 3446 3415 10245 3445 3415 10246 3408 3415 10247 3447 3416 10248 3446 3416 10249 3408 3416 10250 3448 3417 10251 3449 3417 10252 3450 3417 10253 3451 3418 10254 3450 3418 10255 3452 3418 10256 3451 3419 10257 3448 3419 10258 3450 3419 10259 3094 3420 10260 3453 3420 10261 3454 3420 10262 3090 3421 10263 3453 3421 10264 3094 3421 10265 3455 3422 10266 3456 3422 10267 3423 3422 10268 3457 3423 10269 3458 3423 10270 3459 3423 10271 3460 3424 10272 3455 3424 10273 3423 3424 10274 3461 3425 10275 3460 3425 10276 3423 3425 10277 3462 3426 10278 3461 3426 10279 3423 3426 10280 3463 3427 10281 3462 3427 10282 3423 3427 10283 3464 3428 10284 3463 3428 10285 3423 3428 10286 3422 3429 10287 3464 3429 10288 3423 3429 10289 3465 3430 10290 3094 3430 10291 3454 3430 10292 3466 3431 10293 3467 3431 10294 3468 3431 10295 3469 3432 10296 3094 3432 10297 3468 3432 10298 3470 3433 10299 3468 3433 10300 3094 3433 10301 3471 3434 10302 3466 3434 10303 3468 3434 10304 3470 3435 10305 3471 3435 10306 3468 3435 10307 3472 3436 10308 3419 3436 10309 3429 3436 10310 3473 3437 10311 3472 3437 10312 3429 3437 10313 3474 3438 10314 3473 3438 10315 3429 3438 10316 3475 3439 10317 3474 3439 10318 3429 3439 10319 3476 3440 10320 3475 3440 10321 3429 3440 10322 3477 3441 10323 3476 3441 10324 3429 3441 10325 3478 3442 10326 3477 3442 10327 3429 3442 10328 3479 3443 10329 3480 3443 10330 3481 3443 10331 3479 3444 10332 3481 3444 10333 3482 3444 10334 3483 3445 10335 3484 3445 10336 3485 3445 10337 3486 3446 10338 3487 3446 10339 3488 3446 10340 3489 3447 10341 3490 3447 10342 3491 3447 10343 3492 3448 10344 3489 3448 10345 3491 3448 10346 3486 3449 10347 3493 3449 10348 3487 3449 10349 3494 3450 10350 3495 3450 10351 3490 3450 10352 3496 3451 10353 3495 3451 10354 3494 3451 10355 3489 3452 10356 3494 3452 10357 3490 3452 10358 3100 3453 10359 3497 3453 10360 3498 3453 10361 3499 3454 10362 3497 3454 10363 3100 3454 10364 3500 3455 10365 3501 3455 10366 3402 3455 10367 3502 3456 10368 3503 3456 10369 3504 3456 10370 3505 3457 10371 3500 3457 10372 3402 3457 10373 3506 3458 10374 3505 3458 10375 3402 3458 10376 3507 3459 10377 3506 3459 10378 3402 3459 10379 3508 3460 10380 3507 3460 10381 3402 3460 10382 3509 3461 10383 3508 3461 10384 3402 3461 10385 3401 3462 10386 3509 3462 10387 3402 3462 10388 3510 3463 10389 3100 3463 10390 3498 3463 10391 3502 3464 10392 3511 3464 10393 3503 3464 10394 3512 3465 10395 3513 3465 10396 3514 3465 10397 3515 3466 10398 3502 3466 10399 3504 3466 10400 3516 3467 10401 3515 3467 10402 3504 3467 10403 3512 3468 10404 3517 3468 10405 3513 3468 10406 3512 3469 10407 3514 3469 10408 3518 3469 10409 3512 3470 10410 3518 3470 10411 3519 3470 10412 3512 3471 10413 3519 3471 10414 3520 3471 10415 3512 3472 10416 3520 3472 10417 3521 3472 10418 3522 3473 10419 3521 3473 10420 3523 3473 10421 3512 3474 10422 3521 3474 10423 3522 3474 10424 3522 3475 10425 3523 3475 10426 3524 3475 10427 3522 3476 10428 3524 3476 10429 3525 3476 10430 3526 3477 10431 3527 3477 10432 3528 3477 10433 3526 3478 10434 3529 3478 10435 3527 3478 10436 3530 3479 10437 3531 3479 10438 3532 3479 10439 3533 3480 10440 3531 3480 10441 3530 3480 10442 3534 3481 10443 3531 3481 10444 3533 3481 10445 3534 3482 10446 3535 3482 10447 3531 3482 10448 3443 3483 10449 3536 3483 10450 3442 3483 10451 3537 3484 10452 3533 3484 10453 3538 3484 10454 3539 3485 10455 3533 3485 10456 3537 3485 10457 3540 3486 10458 3533 3486 10459 3539 3486 10460 3541 3487 10461 3533 3487 10462 3540 3487 10463 3534 3488 10464 3533 3488 10465 3541 3488 10466 3542 3489 10467 3449 3489 10468 3448 3489 10469 3534 3490 10470 3541 3490 10471 3543 3490 10472 3534 3491 10473 3544 3491 10474 3545 3491 10475 3546 3492 10476 3457 3492 10477 3459 3492 10478 3542 3493 10479 3546 3493 10480 3459 3493 10481 3534 3494 10482 3543 3494 10483 3544 3494 10484 3534 3495 10485 3545 3495 10486 3547 3495 10487 3534 3496 10488 3547 3496 10489 3548 3496 10490 3534 3497 10491 3548 3497 10492 3549 3497 10493 3534 3498 10494 3549 3498 10495 3550 3498 10496 3535 3499 10497 3550 3499 10498 3551 3499 10499 3534 3500 10500 3550 3500 10501 3535 3500 10502 3535 3501 10503 3551 3501 10504 3552 3501 10505 3535 3502 10506 3552 3502 10507 3553 3502 10508 3529 3503 10509 3554 3503 10510 3555 3503 10511 3526 3504 10512 3554 3504 10513 3529 3504 10514 3556 3505 10515 3557 3505 10516 3558 3505 10517 3559 3506 10518 3557 3506 10519 3556 3506 10520 3512 3507 10521 3557 3507 10522 3559 3507 10523 3512 3508 10524 3522 3508 10525 3557 3508 10526 3474 3509 10527 3560 3509 10528 3473 3509 10529 3561 3510 10530 3559 3510 10531 3562 3510 10532 3563 3511 10533 3559 3511 10534 3561 3511 10535 3564 3512 10536 3559 3512 10537 3563 3512 10538 3565 3513 10539 3559 3513 10540 3564 3513 10541 3517 3514 10542 3559 3514 10543 3565 3514 10544 3512 3515 10545 3559 3515 10546 3517 3515 10547 3479 3516 10548 3515 3516 10549 3480 3516 10550 3516 3517 10551 3480 3517 10552 3515 3517 10553 3496 3518 10554 3494 3518 10555 3566 3518 10556 3469 3519 10557 3567 3519 10558 3094 3519 10559 3493 3520 10560 3433 3520 10561 3389 3520 10562 3486 3521 10563 3433 3521 10564 3493 3521 10565 3568 3522 10566 3470 3522 10567 3094 3522 10568 3569 3523 10569 3568 3523 10570 3094 3523 10571 3465 3524 10572 3569 3524 10573 3094 3524 10574 3570 3525 10575 3571 3525 10576 3489 3525 10577 3492 3526 10578 3570 3526 10579 3489 3526 10580 3572 3527 10581 3440 3527 10582 3100 3527 10583 3573 3528 10584 3572 3528 10585 3100 3528 10586 3574 3529 10587 3573 3529 10588 3100 3529 10589 3510 3530 10590 3574 3530 10591 3100 3530 10592 3575 3531 10593 3576 3531 10594 3577 3531 10595 3578 3532 10596 3577 3532 10597 3579 3532 10598 3578 3533 10599 3575 3533 10600 3577 3533 10601 3580 3534 10602 3581 3534 10603 3582 3534 10604 3578 3535 10605 3579 3535 10606 3583 3535 10607 3584 3536 10608 3585 3536 10609 3586 3536 10610 3587 3537 10611 3580 3537 10612 3582 3537 10613 3588 3538 10614 3586 3538 10615 3589 3538 10616 3588 3539 10617 3584 3539 10618 3586 3539 10619 3588 3540 10620 3589 3540 10621 3590 3540 10622 3591 3541 10623 3592 3541 10624 3593 3541 10625 3594 3542 10626 3593 3542 10627 3595 3542 10628 3594 3543 10629 3591 3543 10630 3593 3543 10631 3596 3544 10632 3597 3544 10633 3598 3544 10634 3594 3545 10635 3595 3545 10636 3599 3545 10637 3600 3546 10638 3601 3546 10639 3602 3546 10640 3596 3547 10641 3598 3547 10642 3603 3547 10643 3604 3548 10644 3602 3548 10645 3605 3548 10646 3604 3549 10647 3600 3549 10648 3602 3549 10649 3604 3550 10650 3605 3550 10651 3606 3550 10652 3607 3551 10653 3608 3551 10654 3609 3551 10655 3610 3552 10656 3611 3552 10657 3612 3552 10658 3613 3553 10659 3607 3553 10660 3609 3553 10661 3614 3554 10662 3611 3554 10663 3610 3554 10664 3615 3555 10665 3616 3555 10666 3608 3555 10667 3617 3556 10668 3612 3556 10669 3618 3556 10670 3607 3557 10671 3615 3557 10672 3608 3557 10673 3610 3558 10674 3612 3558 10675 3617 3558 10676 3619 3559 10677 3620 3559 10678 3621 3559 10679 3622 3560 10680 3620 3560 10681 3619 3560 10682 3623 3561 10683 3621 3561 10684 3624 3561 10685 3619 3562 10686 3621 3562 10687 3623 3562 10688 3542 3563 10689 3448 3563 10690 3546 3563 10691 3625 3564 10692 3626 3564 10693 3627 3564 10694 3625 3565 10695 3617 3565 10696 3626 3565 10697 3614 3566 10698 3627 3566 10699 3628 3566 10700 3614 3567 10701 3625 3567 10702 3627 3567 10703 3629 3568 10704 3630 3568 10705 3631 3568 10706 3629 3569 10707 3623 3569 10708 3630 3569 10709 3622 3570 10710 3631 3570 10711 3632 3570 10712 3622 3571 10713 3629 3571 10714 3631 3571 10715 3610 3572 10716 3617 3572 10717 3625 3572 10718 3614 3573 10719 3610 3573 10720 3625 3573 10721 3619 3574 10722 3623 3574 10723 3629 3574 10724 3622 3575 10725 3619 3575 10726 3629 3575 10727 3633 3576 10728 3634 3576 10729 3635 3576 10730 989 3577 10731 3636 3577 10732 985 3577 10733 3637 3578 10734 3633 3578 10735 3635 3578 10736 3638 3579 10737 3639 3579 10738 3640 3579 10739 3641 3580 10740 3638 3580 10741 3640 3580 10742 3642 3581 10743 3643 3581 10744 3634 3581 10745 3633 3582 10746 3642 3582 10747 3634 3582 10748 3644 3583 10749 3645 3583 10750 3643 3583 10751 3642 3584 10752 3644 3584 10753 3643 3584 10754 3646 3585 10755 3647 3585 10756 3645 3585 10757 3644 3586 10758 3646 3586 10759 3645 3586 10760 3648 3587 10761 3649 3587 10762 3647 3587 10763 3646 3588 10764 3648 3588 10765 3647 3588 10766 3650 3589 10767 3651 3589 10768 3649 3589 10769 3648 3590 10770 3650 3590 10771 3649 3590 10772 3652 3591 10773 3653 3591 10774 3651 3591 10775 3650 3592 10776 3652 3592 10777 3651 3592 10778 3654 3593 10779 3655 3593 10780 3653 3593 10781 3652 3594 10782 3654 3594 10783 3653 3594 10784 3656 3595 10785 3657 3595 10786 3658 3595 10787 3659 3596 10788 3657 3596 10789 3656 3596 10790 890 3597 10791 888 3597 10792 3660 3597 10793 3661 3598 10794 3662 3598 10795 3663 3598 10796 3664 3599 10797 3665 3599 10798 3666 3599 10799 3667 3600 10800 3663 3600 10801 3668 3600 10802 3661 3601 10803 3663 3601 10804 3667 3601 10805 3669 3602 10806 3668 3602 10807 3670 3602 10808 3667 3603 10809 3668 3603 10810 3669 3603 10811 3671 3604 10812 3670 3604 10813 3672 3604 10814 3669 3605 10815 3670 3605 10816 3671 3605 10817 3673 3606 10818 3672 3606 10819 3674 3606 10820 3671 3607 10821 3672 3607 10822 3673 3607 10823 3675 3608 10824 3674 3608 10825 3676 3608 10826 3673 3609 10827 3674 3609 10828 3675 3609 10829 3677 3610 10830 3676 3610 10831 3678 3610 10832 3675 3611 10833 3676 3611 10834 3677 3611 10835 3679 3612 10836 3678 3612 10837 3680 3612 10838 3677 3613 10839 3678 3613 10840 3679 3613 10841 3679 3614 10842 3680 3614 10843 3681 3614 10844 3682 3615 10845 3683 3615 10846 3684 3615 10847 3685 3616 10848 3684 3616 10849 3686 3616 10850 3685 3617 10851 3682 3617 10852 3684 3617 10853 3687 3618 10854 3686 3618 10855 3688 3618 10856 3687 3619 10857 3685 3619 10858 3686 3619 10859 3689 3620 10860 3688 3620 10861 3690 3620 10862 3689 3621 10863 3687 3621 10864 3688 3621 10865 3691 3622 10866 3690 3622 10867 3692 3622 10868 3691 3623 10869 3689 3623 10870 3690 3623 10871 3693 3624 10872 3692 3624 10873 3694 3624 10874 3693 3625 10875 3691 3625 10876 3692 3625 10877 3695 3626 10878 3694 3626 10879 3696 3626 10880 3695 3627 10881 3693 3627 10882 3694 3627 10883 3697 3628 10884 3696 3628 10885 3698 3628 10886 3697 3629 10887 3695 3629 10888 3696 3629 10889 3699 3630 10890 3697 3630 10891 3698 3630 10892 3664 3631 10893 3700 3631 10894 3665 3631 10895 3659 3632 10896 3656 3632 10897 3701 3632 10898 3702 3633 10899 3701 3633 10900 3703 3633 10901 3659 3634 10902 3701 3634 10903 3702 3634 10904 3704 3635 10905 3703 3635 10906 3705 3635 10907 3702 3636 10908 3703 3636 10909 3704 3636 10910 3706 3637 10911 3705 3637 10912 3707 3637 10913 3704 3638 10914 3705 3638 10915 3706 3638 10916 3708 3639 10917 3707 3639 10918 3709 3639 10919 3706 3640 10920 3707 3640 10921 3708 3640 10922 3710 3641 10923 3709 3641 10924 3711 3641 10925 3708 3642 10926 3709 3642 10927 3710 3642 10928 3712 3643 10929 3711 3643 10930 3713 3643 10931 3710 3644 10932 3711 3644 10933 3712 3644 10934 3714 3645 10935 3715 3645 10936 3716 3645 10937 3717 3646 10938 3715 3646 10939 3714 3646 10940 3712 3647 10941 3713 3647 10942 3718 3647 10943 3719 3648 10944 3720 3648 10945 3721 3648 10946 3722 3649 10947 3721 3649 10948 3723 3649 10949 3719 3650 10950 3721 3650 10951 3722 3650 10952 3724 3651 10953 3723 3651 10954 3725 3651 10955 3722 3652 10956 3723 3652 10957 3724 3652 10958 3726 3653 10959 3725 3653 10960 3727 3653 10961 3724 3654 10962 3725 3654 10963 3726 3654 10964 3728 3655 10965 3727 3655 10966 3729 3655 10967 3726 3656 10968 3727 3656 10969 3728 3656 10970 3129 3657 10971 3729 3657 10972 3130 3657 10973 3728 3658 10974 3729 3658 10975 3129 3658 10976 3127 3659 10977 3130 3659 10978 3128 3659 10979 3730 3660 10980 3731 3660 10981 3732 3660 10982 3733 3661 10983 3734 3661 10984 3735 3661 10985 3736 3662 10986 3732 3662 10987 3737 3662 10988 3738 3663 10989 3739 3663 10990 3740 3663 10991 3730 3664 10992 3732 3664 10993 3736 3664 10994 3738 3665 10995 3740 3665 10996 3741 3665 10997 3742 3666 10998 3743 3666 10999 3731 3666 11000 3744 3667 11001 3735 3667 11002 3745 3667 11003 3746 3668 11004 3742 3668 11005 3731 3668 11006 3730 3669 11007 3746 3669 11008 3731 3669 11009 3747 3670 11010 3733 3670 11011 3735 3670 11012 3744 3671 11013 3747 3671 11014 3735 3671 11015 3748 3672 11016 3749 3672 11017 3743 3672 11018 3750 3673 11019 3745 3673 11020 3751 3673 11021 3752 3674 11022 3748 3674 11023 3743 3674 11024 3742 3675 11025 3752 3675 11026 3743 3675 11027 3750 3676 11028 3744 3676 11029 3745 3676 11030 3753 3677 11031 3754 3677 11032 3749 3677 11033 3755 3678 11034 3751 3678 11035 3756 3678 11036 3757 3679 11037 3753 3679 11038 3749 3679 11039 3748 3680 11040 3757 3680 11041 3749 3680 11042 3755 3681 11043 3750 3681 11044 3751 3681 11045 3758 3682 11046 3759 3682 11047 3754 3682 11048 3760 3683 11049 3756 3683 11050 3761 3683 11051 3753 3684 11052 3758 3684 11053 3754 3684 11054 3760 3685 11055 3755 3685 11056 3756 3685 11057 3762 3686 11058 3763 3686 11059 3759 3686 11060 3764 3687 11061 3761 3687 11062 3765 3687 11063 3758 3688 11064 3762 3688 11065 3759 3688 11066 3764 3689 11067 3760 3689 11068 3761 3689 11069 3766 3690 11070 3767 3690 11071 3763 3690 11072 3768 3691 11073 3765 3691 11074 3769 3691 11075 3770 3692 11076 3766 3692 11077 3763 3692 11078 3762 3693 11079 3770 3693 11080 3763 3693 11081 3768 3694 11082 3764 3694 11083 3765 3694 11084 3771 3695 11085 3772 3695 11086 3767 3695 11087 3773 3696 11088 3769 3696 11089 3774 3696 11090 3766 3697 11091 3771 3697 11092 3767 3697 11093 3773 3698 11094 3768 3698 11095 3769 3698 11096 3775 3699 11097 3776 3699 11098 3772 3699 11099 3777 3700 11100 3774 3700 11101 3778 3700 11102 3779 3701 11103 3775 3701 11104 3772 3701 11105 3771 3702 11106 3779 3702 11107 3772 3702 11108 3777 3703 11109 3773 3703 11110 3774 3703 11111 3780 3704 11112 3781 3704 11113 3776 3704 11114 3782 3705 11115 3778 3705 11116 3783 3705 11117 3784 3706 11118 3780 3706 11119 3776 3706 11120 3775 3707 11121 3784 3707 11122 3776 3707 11123 3782 3708 11124 3777 3708 11125 3778 3708 11126 3785 3709 11127 3786 3709 11128 3781 3709 11129 3787 3710 11130 3783 3710 11131 3788 3710 11132 3789 3711 11133 3785 3711 11134 3781 3711 11135 3780 3712 11136 3789 3712 11137 3781 3712 11138 3787 3713 11139 3782 3713 11140 3783 3713 11141 3790 3714 11142 3791 3714 11143 3786 3714 11144 3792 3715 11145 3788 3715 11146 3793 3715 11147 3794 3716 11148 3790 3716 11149 3786 3716 11150 3785 3717 11151 3794 3717 11152 3786 3717 11153 3792 3718 11154 3787 3718 11155 3788 3718 11156 3795 3719 11157 3796 3719 11158 3791 3719 11159 3797 3720 11160 3798 3720 11161 3799 3720 11162 3790 3721 11163 3795 3721 11164 3791 3721 11165 3800 3722 11166 3792 3722 11167 3793 3722 11168 3801 3723 11169 3802 3723 11170 3796 3723 11171 3803 3724 11172 3799 3724 11173 3804 3724 11174 3805 3725 11175 3801 3725 11176 3796 3725 11177 3795 3726 11178 3805 3726 11179 3796 3726 11180 3806 3727 11181 3797 3727 11182 3799 3727 11183 3803 3728 11184 3806 3728 11185 3799 3728 11186 3807 3729 11187 3808 3729 11188 3802 3729 11189 3809 3730 11190 3804 3730 11191 3810 3730 11192 3811 3731 11193 3807 3731 11194 3802 3731 11195 3801 3732 11196 3811 3732 11197 3802 3732 11198 3809 3733 11199 3803 3733 11200 3804 3733 11201 3812 3734 11202 3813 3734 11203 3808 3734 11204 3814 3735 11205 3810 3735 11206 3815 3735 11207 3816 3736 11208 3812 3736 11209 3808 3736 11210 3807 3737 11211 3816 3737 11212 3808 3737 11213 3814 3738 11214 3809 3738 11215 3810 3738 11216 3817 3739 11217 3818 3739 11218 3813 3739 11219 3819 3740 11220 3815 3740 11221 3820 3740 11222 3812 3741 11223 3817 3741 11224 3813 3741 11225 3819 3742 11226 3814 3742 11227 3815 3742 11228 3821 3743 11229 3822 3743 11230 3818 3743 11231 3823 3744 11232 3820 3744 11233 3824 3744 11234 3817 3745 11235 3821 3745 11236 3818 3745 11237 3823 3746 11238 3819 3746 11239 3820 3746 11240 3825 3747 11241 3826 3747 11242 3822 3747 11243 3827 3748 11244 3824 3748 11245 3828 3748 11246 3829 3749 11247 3825 3749 11248 3822 3749 11249 3821 3750 11250 3829 3750 11251 3822 3750 11252 3827 3751 11253 3823 3751 11254 3824 3751 11255 3830 3752 11256 3831 3752 11257 3826 3752 11258 3832 3753 11259 3828 3753 11260 3833 3753 11261 3825 3754 11262 3830 3754 11263 3826 3754 11264 3832 3755 11265 3827 3755 11266 3828 3755 11267 3834 3756 11268 3835 3756 11269 3831 3756 11270 3836 3757 11271 3833 3757 11272 3837 3757 11273 3838 3758 11274 3834 3758 11275 3831 3758 11276 3830 3759 11277 3838 3759 11278 3831 3759 11279 3836 3760 11280 3832 3760 11281 3833 3760 11282 3839 3761 11283 3840 3761 11284 3835 3761 11285 3841 3762 11286 3837 3762 11287 3842 3762 11288 3843 3763 11289 3839 3763 11290 3835 3763 11291 3834 3764 11292 3843 3764 11293 3835 3764 11294 3841 3765 11295 3836 3765 11296 3837 3765 11297 3844 3766 11298 3737 3766 11299 3840 3766 11300 3845 3767 11301 3842 3767 11302 3739 3767 11303 3846 3768 11304 3844 3768 11305 3840 3768 11306 3839 3769 11307 3846 3769 11308 3840 3769 11309 3845 3770 11310 3841 3770 11311 3842 3770 11312 3847 3771 11313 3736 3771 11314 3737 3771 11315 3844 3772 11316 3847 3772 11317 3737 3772 11318 3738 3773 11319 3845 3773 11320 3739 3773 11321 3848 3774 11322 3849 3774 11323 3850 3774 11324 3851 3775 11325 3852 3775 11326 3853 3775 11327 3854 3776 11328 3851 3776 11329 3853 3776 11330 3855 3777 11331 3850 3777 11332 3856 3777 11333 3855 3778 11334 3848 3778 11335 3850 3778 11336 3855 3779 11337 3856 3779 11338 3857 3779 11339 3858 3780 11340 3857 3780 11341 3859 3780 11342 3858 3781 11343 3855 3781 11344 3857 3781 11345 3858 3782 11346 3859 3782 11347 3860 3782 11348 3861 3783 11349 3860 3783 11350 3862 3783 11351 3861 3784 11352 3858 3784 11353 3860 3784 11354 3863 3785 11355 3862 3785 11356 3864 3785 11357 3863 3786 11358 3861 3786 11359 3862 3786 11360 3863 3787 11361 3864 3787 11362 3865 3787 11363 3866 3788 11364 3865 3788 11365 3867 3788 11366 3866 3789 11367 3863 3789 11368 3865 3789 11369 3829 3790 11370 3868 3790 11371 3825 3790 11372 3866 3791 11373 3867 3791 11374 3869 3791 11375 3870 3792 11376 3871 3792 11377 3868 3792 11378 3872 3793 11379 3869 3793 11380 3873 3793 11381 3829 3794 11382 3870 3794 11383 3868 3794 11384 3872 3795 11385 3866 3795 11386 3869 3795 11387 3870 3796 11388 3874 3796 11389 3871 3796 11390 3872 3797 11391 3873 3797 11392 3875 3797 11393 3876 3798 11394 3875 3798 11395 3877 3798 11396 3876 3799 11397 3872 3799 11398 3875 3799 11399 3878 3800 11400 3877 3800 11401 3879 3800 11402 3878 3801 11403 3876 3801 11404 3877 3801 11405 3878 3802 11406 3879 3802 11407 3880 3802 11408 3881 3803 11409 3880 3803 11410 3882 3803 11411 3881 3804 11412 3878 3804 11413 3880 3804 11414 3881 3805 11415 3882 3805 11416 3883 3805 11417 3884 3806 11418 3883 3806 11419 3885 3806 11420 3884 3807 11421 3881 3807 11422 3883 3807 11423 3886 3808 11424 3885 3808 11425 3887 3808 11426 3886 3809 11427 3884 3809 11428 3885 3809 11429 3886 3810 11430 3887 3810 11431 3888 3810 11432 3889 3811 11433 3888 3811 11434 3890 3811 11435 3889 3812 11436 3886 3812 11437 3888 3812 11438 3889 3813 11439 3890 3813 11440 3891 3813 11441 3892 3814 11442 3891 3814 11443 3893 3814 11444 3892 3815 11445 3889 3815 11446 3891 3815 11447 3892 3816 11448 3893 3816 11449 3894 3816 11450 3895 3817 11451 3896 3817 11452 3897 3817 11453 3892 3818 11454 3894 3818 11455 3898 3818 11456 3899 3819 11457 3897 3819 11458 3900 3819 11459 3899 3820 11460 3895 3820 11461 3897 3820 11462 3899 3821 11463 3900 3821 11464 3901 3821 11465 3902 3822 11466 3901 3822 11467 3903 3822 11468 3902 3823 11469 3899 3823 11470 3901 3823 11471 3902 3824 11472 3903 3824 11473 3904 3824 11474 3905 3825 11475 3904 3825 11476 3906 3825 11477 3905 3826 11478 3902 3826 11479 3904 3826 11480 3907 3827 11481 3906 3827 11482 3908 3827 11483 3907 3828 11484 3905 3828 11485 3906 3828 11486 3907 3829 11487 3908 3829 11488 3909 3829 11489 3910 3830 11490 3909 3830 11491 3911 3830 11492 3910 3831 11493 3907 3831 11494 3909 3831 11495 3770 3832 11496 3912 3832 11497 3766 3832 11498 3910 3833 11499 3911 3833 11500 3913 3833 11501 3914 3834 11502 3915 3834 11503 3912 3834 11504 3916 3835 11505 3913 3835 11506 3917 3835 11507 3770 3836 11508 3914 3836 11509 3912 3836 11510 3916 3837 11511 3910 3837 11512 3913 3837 11513 3914 3838 11514 3918 3838 11515 3915 3838 11516 3916 3839 11517 3917 3839 11518 3919 3839 11519 3920 3840 11520 3919 3840 11521 3921 3840 11522 3920 3841 11523 3916 3841 11524 3919 3841 11525 3922 3842 11526 3921 3842 11527 3923 3842 11528 3922 3843 11529 3920 3843 11530 3921 3843 11531 3922 3844 11532 3923 3844 11533 3924 3844 11534 3925 3845 11535 3924 3845 11536 3926 3845 11537 3925 3846 11538 3922 3846 11539 3924 3846 11540 3925 3847 11541 3926 3847 11542 3927 3847 11543 3928 3848 11544 3927 3848 11545 3929 3848 11546 3928 3849 11547 3925 3849 11548 3927 3849 11549 3930 3850 11550 3929 3850 11551 3931 3850 11552 3930 3851 11553 3928 3851 11554 3929 3851 11555 3930 3852 11556 3931 3852 11557 3932 3852 11558 3933 3853 11559 3932 3853 11560 3934 3853 11561 3933 3854 11562 3930 3854 11563 3932 3854 11564 3933 3855 11565 3934 3855 11566 3935 3855 11567 3851 3856 11568 3935 3856 11569 3852 3856 11570 3851 3857 11571 3933 3857 11572 3935 3857 11573 3936 3858 11574 3937 3858 11575 3938 3858 11576 3939 3859 11577 3940 3859 11578 3941 3859 11579 3942 3860 11580 3938 3860 11581 3943 3860 11582 3944 3861 11583 3945 3861 11584 3946 3861 11585 3942 3862 11586 3936 3862 11587 3938 3862 11588 3947 3863 11589 3944 3863 11590 3946 3863 11591 3936 3864 11592 3948 3864 11593 3937 3864 11594 3949 3865 11595 3941 3865 11596 3950 3865 11597 3949 3866 11598 3939 3866 11599 3941 3866 11600 3951 3867 11601 3952 3867 11602 3948 3867 11603 3949 3868 11604 3950 3868 11605 3953 3868 11606 3936 3869 11607 3951 3869 11608 3948 3869 11609 3954 3870 11610 3955 3870 11611 3952 3870 11612 3956 3871 11613 3953 3871 11614 3957 3871 11615 3951 3872 11616 3954 3872 11617 3952 3872 11618 3956 3873 11619 3949 3873 11620 3953 3873 11621 3958 3874 11622 3959 3874 11623 3955 3874 11624 3956 3875 11625 3957 3875 11626 3960 3875 11627 3954 3876 11628 3958 3876 11629 3955 3876 11630 3961 3877 11631 3962 3877 11632 3959 3877 11633 3963 3878 11634 3960 3878 11635 3964 3878 11636 3965 3879 11637 3961 3879 11638 3959 3879 11639 3958 3880 11640 3965 3880 11641 3959 3880 11642 3963 3881 11643 3956 3881 11644 3960 3881 11645 3966 3882 11646 3967 3882 11647 3962 3882 11648 3968 3883 11649 3964 3883 11650 3969 3883 11651 3961 3884 11652 3966 3884 11653 3962 3884 11654 3968 3885 11655 3963 3885 11656 3964 3885 11657 3970 3886 11658 3971 3886 11659 3967 3886 11660 3968 3887 11661 3969 3887 11662 3972 3887 11663 3966 3888 11664 3970 3888 11665 3967 3888 11666 3973 3889 11667 3974 3889 11668 3971 3889 11669 3975 3890 11670 3972 3890 11671 3976 3890 11672 3970 3891 11673 3973 3891 11674 3971 3891 11675 3975 3892 11676 3968 3892 11677 3972 3892 11678 3977 3893 11679 3978 3893 11680 3974 3893 11681 3975 3894 11682 3976 3894 11683 3979 3894 11684 3973 3895 11685 3977 3895 11686 3974 3895 11687 3977 3896 11688 3980 3896 11689 3978 3896 11690 3981 3897 11691 3979 3897 11692 3982 3897 11693 3981 3898 11694 3975 3898 11695 3979 3898 11696 3983 3899 11697 3982 3899 11698 3984 3899 11699 3983 3900 11700 3981 3900 11701 3982 3900 11702 3983 3901 11703 3984 3901 11704 3985 3901 11705 3986 3902 11706 3985 3902 11707 3987 3902 11708 3986 3903 11709 3983 3903 11710 3985 3903 11711 3986 3904 11712 3987 3904 11713 3988 3904 11714 3989 3905 11715 3988 3905 11716 3990 3905 11717 3989 3906 11718 3986 3906 11719 3988 3906 11720 3991 3907 11721 3990 3907 11722 3992 3907 11723 3991 3908 11724 3989 3908 11725 3990 3908 11726 3993 3909 11727 3994 3909 11728 3965 3909 11729 3991 3910 11730 3992 3910 11731 3995 3910 11732 3996 3911 11733 3993 3911 11734 3965 3911 11735 3958 3912 11736 3996 3912 11737 3965 3912 11738 3997 3913 11739 3998 3913 11740 3994 3913 11741 3999 3914 11742 3995 3914 11743 4000 3914 11744 3993 3915 11745 3997 3915 11746 3994 3915 11747 3999 3916 11748 3991 3916 11749 3995 3916 11750 3997 3917 11751 4001 3917 11752 3998 3917 11753 3999 3918 11754 4000 3918 11755 4002 3918 11756 4003 3919 11757 4004 3919 11758 4001 3919 11759 4005 3920 11760 4002 3920 11761 4006 3920 11762 3997 3921 11763 4003 3921 11764 4001 3921 11765 4005 3922 11766 3999 3922 11767 4002 3922 11768 4007 3923 11769 4008 3923 11770 4004 3923 11771 4005 3924 11772 4006 3924 11773 4009 3924 11774 4003 3925 11775 4007 3925 11776 4004 3925 11777 4010 3926 11778 4011 3926 11779 4008 3926 11780 4012 3927 11781 4013 3927 11782 4014 3927 11783 4010 3928 11784 4008 3928 11785 4007 3928 11786 4005 3929 11787 4009 3929 11788 4015 3929 11789 4010 3930 11790 4016 3930 11791 4011 3930 11792 4017 3931 11793 4014 3931 11794 4018 3931 11795 4017 3932 11796 4012 3932 11797 4014 3932 11798 4019 3933 11799 4020 3933 11800 4016 3933 11801 4017 3934 11802 4018 3934 11803 4021 3934 11804 4010 3935 11805 4019 3935 11806 4016 3935 11807 4022 3936 11808 4023 3936 11809 4020 3936 11810 4024 3937 11811 4021 3937 11812 4025 3937 11813 4019 3938 11814 4022 3938 11815 4020 3938 11816 4024 3939 11817 4017 3939 11818 4021 3939 11819 4026 3940 11820 4027 3940 11821 4023 3940 11822 4024 3941 11823 4025 3941 11824 4028 3941 11825 4022 3942 11826 4026 3942 11827 4023 3942 11828 4029 3943 11829 4030 3943 11830 4027 3943 11831 4031 3944 11832 4028 3944 11833 4032 3944 11834 4033 3945 11835 4029 3945 11836 4027 3945 11837 4026 3946 11838 4033 3946 11839 4027 3946 11840 4031 3947 11841 4024 3947 11842 4028 3947 11843 4034 3948 11844 4035 3948 11845 4030 3948 11846 4036 3949 11847 4032 3949 11848 4037 3949 11849 4029 3950 11850 4034 3950 11851 4030 3950 11852 4036 3951 11853 4031 3951 11854 4032 3951 11855 4038 3952 11856 4039 3952 11857 4035 3952 11858 4036 3953 11859 4037 3953 11860 4040 3953 11861 4034 3954 11862 4038 3954 11863 4035 3954 11864 4041 3955 11865 4042 3955 11866 4039 3955 11867 4043 3956 11868 4040 3956 11869 4044 3956 11870 4038 3957 11871 4041 3957 11872 4039 3957 11873 4043 3958 11874 4036 3958 11875 4040 3958 11876 4045 3959 11877 4046 3959 11878 4042 3959 11879 4043 3960 11880 4044 3960 11881 4047 3960 11882 4041 3961 11883 4045 3961 11884 4042 3961 11885 4045 3962 11886 4048 3962 11887 4046 3962 11888 4049 3963 11889 4047 3963 11890 4050 3963 11891 4049 3964 11892 4043 3964 11893 4047 3964 11894 4051 3965 11895 4050 3965 11896 4052 3965 11897 4051 3966 11898 4049 3966 11899 4050 3966 11900 4051 3967 11901 4052 3967 11902 4053 3967 11903 4054 3968 11904 4053 3968 11905 4055 3968 11906 4054 3969 11907 4051 3969 11908 4053 3969 11909 4054 3970 11910 4055 3970 11911 4056 3970 11912 4057 3971 11913 4056 3971 11914 4058 3971 11915 4057 3972 11916 4054 3972 11917 4056 3972 11918 4059 3973 11919 4058 3973 11920 4060 3973 11921 4059 3974 11922 4057 3974 11923 4058 3974 11924 4061 3975 11925 4062 3975 11926 4033 3975 11927 4059 3976 11928 4060 3976 11929 4063 3976 11930 4064 3977 11931 4061 3977 11932 4033 3977 11933 4026 3978 11934 4064 3978 11935 4033 3978 11936 4065 3979 11937 4066 3979 11938 4062 3979 11939 4067 3980 11940 4063 3980 11941 4068 3980 11942 4061 3981 11943 4065 3981 11944 4062 3981 11945 4067 3982 11946 4059 3982 11947 4063 3982 11948 4065 3983 11949 4069 3983 11950 4066 3983 11951 4067 3984 11952 4068 3984 11953 4070 3984 11954 4071 3985 11955 3943 3985 11956 4069 3985 11957 3944 3986 11958 4070 3986 11959 3945 3986 11960 4065 3987 11961 4071 3987 11962 4069 3987 11963 3944 3988 11964 4067 3988 11965 4070 3988 11966 4071 3989 11967 3942 3989 11968 3943 3989 11969 4072 3990 11970 4073 3990 11971 4074 3990 11972 4075 3991 11973 4076 3991 11974 4077 3991 11975 4075 3992 11976 4077 3992 11977 4078 3992 11978 4079 3993 11979 4074 3993 11980 4080 3993 11981 4081 3994 11982 4074 3994 11983 4079 3994 11984 4072 3995 11985 4074 3995 11986 4081 3995 11987 4082 3996 11988 4080 3996 11989 4083 3996 11990 4079 3997 11991 4080 3997 11992 4082 3997 11993 4084 3998 11994 4083 3998 11995 4085 3998 11996 4082 3999 11997 4083 3999 11998 4084 3999 11999 4086 4000 12000 4085 4000 12001 4087 4000 12002 4084 4001 12003 4085 4001 12004 4086 4001 12005 4088 4002 12006 4087 4002 12007 4089 4002 12008 4086 4003 12009 4087 4003 12010 4088 4003 12011 4090 4004 12012 4089 4004 12013 4091 4004 12014 4088 4005 12015 4089 4005 12016 4090 4005 12017 4092 4006 12018 4091 4006 12019 4093 4006 12020 4090 4007 12021 4091 4007 12022 4092 4007 12023 4094 4008 12024 4093 4008 12025 4095 4008 12026 4092 4009 12027 4093 4009 12028 4094 4009 12029 4096 4010 12030 4097 4010 12031 4098 4010 12032 4094 4011 12033 4095 4011 12034 4099 4011 12035 4100 4012 12036 4098 4012 12037 4101 4012 12038 4102 4013 12039 4096 4013 12040 4098 4013 12041 4102 4014 12042 4098 4014 12043 4100 4014 12044 4103 4015 12045 4101 4015 12046 4104 4015 12047 4100 4016 12048 4101 4016 12049 4103 4016 12050 4105 4017 12051 4104 4017 12052 4106 4017 12053 4103 4018 12054 4104 4018 12055 4105 4018 12056 4107 4019 12057 4106 4019 12058 4108 4019 12059 4105 4020 12060 4106 4020 12061 4107 4020 12062 4109 4021 12063 4108 4021 12064 4110 4021 12065 4107 4022 12066 4108 4022 12067 4109 4022 12068 4111 4023 12069 4110 4023 12070 4112 4023 12071 4109 4024 12072 4110 4024 12073 4111 4024 12074 4113 4025 12075 4112 4025 12076 4076 4025 12077 4111 4026 12078 4112 4026 12079 4113 4026 12080 4113 4027 12081 4076 4027 12082 4075 4027 12083 4114 4028 12084 4115 4028 12085 4116 4028 12086 3947 4029 12087 4117 4029 12088 4118 4029 12089 4119 4030 12090 4114 4030 12091 4116 4030 12092 4120 4031 12093 4121 4031 12094 4122 4031 12095 3949 4032 12096 4123 4032 12097 4124 4032 12098 3949 4033 12099 4124 4033 12100 3939 4033 12101 4125 4034 12102 4126 4034 12103 4115 4034 12104 4067 4035 12105 4118 4035 12106 4127 4035 12107 4114 4036 12108 4125 4036 12109 4115 4036 12110 3944 4037 12111 4118 4037 12112 4067 4037 12113 3947 4038 12114 4118 4038 12115 3944 4038 12116 4128 4039 12117 4129 4039 12118 4126 4039 12119 4059 4040 12120 4127 4040 12121 4130 4040 12122 4125 4041 12123 4128 4041 12124 4126 4041 12125 4067 4042 12126 4127 4042 12127 4059 4042 12128 4131 4043 12129 4132 4043 12130 4129 4043 12131 4057 4044 12132 4130 4044 12133 4133 4044 12134 4128 4045 12135 4131 4045 12136 4129 4045 12137 4059 4046 12138 4130 4046 12139 4057 4046 12140 4134 4047 12141 4135 4047 12142 4132 4047 12143 4054 4048 12144 4133 4048 12145 4136 4048 12146 4131 4049 12147 4134 4049 12148 4132 4049 12149 4057 4050 12150 4133 4050 12151 4054 4050 12152 4137 4051 12153 4138 4051 12154 4135 4051 12155 4051 4052 12156 4136 4052 12157 4139 4052 12158 4134 4053 12159 4137 4053 12160 4135 4053 12161 4054 4054 12162 4136 4054 12163 4051 4054 12164 4140 4055 12165 4141 4055 12166 4138 4055 12167 4049 4056 12168 4139 4056 12169 4142 4056 12170 4137 4057 12171 4140 4057 12172 4138 4057 12173 4051 4058 12174 4139 4058 12175 4049 4058 12176 4143 4059 12177 4144 4059 12178 4141 4059 12179 4043 4060 12180 4142 4060 12181 4145 4060 12182 4140 4061 12183 4143 4061 12184 4141 4061 12185 4049 4062 12186 4142 4062 12187 4043 4062 12188 4146 4063 12189 4147 4063 12190 4144 4063 12191 4036 4064 12192 4145 4064 12193 4148 4064 12194 4143 4065 12195 4146 4065 12196 4144 4065 12197 4043 4066 12198 4145 4066 12199 4036 4066 12200 4149 4067 12201 4150 4067 12202 4147 4067 12203 4031 4068 12204 4148 4068 12205 4151 4068 12206 4146 4069 12207 4149 4069 12208 4147 4069 12209 4036 4070 12210 4148 4070 12211 4031 4070 12212 4152 4071 12213 4153 4071 12214 4150 4071 12215 4024 4072 12216 4151 4072 12217 4154 4072 12218 4149 4073 12219 4152 4073 12220 4150 4073 12221 4031 4074 12222 4151 4074 12223 4024 4074 12224 4155 4075 12225 4156 4075 12226 4153 4075 12227 4017 4076 12228 4154 4076 12229 4157 4076 12230 4152 4077 12231 4155 4077 12232 4153 4077 12233 4024 4078 12234 4154 4078 12235 4017 4078 12236 4158 4079 12237 4159 4079 12238 4160 4079 12239 4158 4080 12240 4161 4080 12241 4159 4080 12242 4015 4081 12243 4162 4081 12244 4163 4081 12245 4017 4082 12246 4157 4082 12247 4012 4082 12248 3800 4083 12249 4164 4083 12250 4165 4083 12251 3806 4084 12252 4166 4084 12253 4167 4084 12254 3806 4085 12255 4167 4085 12256 3797 4085 12257 3787 4086 12258 4165 4086 12259 4168 4086 12260 3792 4087 12261 4165 4087 12262 3787 4087 12263 3800 4088 12264 4165 4088 12265 3792 4088 12266 3782 4089 12267 4168 4089 12268 4169 4089 12269 3787 4090 12270 4168 4090 12271 3782 4090 12272 3777 4091 12273 4169 4091 12274 4170 4091 12275 3782 4092 12276 4169 4092 12277 3777 4092 12278 3773 4093 12279 4170 4093 12280 4171 4093 12281 3777 4094 12282 4170 4094 12283 3773 4094 12284 3768 4095 12285 4171 4095 12286 4172 4095 12287 3773 4096 12288 4171 4096 12289 3768 4096 12290 3764 4097 12291 4172 4097 12292 4173 4097 12293 3768 4098 12294 4172 4098 12295 3764 4098 12296 3760 4099 12297 4173 4099 12298 4174 4099 12299 3764 4100 12300 4173 4100 12301 3760 4100 12302 3755 4101 12303 4174 4101 12304 4175 4101 12305 3760 4102 12306 4174 4102 12307 3755 4102 12308 3750 4103 12309 4175 4103 12310 4176 4103 12311 3755 4104 12312 4175 4104 12313 3750 4104 12314 3744 4105 12315 4176 4105 12316 4177 4105 12317 3750 4106 12318 4176 4106 12319 3744 4106 12320 3747 4107 12321 4177 4107 12322 4178 4107 12323 3744 4108 12324 4177 4108 12325 3747 4108 12326 4179 4109 12327 4121 4109 12328 4120 4109 12329 3741 4110 12330 4180 4110 12331 4181 4110 12332 3747 4111 12333 4178 4111 12334 3733 4111 12335 4182 4112 12336 4183 4112 12337 4161 4112 12338 3999 4113 12339 4163 4113 12340 4184 4113 12341 4158 4114 12342 4182 4114 12343 4161 4114 12344 4005 4115 12345 4015 4115 12346 4163 4115 12347 4005 4116 12348 4163 4116 12349 3999 4116 12350 4185 4117 12351 4186 4117 12352 4183 4117 12353 3991 4118 12354 4184 4118 12355 4187 4118 12356 4182 4119 12357 4185 4119 12358 4183 4119 12359 3999 4120 12360 4184 4120 12361 3991 4120 12362 4188 4121 12363 4189 4121 12364 4186 4121 12365 3989 4122 12366 4187 4122 12367 4190 4122 12368 4185 4123 12369 4188 4123 12370 4186 4123 12371 3991 4124 12372 4187 4124 12373 3989 4124 12374 4191 4125 12375 4192 4125 12376 4189 4125 12377 3986 4126 12378 4190 4126 12379 4193 4126 12380 4188 4127 12381 4191 4127 12382 4189 4127 12383 3989 4128 12384 4190 4128 12385 3986 4128 12386 4194 4129 12387 4195 4129 12388 4192 4129 12389 3983 4130 12390 4193 4130 12391 4196 4130 12392 4191 4131 12393 4194 4131 12394 4192 4131 12395 3986 4132 12396 4193 4132 12397 3983 4132 12398 4197 4133 12399 4198 4133 12400 4195 4133 12401 3981 4134 12402 4196 4134 12403 4199 4134 12404 4194 4135 12405 4197 4135 12406 4195 4135 12407 3983 4136 12408 4196 4136 12409 3981 4136 12410 4200 4137 12411 4201 4137 12412 4198 4137 12413 3975 4138 12414 4199 4138 12415 4202 4138 12416 4197 4139 12417 4200 4139 12418 4198 4139 12419 3981 4140 12420 4199 4140 12421 3975 4140 12422 4203 4141 12423 4204 4141 12424 4201 4141 12425 3968 4142 12426 4202 4142 12427 4205 4142 12428 4200 4143 12429 4203 4143 12430 4201 4143 12431 3975 4144 12432 4202 4144 12433 3968 4144 12434 4206 4145 12435 4207 4145 12436 4204 4145 12437 3963 4146 12438 4205 4146 12439 4208 4146 12440 4203 4147 12441 4206 4147 12442 4204 4147 12443 3968 4148 12444 4205 4148 12445 3963 4148 12446 4179 4149 12447 4120 4149 12448 4207 4149 12449 3956 4150 12450 4208 4150 12451 4123 4150 12452 4206 4151 12453 4179 4151 12454 4207 4151 12455 3963 4152 12456 4208 4152 12457 3956 4152 12458 3956 4153 12459 4123 4153 12460 3949 4153 12461 3845 4154 12462 4181 4154 12463 4209 4154 12464 3738 4155 12465 3741 4155 12466 4181 4155 12467 3738 4156 12468 4181 4156 12469 3845 4156 12470 3841 4157 12471 4209 4157 12472 4210 4157 12473 3845 4158 12474 4209 4158 12475 3841 4158 12476 3836 4159 12477 4210 4159 12478 4211 4159 12479 3841 4160 12480 4210 4160 12481 3836 4160 12482 3832 4161 12483 4211 4161 12484 4212 4161 12485 3836 4162 12486 4211 4162 12487 3832 4162 12488 3827 4163 12489 4212 4163 12490 4213 4163 12491 3832 4164 12492 4212 4164 12493 3827 4164 12494 3823 4165 12495 4213 4165 12496 4214 4165 12497 3827 4166 12498 4213 4166 12499 3823 4166 12500 3819 4167 12501 4214 4167 12502 4215 4167 12503 3823 4168 12504 4214 4168 12505 3819 4168 12506 3814 4169 12507 4215 4169 12508 4216 4169 12509 3819 4170 12510 4215 4170 12511 3814 4170 12512 3809 4171 12513 4216 4171 12514 4217 4171 12515 3814 4172 12516 4216 4172 12517 3809 4172 12518 3803 4173 12519 4217 4173 12520 4166 4173 12521 3809 4174 12522 4217 4174 12523 3803 4174 12524 3803 4175 12525 4166 4175 12526 3806 4175 12527 4218 4176 12528 4219 4176 12529 4220 4176 12530 4078 4177 12531 4221 4177 12532 4222 4177 12533 4223 4178 12534 4220 4178 12535 4224 4178 12536 4081 4179 12537 4225 4179 12538 4226 4179 12539 4227 4180 12540 4218 4180 12541 4220 4180 12542 4223 4181 12543 4227 4181 12544 4220 4181 12545 4072 4182 12546 4081 4182 12547 4226 4182 12548 4228 4183 12549 4229 4183 12550 4219 4183 12551 4113 4184 12552 4222 4184 12553 4230 4184 12554 4218 4185 12555 4228 4185 12556 4219 4185 12557 4075 4186 12558 4078 4186 12559 4222 4186 12560 4113 4187 12561 4075 4187 12562 4222 4187 12563 4231 4188 12564 4232 4188 12565 4229 4188 12566 4111 4189 12567 4230 4189 12568 4233 4189 12569 4234 4190 12570 4229 4190 12571 4228 4190 12572 4234 4191 12573 4231 4191 12574 4229 4191 12575 4111 4192 12576 4113 4192 12577 4230 4192 12578 4235 4193 12579 4236 4193 12580 4232 4193 12581 4109 4194 12582 4233 4194 12583 4237 4194 12584 4238 4195 12585 4235 4195 12586 4232 4195 12587 4231 4196 12588 4238 4196 12589 4232 4196 12590 4109 4197 12591 4111 4197 12592 4233 4197 12593 4107 4198 12594 4237 4198 12595 4239 4198 12596 4107 4199 12597 4109 4199 12598 4237 4199 12599 4240 4200 12600 4241 4200 12601 4235 4200 12602 4105 4201 12603 4239 4201 12604 4242 4201 12605 4238 4202 12606 4240 4202 12607 4235 4202 12608 4105 4203 12609 4107 4203 12610 4239 4203 12611 4243 4204 12612 4244 4204 12613 4241 4204 12614 4103 4205 12615 4242 4205 12616 4245 4205 12617 4246 4206 12618 4243 4206 12619 4241 4206 12620 4240 4207 12621 4246 4207 12622 4241 4207 12623 4103 4208 12624 4105 4208 12625 4242 4208 12626 4247 4209 12627 4248 4209 12628 4244 4209 12629 4100 4210 12630 4245 4210 12631 4249 4210 12632 4243 4211 12633 4247 4211 12634 4244 4211 12635 4100 4212 12636 4103 4212 12637 4245 4212 12638 4250 4213 12639 4251 4213 12640 4248 4213 12641 4102 4214 12642 4249 4214 12643 4252 4214 12644 4253 4215 12645 4250 4215 12646 4248 4215 12647 4247 4216 12648 4253 4216 12649 4248 4216 12650 4102 4217 12651 4100 4217 12652 4249 4217 12653 4254 4218 12654 4255 4218 12655 4251 4218 12656 4099 4219 12657 4256 4219 12658 4257 4219 12659 4258 4220 12660 4254 4220 12661 4251 4220 12662 4250 4221 12663 4258 4221 12664 4251 4221 12665 4102 4222 12666 4252 4222 12667 4096 4222 12668 4259 4223 12669 4260 4223 12670 4255 4223 12671 4092 4224 12672 4257 4224 12673 4261 4224 12674 4254 4225 12675 4259 4225 12676 4255 4225 12677 4094 4226 12678 4099 4226 12679 4257 4226 12680 4092 4227 12681 4094 4227 12682 4257 4227 12683 4262 4228 12684 4263 4228 12685 4260 4228 12686 4090 4229 12687 4261 4229 12688 4264 4229 12689 4265 4230 12690 4262 4230 12691 4260 4230 12692 4259 4231 12693 4265 4231 12694 4260 4231 12695 4090 4232 12696 4092 4232 12697 4261 4232 12698 4266 4233 12699 4267 4233 12700 4263 4233 12701 4088 4234 12702 4264 4234 12703 4268 4234 12704 4269 4235 12705 4266 4235 12706 4263 4235 12707 4262 4236 12708 4269 4236 12709 4263 4236 12710 4088 4237 12711 4090 4237 12712 4264 4237 12713 4086 4238 12714 4268 4238 12715 4270 4238 12716 4086 4239 12717 4088 4239 12718 4268 4239 12719 4271 4240 12720 4272 4240 12721 4266 4240 12722 4084 4241 12723 4270 4241 12724 4273 4241 12725 4269 4242 12726 4271 4242 12727 4266 4242 12728 4084 4243 12729 4086 4243 12730 4270 4243 12731 4274 4244 12732 4275 4244 12733 4272 4244 12734 4082 4245 12735 4273 4245 12736 4276 4245 12737 4277 4246 12738 4274 4246 12739 4272 4246 12740 4271 4247 12741 4277 4247 12742 4272 4247 12743 4082 4248 12744 4084 4248 12745 4273 4248 12746 4278 4249 12747 4224 4249 12748 4275 4249 12749 4079 4250 12750 4276 4250 12751 4225 4250 12752 4274 4251 12753 4278 4251 12754 4275 4251 12755 4079 4252 12756 4082 4252 12757 4276 4252 12758 4279 4253 12759 4223 4253 12760 4224 4253 12761 4278 4254 12762 4279 4254 12763 4224 4254 12764 4081 4255 12765 4079 4255 12766 4225 4255 12767 4280 4256 12768 4281 4256 12769 4282 4256 12770 4283 4257 12771 4284 4257 12772 4285 4257 12773 4286 4258 12774 4287 4258 12775 4281 4258 12776 4288 4259 12777 4289 4259 12778 4290 4259 12779 4280 4260 12780 4286 4260 12781 4281 4260 12782 4291 4261 12783 4282 4261 12784 4292 4261 12785 4291 4262 12786 4280 4262 12787 4282 4262 12788 4291 4263 12789 4292 4263 12790 4293 4263 12791 4294 4264 12792 4293 4264 12793 4295 4264 12794 4294 4265 12795 4291 4265 12796 4293 4265 12797 4296 4266 12798 4295 4266 12799 4297 4266 12800 4296 4267 12801 4294 4267 12802 4295 4267 12803 4298 4268 12804 4299 4268 12805 4300 4268 12806 4301 4269 12807 4296 4269 12808 4297 4269 12809 4302 4270 12810 4303 4270 12811 4304 4270 12812 4298 4271 12813 4305 4271 12814 4299 4271 12815 4306 4272 12816 4307 4272 12817 4308 4272 12818 4309 4273 12819 4308 4273 12820 4310 4273 12821 4309 4274 12822 4306 4274 12823 4308 4274 12824 4311 4275 12825 4310 4275 12826 4312 4275 12827 4311 4276 12828 4309 4276 12829 4310 4276 12830 4313 4277 12831 4312 4277 12832 4314 4277 12833 4315 4278 12834 4311 4278 12835 4312 4278 12836 4313 4279 12837 4315 4279 12838 4312 4279 12839 4313 4280 12840 4314 4280 12841 4316 4280 12842 4317 4281 12843 4318 4281 12844 4319 4281 12845 4320 4282 12846 4313 4282 12847 4316 4282 12848 4321 4283 12849 4322 4283 12850 4318 4283 12851 4317 4284 12852 4321 4284 12853 4318 4284 12854 4323 4285 12855 4324 4285 12856 4325 4285 12857 4326 4286 12858 4324 4286 12859 4323 4286 12860 4327 4287 12861 4324 4287 12862 4326 4287 12863 4328 4288 12864 4329 4288 12865 4330 4288 12866 4331 4289 12867 4325 4289 12868 4332 4289 12869 4323 4290 12870 4325 4290 12871 4331 4290 12872 4331 4291 12873 4332 4291 12874 4333 4291 12875 4334 4292 12876 4333 4292 12877 4335 4292 12878 4331 4293 12879 4333 4293 12880 4334 4293 12881 4336 4294 12882 4335 4294 12883 4337 4294 12884 4334 4295 12885 4335 4295 12886 4336 4295 12887 4338 4296 12888 4339 4296 12889 4340 4296 12890 4341 4297 12891 4339 4297 12892 4338 4297 12893 4342 4298 12894 4343 4298 12895 4344 4298 12896 4345 4299 12897 4336 4299 12898 4337 4299 12899 4346 4300 12900 4347 4300 12901 4348 4300 12902 4349 4301 12903 4348 4301 12904 4350 4301 12905 4349 4302 12906 4346 4302 12907 4348 4302 12908 4351 4303 12909 4350 4303 12910 4352 4303 12911 4351 4304 12912 4349 4304 12913 4350 4304 12914 4353 4305 12915 4352 4305 12916 4354 4305 12917 4355 4306 12918 4351 4306 12919 4352 4306 12920 4353 4307 12921 4355 4307 12922 4352 4307 12923 4353 4308 12924 4354 4308 12925 4356 4308 12926 4283 4309 12927 4357 4309 12928 4284 4309 12929 4358 4310 12930 4284 4310 12931 4357 4310 12932 4353 4311 12933 4356 4311 12934 4359 4311 12935 4360 4312 12936 4361 4312 12937 4362 4312 12938 4363 4313 12939 4364 4313 12940 4365 4313 12941 4366 4314 12942 4360 4314 12943 4362 4314 12944 4367 4315 12945 4368 4315 12946 4369 4315 12947 4370 4316 12948 4371 4316 12949 4372 4316 12950 4373 4317 12951 4374 4317 12952 4361 4317 12953 4375 4318 12954 4365 4318 12955 4376 4318 12956 4360 4319 12957 4373 4319 12958 4361 4319 12959 4377 4320 12960 4363 4320 12961 4365 4320 12962 4378 4321 12963 4377 4321 12964 4365 4321 12965 4379 4322 12966 4378 4322 12967 4365 4322 12968 4375 4323 12969 4379 4323 12970 4365 4323 12971 4380 4324 12972 4381 4324 12973 4374 4324 12974 4382 4325 12975 4376 4325 12976 4383 4325 12977 4373 4326 12978 4380 4326 12979 4374 4326 12980 4382 4327 12981 4375 4327 12982 4376 4327 12983 4384 4328 12984 4385 4328 12985 4381 4328 12986 4386 4329 12987 4383 4329 12988 4387 4329 12989 4380 4330 12990 4384 4330 12991 4381 4330 12992 4386 4331 12993 4382 4331 12994 4383 4331 12995 4388 4332 12996 4389 4332 12997 4385 4332 12998 4390 4333 12999 4387 4333 13000 4391 4333 13001 4384 4334 13002 4388 4334 13003 4385 4334 13004 4390 4335 13005 4386 4335 13006 4387 4335 13007 4392 4336 13008 4393 4336 13009 4394 4336 13010 4395 4337 13011 4390 4337 13012 4391 4337 13013 4396 4338 13014 4397 4338 13015 4398 4338 13016 4399 4339 13017 4393 4339 13018 4392 4339 13019 4396 4340 13020 4398 4340 13021 4400 4340 13022 4401 4341 13023 4402 4341 13024 4403 4341 13025 4404 4342 13026 4405 4342 13027 4406 4342 13028 4296 4343 13029 4403 4343 13030 4407 4343 13031 4408 4344 13032 4403 4344 13033 4296 4344 13034 4401 4345 13035 4403 4345 13036 4408 4345 13037 4294 4346 13038 4407 4346 13039 4409 4346 13040 4296 4347 13041 4407 4347 13042 4294 4347 13043 4280 4348 13044 4409 4348 13045 4410 4348 13046 4291 4349 13047 4409 4349 13048 4280 4349 13049 4294 4350 13050 4409 4350 13051 4291 4350 13052 4286 4351 13053 4410 4351 13054 4411 4351 13055 4280 4352 13056 4410 4352 13057 4286 4352 13058 4412 4353 13059 4286 4353 13060 4411 4353 13061 4413 4354 13062 4412 4354 13063 4411 4354 13064 4414 4355 13065 4415 4355 13066 4416 4355 13067 4414 4356 13068 4416 4356 13069 4417 4356 13070 4367 4357 13071 4418 4357 13072 4368 4357 13073 4419 4358 13074 4420 4358 13075 4421 4358 13076 4422 4359 13077 4423 4359 13078 4424 4359 13079 4425 4360 13080 4419 4360 13081 4421 4360 13082 4426 4361 13083 4427 4361 13084 4428 4361 13085 4429 4362 13086 4430 4362 13087 4431 4362 13088 4432 4363 13089 4433 4363 13090 4420 4363 13091 4434 4364 13092 4424 4364 13093 4435 4364 13094 4419 4365 13095 4432 4365 13096 4420 4365 13097 4436 4366 13098 4424 4366 13099 4434 4366 13100 4437 4367 13101 4424 4367 13102 4436 4367 13103 4438 4368 13104 4424 4368 13105 4437 4368 13106 4438 4369 13107 4422 4369 13108 4424 4369 13109 4439 4370 13110 4440 4370 13111 4433 4370 13112 4441 4371 13113 4435 4371 13114 4442 4371 13115 4432 4372 13116 4439 4372 13117 4433 4372 13118 4434 4373 13119 4435 4373 13120 4441 4373 13121 4443 4374 13122 4444 4374 13123 4440 4374 13124 4445 4375 13125 4442 4375 13126 4446 4375 13127 4439 4376 13128 4443 4376 13129 4440 4376 13130 4441 4377 13131 4442 4377 13132 4445 4377 13133 4447 4378 13134 4448 4378 13135 4444 4378 13136 4449 4379 13137 4446 4379 13138 4450 4379 13139 4443 4380 13140 4447 4380 13141 4444 4380 13142 4445 4381 13143 4446 4381 13144 4449 4381 13145 4451 4382 13146 4452 4382 13147 4453 4382 13148 4454 4383 13149 4449 4383 13150 4450 4383 13151 4455 4384 13152 4456 4384 13153 4457 4384 13154 4458 4385 13155 4452 4385 13156 4451 4385 13157 4455 4386 13158 4457 4386 13159 4459 4386 13160 4460 4387 13161 4461 4387 13162 4462 4387 13163 4463 4388 13164 4464 4388 13165 4465 4388 13166 4336 4389 13167 4462 4389 13168 4466 4389 13169 4467 4390 13170 4460 4390 13171 4462 4390 13172 4336 4391 13173 4467 4391 13174 4462 4391 13175 4334 4392 13176 4466 4392 13177 4468 4392 13178 4334 4393 13179 4336 4393 13180 4466 4393 13181 4323 4394 13182 4468 4394 13183 4469 4394 13184 4331 4395 13185 4334 4395 13186 4468 4395 13187 4323 4396 13188 4331 4396 13189 4468 4396 13190 4326 4397 13191 4469 4397 13192 4470 4397 13193 4326 4398 13194 4323 4398 13195 4469 4398 13196 4471 4399 13197 4326 4399 13198 4470 4399 13199 4472 4400 13200 4471 4400 13201 4470 4400 13202 4473 4401 13203 4474 4401 13204 4475 4401 13205 4473 4402 13206 4475 4402 13207 4476 4402 13208 4426 4403 13209 4477 4403 13210 4427 4403 13211 4478 4404 13212 4479 4404 13213 4480 4404 13214 4481 4405 13215 4482 4405 13216 4483 4405 13217 4484 4406 13218 4478 4406 13219 4480 4406 13220 4485 4407 13221 4484 4407 13222 4480 4407 13223 4486 4408 13224 4487 4408 13225 4488 4408 13226 4478 4409 13227 4489 4409 13228 4479 4409 13229 4490 4410 13230 4483 4410 13231 4491 4410 13232 4490 4411 13233 4481 4411 13234 4483 4411 13235 4478 4412 13236 4492 4412 13237 4489 4412 13238 4493 4413 13239 4491 4413 13240 4494 4413 13241 4490 4414 13242 4491 4414 13243 4493 4414 13244 4478 4415 13245 4495 4415 13246 4492 4415 13247 4493 4416 13248 4494 4416 13249 4496 4416 13250 4478 4417 13251 4497 4417 13252 4495 4417 13253 4498 4418 13254 4499 4418 13255 4500 4418 13256 4501 4419 13257 4499 4419 13258 4498 4419 13259 4493 4420 13260 4496 4420 13261 4502 4420 13262 4478 4421 13263 4503 4421 13264 4497 4421 13265 4504 4422 13266 4505 4422 13267 4506 4422 13268 4507 4423 13269 4505 4423 13270 4504 4423 13271 4508 4424 13272 4509 4424 13273 4503 4424 13274 4510 4425 13275 4506 4425 13276 4511 4425 13277 4478 4426 13278 4508 4426 13279 4503 4426 13280 4504 4427 13281 4506 4427 13282 4510 4427 13283 4512 4428 13284 4513 4428 13285 4509 4428 13286 4514 4429 13287 4511 4429 13288 4515 4429 13289 4508 4430 13290 4512 4430 13291 4509 4430 13292 4516 4431 13293 4511 4431 13294 4514 4431 13295 4510 4432 13296 4511 4432 13297 4516 4432 13298 4517 4433 13299 4518 4433 13300 4513 4433 13301 4519 4434 13302 4515 4434 13303 4520 4434 13304 4512 4435 13305 4517 4435 13306 4513 4435 13307 4514 4436 13308 4515 4436 13309 4519 4436 13310 4521 4437 13311 4522 4437 13312 4518 4437 13313 4523 4438 13314 4520 4438 13315 4524 4438 13316 4517 4439 13317 4521 4439 13318 4518 4439 13319 4519 4440 13320 4520 4440 13321 4523 4440 13322 4525 4441 13323 4526 4441 13324 4522 4441 13325 4523 4442 13326 4524 4442 13327 4527 4442 13328 4521 4443 13329 4525 4443 13330 4522 4443 13331 4528 4444 13332 4529 4444 13333 4530 4444 13334 4531 4445 13335 4529 4445 13336 4528 4445 13337 4532 4446 13338 4527 4446 13339 4533 4446 13340 4523 4447 13341 4527 4447 13342 4532 4447 13343 3898 4448 13344 4534 4448 13345 4535 4448 13346 3899 4449 13347 4536 4449 13348 4537 4449 13349 3899 4450 13350 4537 4450 13351 3895 4450 13352 3889 4451 13353 4535 4451 13354 4538 4451 13355 3892 4452 13356 3898 4452 13357 4535 4452 13358 3892 4453 13359 4535 4453 13360 3889 4453 13361 3886 4454 13362 4538 4454 13363 4539 4454 13364 3889 4455 13365 4538 4455 13366 3886 4455 13367 3884 4456 13368 4539 4456 13369 4540 4456 13370 3886 4457 13371 4539 4457 13372 3884 4457 13373 3881 4458 13374 4540 4458 13375 4541 4458 13376 3884 4459 13377 4540 4459 13378 3881 4459 13379 3878 4460 13380 4541 4460 13381 4542 4460 13382 3881 4461 13383 4541 4461 13384 3878 4461 13385 4485 4462 13386 4543 4462 13387 4484 4462 13388 3876 4463 13389 4542 4463 13390 4544 4463 13391 3878 4464 13392 4542 4464 13393 3876 4464 13394 4545 4465 13395 4546 4465 13396 4543 4465 13397 3872 4466 13398 4544 4466 13399 4547 4466 13400 4485 4467 13401 4545 4467 13402 4543 4467 13403 3876 4468 13404 4544 4468 13405 3872 4468 13406 4548 4469 13407 4549 4469 13408 4546 4469 13409 3866 4470 13410 4547 4470 13411 4550 4470 13412 4551 4471 13413 4548 4471 13414 4546 4471 13415 4552 4472 13416 4551 4472 13417 4546 4472 13418 4553 4473 13419 4552 4473 13420 4546 4473 13421 4554 4474 13422 4553 4474 13423 4546 4474 13424 4545 4475 13425 4554 4475 13426 4546 4475 13427 3872 4476 13428 4547 4476 13429 3866 4476 13430 4555 4477 13431 4556 4477 13432 4549 4477 13433 3863 4478 13434 4550 4478 13435 4557 4478 13436 4548 4479 13437 4555 4479 13438 4549 4479 13439 3866 4480 13440 4550 4480 13441 3863 4480 13442 4558 4481 13443 4559 4481 13444 4556 4481 13445 3861 4482 13446 4557 4482 13447 4560 4482 13448 4555 4483 13449 4558 4483 13450 4556 4483 13451 3863 4484 13452 4557 4484 13453 3861 4484 13454 4561 4485 13455 4562 4485 13456 4559 4485 13457 3858 4486 13458 4560 4486 13459 4563 4486 13460 4558 4487 13461 4561 4487 13462 4559 4487 13463 3861 4488 13464 4560 4488 13465 3858 4488 13466 4564 4489 13467 4565 4489 13468 4562 4489 13469 3855 4490 13470 4563 4490 13471 4566 4490 13472 4567 4491 13473 4564 4491 13474 4562 4491 13475 4561 4492 13476 4567 4492 13477 4562 4492 13478 3858 4493 13479 4563 4493 13480 3855 4493 13481 4568 4494 13482 4569 4494 13483 4570 4494 13484 4571 4495 13485 4569 4495 13486 4568 4495 13487 3854 4496 13488 4572 4496 13489 4573 4496 13490 3855 4497 13491 4566 4497 13492 3848 4497 13493 4574 4498 13494 4575 4498 13495 4576 4498 13496 4577 4499 13497 4578 4499 13498 4575 4499 13499 4577 4500 13500 4575 4500 13501 4574 4500 13502 4579 4501 13503 4576 4501 13504 4580 4501 13505 4574 4502 13506 4576 4502 13507 4579 4502 13508 4581 4503 13509 4580 4503 13510 4582 4503 13511 4579 4504 13512 4580 4504 13513 4581 4504 13514 4583 4505 13515 4582 4505 13516 4584 4505 13517 4581 4506 13518 4582 4506 13519 4583 4506 13520 4585 4507 13521 4584 4507 13522 4586 4507 13523 4583 4508 13524 4584 4508 13525 4585 4508 13526 4551 4509 13527 4587 4509 13528 4548 4509 13529 4588 4510 13530 4586 4510 13531 4589 4510 13532 4590 4511 13533 4586 4511 13534 4588 4511 13535 4585 4512 13536 4586 4512 13537 4590 4512 13538 4591 4513 13539 4592 4513 13540 4593 4513 13541 4594 4514 13542 4588 4514 13543 4589 4514 13544 4591 4515 13545 4595 4515 13546 4592 4515 13547 4596 4516 13548 4597 4516 13549 4598 4516 13550 4599 4517 13551 4598 4517 13552 4600 4517 13553 4599 4518 13554 4596 4518 13555 4598 4518 13556 4601 4519 13557 4600 4519 13558 4602 4519 13559 4599 4520 13560 4600 4520 13561 4601 4520 13562 4601 4521 13563 4602 4521 13564 4603 4521 13565 4604 4522 13566 4605 4522 13567 4487 4522 13568 4606 4523 13569 4605 4523 13570 4604 4523 13571 4601 4524 13572 4603 4524 13573 4607 4524 13574 4486 4525 13575 4604 4525 13576 4487 4525 13577 4608 4526 13578 4609 4526 13579 4610 4526 13580 4611 4527 13581 4612 4527 13582 4613 4527 13583 4614 4528 13584 4615 4528 13585 4616 4528 13586 4617 4529 13587 4614 4529 13588 4616 4529 13589 4611 4530 13590 4618 4530 13591 4612 4530 13592 4619 4531 13593 4620 4531 13594 4609 4531 13595 4621 4532 13596 4622 4532 13597 4623 4532 13598 4608 4533 13599 4619 4533 13600 4609 4533 13601 4619 4534 13602 4624 4534 13603 4620 4534 13604 4625 4535 13605 4623 4535 13606 4626 4535 13607 4625 4536 13608 4621 4536 13609 4623 4536 13610 4619 4537 13611 4627 4537 13612 4624 4537 13613 4628 4538 13614 4626 4538 13615 4629 4538 13616 4625 4539 13617 4626 4539 13618 4628 4539 13619 4619 4540 13620 4630 4540 13621 4627 4540 13622 4628 4541 13623 4629 4541 13624 4631 4541 13625 4632 4542 13626 4633 4542 13627 4630 4542 13628 4634 4543 13629 4635 4543 13630 4636 4543 13631 4619 4544 13632 4632 4544 13633 4630 4544 13634 4637 4545 13635 4635 4545 13636 4634 4545 13637 4628 4546 13638 4631 4546 13639 4638 4546 13640 4639 4547 13641 4640 4547 13642 4633 4547 13643 4641 4548 13644 4636 4548 13645 4642 4548 13646 4632 4549 13647 4639 4549 13648 4633 4549 13649 4641 4550 13650 4634 4550 13651 4636 4550 13652 4643 4551 13653 4644 4551 13654 4640 4551 13655 4645 4552 13656 4646 4552 13657 4647 4552 13658 4639 4553 13659 4643 4553 13660 4640 4553 13661 4643 4554 13662 4648 4554 13663 4644 4554 13664 4649 4555 13665 4647 4555 13666 4650 4555 13667 4649 4556 13668 4645 4556 13669 4647 4556 13670 4643 4557 13671 4651 4557 13672 4648 4557 13673 4652 4558 13674 4650 4558 13675 4653 4558 13676 4649 4559 13677 4650 4559 13678 4652 4559 13679 4643 4560 13680 4654 4560 13681 4651 4560 13682 4652 4561 13683 4653 4561 13684 4655 4561 13685 4643 4562 13686 4656 4562 13687 4654 4562 13688 4657 4563 13689 4658 4563 13690 4659 4563 13691 4660 4564 13692 4658 4564 13693 4657 4564 13694 4652 4565 13695 4655 4565 13696 4661 4565 13697 4643 4566 13698 4662 4566 13699 4656 4566 13700 4663 4567 13701 4664 4567 13702 4665 4567 13703 4666 4568 13704 4664 4568 13705 4663 4568 13706 4667 4569 13707 4668 4569 13708 4662 4569 13709 4669 4570 13710 4665 4570 13711 4670 4570 13712 4643 4571 13713 4667 4571 13714 4662 4571 13715 4663 4572 13716 4665 4572 13717 4669 4572 13718 4671 4573 13719 4672 4573 13720 4668 4573 13721 4673 4574 13722 4670 4574 13723 4674 4574 13724 4667 4575 13725 4671 4575 13726 4668 4575 13727 4675 4576 13728 4670 4576 13729 4673 4576 13730 4669 4577 13731 4670 4577 13732 4675 4577 13733 4676 4578 13734 4677 4578 13735 4672 4578 13736 4678 4579 13737 4674 4579 13738 4679 4579 13739 4671 4580 13740 4676 4580 13741 4672 4580 13742 4673 4581 13743 4674 4581 13744 4678 4581 13745 4571 4582 13746 4568 4582 13747 4677 4582 13748 4577 4583 13749 4679 4583 13750 4578 4583 13751 4676 4584 13752 4571 4584 13753 4677 4584 13754 4678 4585 13755 4679 4585 13756 4577 4585 13757 3933 4586 13758 4573 4586 13759 4680 4586 13760 3851 4587 13761 4573 4587 13762 3933 4587 13763 3854 4588 13764 4573 4588 13765 3851 4588 13766 3930 4589 13767 4680 4589 13768 4681 4589 13769 3933 4590 13770 4680 4590 13771 3930 4590 13772 3928 4591 13773 4681 4591 13774 4682 4591 13775 3930 4592 13776 4681 4592 13777 3928 4592 13778 3925 4593 13779 4682 4593 13780 4683 4593 13781 3928 4594 13782 4682 4594 13783 3925 4594 13784 3922 4595 13785 4683 4595 13786 4684 4595 13787 3925 4596 13788 4683 4596 13789 3922 4596 13790 3920 4597 13791 4684 4597 13792 4685 4597 13793 3922 4598 13794 4684 4598 13795 3920 4598 13796 3916 4599 13797 4685 4599 13798 4686 4599 13799 3920 4600 13800 4685 4600 13801 3916 4600 13802 4608 4601 13803 4687 4601 13804 4619 4601 13805 3910 4602 13806 4686 4602 13807 4688 4602 13808 3916 4603 13809 4686 4603 13810 3910 4603 13811 4689 4604 13812 4690 4604 13813 4687 4604 13814 3907 4605 13815 4688 4605 13816 4691 4605 13817 4608 4606 13818 4689 4606 13819 4687 4606 13820 3910 4607 13821 4688 4607 13822 3907 4607 13823 4692 4608 13824 4693 4608 13825 4690 4608 13826 3905 4609 13827 4691 4609 13828 4694 4609 13829 4689 4610 13830 4692 4610 13831 4690 4610 13832 3907 4611 13833 4691 4611 13834 3905 4611 13835 4695 4612 13836 4528 4612 13837 4693 4612 13838 3902 4613 13839 4694 4613 13840 4536 4613 13841 4692 4614 13842 4695 4614 13843 4693 4614 13844 3905 4615 13845 4694 4615 13846 3902 4615 13847 4695 4616 13848 4531 4616 13849 4528 4616 13850 3902 4617 13851 4536 4617 13852 3899 4617 13853 4696 4618 13854 4533 4618 13855 4697 4618 13856 4696 4619 13857 4532 4619 13858 4533 4619 13859 4698 4620 13860 4697 4620 13861 4699 4620 13862 4696 4621 13863 4697 4621 13864 4698 4621 13865 4700 4622 13866 4699 4622 13867 4701 4622 13868 4698 4623 13869 4699 4623 13870 4700 4623 13871 4702 4624 13872 4701 4624 13873 4615 4624 13874 4700 4625 13875 4701 4625 13876 4702 4625 13877 4703 4626 13878 4615 4626 13879 4614 4626 13880 4702 4627 13881 4615 4627 13882 4703 4627 13883 4704 4628 13884 4705 4628 13885 4706 4628 13886 4418 4629 13887 4707 4629 13888 4708 4629 13889 4709 4630 13890 4710 4630 13891 4711 4630 13892 4712 4631 13893 4713 4631 13894 4714 4631 13895 4367 4632 13896 4707 4632 13897 4418 4632 13898 4712 4633 13899 4714 4633 13900 4370 4633 13901 4704 4634 13902 4715 4634 13903 4705 4634 13904 4358 4635 13905 4716 4635 13906 4717 4635 13907 4358 4636 13908 4718 4636 13909 4716 4636 13910 4417 4637 13911 4719 4637 13912 4720 4637 13913 4721 4638 13914 4722 4638 13915 4723 4638 13916 4721 4639 13917 4724 4639 13918 4722 4639 13919 4359 4640 13920 4725 4640 13921 4726 4640 13922 4727 4641 13923 4728 4641 13924 4729 4641 13925 4730 4642 13926 4727 4642 13927 4729 4642 13928 4731 4643 13929 4732 4643 13930 4710 4643 13931 4709 4644 13932 4731 4644 13933 4710 4644 13934 4733 4645 13935 4734 4645 13936 4735 4645 13937 4736 4646 13938 4737 4646 13939 4738 4646 13940 4739 4647 13941 4740 4647 13942 4741 4647 13943 4742 4648 13944 4737 4648 13945 4736 4648 13946 4743 4649 13947 4744 4649 13948 4745 4649 13949 4733 4650 13950 4746 4650 13951 4734 4650 13952 4747 4651 13953 4748 4651 13954 4749 4651 13955 4309 4652 13956 4750 4652 13957 4751 4652 13958 4298 4653 13959 4748 4653 13960 4747 4653 13961 4309 4654 13962 4751 4654 13963 4306 4654 13964 4752 4655 13965 4753 4655 13966 4754 4655 13967 4755 4656 13968 4756 4656 13969 4757 4656 13970 4755 4657 13971 4757 4657 13972 4404 4657 13973 4399 4658 13974 4392 4658 13975 4753 4658 13976 4752 4659 13977 4399 4659 13978 4753 4659 13979 4758 4660 13980 4759 4660 13981 4760 4660 13982 4761 4661 13983 4740 4661 13984 4739 4661 13985 4762 4662 13986 4763 4662 13987 4764 4662 13988 4765 4663 13989 4766 4663 13990 4767 4663 13991 4768 4664 13992 4769 4664 13993 4770 4664 13994 4765 4665 13995 4771 4665 13996 4766 4665 13997 4772 4666 13998 4773 4666 13999 4774 4666 14000 4772 4667 14001 4775 4667 14002 4773 4667 14003 4776 4668 14004 4773 4668 14005 4775 4668 14006 4768 4669 14007 4770 4669 14008 4777 4669 14009 4762 4670 14010 4778 4670 14011 4763 4670 14012 4320 4671 14013 4779 4671 14014 4780 4671 14015 4322 4672 14016 4781 4672 14017 4782 4672 14018 4783 4673 14019 4784 4673 14020 4778 4673 14021 4313 4674 14022 4780 4674 14023 4785 4674 14024 4762 4675 14025 4783 4675 14026 4778 4675 14027 4320 4676 14028 4780 4676 14029 4313 4676 14030 4786 4677 14031 4787 4677 14032 4784 4677 14033 4315 4678 14034 4785 4678 14035 4788 4678 14036 4783 4679 14037 4786 4679 14038 4784 4679 14039 4313 4680 14040 4785 4680 14041 4315 4680 14042 4742 4681 14043 4736 4681 14044 4787 4681 14045 4311 4682 14046 4788 4682 14047 4750 4682 14048 4786 4683 14049 4742 4683 14050 4787 4683 14051 4315 4684 14052 4788 4684 14053 4311 4684 14054 4311 4685 14055 4750 4685 14056 4309 4685 14057 4789 4686 14058 4745 4686 14059 4790 4686 14060 4743 4687 14061 4745 4687 14062 4789 4687 14063 4791 4688 14064 4790 4688 14065 4792 4688 14066 4789 4689 14067 4790 4689 14068 4791 4689 14069 4793 4690 14070 4792 4690 14071 4769 4690 14072 4791 4691 14073 4792 4691 14074 4793 4691 14075 4793 4692 14076 4769 4692 14077 4768 4692 14078 4794 4693 14079 4795 4693 14080 4796 4693 14081 4797 4694 14082 4798 4694 14083 4799 4694 14084 4800 4695 14085 4801 4695 14086 4802 4695 14087 4803 4696 14088 4798 4696 14089 4797 4696 14090 4804 4697 14091 4805 4697 14092 4806 4697 14093 4794 4698 14094 4807 4698 14095 4795 4698 14096 4808 4699 14097 4809 4699 14098 4810 4699 14099 4349 4700 14100 4811 4700 14101 4812 4700 14102 4349 4701 14103 4812 4701 14104 4346 4701 14105 4808 4702 14106 4338 4702 14107 4809 4702 14108 4813 4703 14109 4814 4703 14110 4815 4703 14111 4816 4704 14112 4817 4704 14113 4818 4704 14114 4816 4705 14115 4818 4705 14116 4463 4705 14117 4458 4706 14118 4451 4706 14119 4814 4706 14120 4813 4707 14121 4458 4707 14122 4814 4707 14123 4819 4708 14124 4820 4708 14125 4821 4708 14126 4822 4709 14127 4801 4709 14128 4800 4709 14129 4477 4710 14130 4823 4710 14131 4824 4710 14132 4426 4711 14133 4823 4711 14134 4477 4711 14135 4825 4712 14136 4826 4712 14137 4430 4712 14138 4825 4713 14139 4827 4713 14140 4826 4713 14141 4828 4714 14142 4781 4714 14143 4322 4714 14144 4476 4715 14145 4829 4715 14146 4830 4715 14147 4831 4716 14148 4832 4716 14149 4724 4716 14150 4353 4717 14151 4726 4717 14152 4833 4717 14153 4721 4718 14154 4831 4718 14155 4724 4718 14156 4353 4719 14157 4359 4719 14158 4726 4719 14159 4834 4720 14160 4835 4720 14161 4832 4720 14162 4355 4721 14163 4833 4721 14164 4836 4721 14165 4831 4722 14166 4834 4722 14167 4832 4722 14168 4353 4723 14169 4833 4723 14170 4355 4723 14171 4803 4724 14172 4797 4724 14173 4835 4724 14174 4351 4725 14175 4836 4725 14176 4811 4725 14177 4834 4726 14178 4803 4726 14179 4835 4726 14180 4355 4727 14181 4836 4727 14182 4351 4727 14183 4351 4728 14184 4811 4728 14185 4349 4728 14186 4837 4729 14187 4806 4729 14188 4838 4729 14189 4837 4730 14190 4804 4730 14191 4806 4730 14192 4839 4731 14193 4838 4731 14194 4840 4731 14195 4839 4732 14196 4837 4732 14197 4838 4732 14198 4841 4733 14199 4840 4733 14200 4728 4733 14201 4841 4734 14202 4839 4734 14203 4840 4734 14204 4727 4735 14205 4841 4735 14206 4728 4735 14207 4842 4736 14208 4843 4736 14209 4844 4736 14210 4845 4737 14211 4846 4737 14212 4847 4737 14213 4848 4738 14214 4849 4738 14215 4850 4738 14216 4851 4739 14217 4852 4739 14218 4853 4739 14219 4845 4740 14220 4854 4740 14221 4846 4740 14222 4842 4741 14223 4855 4741 14224 4843 4741 14225 4856 4742 14226 4857 4742 14227 4858 4742 14228 4641 4743 14229 4857 4743 14230 4856 4743 14231 4649 4744 14232 4859 4744 14233 4645 4744 14234 4649 4745 14235 4860 4745 14236 4859 4745 14237 4861 4746 14238 4862 4746 14239 4855 4746 14240 4637 4747 14241 4858 4747 14242 4863 4747 14243 4842 4748 14244 4861 4748 14245 4855 4748 14246 4637 4749 14247 4856 4749 14248 4858 4749 14249 4864 4750 14250 4865 4750 14251 4866 4750 14252 4867 4751 14253 4638 4751 14254 4868 4751 14255 4869 4752 14256 4865 4752 14257 4864 4752 14258 4870 4753 14259 4871 4753 14260 4849 4753 14261 4872 4754 14262 4871 4754 14263 4870 4754 14264 4873 4755 14265 4874 4755 14266 4875 4755 14267 4848 4756 14268 4876 4756 14269 4849 4756 14270 4870 4757 14271 4849 4757 14272 4876 4757 14273 4877 4758 14274 4878 4758 14275 4879 4758 14276 4880 4759 14277 4881 4759 14278 4882 4759 14279 4883 4760 14280 4877 4760 14281 4879 4760 14282 4884 4761 14283 4885 4761 14284 4886 4761 14285 4880 4762 14286 4887 4762 14287 4881 4762 14288 4888 4763 14289 4881 4763 14290 4887 4763 14291 4889 4764 14292 4890 4764 14293 4878 4764 14294 4880 4765 14295 4882 4765 14296 4891 4765 14297 4877 4766 14298 4889 4766 14299 4878 4766 14300 4892 4767 14301 4893 4767 14302 4894 4767 14303 4895 4768 14304 4880 4768 14305 4891 4768 14306 4896 4769 14307 4897 4769 14308 4893 4769 14309 4892 4770 14310 4896 4770 14311 4893 4770 14312 4898 4771 14313 4899 4771 14314 4900 4771 14315 4901 4772 14316 4899 4772 14317 4898 4772 14318 4902 4773 14319 4903 4773 14320 4904 4773 14321 4905 4774 14322 4900 4774 14323 4906 4774 14324 4905 4775 14325 4898 4775 14326 4900 4775 14327 4907 4776 14328 4885 4776 14329 4884 4776 14330 4908 4777 14331 4909 4777 14332 4910 4777 14333 4911 4778 14334 4912 4778 14335 4913 4778 14336 4914 4779 14337 4915 4779 14338 4916 4779 14339 4917 4780 14340 4911 4780 14341 4913 4780 14342 4854 4781 14343 4918 4781 14344 4919 4781 14345 4851 4782 14346 4915 4782 14347 4914 4782 14348 4911 4783 14349 4920 4783 14350 4912 4783 14351 4914 4784 14352 4916 4784 14353 4921 4784 14354 4911 4785 14355 4922 4785 14356 4920 4785 14357 4897 4786 14358 4923 4786 14359 4924 4786 14360 4925 4787 14361 4923 4787 14362 4897 4787 14363 4926 4788 14364 4927 4788 14365 4928 4788 14366 4929 4789 14367 4930 4789 14368 4931 4789 14369 4895 4790 14370 4930 4790 14371 4929 4790 14372 4932 4791 14373 4933 4791 14374 4934 4791 14375 4929 4792 14376 4931 4792 14377 4663 4792 14378 4666 4793 14379 4663 4793 14380 4931 4793 14381 4932 4794 14382 4657 4794 14383 4933 4794 14384 4935 4795 14385 4936 4795 14386 4937 4795 14387 4938 4796 14388 4918 4796 14389 4854 4796 14390 4939 4797 14391 4940 4797 14392 4941 4797 14393 4618 4798 14394 4942 4798 14395 4943 4798 14396 4944 4799 14397 4939 4799 14398 4941 4799 14399 4945 4800 14400 4944 4800 14401 4941 4800 14402 4946 4801 14403 4945 4801 14404 4941 4801 14405 4947 4802 14406 4948 4802 14407 4949 4802 14408 4950 4803 14409 4942 4803 14410 4618 4803 14411 4625 4804 14412 4951 4804 14413 4952 4804 14414 4625 4805 14415 4953 4805 14416 4951 4805 14417 4614 4806 14418 4954 4806 14419 4955 4806 14420 4617 4807 14421 4954 4807 14422 4614 4807 14423 4956 4808 14424 4957 4808 14425 4958 4808 14426 4887 4809 14427 4614 4809 14428 4955 4809 14429 4888 4810 14430 4887 4810 14431 4955 4810 14432 4956 4811 14433 4884 4811 14434 4957 4811 14435 4873 4812 14436 4959 4812 14437 4960 4812 14438 4961 4813 14439 4962 4813 14440 4963 4813 14441 4961 4814 14442 4963 4814 14443 4964 4814 14444 4873 4815 14445 4965 4815 14446 4959 4815 14447 4873 4816 14448 4960 4816 14449 4966 4816 14450 4967 4817 14451 4864 4817 14452 4948 4817 14453 4947 4818 14454 4967 4818 14455 4948 4818 14456 4968 4819 14457 4969 4819 14458 4970 4819 14459 4971 4820 14460 4972 4820 14461 4973 4820 14462 4974 4821 14463 4968 4821 14464 4970 4821 14465 4975 4822 14466 4976 4822 14467 4977 4822 14468 4978 4823 14469 4972 4823 14470 4971 4823 14471 4979 4824 14472 4980 4824 14473 4981 4824 14474 4982 4825 14475 4983 4825 14476 4969 4825 14477 4984 4826 14478 4973 4826 14479 4985 4826 14480 4968 4827 14481 4982 4827 14482 4969 4827 14483 4986 4828 14484 4971 4828 14485 4973 4828 14486 4984 4829 14487 4986 4829 14488 4973 4829 14489 4987 4830 14490 4988 4830 14491 4989 4830 14492 4990 4831 14493 4991 4831 14494 4992 4831 14495 4987 4832 14496 4993 4832 14497 4988 4832 14498 4994 4833 14499 4995 4833 14500 4996 4833 14501 4486 4834 14502 4995 4834 14503 4994 4834 14504 4490 4835 14505 4997 4835 14506 4481 4835 14507 4490 4836 14508 4998 4836 14509 4997 4836 14510 4606 4837 14511 4996 4837 14512 4999 4837 14513 4606 4838 14514 4994 4838 14515 4996 4838 14516 5000 4839 14517 4607 4839 14518 5001 4839 14519 5002 4840 14520 4976 4840 14521 4975 4840 14522 5003 4841 14523 5004 4841 14524 5005 4841 14525 5006 4842 14526 5007 4842 14527 5008 4842 14528 5009 4843 14529 5003 4843 14530 5005 4843 14531 5010 4844 14532 5011 4844 14533 5012 4844 14534 5013 4845 14535 5014 4845 14536 5015 4845 14537 5016 4846 14538 5007 4846 14539 5006 4846 14540 5017 4847 14541 5018 4847 14542 5004 4847 14543 5019 4848 14544 5008 4848 14545 5020 4848 14546 5003 4849 14547 5017 4849 14548 5004 4849 14549 5006 4850 14550 5008 4850 14551 5019 4850 14552 5021 4851 14553 5022 4851 14554 5023 4851 14555 5024 4852 14556 5022 4852 14557 5021 4852 14558 5025 4853 14559 5026 4853 14560 5027 4853 14561 5028 4854 14562 5029 4854 14563 5030 4854 14564 5031 4855 14565 5029 4855 14566 5028 4855 14567 5032 4856 14568 5029 4856 14569 5031 4856 14570 5028 4857 14571 5030 4857 14572 5033 4857 14573 5034 4858 14574 5028 4858 14575 5033 4858 14576 5035 4859 14577 5036 4859 14578 5011 4859 14579 5010 4860 14580 5035 4860 14581 5011 4860 14582 5037 4861 14583 5038 4861 14584 5039 4861 14585 4595 4862 14586 5040 4862 14587 5041 4862 14588 5042 4863 14589 5037 4863 14590 5039 4863 14591 5043 4864 14592 5042 4864 14593 5039 4864 14594 5044 4865 14595 5043 4865 14596 5039 4865 14597 5045 4866 14598 5046 4866 14599 5047 4866 14600 5048 4867 14601 5040 4867 14602 4595 4867 14603 4599 4868 14604 5049 4868 14605 5050 4868 14606 4599 4869 14607 5051 4869 14608 5049 4869 14609 4588 4870 14610 5052 4870 14611 5053 4870 14612 4594 4871 14613 5052 4871 14614 4588 4871 14615 5054 4872 14616 5055 4872 14617 5056 4872 14618 5031 4873 14619 4588 4873 14620 5053 4873 14621 5032 4874 14622 5031 4874 14623 5053 4874 14624 5054 4875 14625 5021 4875 14626 5055 4875 14627 4979 4876 14628 5057 4876 14629 5058 4876 14630 5059 4877 14631 5060 4877 14632 5061 4877 14633 5059 4878 14634 5061 4878 14635 5062 4878 14636 4979 4879 14637 5063 4879 14638 5057 4879 14639 4979 4880 14640 5058 4880 14641 5064 4880 14642 5065 4881 14643 4975 4881 14644 5046 4881 14645 5045 4882 14646 5065 4882 14647 5046 4882 14648 5066 4883 14649 5067 4883 14650 5068 4883 14651 5069 4884 14652 5070 4884 14653 5071 4884 14654 5072 4885 14655 5066 4885 14656 5068 4885 14657 4993 4886 14658 5073 4886 14659 5074 4886 14660 4990 4887 14661 5070 4887 14662 5069 4887 14663 5066 4888 14664 5075 4888 14665 5067 4888 14666 5069 4889 14667 5071 4889 14668 5076 4889 14669 5066 4890 14670 5077 4890 14671 5075 4890 14672 5036 4891 14673 5078 4891 14674 5079 4891 14675 5080 4892 14676 5078 4892 14677 5036 4892 14678 5081 4893 14679 5082 4893 14680 5083 4893 14681 5084 4894 14682 5085 4894 14683 5086 4894 14684 5034 4895 14685 5085 4895 14686 5084 4895 14687 5087 4896 14688 5088 4896 14689 5089 4896 14690 5084 4897 14691 5086 4897 14692 4504 4897 14693 4507 4898 14694 4504 4898 14695 5086 4898 14696 5087 4899 14697 4498 4899 14698 5088 4899 14699 5090 4900 14700 5091 4900 14701 5092 4900 14702 5093 4901 14703 5073 4901 14704 4993 4901 14705 5094 4902 14706 5095 4902 14707 5096 4902 14708 5097 4903 14709 5098 4903 14710 5099 4903 14711 5100 4904 14712 5096 4904 14713 5101 4904 14714 5102 4905 14715 5103 4905 14716 5104 4905 14717 5094 4906 14718 5096 4906 14719 5100 4906 14720 5102 4907 14721 5104 4907 14722 5105 4907 14723 5094 4908 14724 5106 4908 14725 5095 4908 14726 5107 4909 14727 5099 4909 14728 5108 4909 14729 5109 4910 14730 5097 4910 14731 5099 4910 14732 5107 4911 14733 5109 4911 14734 5099 4911 14735 5110 4912 14736 5111 4912 14737 5106 4912 14738 5112 4913 14739 5108 4913 14740 5113 4913 14741 5094 4914 14742 5110 4914 14743 5106 4914 14744 5114 4915 14745 5107 4915 14746 5108 4915 14747 5112 4916 14748 5114 4916 14749 5108 4916 14750 5115 4917 14751 5116 4917 14752 5111 4917 14753 5117 4918 14754 5113 4918 14755 5118 4918 14756 5110 4919 14757 5115 4919 14758 5111 4919 14759 5119 4920 14760 5112 4920 14761 5113 4920 14762 5117 4921 14763 5119 4921 14764 5113 4921 14765 5120 4922 14766 5121 4922 14767 5116 4922 14768 5122 4923 14769 5118 4923 14770 5123 4923 14771 5115 4924 14772 5120 4924 14773 5116 4924 14774 5124 4925 14775 5117 4925 14776 5118 4925 14777 5122 4926 14778 5124 4926 14779 5118 4926 14780 5125 4927 14781 5126 4927 14782 5121 4927 14783 5127 4928 14784 5123 4928 14785 5128 4928 14786 5120 4929 14787 5125 4929 14788 5121 4929 14789 5129 4930 14790 5122 4930 14791 5123 4930 14792 5127 4931 14793 5129 4931 14794 5123 4931 14795 5130 4932 14796 5131 4932 14797 5126 4932 14798 5132 4933 14799 5128 4933 14800 5133 4933 14801 5125 4934 14802 5130 4934 14803 5126 4934 14804 5132 4935 14805 5127 4935 14806 5128 4935 14807 5130 4936 14808 5134 4936 14809 5131 4936 14810 5135 4937 14811 5133 4937 14812 5136 4937 14813 5137 4938 14814 5132 4938 14815 5133 4938 14816 5135 4939 14817 5137 4939 14818 5133 4939 14819 5138 4940 14820 5139 4940 14821 5134 4940 14822 5140 4941 14823 5136 4941 14824 5141 4941 14825 5130 4942 14826 5138 4942 14827 5134 4942 14828 5142 4943 14829 5135 4943 14830 5136 4943 14831 5140 4944 14832 5142 4944 14833 5136 4944 14834 5143 4945 14835 5144 4945 14836 5139 4945 14837 5145 4946 14838 5141 4946 14839 5146 4946 14840 5138 4947 14841 5143 4947 14842 5139 4947 14843 5147 4948 14844 5140 4948 14845 5141 4948 14846 5145 4949 14847 5147 4949 14848 5141 4949 14849 5148 4950 14850 5149 4950 14851 5144 4950 14852 5150 4951 14853 5146 4951 14854 5151 4951 14855 5143 4952 14856 5148 4952 14857 5144 4952 14858 5152 4953 14859 5145 4953 14860 5146 4953 14861 5150 4954 14862 5152 4954 14863 5146 4954 14864 5153 4955 14865 5154 4955 14866 5149 4955 14867 5155 4956 14868 5151 4956 14869 5156 4956 14870 5148 4957 14871 5153 4957 14872 5149 4957 14873 5157 4958 14874 5150 4958 14875 5151 4958 14876 5155 4959 14877 5157 4959 14878 5151 4959 14879 5158 4960 14880 5159 4960 14881 5154 4960 14882 5160 4961 14883 5161 4961 14884 5162 4961 14885 5153 4962 14886 5158 4962 14887 5154 4962 14888 5155 4963 14889 5156 4963 14890 5163 4963 14891 5158 4964 14892 5164 4964 14893 5159 4964 14894 5165 4965 14895 5162 4965 14896 5166 4965 14897 5167 4966 14898 5160 4966 14899 5162 4966 14900 5165 4967 14901 5167 4967 14902 5162 4967 14903 5168 4968 14904 5169 4968 14905 5164 4968 14906 5170 4969 14907 5166 4969 14908 5171 4969 14909 5158 4970 14910 5168 4970 14911 5164 4970 14912 5172 4971 14913 5165 4971 14914 5166 4971 14915 5170 4972 14916 5172 4972 14917 5166 4972 14918 5173 4973 14919 5174 4973 14920 5169 4973 14921 5175 4974 14922 5171 4974 14923 5176 4974 14924 5168 4975 14925 5173 4975 14926 5169 4975 14927 5177 4976 14928 5170 4976 14929 5171 4976 14930 5175 4977 14931 5177 4977 14932 5171 4977 14933 5178 4978 14934 5179 4978 14935 5174 4978 14936 5180 4979 14937 5176 4979 14938 5181 4979 14939 5173 4980 14940 5178 4980 14941 5174 4980 14942 5182 4981 14943 5175 4981 14944 5176 4981 14945 5180 4982 14946 5182 4982 14947 5176 4982 14948 5183 4983 14949 5184 4983 14950 5179 4983 14951 5185 4984 14952 5181 4984 14953 5186 4984 14954 5178 4985 14955 5183 4985 14956 5179 4985 14957 5187 4986 14958 5180 4986 14959 5181 4986 14960 5185 4987 14961 5187 4987 14962 5181 4987 14963 5188 4988 14964 5189 4988 14965 5184 4988 14966 5190 4989 14967 5186 4989 14968 5191 4989 14969 5183 4990 14970 5188 4990 14971 5184 4990 14972 5190 4991 14973 5185 4991 14974 5186 4991 14975 5188 4992 14976 5192 4992 14977 5189 4992 14978 5193 4993 14979 5191 4993 14980 5194 4993 14981 5195 4994 14982 5190 4994 14983 5191 4994 14984 5193 4995 14985 5195 4995 14986 5191 4995 14987 5196 4996 14988 5197 4996 14989 5192 4996 14990 5198 4997 14991 5194 4997 14992 5199 4997 14993 5188 4998 14994 5196 4998 14995 5192 4998 14996 5200 4999 14997 5193 4999 14998 5194 4999 14999 5198 5000 15000 5200 5000 15001 5194 5000 15002 5201 5001 15003 5202 5001 15004 5197 5001 15005 5203 5002 15006 5199 5002 15007 5204 5002 15008 5196 5003 15009 5201 5003 15010 5197 5003 15011 5205 5004 15012 5198 5004 15013 5199 5004 15014 5203 5005 15015 5205 5005 15016 5199 5005 15017 5206 5006 15018 5101 5006 15019 5202 5006 15020 5207 5007 15021 5204 5007 15022 5103 5007 15023 5201 5008 15024 5206 5008 15025 5202 5008 15026 5208 5009 15027 5203 5009 15028 5204 5009 15029 5207 5010 15030 5208 5010 15031 5204 5010 15032 5206 5011 15033 5100 5011 15034 5101 5011 15035 5209 5012 15036 5207 5012 15037 5103 5012 15038 5102 5013 15039 5209 5013 15040 5103 5013 15041 5210 5014 15042 5211 5014 15043 5212 5014 15044 5213 5015 15045 5214 5015 15046 5215 5015 15047 5213 5016 15048 5215 5016 15049 5216 5016 15050 5217 5017 15051 5212 5017 15052 5218 5017 15053 5219 5018 15054 5210 5018 15055 5212 5018 15056 5217 5019 15057 5219 5019 15058 5212 5019 15059 5220 5020 15060 5218 5020 15061 5221 5020 15062 5220 5021 15063 5217 5021 15064 5218 5021 15065 5222 5022 15066 5221 5022 15067 5223 5022 15068 5222 5023 15069 5220 5023 15070 5221 5023 15071 5183 5024 15072 5224 5024 15073 5188 5024 15074 5225 5025 15075 5223 5025 15076 5226 5025 15077 5225 5026 15078 5222 5026 15079 5223 5026 15080 5183 5027 15081 5227 5027 15082 5224 5027 15083 5228 5028 15084 5226 5028 15085 5229 5028 15086 5228 5029 15087 5225 5029 15088 5226 5029 15089 5230 5030 15090 5229 5030 15091 5231 5030 15092 5230 5031 15093 5228 5031 15094 5229 5031 15095 5232 5032 15096 5231 5032 15097 5233 5032 15098 5232 5033 15099 5230 5033 15100 5231 5033 15101 5234 5034 15102 5233 5034 15103 5235 5034 15104 5234 5035 15105 5232 5035 15106 5233 5035 15107 5236 5036 15108 5235 5036 15109 5237 5036 15110 5236 5037 15111 5234 5037 15112 5235 5037 15113 5238 5038 15114 5237 5038 15115 5239 5038 15116 5238 5039 15117 5236 5039 15118 5237 5039 15119 5240 5040 15120 5239 5040 15121 5241 5040 15122 5240 5041 15123 5238 5041 15124 5239 5041 15125 5242 5042 15126 5243 5042 15127 5244 5042 15128 5245 5043 15129 5240 5043 15130 5241 5043 15131 5246 5044 15132 5244 5044 15133 5247 5044 15134 5248 5045 15135 5242 5045 15136 5244 5045 15137 5246 5046 15138 5248 5046 15139 5244 5046 15140 5249 5047 15141 5247 5047 15142 5250 5047 15143 5249 5048 15144 5246 5048 15145 5247 5048 15146 5251 5049 15147 5250 5049 15148 5252 5049 15149 5251 5050 15150 5249 5050 15151 5250 5050 15152 5125 5051 15153 5253 5051 15154 5130 5051 15155 5254 5052 15156 5252 5052 15157 5255 5052 15158 5254 5053 15159 5251 5053 15160 5252 5053 15161 5125 5054 15162 5256 5054 15163 5253 5054 15164 5257 5055 15165 5255 5055 15166 5258 5055 15167 5257 5056 15168 5254 5056 15169 5255 5056 15170 5259 5057 15171 5258 5057 15172 5260 5057 15173 5259 5058 15174 5257 5058 15175 5258 5058 15176 5261 5059 15177 5260 5059 15178 5262 5059 15179 5261 5060 15180 5259 5060 15181 5260 5060 15182 5263 5061 15183 5262 5061 15184 5264 5061 15185 5263 5062 15186 5261 5062 15187 5262 5062 15188 5265 5063 15189 5264 5063 15190 5266 5063 15191 5265 5064 15192 5263 5064 15193 5264 5064 15194 5267 5065 15195 5266 5065 15196 5214 5065 15197 5267 5066 15198 5265 5066 15199 5266 5066 15200 5213 5067 15201 5267 5067 15202 5214 5067 15203 5268 5068 15204 5269 5068 15205 5270 5068 15206 5271 5069 15207 5272 5069 15208 5273 5069 15209 5274 5070 15210 5270 5070 15211 5275 5070 15212 5276 5071 15213 5277 5071 15214 5278 5071 15215 5274 5072 15216 5268 5072 15217 5270 5072 15218 5279 5073 15219 5276 5073 15220 5278 5073 15221 5280 5074 15222 5281 5074 15223 5269 5074 15224 5282 5075 15225 5273 5075 15226 5283 5075 15227 5284 5076 15228 5280 5076 15229 5269 5076 15230 5268 5077 15231 5284 5077 15232 5269 5077 15233 5285 5078 15234 5286 5078 15235 5273 5078 15236 5271 5079 15237 5273 5079 15238 5286 5079 15239 5285 5080 15240 5273 5080 15241 5282 5080 15242 5287 5081 15243 5288 5081 15244 5281 5081 15245 5289 5082 15246 5283 5082 15247 5290 5082 15248 5291 5083 15249 5287 5083 15250 5281 5083 15251 5280 5084 15252 5291 5084 15253 5281 5084 15254 5292 5085 15255 5283 5085 15256 5289 5085 15257 5282 5086 15258 5283 5086 15259 5292 5086 15260 5293 5087 15261 5294 5087 15262 5288 5087 15263 5295 5088 15264 5290 5088 15265 5296 5088 15266 5287 5089 15267 5293 5089 15268 5288 5089 15269 5297 5090 15270 5290 5090 15271 5295 5090 15272 5289 5091 15273 5290 5091 15274 5297 5091 15275 5298 5092 15276 5299 5092 15277 5294 5092 15278 5300 5093 15279 5296 5093 15280 5301 5093 15281 5293 5094 15282 5298 5094 15283 5294 5094 15284 5302 5095 15285 5296 5095 15286 5300 5095 15287 5295 5096 15288 5296 5096 15289 5302 5096 15290 5303 5097 15291 5301 5097 15292 5304 5097 15293 5305 5098 15294 5301 5098 15295 5303 5098 15296 5300 5099 15297 5301 5099 15298 5305 5099 15299 5306 5100 15300 5304 5100 15301 5307 5100 15302 5308 5101 15303 5304 5101 15304 5306 5101 15305 5309 5102 15306 5304 5102 15307 5308 5102 15308 5303 5103 15309 5304 5103 15310 5309 5103 15311 5310 5104 15312 5307 5104 15313 5311 5104 15314 5312 5105 15315 5307 5105 15316 5310 5105 15317 5306 5106 15318 5307 5106 15319 5312 5106 15320 5313 5107 15321 5314 5107 15322 5287 5107 15323 5315 5108 15324 5311 5108 15325 5316 5108 15326 5291 5109 15327 5313 5109 15328 5287 5109 15329 5317 5110 15330 5311 5110 15331 5315 5110 15332 5310 5111 15333 5311 5111 15334 5317 5111 15335 5318 5112 15336 5319 5112 15337 5314 5112 15338 5320 5113 15339 5316 5113 15340 5321 5113 15341 5322 5114 15342 5318 5114 15343 5314 5114 15344 5313 5115 15345 5322 5115 15346 5314 5115 15347 5323 5116 15348 5316 5116 15349 5320 5116 15350 5315 5117 15351 5316 5117 15352 5323 5117 15353 5324 5118 15354 5325 5118 15355 5319 5118 15356 5326 5119 15357 5321 5119 15358 5327 5119 15359 5328 5120 15360 5324 5120 15361 5319 5120 15362 5318 5121 15363 5328 5121 15364 5319 5121 15365 5329 5122 15366 5321 5122 15367 5326 5122 15368 5320 5123 15369 5321 5123 15370 5329 5123 15371 5330 5124 15372 5331 5124 15373 5325 5124 15374 5332 5125 15375 5333 5125 15376 5334 5125 15377 5330 5126 15378 5325 5126 15379 5324 5126 15380 5335 5127 15381 5326 5127 15382 5327 5127 15383 5336 5128 15384 5337 5128 15385 5331 5128 15386 5338 5129 15387 5334 5129 15388 5339 5129 15389 5340 5130 15390 5336 5130 15391 5331 5130 15392 5330 5131 15393 5340 5131 15394 5331 5131 15395 5341 5132 15396 5342 5132 15397 5334 5132 15398 5332 5133 15399 5334 5133 15400 5342 5133 15401 5341 5134 15402 5334 5134 15403 5338 5134 15404 5343 5135 15405 5344 5135 15406 5337 5135 15407 5345 5136 15408 5339 5136 15409 5346 5136 15410 5347 5137 15411 5343 5137 15412 5337 5137 15413 5336 5138 15414 5347 5138 15415 5337 5138 15416 5348 5139 15417 5339 5139 15418 5345 5139 15419 5338 5140 15420 5339 5140 15421 5348 5140 15422 5349 5141 15423 5350 5141 15424 5344 5141 15425 5351 5142 15426 5346 5142 15427 5352 5142 15428 5343 5143 15429 5349 5143 15430 5344 5143 15431 5353 5144 15432 5346 5144 15433 5351 5144 15434 5345 5145 15435 5346 5145 15436 5353 5145 15437 5354 5146 15438 5355 5146 15439 5350 5146 15440 5356 5147 15441 5352 5147 15442 5357 5147 15443 5349 5148 15444 5354 5148 15445 5350 5148 15446 5358 5149 15447 5352 5149 15448 5356 5149 15449 5351 5150 15450 5352 5150 15451 5358 5150 15452 5359 5151 15453 5357 5151 15454 5360 5151 15455 5361 5152 15456 5357 5152 15457 5359 5152 15458 5356 5153 15459 5357 5153 15460 5361 5153 15461 5362 5154 15462 5360 5154 15463 5363 5154 15464 5364 5155 15465 5360 5155 15466 5362 5155 15467 5365 5156 15468 5360 5156 15469 5364 5156 15470 5359 5157 15471 5360 5157 15472 5365 5157 15473 5366 5158 15474 5363 5158 15475 5367 5158 15476 5368 5159 15477 5363 5159 15478 5366 5159 15479 5362 5160 15480 5363 5160 15481 5368 5160 15482 5369 5161 15483 5370 5161 15484 5343 5161 15485 5371 5162 15486 5367 5162 15487 5372 5162 15488 5347 5163 15489 5369 5163 15490 5343 5163 15491 5373 5164 15492 5367 5164 15493 5371 5164 15494 5366 5165 15495 5367 5165 15496 5373 5165 15497 5374 5166 15498 5275 5166 15499 5370 5166 15500 5375 5167 15501 5372 5167 15502 5277 5167 15503 5376 5168 15504 5374 5168 15505 5370 5168 15506 5369 5169 15507 5376 5169 15508 5370 5169 15509 5377 5170 15510 5372 5170 15511 5375 5170 15512 5371 5171 15513 5372 5171 15514 5377 5171 15515 5378 5172 15516 5274 5172 15517 5275 5172 15518 5374 5173 15519 5378 5173 15520 5275 5173 15521 5379 5174 15522 5277 5174 15523 5276 5174 15524 5375 5175 15525 5277 5175 15526 5379 5175 15527 5380 5176 15528 5381 5176 15529 5382 5176 15530 5383 5177 15531 5384 5177 15532 5385 5177 15533 5383 5178 15534 5385 5178 15535 5386 5178 15536 5387 5179 15537 5382 5179 15538 5388 5179 15539 5389 5180 15540 5380 5180 15541 5382 5180 15542 5389 5181 15543 5382 5181 15544 5387 5181 15545 5390 5182 15546 5388 5182 15547 5391 5182 15548 5387 5183 15549 5388 5183 15550 5390 5183 15551 5392 5184 15552 5391 5184 15553 5393 5184 15554 5390 5185 15555 5391 5185 15556 5392 5185 15557 5394 5186 15558 5393 5186 15559 5395 5186 15560 5392 5187 15561 5393 5187 15562 5394 5187 15563 5396 5188 15564 5395 5188 15565 5397 5188 15566 5394 5189 15567 5395 5189 15568 5396 5189 15569 5398 5190 15570 5397 5190 15571 5399 5190 15572 5396 5191 15573 5397 5191 15574 5398 5191 15575 5400 5192 15576 5399 5192 15577 5401 5192 15578 5398 5193 15579 5399 5193 15580 5400 5193 15581 5402 5194 15582 5401 5194 15583 5403 5194 15584 5400 5195 15585 5401 5195 15586 5402 5195 15587 5404 5196 15588 5405 5196 15589 5406 5196 15590 5402 5197 15591 5403 5197 15592 5407 5197 15593 5408 5198 15594 5406 5198 15595 5409 5198 15596 5410 5199 15597 5406 5199 15598 5408 5199 15599 5404 5200 15600 5406 5200 15601 5410 5200 15602 5411 5201 15603 5409 5201 15604 5412 5201 15605 5408 5202 15606 5409 5202 15607 5411 5202 15608 5413 5203 15609 5412 5203 15610 5414 5203 15611 5411 5204 15612 5412 5204 15613 5413 5204 15614 5415 5205 15615 5414 5205 15616 5416 5205 15617 5413 5206 15618 5414 5206 15619 5415 5206 15620 5417 5207 15621 5416 5207 15622 5418 5207 15623 5415 5208 15624 5416 5208 15625 5417 5208 15626 5419 5209 15627 5418 5209 15628 5420 5209 15629 5417 5210 15630 5418 5210 15631 5419 5210 15632 5421 5211 15633 5420 5211 15634 5384 5211 15635 5419 5212 15636 5420 5212 15637 5421 5212 15638 5421 5213 15639 5384 5213 15640 5383 5213 15641 5279 5214 15642 5422 5214 15643 5276 5214 15644 5335 5215 15645 5423 5215 15646 5326 5215 15647 5424 5216 15648 5425 5216 15649 5426 5216 15650 5427 5217 15651 5428 5217 15652 5429 5217 15653 5430 5218 15654 5426 5218 15655 5431 5218 15656 5432 5219 15657 5433 5219 15658 5434 5219 15659 5430 5220 15660 5424 5220 15661 5426 5220 15662 5432 5221 15663 5434 5221 15664 5435 5221 15665 5436 5222 15666 5437 5222 15667 5425 5222 15668 5438 5223 15669 5429 5223 15670 5439 5223 15671 5424 5224 15672 5436 5224 15673 5425 5224 15674 5438 5225 15675 5427 5225 15676 5429 5225 15677 5436 5226 15678 5440 5226 15679 5437 5226 15680 5441 5227 15681 5439 5227 15682 5442 5227 15683 5441 5228 15684 5438 5228 15685 5439 5228 15686 5443 5229 15687 5444 5229 15688 5440 5229 15689 5445 5230 15690 5442 5230 15691 5446 5230 15692 5443 5231 15693 5440 5231 15694 5436 5231 15695 5447 5232 15696 5441 5232 15697 5442 5232 15698 5445 5233 15699 5447 5233 15700 5442 5233 15701 5443 5234 15702 5448 5234 15703 5444 5234 15704 5445 5235 15705 5446 5235 15706 5449 5235 15707 5450 5236 15708 5451 5236 15709 5448 5236 15710 5452 5237 15711 5453 5237 15712 5454 5237 15713 5443 5238 15714 5450 5238 15715 5448 5238 15716 5455 5239 15717 5445 5239 15718 5449 5239 15719 5456 5240 15720 5457 5240 15721 5451 5240 15722 5458 5241 15723 5459 5241 15724 5460 5241 15725 5450 5242 15726 5456 5242 15727 5451 5242 15728 5461 5243 15729 5452 5243 15730 5454 5243 15731 5456 5244 15732 5462 5244 15733 5457 5244 15734 5463 5245 15735 5460 5245 15736 5464 5245 15737 5463 5246 15738 5458 5246 15739 5460 5246 15740 5465 5247 15741 5466 5247 15742 5462 5247 15743 5467 5248 15744 5464 5248 15745 5468 5248 15746 5456 5249 15747 5465 5249 15748 5462 5249 15749 5467 5250 15750 5463 5250 15751 5464 5250 15752 5469 5251 15753 5470 5251 15754 5466 5251 15755 5471 5252 15756 5468 5252 15757 5472 5252 15758 5465 5253 15759 5469 5253 15760 5466 5253 15761 5473 5254 15762 5467 5254 15763 5468 5254 15764 5471 5255 15765 5473 5255 15766 5468 5255 15767 5474 5256 15768 5475 5256 15769 5470 5256 15770 5471 5257 15771 5472 5257 15772 5476 5257 15773 5469 5258 15774 5474 5258 15775 5470 5258 15776 5474 5259 15777 5477 5259 15778 5475 5259 15779 5478 5260 15780 5479 5260 15781 5480 5260 15782 5471 5261 15783 5476 5261 15784 5481 5261 15785 5482 5262 15786 5483 5262 15787 5477 5262 15788 5484 5263 15789 5485 5263 15790 5486 5263 15791 5474 5264 15792 5482 5264 15793 5477 5264 15794 5478 5265 15795 5480 5265 15796 5487 5265 15797 5488 5266 15798 5489 5266 15799 5483 5266 15800 5490 5267 15801 5486 5267 15802 5491 5267 15803 5482 5268 15804 5488 5268 15805 5483 5268 15806 5490 5269 15807 5484 5269 15808 5486 5269 15809 5488 5270 15810 5492 5270 15811 5489 5270 15812 5493 5271 15813 5491 5271 15814 5494 5271 15815 5493 5272 15816 5490 5272 15817 5491 5272 15818 5495 5273 15819 5496 5273 15820 5492 5273 15821 5497 5274 15822 5494 5274 15823 5498 5274 15824 5488 5275 15825 5495 5275 15826 5492 5275 15827 5499 5276 15828 5493 5276 15829 5494 5276 15830 5497 5277 15831 5499 5277 15832 5494 5277 15833 5495 5278 15834 5500 5278 15835 5496 5278 15836 5497 5279 15837 5498 5279 15838 5501 5279 15839 5502 5280 15840 5503 5280 15841 5500 5280 15842 5504 5281 15843 5505 5281 15844 5506 5281 15845 5495 5282 15846 5502 5282 15847 5500 5282 15848 5507 5283 15849 5497 5283 15850 5501 5283 15851 5508 5284 15852 5509 5284 15853 5503 5284 15854 5510 5285 15855 5511 5285 15856 5512 5285 15857 5502 5286 15858 5508 5286 15859 5503 5286 15860 5513 5287 15861 5504 5287 15862 5506 5287 15863 5508 5288 15864 5514 5288 15865 5509 5288 15866 5515 5289 15867 5512 5289 15868 5516 5289 15869 5515 5290 15870 5510 5290 15871 5512 5290 15872 5517 5291 15873 5518 5291 15874 5514 5291 15875 5519 5292 15876 5516 5292 15877 5520 5292 15878 5508 5293 15879 5517 5293 15880 5514 5293 15881 5519 5294 15882 5515 5294 15883 5516 5294 15884 5521 5295 15885 5522 5295 15886 5518 5295 15887 5523 5296 15888 5520 5296 15889 5524 5296 15890 5517 5297 15891 5521 5297 15892 5518 5297 15893 5525 5298 15894 5519 5298 15895 5520 5298 15896 5523 5299 15897 5525 5299 15898 5520 5299 15899 5430 5300 15900 5431 5300 15901 5522 5300 15902 5523 5301 15903 5524 5301 15904 5526 5301 15905 5521 5302 15906 5430 5302 15907 5522 5302 15908 5523 5303 15909 5526 5303 15910 5527 5303 15911 5386 5304 15912 5528 5304 15913 5529 5304 15914 5389 5305 15915 5530 5305 15916 5531 5305 15917 5389 5306 15918 5531 5306 15919 5380 5306 15920 5421 5307 15921 5529 5307 15922 5532 5307 15923 5383 5308 15924 5386 5308 15925 5529 5308 15926 5421 5309 15927 5383 5309 15928 5529 5309 15929 5419 5310 15930 5532 5310 15931 5533 5310 15932 5419 5311 15933 5421 5311 15934 5532 5311 15935 5517 5312 15936 5534 5312 15937 5521 5312 15938 5417 5313 15939 5533 5313 15940 5535 5313 15941 5417 5314 15942 5419 5314 15943 5533 5314 15944 5415 5315 15945 5535 5315 15946 5536 5315 15947 5415 5316 15948 5417 5316 15949 5535 5316 15950 5413 5317 15951 5536 5317 15952 5537 5317 15953 5413 5318 15954 5415 5318 15955 5536 5318 15956 5411 5319 15957 5537 5319 15958 5538 5319 15959 5411 5320 15960 5413 5320 15961 5537 5320 15962 5408 5321 15963 5538 5321 15964 5539 5321 15965 5408 5322 15966 5411 5322 15967 5538 5322 15968 5410 5323 15969 5539 5323 15970 5540 5323 15971 5410 5324 15972 5408 5324 15973 5539 5324 15974 5407 5325 15975 5541 5325 15976 5542 5325 15977 5404 5326 15978 5410 5326 15979 5540 5326 15980 5400 5327 15981 5542 5327 15982 5543 5327 15983 5402 5328 15984 5407 5328 15985 5542 5328 15986 5400 5329 15987 5402 5329 15988 5542 5329 15989 5398 5330 15990 5543 5330 15991 5544 5330 15992 5398 5331 15993 5400 5331 15994 5543 5331 15995 5465 5332 15996 5545 5332 15997 5469 5332 15998 5396 5333 15999 5544 5333 16000 5546 5333 16001 5396 5334 16002 5398 5334 16003 5544 5334 16004 5394 5335 16005 5546 5335 16006 5547 5335 16007 5394 5336 16008 5396 5336 16009 5546 5336 16010 5392 5337 16011 5547 5337 16012 5548 5337 16013 5392 5338 16014 5394 5338 16015 5547 5338 16016 5390 5339 16017 5548 5339 16018 5549 5339 16019 5390 5340 16020 5392 5340 16021 5548 5340 16022 5387 5341 16023 5549 5341 16024 5530 5341 16025 5387 5342 16026 5390 5342 16027 5549 5342 16028 5389 5343 16029 5387 5343 16030 5530 5343 16031 5550 5344 16032 5551 5344 16033 5552 5344 16034 5553 5345 16035 5554 5345 16036 5555 5345 16037 5556 5346 16038 5551 5346 16039 5550 5346 16040 5557 5347 16041 5552 5347 16042 5558 5347 16043 5550 5348 16044 5552 5348 16045 5557 5348 16046 5557 5349 16047 5558 5349 16048 5559 5349 16049 5560 5350 16050 5559 5350 16051 5561 5350 16052 5557 5351 16053 5559 5351 16054 5560 5351 16055 5562 5352 16056 5561 5352 16057 5563 5352 16058 5560 5353 16059 5561 5353 16060 5562 5353 16061 5564 5354 16062 5565 5354 16063 5566 5354 16064 5567 5355 16065 5562 5355 16066 5563 5355 16067 5564 5356 16068 5568 5356 16069 5565 5356 16070 5569 5357 16071 5570 5357 16072 5571 5357 16073 5572 5358 16074 5573 5358 16075 5574 5358 16076 5569 5359 16077 5575 5359 16078 5570 5359 16079 5576 5360 16080 5571 5360 16081 5577 5360 16082 5576 5361 16083 5569 5361 16084 5571 5361 16085 5576 5362 16086 5577 5362 16087 5578 5362 16088 5579 5363 16089 5578 5363 16090 5580 5363 16091 5579 5364 16092 5576 5364 16093 5578 5364 16094 5581 5365 16095 5580 5365 16096 5582 5365 16097 5581 5366 16098 5579 5366 16099 5580 5366 16100 5583 5367 16101 5584 5367 16102 5585 5367 16103 5583 5368 16104 5586 5368 16105 5584 5368 16106 5581 5369 16107 5582 5369 16108 5587 5369 16109 5588 5370 16110 5589 5370 16111 5590 5370 16112 5591 5371 16113 5592 5371 16114 5593 5371 16115 5248 5372 16116 5594 5372 16117 5595 5372 16118 5596 5373 16119 5592 5373 16120 5591 5373 16121 5245 5374 16122 5597 5374 16123 5598 5374 16124 5248 5375 16125 5595 5375 16126 5242 5375 16127 5588 5376 16128 5599 5376 16129 5589 5376 16130 5588 5377 16131 5600 5377 16132 5599 5377 16133 5601 5378 16134 5602 5378 16135 5600 5378 16136 5588 5379 16137 5601 5379 16138 5600 5379 16139 5603 5380 16140 5604 5380 16141 5602 5380 16142 5601 5381 16143 5603 5381 16144 5602 5381 16145 5605 5382 16146 5606 5382 16147 5604 5382 16148 5603 5383 16149 5605 5383 16150 5604 5383 16151 5607 5384 16152 5608 5384 16153 5606 5384 16154 5609 5385 16155 5607 5385 16156 5606 5385 16157 5605 5386 16158 5609 5386 16159 5606 5386 16160 5610 5387 16161 5611 5387 16162 5612 5387 16163 5613 5388 16164 5611 5388 16165 5610 5388 16166 5614 5389 16167 5615 5389 16168 5607 5389 16169 5616 5390 16170 5617 5390 16171 5618 5390 16172 5609 5391 16173 5614 5391 16174 5607 5391 16175 5619 5392 16176 5620 5392 16177 5615 5392 16178 5621 5393 16179 5618 5393 16180 5622 5393 16181 5614 5394 16182 5619 5394 16183 5615 5394 16184 5621 5395 16185 5616 5395 16186 5618 5395 16187 5619 5396 16188 5623 5396 16189 5620 5396 16190 5624 5397 16191 5625 5397 16192 5626 5397 16193 5621 5398 16194 5622 5398 16195 5627 5398 16196 5624 5399 16197 5628 5399 16198 5625 5399 16199 5619 5400 16200 5629 5400 16201 5623 5400 16202 5630 5401 16203 5631 5401 16204 5629 5401 16205 5619 5402 16206 5630 5402 16207 5629 5402 16208 5632 5403 16209 5633 5403 16210 5631 5403 16211 5630 5404 16212 5632 5404 16213 5631 5404 16214 5634 5405 16215 5635 5405 16216 5633 5405 16217 5632 5406 16218 5634 5406 16219 5633 5406 16220 5636 5407 16221 5637 5407 16222 5635 5407 16223 5634 5408 16224 5636 5408 16225 5635 5408 16226 5638 5409 16227 5639 5409 16228 5637 5409 16229 5636 5410 16230 5638 5410 16231 5637 5410 16232 5640 5411 16233 5641 5411 16234 5642 5411 16235 5640 5412 16236 5643 5412 16237 5641 5412 16238 5216 5413 16239 5644 5413 16240 5645 5413 16241 5219 5414 16242 5646 5414 16243 5647 5414 16244 5219 5415 16245 5647 5415 16246 5210 5415 16247 5267 5416 16248 5645 5416 16249 5648 5416 16250 5213 5417 16251 5216 5417 16252 5645 5417 16253 5213 5418 16254 5645 5418 16255 5267 5418 16256 5265 5419 16257 5648 5419 16258 5649 5419 16259 5267 5420 16260 5648 5420 16261 5265 5420 16262 5263 5421 16263 5649 5421 16264 5650 5421 16265 5265 5422 16266 5649 5422 16267 5263 5422 16268 5261 5423 16269 5650 5423 16270 5651 5423 16271 5263 5424 16272 5650 5424 16273 5261 5424 16274 5259 5425 16275 5651 5425 16276 5652 5425 16277 5261 5426 16278 5651 5426 16279 5259 5426 16280 5257 5427 16281 5652 5427 16282 5653 5427 16283 5259 5428 16284 5652 5428 16285 5257 5428 16286 5254 5429 16287 5653 5429 16288 5654 5429 16289 5257 5430 16290 5653 5430 16291 5254 5430 16292 5251 5431 16293 5654 5431 16294 5655 5431 16295 5254 5432 16296 5654 5432 16297 5251 5432 16298 5249 5433 16299 5655 5433 16300 5656 5433 16301 5251 5434 16302 5655 5434 16303 5249 5434 16304 5246 5435 16305 5656 5435 16306 5594 5435 16307 5249 5436 16308 5656 5436 16309 5246 5436 16310 5246 5437 16311 5594 5437 16312 5248 5437 16313 5640 5438 16314 5657 5438 16315 5643 5438 16316 5658 5439 16317 5659 5439 16318 5657 5439 16319 5640 5440 16320 5658 5440 16321 5657 5440 16322 5660 5441 16323 5661 5441 16324 5659 5441 16325 5658 5442 16326 5660 5442 16327 5659 5442 16328 5662 5443 16329 5663 5443 16330 5661 5443 16331 5660 5444 16332 5662 5444 16333 5661 5444 16334 5664 5445 16335 5665 5445 16336 5663 5445 16337 5666 5446 16338 5664 5446 16339 5663 5446 16340 5662 5447 16341 5666 5447 16342 5663 5447 16343 5667 5448 16344 5668 5448 16345 5669 5448 16346 5670 5449 16347 5668 5449 16348 5667 5449 16349 5671 5450 16350 5672 5450 16351 5664 5450 16352 5673 5451 16353 5674 5451 16354 5675 5451 16355 5666 5452 16356 5671 5452 16357 5664 5452 16358 5676 5453 16359 5677 5453 16360 5672 5453 16361 5678 5454 16362 5675 5454 16363 5679 5454 16364 5671 5455 16365 5676 5455 16366 5672 5455 16367 5678 5456 16368 5673 5456 16369 5675 5456 16370 5676 5457 16371 5680 5457 16372 5677 5457 16373 5681 5458 16374 5682 5458 16375 5683 5458 16376 5684 5459 16377 5678 5459 16378 5679 5459 16379 5681 5460 16380 5685 5460 16381 5682 5460 16382 5676 5461 16383 5686 5461 16384 5680 5461 16385 5687 5462 16386 5688 5462 16387 5686 5462 16388 5676 5463 16389 5687 5463 16390 5686 5463 16391 5689 5464 16392 5690 5464 16393 5688 5464 16394 5687 5465 16395 5689 5465 16396 5688 5465 16397 5691 5466 16398 5692 5466 16399 5690 5466 16400 5689 5467 16401 5691 5467 16402 5690 5467 16403 5596 5468 16404 5591 5468 16405 5692 5468 16406 5691 5469 16407 5596 5469 16408 5692 5469 16409 5238 5470 16410 5598 5470 16411 5693 5470 16412 5240 5471 16413 5598 5471 16414 5238 5471 16415 5245 5472 16416 5598 5472 16417 5240 5472 16418 5236 5473 16419 5693 5473 16420 5694 5473 16421 5238 5474 16422 5693 5474 16423 5236 5474 16424 5234 5475 16425 5694 5475 16426 5695 5475 16427 5236 5476 16428 5694 5476 16429 5234 5476 16430 5232 5477 16431 5695 5477 16432 5696 5477 16433 5234 5478 16434 5695 5478 16435 5232 5478 16436 5230 5479 16437 5696 5479 16438 5697 5479 16439 5232 5480 16440 5696 5480 16441 5230 5480 16442 5228 5481 16443 5697 5481 16444 5698 5481 16445 5230 5482 16446 5697 5482 16447 5228 5482 16448 5225 5483 16449 5698 5483 16450 5699 5483 16451 5228 5484 16452 5698 5484 16453 5225 5484 16454 5222 5485 16455 5699 5485 16456 5700 5485 16457 5225 5486 16458 5699 5486 16459 5222 5486 16460 5220 5487 16461 5700 5487 16462 5701 5487 16463 5222 5488 16464 5700 5488 16465 5220 5488 16466 5217 5489 16467 5701 5489 16468 5646 5489 16469 5220 5490 16470 5701 5490 16471 5217 5490 16472 5217 5491 16473 5646 5491 16474 5219 5491 16475 5702 5492 16476 5703 5492 16477 5704 5492 16478 5705 5493 16479 5706 5493 16480 5707 5493 16481 5553 5494 16482 5708 5494 16483 5554 5494 16484 5709 5495 16485 5554 5495 16486 5708 5495 16487 5710 5496 16488 5705 5496 16489 5707 5496 16490 5711 5497 16491 5712 5497 16492 5713 5497 16493 5714 5498 16494 5713 5498 16495 5715 5498 16496 5714 5499 16497 5711 5499 16498 5713 5499 16499 5716 5500 16500 5715 5500 16501 5717 5500 16502 5716 5501 16503 5714 5501 16504 5715 5501 16505 5718 5502 16506 5717 5502 16507 5706 5502 16508 5718 5503 16509 5716 5503 16510 5717 5503 16511 5705 5504 16512 5718 5504 16513 5706 5504 16514 5719 5505 16515 5720 5505 16516 5721 5505 16517 5722 5506 16518 5573 5506 16519 5572 5506 16520 5723 5507 16521 5573 5507 16522 5722 5507 16523 5719 5508 16524 5721 5508 16525 5724 5508 16526 5725 5509 16527 5704 5509 16528 5726 5509 16529 5725 5510 16530 5702 5510 16531 5704 5510 16532 5727 5511 16533 5726 5511 16534 5728 5511 16535 5727 5512 16536 5725 5512 16537 5726 5512 16538 5729 5513 16539 5728 5513 16540 5720 5513 16541 5729 5514 16542 5727 5514 16543 5728 5514 16544 5719 5515 16545 5729 5515 16546 5720 5515 16547 5730 5516 16548 5731 5516 16549 5732 5516 16550 5733 5517 16551 5732 5517 16552 5734 5517 16553 5733 5518 16554 5730 5518 16555 5732 5518 16556 5733 5519 16557 5734 5519 16558 5735 5519 16559 4895 5520 16560 4929 5520 16561 4880 5520 16562 5736 5521 16563 5737 5521 16564 5738 5521 16565 5739 5522 16566 5736 5522 16567 5738 5522 16568 5740 5523 16569 5741 5523 16570 5737 5523 16571 5736 5524 16572 5740 5524 16573 5737 5524 16574 5034 5525 16575 5084 5525 16576 5028 5525 16577 4611 5526 16578 4950 5526 16579 4618 5526 16580 5087 5527 16581 4501 5527 16582 4498 5527 16583 5035 5528 16584 5080 5528 16585 5036 5528 16586 5742 5529 16587 5024 5529 16588 5021 5529 16589 4712 5530 16590 5743 5530 16591 5744 5530 16592 5054 5531 16593 5742 5531 16594 5021 5531 16595 4591 5532 16596 5048 5532 16597 4595 5532 16598 4932 5533 16599 4660 5533 16600 4657 5533 16601 4896 5534 16602 4925 5534 16603 4897 5534 16604 5745 5535 16605 4907 5535 16606 4884 5535 16607 4839 5536 16608 5719 5536 16609 4837 5536 16610 4956 5537 16611 5745 5537 16612 4884 5537 16613 4625 5538 16614 4952 5538 16615 4621 5538 16616 4637 5539 16617 4634 5539 16618 4856 5539 16619 4641 5540 16620 4856 5540 16621 4634 5540 16622 4628 5541 16623 4638 5541 16624 4867 5541 16625 4935 5542 16626 4661 5542 16627 4936 5542 16628 4652 5543 16629 4661 5543 16630 4935 5543 16631 4599 5544 16632 5050 5544 16633 4596 5544 16634 4606 5545 16635 4604 5545 16636 4994 5545 16637 4486 5546 16638 4994 5546 16639 4604 5546 16640 4601 5547 16641 4607 5547 16642 5000 5547 16643 5090 5548 16644 4502 5548 16645 5091 5548 16646 4493 5549 16647 4502 5549 16648 5090 5549 16649 4908 5550 16650 4910 5550 16651 5746 5550 16652 4841 5551 16653 5729 5551 16654 4839 5551 16655 4908 5552 16656 5746 5552 16657 5747 5552 16658 4961 5553 16659 5747 5553 16660 5746 5553 16661 4961 5554 16662 5746 5554 16663 4962 5554 16664 4851 5555 16665 5748 5555 16666 4852 5555 16667 5749 5556 16668 4870 5556 16669 4876 5556 16670 5750 5557 16671 5751 5557 16672 5752 5557 16673 4926 5558 16674 5750 5558 16675 5752 5558 16676 4851 5559 16677 4914 5559 16678 5748 5559 16679 5753 5560 16680 4898 5560 16681 4870 5560 16682 5754 5561 16683 4870 5561 16684 4898 5561 16685 5749 5562 16686 5753 5562 16687 4870 5562 16688 5755 5563 16689 4872 5563 16690 4870 5563 16691 5754 5564 16692 5755 5564 16693 4870 5564 16694 5753 5565 16695 4901 5565 16696 4898 5565 16697 5756 5566 16698 5754 5566 16699 4898 5566 16700 4905 5567 16701 5756 5567 16702 4898 5567 16703 4902 5568 16704 4904 5568 16705 5757 5568 16706 5758 5569 16707 5757 5569 16708 5751 5569 16709 4902 5570 16710 5757 5570 16711 5758 5570 16712 5750 5571 16713 5758 5571 16714 5751 5571 16715 4873 5572 16716 4875 5572 16717 5759 5572 16718 4964 5573 16719 5760 5573 16720 5761 5573 16721 4873 5574 16722 5759 5574 16723 4965 5574 16724 4961 5575 16725 5761 5575 16726 5747 5575 16727 4961 5576 16728 4964 5576 16729 5761 5576 16730 5750 5577 16731 4928 5577 16732 5758 5577 16733 4926 5578 16734 4928 5578 16735 5750 5578 16736 5762 5579 16737 5083 5579 16738 5763 5579 16739 5081 5580 16740 5083 5580 16741 5762 5580 16742 5764 5581 16743 5763 5581 16744 5014 5581 16745 5765 5582 16746 5763 5582 16747 5764 5582 16748 5762 5583 16749 5763 5583 16750 5765 5583 16751 5764 5584 16752 5014 5584 16753 5013 5584 16754 4971 5585 16755 5766 5585 16756 5767 5585 16757 5062 5586 16758 5768 5586 16759 5769 5586 16760 4978 5587 16761 4971 5587 16762 5767 5587 16763 4979 5588 16764 4981 5588 16765 5770 5588 16766 4979 5589 16767 5770 5589 16768 5063 5589 16769 5006 5590 16770 5771 5590 16771 5766 5590 16772 5059 5591 16773 5769 5591 16774 5772 5591 16775 4971 5592 16776 5006 5592 16777 5766 5592 16778 5059 5593 16779 5062 5593 16780 5769 5593 16781 5006 5594 16782 5019 5594 16783 5771 5594 16784 5773 5595 16785 5772 5595 16786 5026 5595 16787 4712 5596 16788 5744 5596 16789 4713 5596 16790 5059 5597 16791 5772 5597 16792 5773 5597 16793 5773 5598 16794 5026 5598 16795 5025 5598 16796 5774 5599 16797 5006 5599 16798 4971 5599 16799 5774 5600 16800 5016 5600 16801 5006 5600 16802 5775 5601 16803 5774 5601 16804 4971 5601 16805 4986 5602 16806 5775 5602 16807 4971 5602 16808 5762 5603 16809 5765 5603 16810 5776 5603 16811 4990 5604 16812 5777 5604 16813 4991 5604 16814 5081 5605 16815 5762 5605 16816 5776 5605 16817 4990 5606 16818 5069 5606 16819 5777 5606 16820 5059 5607 16821 5773 5607 16822 5060 5607 16823 4288 5608 16824 4290 5608 16825 5778 5608 16826 5779 5609 16827 5778 5609 16828 5780 5609 16829 4288 5610 16830 5778 5610 16831 5779 5610 16832 5781 5611 16833 4408 5611 16834 4296 5611 16835 4301 5612 16836 5781 5612 16837 4296 5612 16838 4755 5613 16839 5782 5613 16840 5783 5613 16841 4755 5614 16842 4406 5614 16843 5782 5614 16844 5784 5615 16845 5783 5615 16846 4303 5615 16847 4755 5616 16848 5783 5616 16849 5784 5616 16850 5784 5617 16851 4303 5617 16852 4302 5617 16853 4755 5618 16854 4404 5618 16855 4406 5618 16856 4414 5619 16857 5780 5619 16858 4415 5619 16859 4414 5620 16860 5779 5620 16861 5780 5620 16862 4358 5621 16863 5785 5621 16864 4718 5621 16865 4414 5622 16866 4720 5622 16867 5786 5622 16868 4414 5623 16869 4417 5623 16870 4720 5623 16871 4358 5624 16872 4357 5624 16873 5785 5624 16874 4414 5625 16875 5786 5625 16876 5779 5625 16877 5787 5626 16878 4341 5626 16879 4338 5626 16880 5788 5627 16881 5787 5627 16882 4338 5627 16883 4808 5628 16884 5788 5628 16885 4338 5628 16886 4342 5629 16887 4344 5629 16888 5789 5629 16889 4816 5630 16890 5789 5630 16891 5790 5630 16892 4342 5631 16893 5789 5631 16894 5791 5631 16895 4816 5632 16896 5791 5632 16897 5789 5632 16898 4816 5633 16899 5790 5633 16900 4817 5633 16901 4816 5634 16902 4465 5634 16903 5792 5634 16904 4816 5635 16905 4463 5635 16906 4465 5635 16907 5793 5636 16908 4467 5636 16909 4336 5636 16910 4816 5637 16911 5792 5637 16912 5791 5637 16913 4345 5638 16914 5793 5638 16915 4336 5638 16916 5794 5639 16917 5795 5639 16918 5796 5639 16919 4328 5640 16920 4330 5640 16921 5795 5640 16922 4328 5641 16923 5795 5641 16924 5794 5641 16925 4473 5642 16926 5796 5642 16927 4474 5642 16928 4473 5643 16929 5794 5643 16930 5796 5643 16931 4298 5644 16932 5797 5644 16933 4305 5644 16934 4298 5645 16935 5798 5645 16936 5797 5645 16937 4755 5646 16938 5784 5646 16939 5799 5646 16940 4298 5647 16941 4747 5647 16942 5798 5647 16943 4755 5648 16944 5799 5648 16945 4756 5648 16946 5800 5649 16947 4828 5649 16948 4322 5649 16949 4321 5650 16950 5800 5650 16951 4322 5650 16952 4473 5651 16953 4830 5651 16954 5801 5651 16955 4473 5652 16956 4476 5652 16957 4830 5652 16958 4473 5653 16959 5801 5653 16960 5794 5653 16961 5802 5654 16962 4938 5654 16963 4854 5654 16964 4845 5655 16965 5802 5655 16966 4854 5655 16967 4652 5656 16968 4935 5656 16969 5803 5656 16970 4649 5657 16971 5803 5657 16972 4860 5657 16973 4649 5658 16974 4652 5658 16975 5803 5658 16976 4967 5659 16977 4869 5659 16978 4864 5659 16979 4628 5660 16980 4867 5660 16981 5804 5660 16982 4625 5661 16983 5804 5661 16984 4953 5661 16985 4625 5662 16986 4628 5662 16987 5804 5662 16988 5065 5663 16989 5002 5663 16990 4975 5663 16991 4601 5664 16992 5000 5664 16993 5805 5664 16994 4599 5665 16995 5805 5665 16996 5051 5665 16997 4599 5666 16998 4601 5666 16999 5805 5666 17000 5806 5667 17001 5093 5667 17002 4993 5667 17003 4987 5668 17004 5806 5668 17005 4993 5668 17006 4493 5669 17007 5090 5669 17008 5807 5669 17009 4490 5670 17010 5807 5670 17011 4998 5670 17012 4490 5671 17013 4493 5671 17014 5807 5671 17015 4712 5672 17016 4372 5672 17017 5808 5672 17018 4712 5673 17019 4370 5673 17020 4372 5673 17021 5743 5674 17022 5808 5674 17023 5809 5674 17024 4712 5675 17025 5808 5675 17026 5743 5675 17027 5810 5676 17028 4378 5676 17029 4379 5676 17030 5743 5677 17031 5809 5677 17032 5811 5677 17033 5562 5678 17034 4379 5678 17035 4375 5678 17036 5812 5679 17037 5810 5679 17038 4379 5679 17039 5562 5680 17040 5812 5680 17041 4379 5680 17042 5560 5681 17043 4375 5681 17044 4382 5681 17045 5560 5682 17046 5562 5682 17047 4375 5682 17048 5557 5683 17049 4382 5683 17050 4386 5683 17051 5557 5684 17052 5560 5684 17053 4382 5684 17054 5550 5685 17055 4386 5685 17056 4390 5685 17057 5550 5686 17058 5557 5686 17059 4386 5686 17060 5813 5687 17061 5814 5687 17062 4390 5687 17063 5815 5688 17064 4390 5688 17065 5814 5688 17066 4395 5689 17067 5813 5689 17068 4390 5689 17069 5815 5690 17070 5550 5690 17071 4390 5690 17072 5816 5691 17073 5817 5691 17074 5818 5691 17075 5819 5692 17076 5815 5692 17077 5814 5692 17078 4396 5693 17079 5818 5693 17080 4397 5693 17081 4758 5694 17082 5816 5694 17083 5818 5694 17084 4396 5695 17085 4758 5695 17086 5818 5695 17087 4732 5696 17088 5820 5696 17089 5821 5696 17090 4731 5697 17091 5820 5697 17092 4732 5697 17093 5743 5698 17094 5811 5698 17095 5744 5698 17096 5567 5699 17097 5812 5699 17098 5562 5699 17099 5564 5700 17100 5821 5700 17101 5568 5700 17102 4732 5701 17103 5821 5701 17104 5564 5701 17105 5556 5702 17106 5550 5702 17107 5815 5702 17108 5709 5703 17109 5708 5703 17110 5822 5703 17111 4739 5704 17112 5709 5704 17113 5822 5704 17114 4761 5705 17115 4739 5705 17116 5822 5705 17117 4825 5706 17118 4430 5706 17119 4429 5706 17120 4396 5707 17121 4400 5707 17122 4759 5707 17123 4396 5708 17124 4759 5708 17125 4758 5708 17126 5583 5709 17127 5823 5709 17128 5586 5709 17129 5581 5710 17130 5587 5710 17131 5824 5710 17132 4776 5711 17133 5825 5711 17134 5823 5711 17135 4436 5712 17136 5824 5712 17137 5826 5712 17138 5583 5713 17139 4776 5713 17140 5823 5713 17141 4436 5714 17142 5581 5714 17143 5824 5714 17144 4776 5715 17145 4775 5715 17146 5825 5715 17147 5827 5716 17148 5828 5716 17149 5829 5716 17150 4437 5717 17151 4436 5717 17152 5826 5717 17153 5827 5718 17154 5830 5718 17155 5828 5718 17156 4825 5719 17157 5829 5719 17158 4827 5719 17159 4825 5720 17160 5827 5720 17161 5829 5720 17162 5714 5721 17163 4777 5721 17164 5711 5721 17165 4768 5722 17166 4777 5722 17167 5714 5722 17168 4768 5723 17169 5714 5723 17170 5716 5723 17171 4793 5724 17172 5716 5724 17173 5718 5724 17174 4793 5725 17175 4768 5725 17176 5716 5725 17177 4791 5726 17178 5718 5726 17179 5705 5726 17180 4791 5727 17181 4793 5727 17182 5718 5727 17183 4789 5728 17184 5705 5728 17185 5710 5728 17186 4789 5729 17187 4791 5729 17188 5705 5729 17189 4743 5730 17190 4789 5730 17191 5710 5730 17192 5569 5731 17193 5831 5731 17194 5575 5731 17195 4449 5732 17196 5831 5732 17197 5569 5732 17198 5832 5733 17199 5833 5733 17200 5831 5733 17201 5723 5734 17202 5722 5734 17203 5834 5734 17204 4449 5735 17205 5832 5735 17206 5831 5735 17207 4445 5736 17208 5569 5736 17209 5576 5736 17210 4445 5737 17211 4449 5737 17212 5569 5737 17213 4441 5738 17214 5576 5738 17215 5579 5738 17216 4441 5739 17217 4445 5739 17218 5576 5739 17219 4434 5740 17220 5579 5740 17221 5581 5740 17222 4434 5741 17223 4441 5741 17224 5579 5741 17225 4436 5742 17226 4434 5742 17227 5581 5742 17228 5835 5743 17229 5836 5743 17230 5837 5743 17231 4819 5744 17232 5836 5744 17233 5835 5744 17234 4800 5745 17235 5723 5745 17236 5834 5745 17237 4822 5746 17238 4800 5746 17239 5834 5746 17240 5838 5747 17241 5832 5747 17242 4449 5747 17243 4454 5748 17244 5838 5748 17245 4449 5748 17246 5827 5749 17247 5839 5749 17248 5830 5749 17249 4455 5750 17250 5835 5750 17251 4456 5750 17252 4455 5751 17253 4819 5751 17254 5835 5751 17255 4825 5752 17256 4429 5752 17257 5839 5752 17258 4825 5753 17259 5839 5753 17260 5827 5753 17261 4455 5754 17262 4459 5754 17263 4820 5754 17264 4455 5755 17265 4820 5755 17266 4819 5755 17267 4837 5756 17268 5724 5756 17269 4804 5756 17270 4837 5757 17271 5719 5757 17272 5724 5757 17273 4730 5758 17274 5702 5758 17275 5725 5758 17276 4727 5759 17277 5725 5759 17278 5727 5759 17279 4730 5760 17280 5725 5760 17281 4727 5760 17282 4841 5761 17283 5727 5761 17284 5729 5761 17285 4727 5762 17286 5727 5762 17287 4841 5762 17288 4839 5763 17289 5729 5763 17290 5719 5763 17291</p>
        </polylist>
      </mesh>
    </geometry>
  </library_geometries>
  <library_controllers/>
  <library_visual_scenes>
    <visual_scene id="Scene" name="Scene">
      <node id="_296" name="_296" type="NODE">
        <matrix sid="transform">0.0254 0 0 0 0 -1.62498e-8 -0.0254 0 0 0.0254 -1.62498e-8 0.47922 0 0 0 1</matrix>
        <instance_geometry url="#_296-mesh">
          <bind_material>
            <technique_common>
              <instance_material symbol="MTL14-material" target="#MTL14-material"/>
            </technique_common>
          </bind_material>
        </instance_geometry>
      </node>
    </visual_scene>
  </library_visual_scenes>
  <scene>
    <instance_visual_scene url="#Scene"/>
  </scene>
</COLLADA>