mtllib model.mtl
o cat_figurines
v -0.05645 0.00985 0.00452
v -0.05645 0.00985 0.00452
v -0.05795 0.01045 0.0077
v -0.05795 0.01045 0.0077
v -0.05759 0.0096 0.00651
v -0.05759 0.0096 0.00651
v -0.05565 0.00874 0.00384
v -0.05565 0.00874 0.00384
v -0.05431 0.00771 0.00325
v -0.05431 0.00771 0.00325
v -0.05822 0.01124 0.00985
v -0.05822 0.01124 0.00985
v -0.0581 0.01161 0.01157
v -0.0581 0.01161 0.01157
v -0.05806 0.01098 0.01392
v -0.05806 0.01098 0.01392
v -0.05632 0.01503 0.00899
v -0.0572 0.01097 0.01697
v -0.0572 0.01097 0.01697
v -0.057 0.01026 0.01856
v -0.057 0.01026 0.01856
v -0.05016 0.0138 0.01484
v -0.05008 0.0058 0.00168
v -0.05008 0.0058 0.00168
v -0.04905 0.00523 0.0011
v -0.04905 0.00523 0.0011
v -0.04726 0.00309 0.00078
v -0.04726 0.00309 0.00078
v -0.04982 0.00477 0.00166
v -0.04606 0.00197 0.00086
v -0.04606 0.00197 0.00086
v -0.05486 0.01497 0.00355
v -0.04848 0.01669 0.00185
v -0.05257 0.0068 0.00282
v -0.05257 0.0068 0.00282
v -0.05127 0.00613 0.00257
v -0.05127 0.00613 0.00257
v -0.05852 0.00407 0.00969
v -0.04785 0.00827 0.00052
v -0.04479 0.00138 0.0013
v -0.04479 0.00138 0.0013
v -0.03545 0.02272 0.00321
v -0.03407 0.01838 0.00033
v -0.03547 0.01526 0.00214
v -0.03748 0.00589 0.00325
v -0.04356 0.00168 0.00227
v -0.04356 0.00168 0.00227
v -0.04173 0.001 0.00239
v -0.04173 0.001 0.00239
v -0.0412 -0.00035 0.00202
v -0.0412 -0.00035 0.00202
v -0.04156 0.00019 0.00215
v -0.04156 0.00019 0.00215
v -0.03968 0.00377 0.00263
v -0.03911 0.00443 0.00267
v -0.03911 0.00443 0.00267
v -0.03819 0.00423 0.00534
v -0.03845 0.00488 0.00297
v -0.03845 0.00488 0.00297
v -0.04165 0.00111 0.00318
v -0.04165 0.00111 0.00318
v -0.03939 0.01232 0.00472
v -0.03493 0.00692 0.00434
v -0.04377 0.0224 0.01022
v -0.02288 0.01414 -0.00002
v -0.01762 0.01594 0.00282
v -0.01671 0.00251 0.00157
v -0.02566 0.00255 0.00509
v -0.02274 -0.00065 0.005
v -0.02286 -0.00541 0.0047
v -0.01414 0.00249 0.0019
v -0.01414 0.00249 0.0019
v -0.01466 0.00107 0.00131
v -0.01466 0.00107 0.00131
v -0.01492 -0.00211 0.00107
v -0.01492 -0.00211 0.00107
v -0.01581 -0.00689 0.00083
v -0.01581 -0.00689 0.00083
v -0.02104 0.02067 0.00405
v -0.01597 0.01457 0.00619
v -0.01456 0.01095 0.00504
v -0.01456 0.01095 0.00504
v -0.01358 0.00462 0.00316
v -0.01358 0.00462 0.00316
v -0.014 0.00847 0.00386
v -0.014 0.00847 0.00386
v -0.01487 -0.00713 0.01039
v -0.01472 -0.00321 0.01062
v -0.04939 0.01131 0.03107
v -0.02864 0.02368 0.00311
v -0.03416 0.02223 0.02672
v -0.02359 0.02067 0.02347
v -0.03883 0.0209 0.032
v -0.02699 0.00975 0.05385
v -0.01345 0.00914 0.00966
v -0.01514 0.00077 0.03042
v -0.01363 0.00321 0.0169
v -0.01727 0.01522 0.02051
v -0.04298 0.0012 0.00308
v -0.04298 0.0012 0.00308
v -0.0421 -0.00012 0.00313
v -0.04061 -0.00019 0.00217
v -0.04061 -0.00019 0.00217
v -0.04029 -0.00072 0.00241
v -0.04029 -0.00072 0.00241
v -0.04213 0.00121 0.00348
v -0.04213 0.00121 0.00348
v -0.03841 0.00695 0.00457
v -0.04074 0.00213 0.00234
v -0.03144 0.00506 0.00781
v -0.03602 0.00559 0.00938
v -0.05836 0.004 0.01284
v -0.0564 0.00901 0.02124
v -0.0564 0.00901 0.02124
v -0.0554 0.00659 0.02531
v -0.0554 0.00659 0.02531
v -0.05536 0.011 0.02062
v -0.05486 0.00605 0.02752
v -0.05486 0.00605 0.02752
v -0.04862 -0.00611 0.00315
v -0.04462 -0.01712 0.00063
v -0.04509 -0.00994 0.00044
v -0.04231 -0.0239 0.00112
v -0.03957 -0.01981 0.00064
v -0.04228 -0.02385 0.00664
v -0.04323 -0.00954 0.01152
v -0.04347 -0.01098 0.00972
v -0.05005 0.00237 0.01064
v -0.03936 -0.01912 0.02861
v -0.03172 -0.00855 0.00227
v -0.03172 -0.00855 0.00227
v -0.03261 -0.00786 0.00283
v -0.03261 -0.00786 0.00283
v -0.03283 -0.00765 0.00343
v -0.03283 -0.00765 0.00343
v -0.03445 -0.0093 0.00196
v -0.03138 -0.00944 0.00252
v -0.03138 -0.00944 0.00252
v -0.03093 -0.00951 0.00302
v -0.03093 -0.00951 0.00302
v -0.0299 -0.00912 0.00405
v -0.0299 -0.00912 0.00405
v -0.03063 -0.00918 0.0038
v -0.03063 -0.00918 0.0038
v -0.02912 -0.01132 0.0045
v -0.02912 -0.01132 0.0045
v -0.02867 -0.01404 0.00388
v -0.02867 -0.01404 0.00388
v -0.03404 -0.01334 0.00392
v -0.02767 -0.01627 0.00295
v -0.02767 -0.01627 0.00295
v -0.02927 -0.00936 0.00437
v -0.02927 -0.00936 0.00437
v -0.03238 -0.01954 0.01596
v -0.02468 -0.02004 0.00048
v -0.02468 -0.02004 0.00048
v -0.02499 -0.01883 0.00082
v -0.02499 -0.01883 0.00082
v -0.01708 -0.01084 0.00068
v -0.01708 -0.01084 0.00068
v -0.01725 -0.01414 0.00048
v -0.01725 -0.01414 0.00048
v -0.01877 -0.01754 0.00065
v -0.01877 -0.01754 0.00065
v -0.02221 -0.02228 0.00042
v -0.01666 -0.01728 0.00327
v -0.02158 -0.00846 0.00393
v -0.01969 -0.01181 0.00175
v -0.03034 -0.0223 0.00011
v -0.02652 -0.01782 0.00172
v -0.02652 -0.01782 0.00172
v -0.02502 -0.02201 0.00036
v -0.02502 -0.02201 0.00036
v -0.02319 -0.02483 0.00204
v -0.02777 -0.02403 0.00692
v -0.02284 -0.02251 0.00049
v -0.02284 -0.02251 0.00049
v -0.02261 -0.02327 0.00078
v -0.02261 -0.02327 0.00078
v -0.02143 -0.02354 0.0014
v -0.02143 -0.02354 0.0014
v -0.02004 -0.0211 0.0009
v -0.02004 -0.0211 0.0009
v -0.02072 -0.02266 0.00121
v -0.02072 -0.02266 0.00121
v -0.01309 -0.01242 0.00578
v -0.01865 -0.02147 0.00285
v -0.01976 -0.0148 0.01311
v -0.03961 -0.02394 0.00841
v -0.05485 0.00539 0.03055
v -0.05485 0.00539 0.03055
v -0.05601 0.00447 0.03333
v -0.05601 0.00447 0.03333
v -0.05343 0.00798 0.03467
v -0.05605 0.00461 0.03456
v -0.05605 0.00461 0.03456
v -0.05482 0.00532 0.02899
v -0.05482 0.00532 0.02899
v -0.05439 0.00669 0.03638
v -0.05586 0.00414 0.03548
v -0.05586 0.00414 0.03548
v -0.05551 0.00416 0.03619
v -0.05551 0.00416 0.03619
v -0.05511 0.00418 0.03649
v -0.05511 0.00418 0.03649
v -0.05424 0.00402 0.03701
v -0.05424 0.00402 0.03701
v -0.05175 0.00305 0.03738
v -0.05175 0.00305 0.03738
v -0.04954 0.00266 0.03725
v -0.04954 0.00266 0.03725
v -0.04867 0.00305 0.03735
v -0.04867 0.00305 0.03735
v -0.04818 0.0025 0.03751
v -0.04818 0.0025 0.03751
v -0.05396 -0.00085 0.03205
v -0.05362 0.00319 0.03712
v -0.05362 0.00319 0.03712
v -0.05428 -0.00059 0.035
v -0.04746 0.00265 0.03819
v -0.04746 0.00265 0.03819
v -0.04728 -0.00268 0.03277
v -0.046 -0.00421 0.03598
v -0.04472 -0.01663 0.04096
v -0.047 0.00133 0.03909
v -0.047 0.00133 0.03909
v -0.04652 0.00647 0.03873
v -0.04624 0.00014 0.04104
v -0.04624 0.00014 0.04104
v -0.04572 -0.0015 0.04324
v -0.04572 -0.0015 0.04324
v -0.04472 -0.00419 0.0494
v -0.04472 -0.00419 0.0494
v -0.04403 -0.01389 0.04942
v -0.04343 -0.01579 0.02392
v -0.04386 -0.00742 0.05236
v -0.04386 -0.00742 0.05236
v -0.04282 -0.00967 0.05461
v -0.04282 -0.00967 0.05461
v -0.03662 -0.01917 0.05134
v -0.03206 -0.02076 0.0458
v -0.02009 -0.01922 0.02122
v -0.01994 -0.00954 0.03117
v -0.01965 -0.01252 0.0202
v -0.0164 -0.00402 0.03243
v -0.01874 -0.01625 0.04296
v -0.03224 -0.01843 0.03096
v -0.02801 -0.01917 0.04697
v -0.02393 -0.0221 0.02035
v -0.03049 0.00807 0.07074
v -0.02654 0.00595 0.063
v -0.03693 0.0101 0.05397
v -0.04105 0.00361 0.05918
v -0.03631 0.00751 0.06759
v -0.02346 -0.00298 0.06763
v -0.04106 -0.0103 0.0583
v -0.04106 -0.0103 0.0583
v -0.03988 -0.01054 0.06051
v -0.03988 -0.01054 0.06051
v -0.03863 -0.01038 0.06354
v -0.03863 -0.01038 0.06354
v -0.02435 -0.00942 0.0635
v -0.03711 -0.01068 0.06612
v -0.03711 -0.01068 0.06612
v -0.03608 -0.01115 0.06591
v -0.03608 -0.01115 0.06591
v -0.03804 -0.00985 0.06751
v -0.03454 -0.01126 0.06685
v -0.03454 -0.01126 0.06685
v -0.04001 -0.00665 0.0682
v -0.03772 -0.00991 0.06938
v -0.03772 -0.00991 0.06938
v -0.04189 -0.00767 0.07435
v -0.04189 -0.00767 0.07435
v -0.0398 -0.00865 0.07155
v -0.0398 -0.00865 0.07155
v -0.04002 -0.01057 0.07443
v -0.04002 -0.01057 0.07443
v -0.03843 -0.00966 0.07053
v -0.03843 -0.00966 0.07053
v -0.03821 -0.01197 0.0743
v -0.03821 -0.01197 0.0743
v -0.03612 -0.01069 0.06893
v -0.03612 -0.01069 0.06893
v -0.03759 -0.01055 0.07114
v -0.03397 -0.01123 0.07031
v -0.03397 -0.01123 0.07031
v -0.03409 -0.01105 0.06852
v -0.03409 -0.01105 0.06852
v -0.03409 -0.01105 0.06852
v -0.03687 -0.0121 0.07365
v -0.03687 -0.0121 0.07365
v -0.03544 -0.0125 0.07367
v -0.03544 -0.0125 0.07367
v -0.0341 -0.01155 0.07174
v -0.0341 -0.01155 0.07174
v -0.03389 -0.01219 0.07302
v -0.03389 -0.01219 0.07302
v -0.03107 -0.01565 0.059
v -0.02771 -0.00922 0.06995
v -0.01994 0.00276 0.05137
v -0.01762 -0.01154 0.04456
v -0.01695 -0.00316 0.04416
v -0.02254 -0.01819 0.04803
v -0.0446 -0.00372 0.0011
v -0.04109 -0.00351 0.00197
v -0.04109 -0.00351 0.00197
v -0.04109 -0.00351 0.00197
v -0.04195 -0.00042 0.00259
v -0.04188 -0.00058 0.00228
v -0.04178 -0.00077 0.00267
v -0.04195 -0.00093 0.0024
v -0.04195 -0.00093 0.0024
v -0.04214 -0.00064 0.00298
v -0.04188 -0.00012 0.00293
v -0.04188 -0.00054 0.00292
v -0.04188 -0.00054 0.00292
v -0.04188 -0.00054 0.00292
v -0.04172 -0.00051 0.00308
v -0.04132 -0.00101 0.00337
v -0.04106 -0.00125 0.00331
v -0.04106 -0.00125 0.00331
v -0.04101 -0.00176 0.0034
v -0.04025 -0.0012 0.00365
v -0.04025 -0.0012 0.00365
v -0.03969 -0.00148 0.00475
v -0.03969 -0.00148 0.00475
v -0.03975 -0.00114 0.00567
v -0.03975 -0.00114 0.00567
v -0.04091 -0.00373 0.00173
v -0.04091 -0.00373 0.00173
v -0.04062 -0.00387 0.00159
v -0.04062 -0.00387 0.00159
v -0.04062 -0.00387 0.00159
v -0.0407 -0.00412 0.00199
v -0.0407 -0.00412 0.00199
v -0.0407 -0.00412 0.00199
v -0.04071 -0.00418 0.00172
v -0.04071 -0.00418 0.00172
v -0.04071 -0.00418 0.00172
v -0.04042 -0.00431 0.00159
v -0.04042 -0.00431 0.00159
v -0.04031 -0.00467 0.00198
v -0.04031 -0.00494 0.00167
v -0.04119 -0.00251 0.00341
v -0.03808 -0.00725 0.00165
v -0.03855 -0.00561 0.00699
v -0.03855 -0.00561 0.00699
v -0.03823 -0.0052 0.00527
v -0.03659 -0.00634 0.00557
v -0.03659 -0.00634 0.00557
v -0.03551 -0.00681 0.00519
v -0.03551 -0.00681 0.00519
v -0.03762 -0.00757 0.00384
v -0.03706 -0.00756 0.00379
v -0.03706 -0.00756 0.00379
v -0.03614 -0.00788 0.00365
v -0.04025 -0.0014 0.00689
v -0.04025 -0.0014 0.00689
v -0.04025 -0.0016 0.00773
v -0.04025 -0.0016 0.00773
v -0.04005 -0.00292 0.00827
v -0.04005 -0.00292 0.00827
v -0.04028 -0.00314 0.00194
v -0.0394 -0.00339 0.00856
v -0.0394 -0.00339 0.00856
v -0.03916 -0.00484 0.00842
v -0.03916 -0.00484 0.00842
v -0.03711 0.00568 0.00998
v -0.03899 -0.00542 0.008
v -0.03899 -0.00542 0.008
v -0.0365 -0.00749 0.00829
v -0.03274 -0.00898 0.00219
v -0.03365 -0.00757 0.00474
v -0.03365 -0.00757 0.00474
v -0.03306 -0.00916 0.00388
v -0.03827 -0.00745 0.00394
v -0.02801 -0.00698 0.00394
v -0.02849 -0.0058 0.00895
v -0.03079 -0.00743 0.00898
v -0.02802 -0.00255 0.00976
v -0.01896 -0.01509 0.03027
v 0.02992 -0.00853 0.00172
v 0.02992 -0.00853 0.00172
v 0.02734 -0.00697 0.00091
v 0.02746 -0.01671 0.00047
v 0.02746 -0.01671 0.00047
v 0.03039 -0.01096 0.00119
v 0.03039 -0.01096 0.00119
v 0.03045 -0.01264 0.00093
v 0.03045 -0.01264 0.00093
v 0.02896 -0.01475 0.00028
v 0.02896 -0.01475 0.00028
v 0.0302 -0.01463 0.00057
v 0.0302 -0.01463 0.00057
v 0.02718 -0.02177 0.00119
v 0.02718 -0.02177 0.00119
v 0.03245 -0.0182 0.00037
v 0.03103 -0.02288 0.00049
v 0.03103 -0.02288 0.00049
v 0.03523 -0.02282 0.00033
v 0.03523 -0.02282 0.00033
v 0.04362 -0.02224 -0.00001
v 0.03697 -0.02298 0.00047
v 0.03697 -0.02298 0.00047
v 0.0382 -0.02319 0.0007
v 0.0382 -0.02319 0.0007
v 0.0401 -0.02351 0.00074
v 0.0401 -0.02351 0.00074
v 0.01734 0.01269 0.00259
v 0.01734 0.01269 0.00259
v 0.01856 0.01203 0.00167
v 0.01856 0.01203 0.00167
v 0.01687 0.01313 0.00349
v 0.01687 0.01313 0.00349
v 0.01456 0.01551 0.01222
v 0.01576 0.01482 0.01552
v 0.01679 0.01559 0.01473
v 0.01997 0.01785 0.01082
v 0.02184 0.01513 0.0151
v 0.01878 0.01591 0.01448
v 0.01487 0.01221 0.01955
v 0.01803 0.00209 0.01617
v 0.01804 0.0123 0.02379
v 0.02071 0.01185 0.02671
v 0.01915 0.01237 0.02385
v 0.02009 0.00045 0.02234
v 0.0391 0.02179 0.00061
v 0.02019 0.01073 0.00108
v 0.02019 0.01073 0.00108
v 0.02191 0.01048 0.00049
v 0.02191 0.01048 0.00049
v 0.01534 0.01016 0.00438
v 0.02409 0.00813 0.00022
v 0.02409 0.00813 0.00022
v 0.02941 0.01809 0.00033
v 0.02643 0.00756 0.00051
v 0.02643 0.00756 0.00051
v 0.02561 0.00741 0.00029
v 0.02561 0.00741 0.00029
v 0.02726 0.00529 0.00098
v 0.02726 0.00529 0.00098
v 0.02799 0.00445 0.00178
v 0.02799 0.00445 0.00178
v 0.03189 0.018 -0.00027
v 0.03375 0.00566 0.00498
v 0.03354 0.00244 0.0032
v 0.03354 0.00244 0.0032
v 0.04022 0.00561 0.0045
v 0.0307 0.02294 0.01253
v 0.02973 0.02198 0.01562
v 0.02335 -0.00119 0.00888
v 0.03153 0.00198 0.00306
v 0.03153 0.00198 0.00306
v 0.0322 -0.0033 0.00252
v 0.0322 -0.0033 0.00252
v 0.03201 -0.00562 0.0021
v 0.03201 -0.00562 0.0021
v 0.03144 -0.00616 0.00196
v 0.03144 -0.00616 0.00196
v 0.03092 -0.00668 0.00245
v 0.03092 -0.00668 0.00245
v 0.03087 0.00232 0.00368
v 0.03087 0.00232 0.00368
v 0.02617 -0.01548 0.00929
v 0.02172 0.00193 0.0149
v 0.02687 -0.00995 0.01769
v 0.02638 -0.01519 0.01927
v 0.02748 0.0202 0.02511
v 0.02748 0.0202 0.02511
v 0.02848 0.02093 0.02499
v 0.02848 0.02093 0.02499
v 0.02829 0.02008 0.02874
v 0.02545 0.01701 0.0297
v 0.03052 0.02123 0.0292
v 0.02889 0.01894 0.03302
v 0.01885 0.00853 0.03655
v 0.02314 0.01506 0.02775
v 0.02331 0.01068 0.03464
v 0.02108 0.00994 0.03559
v 0.02334 0.00599 0.03787
v 0.02339 0.00205 0.03751
v 0.02339 0.00205 0.03751
v 0.02429 0.00149 0.03906
v 0.02429 0.00149 0.03906
v 0.02445 0.00167 0.04025
v 0.02445 0.00167 0.04025
v 0.02475 0.00105 0.04122
v 0.02475 0.00105 0.04122
v 0.0252 0.00095 0.04204
v 0.0252 0.00095 0.04204
v 0.0252 0.00479 0.04113
v 0.02664 0.00289 0.04639
v 0.0255 -0.0001 0.04407
v 0.0255 -0.0001 0.04407
v 0.02557 -0.00137 0.04569
v 0.02557 -0.00137 0.04569
v 0.0321 0.02296 0.01809
v 0.03974 0.02473 0.01162
v 0.03701 0.02425 0.01547
v 0.03785 0.02403 0.01792
v 0.03178 0.02252 0.02515
v 0.03573 0.02316 0.02521
v 0.03762 0.02356 0.02205
v 0.03902 0.02314 0.02577
v 0.02935 0.02141 0.02493
v 0.02935 0.02141 0.02493
v 0.02986 0.02181 0.02421
v 0.04324 0.0237 0.01701
v 0.04602 0.02407 0.00891
v 0.04657 0.0227 0.01584
v 0.04973 0.02167 0.01377
v 0.051 0.02015 0.01608
v 0.04028 0.02351 0.02139
v 0.04811 0.02111 0.02087
v 0.05003 0.01978 0.02164
v 0.03756 0.02251 0.02917
v 0.04113 0.02302 0.02453
v 0.03881 0.02217 0.03082
v 0.03313 0.0222 0.02921
v 0.03312 0.02171 0.03053
v 0.03196 0.02046 0.03288
v 0.0364 0.0219 0.0313
v 0.03086 0.01845 0.03635
v 0.03468 0.01989 0.03577
v 0.0303 0.01387 0.0429
v 0.03988 0.02099 0.03379
v 0.03651 0.01887 0.03846
v 0.04172 0.01989 0.03578
v 0.0442 0.02192 0.02755
v 0.04433 0.02249 0.02236
v 0.04249 0.0214 0.03183
v 0.04955 0.01927 0.02727
v 0.04612 0.02086 0.02928
v 0.05098 0.01741 0.02874
v 0.0434 0.01907 0.03652
v 0.04695 0.01924 0.0329
v 0.04968 0.01715 0.0324
v 0.02504 -0.001 0.04143
v 0.02512 -0.00587 0.0393
v 0.02532 -0.00391 0.0426
v 0.02603 -0.00208 0.04838
v 0.02603 -0.00208 0.04838
v 0.02624 -0.00295 0.04892
v 0.02624 -0.00295 0.04892
v 0.04737 0.00125 0.00388
v 0.04969 0.01187 0.00056
v 0.05663 0.01076 0.00063
v 0.04198 -0.01098 0.00298
v 0.04183 -0.02406 0.00088
v 0.04183 -0.02406 0.00088
v 0.05289 -0.01837 0.00014
v 0.05821 -0.00834 0.00217
v 0.04387 -0.02455 0.00085
v 0.04387 -0.02455 0.00085
v 0.05059 -0.02282 0.00048
v 0.04587 -0.02464 0.00076
v 0.04587 -0.02464 0.00076
v 0.04735 -0.0248 0.00104
v 0.04735 -0.0248 0.00104
v 0.04847 -0.02475 0.00142
v 0.05225 -0.01254 0.01151
v 0.05424 -0.00967 0.01143
v 0.0546 -0.01395 0.00917
v 0.05611 -0.01242 0.0088
v 0.05741 -0.00505 0.00913
v 0.05754 -0.00266 0.01086
v 0.05166 -0.02022 0.00937
v 0.05247 -0.01767 0.00856
v 0.05106 -0.02233 0.00529
v 0.0505 -0.02012 0.01628
v 0.05278 0.01945 0.01205
v 0.05296 0.01814 0.0168
v 0.05819 0.01221 0.00491
v 0.05623 0.01486 0.01385
v 0.05592 0.01308 0.02029
v 0.05775 0.00963 0.01723
v 0.05656 0.01109 0.02171
v 0.05773 0.00522 0.02311
v 0.05889 0.00664 0.01144
v 0.05871 0.00903 0.01002
v 0.05839 0.00133 0.01674
v 0.05829 0.00569 0.0176
v 0.05775 0.00772 0.02098
v 0.05207 0.01759 0.02332
v 0.05452 0.01527 0.02169
v 0.05538 0.0091 0.03079
v 0.05408 0.01307 0.02947
v 0.05675 0.00756 0.02643
v 0.05608 0.0084 0.02852
v 0.05358 0.00991 0.03516
v 0.05379 -0.00869 0.02765
v 0.05124 -0.01515 0.02025
v 0.05741 -0.00413 0.01546
v 0.05206 -0.01199 0.01308
v 0.05638 -0.00744 0.01801
v 0.05763 0.00084 0.02257
v 0.05756 -0.00143 0.02143
v 0.05651 -0.00532 0.02327
v 0.05403 -0.01057 0.02051
v 0.04962 -0.02077 0.02592
v 0.05223 -0.01192 0.02255
v 0.05651 0.00468 0.02961
v 0.0555 -0.00815 0.02315
v 0.05602 -0.0026 0.0303
v 0.05569 -0.00438 0.02986
v 0.0564 0.00226 0.03126
v 0.05601 -0.00017 0.03275
v 0.05504 -0.00391 0.03623
v 0.05325 -0.0076 0.03211
v 0.05185 -0.01656 0.03409
v 0.05311 -0.01004 0.03881
v 0.05489 -0.00518 0.03833
v 0.05226 -0.01383 0.03711
v 0.03272 -0.01285 0.00359
v 0.01651 0.01348 0.00426
v 0.01651 0.01348 0.00426
v 0.01663 0.01451 0.0056
v 0.01663 0.01451 0.0056
v 0.01559 0.01526 0.00683
v 0.01559 0.01526 0.00683
v 0.02127 0.00741 0.0033
v 0.01503 0.01517 0.00781
v 0.01503 0.01517 0.00781
v 0.01433 0.01436 0.00908
v 0.01433 0.01436 0.00908
v 0.01373 0.01319 0.00992
v 0.01373 0.01319 0.00992
v 0.01317 0.00837 0.00852
v 0.01361 0.01272 0.01215
v 0.01361 0.01272 0.01215
v 0.01359 0.01158 0.01392
v 0.01359 0.01158 0.01392
v 0.01955 0.01609 0.00182
v 0.01342 0.01099 0.01461
v 0.01342 0.01099 0.01461
v 0.02333 0.01734 0.01198
v 0.02426 0.01714 0.01726
v 0.02102 0.01334 0.0205
v 0.01467 0.00524 0.02
v 0.01638 0.00319 0.01393
v 0.01367 0.01033 0.01531
v 0.01367 0.01033 0.01531
v 0.01382 0.00977 0.0168
v 0.01382 0.00977 0.0168
v 0.01405 0.00877 0.01828
v 0.01405 0.00877 0.01828
v 0.01458 0.00768 0.01953
v 0.01458 0.00768 0.01953
v 0.01473 0.00723 0.02034
v 0.01473 0.00723 0.02034
v 0.01551 0.00656 0.02233
v 0.01551 0.00656 0.02233
v 0.01503 0.00707 0.02128
v 0.01503 0.00707 0.02128
v 0.01568 0.00664 0.02397
v 0.01568 0.00664 0.02397
v 0.01734 0.0008 0.03009
v 0.01605 0.00687 0.02479
v 0.01605 0.00687 0.02479
v 0.01639 0.00621 0.02578
v 0.01639 0.00621 0.02578
v 0.02309 0.01937 0.00698
v 0.02912 0.01192 0.00302
v 0.03654 0.02317 0.00419
v 0.04266 0.0103 0.00518
v 0.02912 0.00334 0.00363
v 0.02912 0.00334 0.00363
v 0.03806 0.01118 0.0044
v 0.0379 0.008 0.0054
v 0.0342 0.0026 0.00339
v 0.0342 0.0026 0.00339
v 0.03452 0.00241 0.00377
v 0.03452 0.00241 0.00377
v 0.03429 0.002 0.00537
v 0.03429 0.002 0.00537
v 0.02688 0.02043 0.00534
v 0.03113 0.02295 0.00647
v 0.02612 0.01925 0.01288
v 0.03453 0.02353 0.00554
v 0.02743 0.02044 0.01672
v 0.03929 0.02465 0.00693
v 0.0414 0.02391 0.0039
v 0.03658 0.00346 0.00516
v 0.0384 0.00371 0.0093
v 0.02171 0.00584 0.00545
v 0.01712 0.0059 0.00644
v 0.02257 0.00165 0.00378
v 0.02257 -0.0013 0.00361
v 0.02494 -0.00496 0.0099
v 0.02419 0.0031 -0.00011
v 0.0301 0.00236 0.00381
v 0.0301 0.00236 0.00381
v 0.03 -0.00735 0.0023
v 0.03 -0.00735 0.0023
v 0.03038 -0.00709 0.0025
v 0.03038 -0.00709 0.0025
v 0.03252 -0.00274 0.00276
v 0.03252 -0.00274 0.00276
v 0.0327 -0.00273 0.00314
v 0.0327 -0.00273 0.00314
v 0.03261 -0.00198 0.00459
v 0.03261 -0.00198 0.00459
v 0.03805 -0.01038 0.00197
v 0.03313 0.00084 0.00332
v 0.03458 0.00116 0.00643
v 0.03458 0.00116 0.00643
v 0.03304 -0.00168 0.00581
v 0.03304 -0.00168 0.00581
v 0.03367 -0.00014 0.00657
v 0.03367 -0.00014 0.00657
v 0.03446 0.00101 0.0068
v 0.03446 0.00101 0.0068
v 0.03343 0.00031 0.00794
v 0.03343 0.00031 0.00794
v 0.03399 0.00106 0.00789
v 0.03399 0.00106 0.00789
v 0.03422 0.00152 0.00867
v 0.03422 0.00152 0.00867
v 0.03422 0.00152 0.00867
v 0.03239 -0.00198 0.00833
v 0.03322 -0.00703 0.00184
v 0.03639 -0.00937 0.00699
v 0.0367 -0.00968 0.00893
v 0.02418 -0.01027 0.00455
v 0.02655 -0.01162 0.00743
v 0.02725 -0.00982 0.00927
v 0.02555 -0.0153 0.0027
v 0.02348 -0.00226 0.02546
v 0.02676 -0.01179 0.01966
v 0.0346 0.00182 0.00917
v 0.0346 0.00182 0.00917
v 0.03532 0.00179 0.00974
v 0.02739 0.02066 0.02263
v 0.02209 0.01201 0.02849
v 0.02656 0.0189 0.02729
v 0.01662 0.00569 0.02695
v 0.01662 0.00569 0.02695
v 0.01665 0.00545 0.0282
v 0.01665 0.00545 0.0282
v 0.01724 0.00198 0.02527
v 0.0165 0.0046 0.02962
v 0.0165 0.0046 0.02962
v 0.01681 0.00883 0.02656
v 0.0163 0.00432 0.03034
v 0.0163 0.00432 0.03034
v 0.01679 0.00746 0.03018
v 0.01616 0.00682 0.03674
v 0.01656 0.00315 0.03156
v 0.01656 0.00315 0.03156
v 0.01629 0.00224 0.0333
v 0.01629 0.00224 0.0333
v 0.01907 -0.00053 0.03301
v 0.01596 0.00202 0.03514
v 0.01596 0.00202 0.03514
v 0.01611 0.0021 0.03605
v 0.01611 0.0021 0.03605
v 0.01751 0.00157 0.03648
v 0.01751 0.00157 0.03648
v 0.0162 0.00422 0.03761
v 0.01882 0.00148 0.03675
v 0.01882 0.00148 0.03675
v 0.01977 0.00147 0.03665
v 0.01977 0.00147 0.03665
v 0.02363 -0.00094 0.03506
v 0.02203 0.00154 0.03686
v 0.02203 0.00154 0.03686
v 0.0251 0.01474 0.03329
v 0.02751 0.01479 0.03747
v 0.02573 0.01095 0.0388
v 0.02669 0.00677 0.04359
v 0.02187 0.00284 0.03734
v 0.02363 -0.00143 0.03046
v 0.02664 -0.00704 0.02881
v 0.02609 -0.0075 0.03362
v 0.05149 -0.00074 0.00364
v 0.04901 0.02145 0.00391
v 0.05187 0.0194 0.00257
v 0.05407 0.01873 0.00786
v 0.04419 0.00185 0.00854
v 0.04656 0.01349 0.0025
v 0.05123 0.00371 0.00341
v 0.05625 -0.00638 -0.00022
v 0.05872 -0.00214 0.00376
v 0.03274 -0.00519 0.00927
v 0.04227 -0.00927 0.0083
v 0.04635 -0.00819 0.00357
v 0.04857 -0.01345 0.00351
v 0.03445 -0.01646 0.00317
v 0.03874 -0.01538 0.00281
v 0.04264 -0.01802 0.00213
v 0.03223 -0.02439 0.00164
v 0.05234 -0.00724 0.0015
v 0.05152 -0.00542 0.00365
v 0.05124 -0.00859 0.00379
v 0.04671 -0.01559 0.00318
v 0.05631 -0.01588 0.00184
v 0.04889 -0.0156 0.00062
v 0.0459 -0.02635 0.00415
v 0.05521 -0.01664 0.00549
v 0.046 -0.00295 0.00976
v 0.04537 -0.0065 0.00926
v 0.04611 -0.00322 0.00847
v 0.05841 -0.01122 0.00344
v 0.05808 -0.00953 0.00667
v 0.05811 -0.01321 0.00578
v 0.05127 -0.01439 0.01491
v 0.0514 -0.01285 0.01343
v 0.05134 -0.01534 0.02908
v 0.02306 -0.00568 0.0066
v 0.02383 -0.00833 0.00592
v -0.01346 -0.01217 0.00192
v 0.02681 -0.02271 0.00183
v 0.02681 -0.02271 0.00183
v 0.02774 -0.02303 0.00133
v 0.02774 -0.02303 0.00133
v 0.02871 -0.0227 0.00084
v 0.02871 -0.0227 0.00084
v 0.02991 -0.02411 0.00793
v 0.02664 -0.02276 0.00778
v 0.02836 -0.02186 0.01168
v 0.02871 -0.02071 0.01514
v 0.03072 -0.02109 0.01916
v 0.03128 -0.02088 0.02316
v 0.03234 -0.02111 0.02018
v 0.02724 -0.01909 0.02333
v 0.02968 -0.02047 0.02648
v 0.03311 -0.02083 0.0269
v 0.02848 -0.0191 0.03753
v 0.02843 -0.01985 0.03011
v 0.0305 -0.02047 0.03211
v 0.03799 -0.01889 0.02773
v 0.03126 -0.02013 0.03565
v 0.03702 -0.01867 0.03659
v 0.0356 -0.01977 0.03232
v 0.03808 -0.01876 0.03038
v 0.03999 -0.01989 0.03426
v 0.02613 -0.0161 0.04163
v 0.02874 -0.01854 0.04304
v 0.02562 -0.00532 0.04697
v 0.02546 -0.01208 0.04565
v 0.0273 -0.01611 0.04784
v 0.02944 -0.01612 0.05214
v 0.03035 -0.01815 0.04969
v 0.03499 -0.01923 0.04022
v 0.03499 -0.01923 0.04022
v 0.03509 -0.0196 0.0413
v 0.03509 -0.0196 0.0413
v 0.03519 -0.02 0.0421
v 0.03519 -0.02 0.0421
v 0.03486 -0.01928 0.03951
v 0.03837 -0.01875 0.03798
v 0.04319 -0.02083 0.04163
v 0.03892 -0.0212 0.04532
v 0.03149 -0.01952 0.04209
v 0.03323 -0.01996 0.04792
v 0.03467 -0.01987 0.05003
v 0.03876 -0.02094 0.04695
v 0.03669 -0.02384 0.00546
v 0.0314 -0.02415 0.00799
v 0.0339 -0.02211 0.01292
v 0.03827 -0.02412 0.00455
v 0.04337 -0.02551 0.0079
v 0.04028 -0.02379 0.00912
v 0.03775 -0.02202 0.00946
v 0.04616 -0.02423 0.01028
v 0.03249 -0.02211 0.01431
v 0.03987 -0.02175 0.01318
v 0.03733 -0.0202 0.01762
v 0.038 -0.02028 0.01425
v 0.04352 -0.02308 0.01496
v 0.03782 -0.01936 0.02029
v 0.04373 -0.02226 0.02112
v 0.04712 -0.02185 0.02084
v 0.04712 -0.02185 0.02084
v 0.04683 -0.02181 0.02278
v 0.04683 -0.02181 0.02278
v 0.04698 -0.02175 0.02186
v 0.04698 -0.02175 0.02186
v 0.04396 -0.02407 0.01158
v 0.04906 -0.02247 0.01244
v 0.04666 -0.02248 0.0177
v 0.04949 -0.02076 0.0199
v 0.03758 -0.01962 0.024
v 0.03918 -0.01971 0.02403
v 0.04306 -0.02183 0.02578
v 0.04329 -0.02233 0.02113
v 0.04745 -0.02158 0.02399
v 0.04321 -0.02169 0.03194
v 0.04254 -0.02128 0.03555
v 0.04617 -0.02138 0.04041
v 0.05038 -0.01988 0.0332
v 0.0501 -0.01991 0.03779
v 0.04655 -0.02162 0.03433
v 0.04962 -0.02013 0.03849
v 0.04453 -0.02044 0.04574
v 0.04707 -0.02056 0.04368
v 0.05093 -0.01896 0.04108
v 0.02633 -0.02235 0.00242
v 0.02734 -0.02385 0.00535
v 0.02603 -0.01965 0.00892
v 0.02684 -0.00959 0.02169
v 0.02644 -0.0176 0.01423
v 0.02739 -0.01898 0.01784
v 0.02553 -0.01596 0.02876
v 0.02584 -0.01643 0.03518
v 0.0275 -0.01853 0.03204
v 0.02566 -0.01243 0.03366
v 0.02631 -0.01659 0.04064
v 0.02503 -0.009 0.03927
v 0.02513 -0.01352 0.04252
v 0.02534 -0.01036 0.04759
v 0.04294 -0.02581 0.00586
v -0.04106 0.00311 0.07119
v -0.04369 0.00084 0.07439
v -0.04905 0.00888 0.09418
v -0.03635 0.01169 0.08181
v -0.03045 0.01394 0.08855
v -0.04522 -0.00834 0.07975
v -0.04522 -0.00834 0.07975
v -0.04522 -0.00834 0.07975
v -0.0431 -0.01019 0.07805
v -0.0431 -0.01019 0.07805
v -0.04689 -0.00832 0.08278
v -0.04689 -0.00832 0.08278
v -0.04833 -0.00768 0.08609
v -0.04833 -0.00768 0.08609
v -0.04348 -0.01605 0.08391
v -0.05097 0.00603 0.10722
v -0.05205 0.00003 0.09112
v -0.0499 -0.00585 0.09146
v -0.0499 -0.00585 0.09146
v -0.0506 -0.00471 0.09304
v -0.0506 -0.00471 0.09304
v -0.05185 -0.00329 0.09627
v -0.05185 -0.00329 0.09627
v -0.05248 -0.00248 0.09942
v -0.05248 -0.00248 0.09942
v -0.05231 -0.00266 0.09788
v -0.05231 -0.00266 0.09788
v -0.03675 -0.01868 0.08877
v -0.03536 0.01186 0.09739
v -0.03141 0.0131 0.09318
v -0.04494 0.00084 0.1071
v -0.04494 0.00084 0.1071
v -0.04774 0.00173 0.10902
v -0.04774 0.00173 0.10902
v -0.04329 0.00099 0.1059
v -0.04329 0.00099 0.1059
v -0.04201 0.00172 0.10515
v -0.04201 0.00172 0.10515
v -0.05376 0.00086 0.1051
v -0.05376 0.00086 0.1051
v -0.05327 -0.0012 0.10282
v -0.05327 -0.0012 0.10282
v -0.04807 -0.00186 0.10179
v -0.05362 0.00143 0.10762
v -0.05362 0.00143 0.10762
v -0.05331 0.00187 0.10895
v -0.05331 0.00187 0.10895
v -0.05268 0.00154 0.10962
v -0.05268 0.00154 0.10962
v -0.05176 0.00108 0.11013
v -0.05176 0.00108 0.11013
v -0.05275 -0.00045 0.10862
v -0.05093 0.00061 0.11009
v -0.05093 0.00061 0.11009
v -0.05251 0.00323 0.1102
v -0.04994 0.00065 0.10996
v -0.04994 0.00065 0.10996
v -0.04911 0.00115 0.10975
v -0.04911 0.00115 0.10975
v -0.04576 -0.00232 0.10643
v -0.04411 -0.00438 0.10339
v -0.03764 0.00667 0.10264
v -0.03737 0.00306 0.10229
v -0.03737 0.00306 0.10229
v -0.03655 0.00343 0.1035
v -0.03655 0.00343 0.1035
v -0.03632 0.00403 0.10357
v -0.03632 0.00403 0.10357
v -0.04049 0.00783 0.10301
v -0.03879 0.00249 0.10272
v -0.03879 0.00249 0.10272
v -0.03892 0.00207 0.10392
v -0.03892 0.00207 0.10392
v -0.03823 0.0022 0.10263
v -0.03823 0.0022 0.10263
v -0.03705 0.00293 0.10264
v -0.03705 0.00293 0.10264
v -0.03911 0.00167 0.10427
v -0.03911 0.00167 0.10427
v -0.04047 0.00125 0.10465
v -0.04047 0.00125 0.10465
v -0.03551 0.0032 0.10418
v -0.03551 0.0032 0.10418
v -0.0338 0.00175 0.10492
v -0.0338 0.00175 0.10492
v -0.03109 0.00232 0.10373
v -0.03687 -0.00215 0.10474
v -0.03766 0.00109 0.10475
v -0.0468 -0.00851 0.10007
v -0.03162 0.00241 0.10367
v -0.03087 0.00453 0.10448
v -0.03202 0.00135 0.10527
v -0.03202 0.00135 0.10527
v -0.03086 -0.0067 0.10537
v -0.03112 0.00198 0.10476
v -0.03112 0.00198 0.10476
v -0.03135 0.00142 0.10547
v -0.03135 0.00142 0.10547
v -0.03135 0.00142 0.10547
v -0.0235 0.00131 0.06486
v -0.02256 0.00166 0.07251
v -0.01953 -0.00446 0.07892
v -0.03758 -0.01455 0.07606
v -0.03335 -0.01828 0.07938
v -0.02499 -0.00701 0.07229
v -0.03009 -0.01027 0.07175
v -0.02831 -0.01353 0.07694
v -0.03358 -0.0172 0.09355
v -0.01656 -0.00157 0.08847
v -0.02265 -0.01534 0.08433
v -0.02739 -0.01731 0.08863
v -0.02092 0.00877 0.09399
v -0.02369 0.01128 0.09689
v -0.02655 -0.01027 0.10194
v -0.03533 -0.01532 0.09853
v -0.02049 -0.01028 0.09642
v -0.01693 -0.0044 0.0991
v -0.02421 -0.01306 0.09494
v -0.03022 0.00107 0.10615
v -0.03022 0.00107 0.10615
v -0.02851 0.00006 0.1071
v -0.02851 0.00006 0.1071
v -0.02633 -0.00011 0.10876
v -0.02633 -0.00011 0.10876
v -0.02244 -0.0018 0.11088
v -0.01774 -0.00203 0.11056
v -0.02366 -0.00002 0.11103
v -0.02366 -0.00002 0.11103
v -0.01605 0.00226 0.11086
v -0.02172 0.00044 0.11253
v -0.02172 0.00044 0.11253
v -0.02799 -0.00508 0.10527
v -0.01546 -0.0019 0.10475
v -0.01591 0.00314 0.10759
v -0.01661 0.00011 0.11153
v -0.01914 0.0029 0.11333
v -0.02072 0.00087 0.11302
v -0.02072 0.00087 0.11302
v -0.01927 0.00062 0.11353
v -0.01927 0.00062 0.11353
v -0.01834 0.00032 0.11321
v -0.01834 0.00032 0.11321
v -0.01761 0.00008 0.11261
v -0.01761 0.00008 0.11261
v 0.01763 0.00425 0.10674
v 0.01754 0.00311 0.10918
v 0.01787 -0.00047 0.10872
v 0.01787 -0.00047 0.10872
v 0.01733 0.00039 0.10981
v 0.01733 0.00039 0.10981
v 0.0178 -0.00009 0.10961
v 0.0178 -0.00009 0.10961
v 0.01773 0.00093 0.11059
v 0.01773 0.00093 0.11059
v 0.01901 0.00036 0.11124
v 0.01854 0.00163 0.11156
v 0.01854 0.00163 0.11156
v 0.01809 0.00142 0.111
v 0.01809 0.00142 0.111
v 0.01988 0.00175 0.11187
v 0.01988 0.00175 0.11187
v 0.01688 0.00101 0.10878
v 0.02889 0.00869 0.04654
v 0.02959 0.00736 0.04994
v 0.02696 0.00069 0.04995
v 0.02771 0.00421 0.04826
v 0.03034 0.00581 0.05523
v 0.02944 0.0021 0.05774
v 0.02822 -0.0012 0.05636
v 0.0314 0.00553 0.05989
v 0.03084 0.00292 0.06403
v 0.02948 -0.00105 0.0617
v 0.03512 0.01646 0.04194
v 0.04038 0.01697 0.04106
v 0.04166 0.01722 0.04057
v 0.04336 0.01719 0.03982
v 0.04317 0.01682 0.04069
v 0.04317 0.01682 0.04069
v 0.04296 0.01653 0.04116
v 0.04481 0.01705 0.03902
v 0.04402 0.01526 0.04271
v 0.04393 0.01335 0.04698
v 0.0516 0.01516 0.03248
v 0.05123 0.01222 0.0379
v 0.05357 0.00649 0.03958
v 0.0471 0.01423 0.04131
v 0.03454 0.01342 0.04776
v 0.03314 0.01466 0.04424
v 0.03685 0.01519 0.0449
v 0.04003 0.01612 0.04327
v 0.03638 0.01242 0.05079
v 0.03452 0.01165 0.05084
v 0.03346 0.01014 0.05292
v 0.02626 -0.00356 0.04988
v 0.02626 -0.00356 0.04988
v 0.0266 -0.00364 0.05078
v 0.0266 -0.00364 0.05078
v 0.02686 -0.00356 0.05191
v 0.02686 -0.00356 0.05191
v 0.02702 -0.00183 0.05191
v 0.04649 0.01253 0.04574
v 0.04454 0.01241 0.04968
v 0.05164 0.00867 0.0424
v 0.05143 0.00582 0.04768
v 0.05023 0.0066 0.04977
v 0.03253 0.00821 0.05578
v 0.0373 0.01093 0.05595
v 0.03891 0.01208 0.05302
v 0.03714 0.01082 0.05653
v 0.03714 0.01082 0.05653
v 0.03576 0.00979 0.05808
v 0.03713 0.01048 0.05747
v 0.03753 0.01021 0.05849
v 0.04084 0.01245 0.05166
v 0.04408 0.01047 0.05409
v 0.04336 0.00888 0.05922
v 0.04045 0.01004 0.05917
v 0.04071 0.00866 0.06458
v 0.03369 0.00824 0.05933
v 0.03486 0.00775 0.06648
v 0.03823 0.01004 0.06113
v 0.0398 0.00883 0.06439
v 0.04337 0.00736 0.06557
v 0.05114 0.00459 0.05096
v 0.04763 0.00633 0.05634
v 0.05142 0.00136 0.05403
v 0.0458 0.00829 0.05636
v 0.05221 0.00073 0.05212
v 0.05048 0.00134 0.05641
v 0.05149 -0.00445 0.05498
v 0.05031 -0.00417 0.05836
v 0.0458 0.00625 0.06113
v 0.04597 0.00474 0.06474
v 0.04772 0.00157 0.06387
v 0.04905 0.00173 0.05945
v 0.04942 -0.00325 0.06103
v 0.03403 0.00702 0.06991
v 0.03514 0.00792 0.07179
v 0.03357 0.00923 0.07729
v 0.03316 0.01178 0.08403
v 0.02936 0.01208 0.09099
v 0.03622 0.01294 0.08548
v 0.03829 0.00863 0.06757
v 0.04496 0.00557 0.06784
v 0.04607 0.00376 0.06797
v 0.04101 0.00791 0.06929
v 0.0407 0.00962 0.07701
v 0.0431 0.00731 0.07072
v 0.04815 0.00023 0.06423
v 0.04794 -0.00126 0.06754
v 0.04821 -0.0025 0.0737
v 0.04748 0.01007 0.08831
v 0.04636 0.00469 0.07453
v 0.0546 0.00577 0.03689
v 0.05565 0.00126 0.03614
v 0.05433 0.00169 0.04263
v 0.055 -0.00009 0.03922
v 0.05248 0.00654 0.04272
v 0.05338 -0.00023 0.04841
v 0.05469 -0.00559 0.04113
v 0.05412 -0.0084 0.04277
v 0.05292 -0.01459 0.04265
v 0.05349 -0.00958 0.04592
v 0.05376 -0.00613 0.0465
v 0.05461 -0.00179 0.04371
v 0.05226 -0.00394 0.05291
v 0.05297 -0.00649 0.04969
v 0.05243 -0.0126 0.04794
v 0.05186 -0.00866 0.05252
v 0.05322 -0.00364 0.04965
v 0.0513 -0.00711 0.05503
v 0.02752 0.01136 0.09657
v 0.03328 0.01248 0.09572
v 0.03055 0.01206 0.0972
v 0.03698 0.01314 0.09365
v 0.03441 0.01297 0.09333
v 0.04324 0.01228 0.0858
v 0.03555 0.01248 0.09615
v 0.03558 0.01124 0.09932
v 0.03876 0.01183 0.09873
v 0.04317 0.01238 0.0946
v 0.04891 0.01056 0.09536
v 0.04582 0.01143 0.09096
v 0.05144 0.00448 0.08668
v 0.04405 0.01056 0.10033
v 0.04749 0.01011 0.09819
v 0.04946 0.00792 0.10316
v 0.05228 0.0063 0.09711
v 0.03268 0.0055 0.06834
v 0.02939 -0.00385 0.06316
v 0.03013 -0.00021 0.06538
v 0.03016 0.00193 0.07066
v 0.02706 -0.00766 0.05382
v 0.02695 -0.00354 0.05275
v 0.02695 -0.00354 0.05275
v 0.02721 -0.00441 0.05404
v 0.02721 -0.00441 0.05404
v 0.02683 -0.00642 0.05282
v 0.02762 -0.00493 0.0551
v 0.02762 -0.00493 0.0551
v 0.02823 -0.00795 0.0575
v 0.02805 -0.00562 0.05685
v 0.02805 -0.00562 0.05685
v 0.02808 -0.00559 0.05756
v 0.02808 -0.00559 0.05756
v 0.02861 -0.00615 0.05888
v 0.02861 -0.00615 0.05888
v 0.02818 -0.00354 0.05729
v 0.02903 -0.00678 0.06053
v 0.02903 -0.00678 0.06053
v 0.03136 -0.01334 0.0592
v 0.03641 -0.01657 0.05829
v 0.0304 -0.01658 0.05241
v 0.03214 -0.01726 0.05416
v 0.03529 -0.01772 0.05554
v 0.04276 -0.02047 0.04745
v 0.04343 -0.01821 0.05428
v 0.04215 -0.01705 0.0569
v 0.04116 -0.01634 0.05855
v 0.0461 -0.01592 0.05569
v 0.03525 -0.01913 0.0527
v 0.03796 -0.01986 0.05143
v 0.03952 -0.0189 0.05402
v 0.03818 -0.02059 0.04898
v 0.04071 -0.02027 0.05001
v 0.04023 -0.01937 0.05247
v 0.029 -0.00382 0.06068
v 0.02963 -0.00673 0.06268
v 0.02963 -0.00673 0.06268
v 0.03 -0.00576 0.06695
v 0.0303 -0.00916 0.06242
v 0.02991 -0.00722 0.06363
v 0.02991 -0.00722 0.06363
v 0.03135 -0.01122 0.06178
v 0.03041 -0.00787 0.0645
v 0.03041 -0.00787 0.0645
v 0.03201 -0.00999 0.06576
v 0.03112 -0.00871 0.06605
v 0.03112 -0.00871 0.06605
v 0.03359 -0.01245 0.06313
v 0.03432 -0.01173 0.06555
v 0.03128 -0.00886 0.06763
v 0.03128 -0.00886 0.06763
v 0.03463 -0.01141 0.06752
v 0.03277 -0.01017 0.0695
v 0.03277 -0.01017 0.0695
v 0.03308 -0.01038 0.07074
v 0.03308 -0.01038 0.07074
v 0.03308 -0.01038 0.07074
v 0.03489 -0.01156 0.07247
v 0.03608 -0.01257 0.06468
v 0.04033 -0.01116 0.07065
v 0.03384 -0.01146 0.07239
v 0.03384 -0.01146 0.07239
v 0.03773 -0.01434 0.06211
v 0.03958 -0.01523 0.06075
v 0.04236 -0.0146 0.06085
v 0.04873 -0.01201 0.05747
v 0.05007 -0.00982 0.05678
v 0.04639 -0.01267 0.06004
v 0.04639 -0.01267 0.06004
v 0.04494 -0.01353 0.0601
v 0.04494 -0.01353 0.0601
v 0.04427 -0.0141 0.06
v 0.04533 -0.01512 0.0579
v 0.04815 -0.01104 0.05956
v 0.04426 -0.01279 0.06192
v 0.04569 -0.01322 0.06007
v 0.04569 -0.01322 0.06007
v 0.04537 -0.00899 0.06674
v 0.03941 -0.0122 0.06616
v 0.04308 -0.01207 0.06414
v 0.04333 -0.01072 0.06614
v 0.04416 -0.0096 0.06819
v 0.04042 -0.01127 0.06912
v 0.04815 -0.00719 0.06267
v 0.04788 -0.00631 0.06424
v 0.04662 -0.01043 0.0622
v 0.04622 -0.00953 0.06429
v 0.04887 -0.00905 0.06008
v 0.04694 -0.00715 0.0662
v 0.04526 -0.0115 0.06283
v 0.02537 0.0083 0.08622
v 0.02464 0.00896 0.08946
v 0.02509 0.0103 0.09274
v 0.01879 -0.00307 0.09617
v 0.01879 -0.00307 0.09617
v 0.01864 -0.00299 0.09792
v 0.01864 -0.00299 0.09792
v 0.018 -0.00196 0.09947
v 0.0188 -0.00298 0.09844
v 0.0188 -0.00298 0.09844
v 0.01853 -0.0028 0.09924
v 0.01853 -0.0028 0.09924
v 0.0212 -0.00608 0.09663
v 0.02166 -0.00837 0.09309
v 0.02114 -0.00698 0.09534
v 0.02302 -0.01138 0.09298
v 0.02422 -0.01326 0.09085
v 0.02835 -0.0175 0.08817
v 0.02302 -0.00998 0.09654
v 0.02785 -0.01445 0.0934
v 0.02742 -0.01484 0.09839
v 0.02561 -0.01382 0.09331
v 0.02917 -0.01635 0.09158
v 0.02992 -0.01567 0.09795
v 0.04754 -0.00399 0.06958
v 0.04196 -0.01067 0.0692
v 0.0437 -0.0102 0.07377
v 0.04793 -0.00297 0.07189
v 0.0469 -0.00557 0.07019
v 0.04542 -0.0079 0.0706
v 0.04858 -0.00363 0.0754
v 0.04531 -0.01096 0.0768
v 0.03849 -0.01852 0.0805
v 0.04734 -0.00731 0.076
v 0.05041 -0.00579 0.08085
v 0.05315 -0.00568 0.08777
v 0.0515 -0.00878 0.08427
v 0.04575 -0.01581 0.08211
v 0.04617 -0.01684 0.08535
v 0.04277 -0.01853 0.08281
v 0.04097 -0.01956 0.08813
v 0.04376 -0.01884 0.08601
v 0.04536 -0.01745 0.08489
v 0.04834 -0.01401 0.08404
v 0.05039 -0.01282 0.09026
v 0.04795 -0.01509 0.09038
v 0.04354 -0.01743 0.09174
v 0.04544 -0.01704 0.09009
v 0.02894 -0.01738 0.08461
v 0.03367 -0.01946 0.08564
v 0.03042 -0.01889 0.08464
v 0.03382 -0.01957 0.08999
v 0.03345 -0.01892 0.09135
v 0.03345 -0.01892 0.09135
v 0.03349 -0.01891 0.0918
v 0.03349 -0.01891 0.0918
v 0.03367 -0.01879 0.09225
v 0.03367 -0.01879 0.09225
v 0.03867 -0.01914 0.08709
v 0.03239 -0.0176 0.0927
v 0.0355 -0.01912 0.0933
v 0.03868 -0.01636 0.09602
v 0.03871 -0.01936 0.09131
v 0.04011 -0.01869 0.092
v 0.04071 -0.01651 0.09462
v 0.04836 -0.01928 0.04618
v 0.04536 -0.01958 0.049
v 0.04776 -0.01739 0.05152
v 0.0431 -0.01924 0.05204
v 0.04535 -0.01829 0.0523
v 0.04607 -0.01843 0.05053
v 0.04775 -0.01917 0.04787
v 0.05027 -0.01786 0.04621
v 0.05232 -0.01634 0.04318
v 0.05065 -0.0143 0.05159
v 0.0486 -0.01587 0.05222
v 0.05176 -0.0102 0.05207
v 0.05074 -0.01197 0.05362
v 0.04827 -0.01374 0.05607
v 0.04929 -0.01354 0.05489
v 0.05135 -0.01488 0.04962
v 0.02196 0.00738 0.09148
v 0.02527 0.01042 0.09815
v 0.02153 0.00804 0.10133
v 0.02575 0.01067 0.09395
v 0.02621 0.0109 0.09532
v 0.02727 0.011 0.09857
v 0.02217 0.00835 0.10308
v 0.0216 0.00755 0.10612
v 0.0257 0.00914 0.1034
v 0.02234 0.00688 0.10744
v 0.02468 0.0074 0.10643
v 0.0275 0.00904 0.10339
v 0.01742 0.00097 0.10111
v 0.01855 -0.00262 0.09976
v 0.01855 -0.00262 0.09976
v 0.01903 -0.0025 0.10195
v 0.01903 -0.0025 0.10195
v 0.01865 -0.00204 0.10278
v 0.01865 -0.00204 0.10278
v 0.01862 -0.00185 0.10414
v 0.01862 -0.00185 0.10414
v 0.01719 -0.0008 0.10134
v 0.01881 -0.00141 0.1056
v 0.01881 -0.00141 0.1056
v 0.01972 -0.00092 0.10668
v 0.02034 -0.00458 0.09789
v 0.02317 -0.00278 0.10224
v 0.02393 -0.00476 0.10163
v 0.0183 -0.00115 0.10641
v 0.0183 -0.00115 0.10641
v 0.01678 0.00044 0.10679
v 0.01834 -0.00088 0.10703
v 0.01834 -0.00088 0.10703
v 0.0181 -0.00075 0.1077
v 0.0181 -0.00075 0.1077
v 0.02131 -0.00109 0.10714
v 0.02278 -0.00154 0.1091
v 0.02332 -0.00111 0.10962
v 0.02332 -0.00111 0.10962
v 0.02373 -0.00113 0.10925
v 0.02373 -0.00113 0.10925
v 0.02567 -0.00133 0.10824
v 0.02567 -0.00133 0.10824
v 0.02657 -0.00147 0.10746
v 0.02657 -0.00147 0.10746
v 0.02722 -0.00127 0.10724
v 0.02722 -0.00127 0.10724
v 0.03057 0.00096 0.10604
v 0.03057 0.00096 0.10604
v 0.02835 0.00066 0.1068
v 0.02812 -0.0012 0.10665
v 0.02812 -0.0012 0.10665
v 0.02858 -0.0016 0.10632
v 0.02858 -0.0016 0.10632
v 0.02824 -0.00214 0.10623
v 0.02911 -0.00184 0.10623
v 0.02911 -0.00184 0.10623
v 0.02448 -0.00153 0.10881
v 0.02448 -0.00153 0.10881
v 0.02575 -0.00361 0.10626
v 0.03282 0.0059 0.10516
v 0.02617 -0.01118 0.10025
v 0.02522 -0.00942 0.10071
v 0.03053 -0.00013 0.1062
v 0.03053 -0.00013 0.1062
v 0.0305 -0.00075 0.10609
v 0.0305 -0.00075 0.10609
v 0.03022 -0.00253 0.10587
v 0.03022 -0.00253 0.10587
v 0.02973 -0.00127 0.10614
v 0.03102 -0.00193 0.10603
v 0.03102 -0.00193 0.10603
v 0.03332 -0.00463 0.10576
v 0.03254 -0.00245 0.10596
v 0.03254 -0.00245 0.10596
v 0.03314 -0.00271 0.10607
v 0.03314 -0.00271 0.10607
v 0.03414 -0.00264 0.10609
v 0.03414 -0.00264 0.10609
v 0.02671 -0.00615 0.10361
v 0.0282 -0.007 0.10383
v 0.03078 -0.00882 0.10423
v 0.0355 -0.00328 0.10504
v 0.03082 -0.01083 0.10341
v 0.03622 -0.00981 0.10504
v 0.03415 -0.00708 0.10574
v 0.03832 -0.00819 0.106
v 0.04058 -0.00874 0.10582
v 0.02566 0.004 0.1083
v 0.02368 0.00508 0.10911
v 0.02671 0.00389 0.10763
v 0.0284 0.00621 0.10581
v 0.03139 0.00255 0.10517
v 0.03078 0.0036 0.10555
v 0.02015 0.00553 0.10956
v 0.01904 0.00338 0.1118
v 0.02063 0.0008 0.11144
v 0.02063 0.0008 0.11144
v 0.02681 0.00265 0.10782
v 0.02111 -0.0001 0.11085
v 0.02111 -0.0001 0.11085
v 0.02208 -0.00035 0.11036
v 0.02208 -0.00035 0.11036
v 0.02239 -0.00072 0.11003
v 0.02239 -0.00072 0.11003
v 0.02625 0.00401 0.108
v 0.02625 0.00401 0.108
v 0.02338 0.00084 0.11024
v 0.03965 0.00937 0.10221
v 0.03463 0.00264 0.10495
v 0.0364 0.00171 0.1062
v 0.04202 0.00889 0.10308
v 0.04269 0.00548 0.10653
v 0.0443 0.00671 0.10617
v 0.03673 0.00583 0.10485
v 0.03728 0.00335 0.10549
v 0.03814 0.00029 0.10661
v 0.03814 0.00029 0.10661
v 0.03902 0.00117 0.10527
v 0.03883 0.00078 0.10606
v 0.03883 0.00078 0.10606
v 0.03853 0.00033 0.10673
v 0.03853 0.00033 0.10673
v 0.03853 0.00033 0.10673
v 0.04105 0.00354 0.10661
v 0.0421 0.00284 0.1076
v 0.0392 0.00029 0.10661
v 0.0392 0.00029 0.10661
v 0.03998 0.00003 0.10722
v 0.03998 0.00003 0.10722
v 0.03957 0.00108 0.10572
v 0.04089 0.00019 0.10775
v 0.04089 0.00019 0.10775
v 0.04182 0.00022 0.10823
v 0.04182 0.00022 0.10823
v 0.04281 0.00112 0.10871
v 0.03595 -0.00122 0.10622
v 0.03595 -0.00122 0.10622
v 0.03527 -0.00202 0.10616
v 0.03527 -0.00202 0.10616
v 0.03465 -0.00275 0.10607
v 0.03465 -0.00275 0.10607
v 0.03686 -0.00096 0.10638
v 0.03686 -0.00096 0.10638
v 0.03608 -0.0005 0.10625
v 0.03767 -0.00095 0.10669
v 0.03767 -0.00095 0.10669
v 0.04049 -0.00207 0.10755
v 0.03553 -0.00277 0.10604
v 0.03553 -0.00277 0.10604
v 0.03553 -0.00277 0.10604
v 0.03721 -0.00391 0.10613
v 0.03915 -0.00577 0.10676
v 0.03628 -0.00631 0.10604
v 0.03723 -0.00737 0.10613
v 0.02818 -0.01405 0.09954
v 0.03099 -0.01573 0.09861
v 0.03226 -0.01545 0.09992
v 0.0305 -0.01333 0.10168
v 0.03303 -0.01072 0.10397
v 0.04133 -0.01557 0.09606
v 0.043 -0.01524 0.09691
v 0.03798 -0.01385 0.10272
v 0.04134 -0.01169 0.1042
v 0.0394 -0.00947 0.10547
v 0.04126 -0.0137 0.10234
v 0.04275 -0.01376 0.10222
v 0.04581 -0.01461 0.09952
v 0.04499 -0.01482 0.1001
v 0.04593 -0.01312 0.10158
v 0.04694 -0.012 0.1017
v 0.05292 0.00206 0.09063
v 0.05496 -0.00473 0.09717
v 0.05365 -0.00077 0.09058
v 0.0536 0.00305 0.09601
v 0.04961 -0.01274 0.09487
v 0.05152 -0.01116 0.09242
v 0.04725 -0.01516 0.0922
v 0.04636 -0.01527 0.09365
v 0.04836 -0.01355 0.09657
v 0.04997 -0.01204 0.09724
v 0.05114 -0.01133 0.09438
v 0.05118 -0.00894 0.10014
v 0.05298 0.00572 0.10289
v 0.05458 0.00341 0.10582
v 0.04753 0.00639 0.10753
v 0.04842 0.00532 0.10918
v 0.04305 0.00066 0.1088
v 0.04305 0.00066 0.1088
v 0.04309 -0.0004 0.10905
v 0.04309 -0.0004 0.10905
v 0.04372 0.00104 0.10946
v 0.04625 0.002 0.11101
v 0.04961 0.00179 0.11315
v 0.05162 0.00459 0.1097
v 0.05326 0.00356 0.10893
v 0.05433 0.00291 0.10884
v 0.0432 -0.006 0.10705
v 0.042 -0.00583 0.10714
v 0.04705 -0.00593 0.10512
v 0.04345 -0.00437 0.10866
v 0.04272 -0.00922 0.10518
v 0.05009 -0.0074 0.10283
v 0.04967 -0.00457 0.10756
v 0.04632 -0.00595 0.10626
v 0.05201 -0.00552 0.10671
v 0.04412 -0.00055 0.1099
v 0.04412 -0.00055 0.1099
v 0.04476 -0.0009 0.11059
v 0.04476 -0.0009 0.11059
v 0.04611 -0.00371 0.11133
v 0.04535 -0.00119 0.11102
v 0.04535 -0.00119 0.11102
v 0.04627 -0.00087 0.11196
v 0.04627 -0.00087 0.11196
v 0.04686 -0.00087 0.11231
v 0.04686 -0.00087 0.11231
v 0.04672 -0.00439 0.11084
v 0.05304 -0.00462 0.11027
v 0.05552 0.00085 0.10506
v 0.05504 -0.00439 0.09914
v 0.05544 -0.00353 0.10351
v 0.05484 -0.00406 0.10784
v 0.05004 -0.00937 0.10079
v 0.05324 -0.0072 0.09982
v 0.05281 -0.00603 0.10484
v 0.0366 -0.01632 0.0982
v 0.0372 -0.01606 0.09866
v 0.03296 -0.01625 0.09759
v 0.0349 -0.01371 0.10249
v 0.0406 -0.01554 0.09948
v 0.0403 -0.01519 0.10056
v 0.04825 -0.00074 0.11339
v 0.04825 -0.00074 0.11339
v 0.05183 0.00197 0.11346
v 0.05023 -0.00104 0.11462
v 0.05023 -0.00104 0.11462
v 0.05384 0.00134 0.11266
v 0.05511 -0.00037 0.11165
v 0.05469 0.00008 0.11222
v 0.05469 0.00008 0.11222
v 0.05565 -0.0015 0.11069
v 0.05369 -0.00126 0.11411
v 0.05369 -0.00126 0.11411
v 0.05425 -0.00096 0.11332
v 0.05425 -0.00096 0.11332
v 0.05164 -0.00092 0.11494
v 0.05164 -0.00092 0.11494
v 0.05259 -0.00147 0.11484
v 0.05259 -0.00147 0.11484
v 0.04771 -0.00107 0.11306
v 0.04771 -0.00107 0.11306
v 0.049 -0.0009 0.11392
v 0.049 -0.0009 0.11392
v 0.05069 -0.00334 0.11417
v 0.05271 -0.00407 0.11274
v 0.05088 -0.00303 0.11488
v 0.02976 -0.00581 0.06987
v 0.02681 -0.01139 0.05225
v 0.03002 -0.01502 0.05487
v 0.02941 -0.01084 0.05888
v 0.03071 -0.00775 0.06529
v 0.03071 -0.00775 0.06529
v 0.03176 -0.00933 0.06819
v 0.03176 -0.00933 0.06819
v 0.03204 -0.00999 0.07217
v 0.03204 -0.00999 0.07217
v 0.03343 -0.01081 0.07123
v 0.03343 -0.01081 0.07123
v 0.0326 -0.01053 0.07252
v 0.02234 0.00284 0.08543
v 0.02121 -0.00046 0.0861
v 0.02695 -0.00069 0.0761
v 0.02892 0.00055 0.0728
v 0.02494 -0.00154 0.07936
v 0.02747 -0.00824 0.07738
v 0.02444 -0.00054 0.08036
v 0.02595 -0.00847 0.07931
v 0.02595 -0.00847 0.07931
v 0.0275 -0.00863 0.07742
v 0.0275 -0.00863 0.07742
v 0.0293 -0.00906 0.07532
v 0.0293 -0.00906 0.07532
v 0.0298 -0.00968 0.07485
v 0.0298 -0.00968 0.07485
v 0.02547 -0.00855 0.08018
v 0.02547 -0.00855 0.08018
v 0.02873 -0.01031 0.07713
v 0.0295 -0.01238 0.07697
v 0.02431 -0.00829 0.08224
v 0.02431 -0.00829 0.08224
v 0.0236 -0.00805 0.08329
v 0.0236 -0.00805 0.08329
v 0.02306 -0.00751 0.08446
v 0.02306 -0.00751 0.08446
v 0.0219 -0.00682 0.08682
v 0.0219 -0.00682 0.08682
v 0.02383 -0.01163 0.08536
v 0.0224 -0.00981 0.08867
v 0.026 -0.01498 0.08636
v 0.0265 -0.01384 0.08232
v 0.02768 -0.01604 0.08327
v 0.02506 0.00536 0.08264
v 0.02116 0.00545 0.09088
v 0.01879 0.0045 0.09788
v 0.02394 0.0087 0.09073
v 0.02147 -0.00682 0.08897
v 0.02147 -0.00682 0.08897
v 0.02088 -0.00592 0.08994
v 0.02088 -0.00592 0.08994
v 0.02018 -0.00518 0.09237
v 0.02018 -0.00518 0.09237
v 0.02026 -0.00428 0.09043
v 0.01986 -0.00462 0.09344
v 0.01986 -0.00462 0.09344
v 0.0189 -0.00179 0.09359
v 0.01931 0.00025 0.09157
v 0.01886 -0.00181 0.09486
v 0.01948 -0.00383 0.09431
v 0.01948 -0.00383 0.09431
v 0.03025 -0.00767 0.07193
v 0.03076 -0.01013 0.07426
v 0.03076 -0.01013 0.07426
v 0.03119 -0.01046 0.0736
v 0.03119 -0.01046 0.0736
v 0.03119 -0.01046 0.0736
v 0.03171 -0.01096 0.07366
v 0.03171 -0.01096 0.07366
v 0.03295 -0.01116 0.07297
v 0.03295 -0.01116 0.07297
v 0.03219 -0.01279 0.0752
v 0.03575 -0.01737 0.07867
v 0.03144 -0.01541 0.07793
v 0.03636 -0.01305 0.07435
v 0.03998 -0.01749 0.07926
v 0.03935 -0.01218 0.07384
v 0.03605 -0.01881 0.08144
v 0.02185 0.00807 0.09723
v 0.0213 0.00786 0.09877
v 0.01999 0.00677 0.10257
v 0.01783 0.00326 0.10126
v 0.0331 0.0002 0.10559
v 0.04034 0.00176 0.10523
vt 0.57868 0.01758
vt 0.72526 0.44233
vt 0.73858 0.44234
vt 0.59158 0.01154
vt 0.73317 0.44078
vt 0.58575 0.01163
vt 0.72135 0.43882
vt 0.57228 0.01895
vt 0.56553 0.02196
vt 0.71656 0.43483
vt 0.60098 0.01081
vt 0.74681 0.44214
vt 0.60838 0.01092
vt 0.75297 0.44089
vt 0.61781 0.00899
vt 0.75951 0.43524
vt 0.6009 0.02406
vt 0.6299 0.01117
vt 0.76901 0.4296
vt 0.63657 0.01073
vt 0.77219 0.42452
vt 0.62948 0.039
vt 0.5521 0.0346
vt 0.70267 0.42569
vt 0.54872 0.03828
vt 0.69862 0.42467
vt 0.69038 0.41944
vt 0.53984 0.04224
vt 0.69864 0.41088
vt 0.53496 0.04498
vt 0.68472 0.41684
vt 0.58504 0.03634
vt 0.59636 0.06137
vt 0.55945 0.02656
vt 0.71131 0.43004
vt 0.55502 0.02976
vt 0.70754 0.42656
vt 0.73308 0.42408
vt 0.55458 0.05285
vt 0.67918 0.41571
vt 0.53158 0.04867
vt 0.59321 0.09223
vt 0.57364 0.09735
vt 0.5624 0.08529
vt 0.53354 0.08263
vt 0.67372 0.41751
vt 0.53058 0.05406
vt 0.66347 0.41689
vt 0.52207 0.06372
vt 0.51676 0.06396
vt 0.65955 0.41427
vt 0.51901 0.06355
vt 0.66184 0.415
vt 0.52691 0.07413
vt 0.52893 0.07627
vt 0.52893 0.07627
vt 0.52489 0.08561
vt 0.53035 0.07876
vt 0.53035 0.07876
vt 0.66548 0.41722
vt 0.52486 0.0622
vt 0.5509 0.08739
vt 0.53682 0.09479
vt 0.63194 0.07679
vt 0.56687 0.13388
vt 0.58535 0.14733
vt 0.55011 0.14313
vt 0.52731 0.12625
vt 0.5192 0.14545
vt 0.50975 0.15254
vt 0.59267 0.20685
vt 0.54811 0.17181
vt 0.59129 0.21202
vt 0.54306 0.17126
vt 0.59252 0.2225
vt 0.53394 0.17429
vt 0.51975 0.17793
vt 0.59372 0.23933
vt 0.59648 0.12863
vt 0.59356 0.16048
vt 0.59516 0.17629
vt 0.57826 0.16708
vt 0.55609 0.17311
vt 0.59529 0.1989
vt 0.59396 0.18572
vt 0.56839 0.16894
vt 0.62628 0.23445
vt 0.63095 0.21244
vt 0.68328 0.04623
vt 0.60136 0.1075
vt 0.65869 0.09373
vt 0.64704 0.12132
vt 0.68589 0.08791
vt 0.73701 0.12217
vt 0.62262 0.18414
vt 0.68707 0.18648
vt 0.63848 0.19143
vt 0.65213 0.151
vt 0.52785 0.05712
vt 0.66991 0.41662
vt 0.66607 0.41422
vt 0.65782 0.41562
vt 0.51607 0.06606
vt 0.51379 0.06647
vt 0.65552 0.41495
vt 0.52667 0.06032
vt 0.66717 0.41733
vt 0.53551 0.07551
vt 0.52339 0.06857
vt 0.5287 0.10605
vt 0.52078 0.09479
vt 0.75329 0.40951
vt 0.77716 0.4155
vt 0.6479 0.01073
vt 0.78316 0.40079
vt 0.66464 0.00993
vt 0.64411 0.01824
vt 0.78809 0.3954
vt 0.67216 0.01107
vt 0.69403 0.393
vt 0.678 0.36386
vt 0.67514 0.38791
vt 0.66569 0.34335
vt 0.64993 0.35566
vt 0.67802 0.33549
vt 0.71101 0.3624
vt 0.69906 0.35842
vt 0.7232 0.38714
vt 0.72519 0.30328
vt 0.6243 0.38603
vt 0.48035 0.13616
vt 0.47967 0.13208
vt 0.62581 0.39021
vt 0.62543 0.39241
vt 0.4802 0.1299
vt 0.63311 0.38749
vt 0.62447 0.38243
vt 0.47978 0.13933
vt 0.48083 0.14126
vt 0.62363 0.38014
vt 0.62117 0.37578
vt 0.48404 0.14482
vt 0.62346 0.3769
vt 0.48175 0.14394
vt 0.62015 0.3673
vt 0.48163 0.15111
vt 0.62066 0.35655
vt 0.47641 0.15832
vt 0.63561 0.35796
vt 0.62009 0.34565
vt 0.47344 0.16617
vt 0.48543 0.14649
vt 0.61939 0.37411
vt 0.68425 0.30534
vt 0.47122 0.18337
vt 0.61958 0.32385
vt 0.47335 0.17986
vt 0.61815 0.32842
vt 0.5084 0.18139
vt 0.59482 0.25459
vt 0.60166 0.2657
vt 0.50069 0.18796
vt 0.48973 0.19179
vt 0.60931 0.27715
vt 0.47874 0.19302
vt 0.61795 0.2653
vt 0.50424 0.16133
vt 0.50364 0.169
vt 0.6383 0.32765
vt 0.47237 0.17343
vt 0.62008 0.336
vt 0.46593 0.1869
vt 0.62406 0.31743
vt 0.63007 0.303
vt 0.65566 0.30365
vt 0.46953 0.19306
vt 0.62071 0.308
vt 0.62254 0.30515
vt 0.4683 0.19547
vt 0.62236 0.29885
vt 0.47021 0.19936
vt 0.61614 0.28843
vt 0.47887 0.19669
vt 0.47384 0.19878
vt 0.61969 0.29403
vt 0.61882 0.24784
vt 0.62661 0.27441
vt 0.64827 0.24985
vt 0.67697 0.329
vt 0.79517 0.38926
vt 0.68204 0.01096
vt 0.8025 0.38183
vt 0.69213 0.0083
vt 0.68669 0.02484
vt 0.69622 0.0097
vt 0.80634 0.37931
vt 0.67719 0.00995
vt 0.79069 0.39117
vt 0.69772 0.02038
vt 0.80784 0.37567
vt 0.70002 0.00987
vt 0.80971 0.37325
vt 0.70227 0.01146
vt 0.81055 0.37161
vt 0.70345 0.01278
vt 0.70612 0.01538
vt 0.81148 0.36804
vt 0.71233 0.02183
vt 0.80917 0.3577
vt 0.80663 0.35087
vt 0.71573 0.02775
vt 0.80781 0.34855
vt 0.71548 0.03051
vt 0.71759 0.03052
vt 0.80627 0.34699
vt 0.7829 0.37437
vt 0.70955 0.01624
vt 0.80958 0.36474
vt 0.79395 0.37514
vt 0.8079 0.34468
vt 0.71873 0.03299
vt 0.77531 0.3555
vt 0.78446 0.33592
vt 0.77144 0.29946
vt 0.80603 0.34054
vt 0.72335 0.03213
vt 0.72574 0.04829
vt 0.72974 0.0336
vt 0.80811 0.33328
vt 0.73683 0.03348
vt 0.81007 0.32417
vt 0.75349 0.03612
vt 0.81906 0.30182
vt 0.80242 0.2777
vt 0.72816 0.3388
vt 0.76197 0.02986
vt 0.81794 0.28506
vt 0.76891 0.02453
vt 0.8165 0.27181
vt 0.78466 0.25317
vt 0.76184 0.25222
vt 0.68066 0.25571
vt 0.69446 0.2209
vt 0.66264 0.23725
vt 0.68719 0.20697
vt 0.73513 0.22076
vt 0.7231 0.28607
vt 0.74545 0.25299
vt 0.70611 0.26295
vt 0.82612 0.10947
vt 0.78973 0.13015
vt 0.76409 0.0883
vt 0.76463 0.06893
vt 0.80242 0.09205
vt 0.80885 0.16641
vt 0.8203 0.25651
vt 0.77957 0.02476
vt 0.82169 0.24711
vt 0.78568 0.02416
vt 0.79313 0.02426
vt 0.82459 0.23558
vt 0.79112 0.19474
vt 0.80009 0.02067
vt 0.82481 0.22543
vt 0.79973 0.01698
vt 0.82132 0.22392
vt 0.80307 0.02537
vt 0.81795 0.2193
vt 0.80353 0.01266
vt 0.79727 0.0389
vt 0.00713 0.54593
vt 0.8094 0.02457
vt 0.81693 0.03271
vt 0.01459 0.57117
vt 0.00943 0.55827
vt 0.81262 0.03175
vt 0.02036 0.56142
vt 0.82582 0.24672
vt 0.00926 0.55056
vt 0.81212 0.02728
vt 0.02281 0.55383
vt 0.82827 0.23913
vt 0.80917 0.01891
vt 0.00876 0.53921
vt 0.01472 0.54926
vt 0.01577 0.53419
vt 0.82123 0.2195
vt 0.80904 0.01232
vt 0.0126 0.53167
vt 0.81806 0.21698
vt 0.82745 0.23353
vt 0.02199 0.54823
vt 0.82892 0.22832
vt 0.02345 0.54302
vt 0.01898 0.53617
vt 0.82444 0.22148
vt 0.02268 0.53671
vt 0.82814 0.22201
vt 0.79689 0.22461
vt 0.81677 0.19657
vt 0.75172 0.15565
vt 0.7287 0.20821
vt 0.73574 0.18373
vt 0.74634 0.22702
vt 0.66757 0.394
vt 0.65491 0.40522
vt 0.65491 0.40522
vt 0.65491 0.40522
vt 0.66314 0.41246
vt 0.66171 0.41256
vt 0.6626 0.41142
vt 0.66143 0.41163
vt 0.66143 0.41163
vt 0.66576 0.41096
vt 0.66468 0.41299
vt 0.66437 0.4115
vt 0.66437 0.4115
vt 0.66437 0.4115
vt 0.66422 0.411
vt 0.66321 0.40905
vt 0.6625 0.40838
vt 0.6625 0.40838
vt 0.66198 0.40697
vt 0.51022 0.0696
vt 0.65116 0.41641
vt 0.6473 0.41789
vt 0.50724 0.07307
vt 0.50645 0.07647
vt 0.64609 0.42065
vt 0.65381 0.40518
vt 0.65381 0.40518
vt 0.65286 0.40475
vt 0.65286 0.40475
vt 0.65286 0.40475
vt 0.65377 0.40338
vt 0.65377 0.40338
vt 0.65377 0.40338
vt 0.65296 0.4038
vt 0.65296 0.4038
vt 0.65296 0.4038
vt 0.65193 0.40352
vt 0.65193 0.40352
vt 0.65251 0.40172
vt 0.65119 0.40176
vt 0.66176 0.40357
vt 0.64445 0.39367
vt 0.63237 0.41362
vt 0.48095 0.09977
vt 0.636 0.40811
vt 0.63162 0.4061
vt 0.47714 0.10948
vt 0.47752 0.11494
vt 0.62943 0.40268
vt 0.6469 0.38742
vt 0.64494 0.38714
vt 0.64494 0.38714
vt 0.64175 0.3857
vt 0.64284 0.42342
vt 0.50258 0.08051
vt 0.50018 0.08422
vt 0.64054 0.42498
vt 0.63628 0.42342
vt 0.49508 0.08752
vt 0.64981 0.40801
vt 0.49336 0.09059
vt 0.63358 0.42307
vt 0.63109 0.41907
vt 0.48808 0.09491
vt 0.51096 0.09732
vt 0.63079 0.41682
vt 0.48518 0.09702
vt 0.48645 0.10757
vt 0.63071 0.39019
vt 0.62523 0.39742
vt 0.48017 0.1237
vt 0.63102 0.37935
vt 0.64989 0.38997
vt 0.49286 0.13834
vt 0.50082 0.12609
vt 0.49391 0.12016
vt 0.51072 0.12659
vt 0.70003 0.23305
vt 0.14835 0.50141
vt 0.35732 0.4684
vt 0.36795 0.46718
vt 0.17607 0.5118
vt 0.33354 0.45399
vt 0.15697 0.5015
vt 0.34937 0.46731
vt 0.16289 0.50197
vt 0.34417 0.46614
vt 0.17034 0.50684
vt 0.33863 0.45982
vt 0.17 0.50299
vt 0.33819 0.46384
vt 0.31724 0.45149
vt 0.19171 0.51512
vt 0.18415 0.49284
vt 0.29735 0.45362
vt 0.19712 0.5037
vt 0.28282 0.45191
vt 0.20053 0.49094
vt 0.20194 0.46865
vt 0.2772 0.4501
vt 0.20308 0.48563
vt 0.2054 0.48185
vt 0.27325 0.44863
vt 0.20869 0.47583
vt 0.26672 0.44824
vt 0.43582 0.44643
vt 0.01397 0.3582
vt 0.43139 0.44981
vt 0.01672 0.36486
vt 0.4387 0.44395
vt 0.01295 0.35357
vt 0.01726 0.31318
vt 0.02141 0.30032
vt 0.0267 0.30379
vt 0.03386 0.32213
vt 0.03979 0.30465
vt 0.03243 0.30717
vt 0.021 0.28166
vt 0.40777 0.39827
vt 0.03712 0.27211
vt 0.0485 0.26378
vt 0.04133 0.27249
vt 0.40073 0.38182
vt 0.08478 0.36505
vt 0.42487 0.45212
vt 0.01978 0.3734
vt 0.02518 0.37907
vt 0.42158 0.4566
vt 0.43011 0.43732
vt 0.41242 0.45874
vt 0.03003 0.39212
vt 0.04486 0.36778
vt 0.03751 0.39928
vt 0.40943 0.46531
vt 0.03437 0.39763
vt 0.40946 0.46265
vt 0.40222 0.46645
vt 0.03931 0.40944
vt 0.04257 0.41386
vt 0.39927 0.46938
vt 0.07452 0.37839
vt 0.068 0.42168
vt 0.06697 0.43263
vt 0.38868 0.48846
vt 0.09217 0.42611
vt 0.068 0.32399
vt 0.06868 0.31322
vt 0.38298 0.42244
vt 0.05834 0.43042
vt 0.38852 0.48207
vt 0.37188 0.47985
vt 0.12587 0.49492
vt 0.13576 0.4942
vt 0.36502 0.47764
vt 0.3638 0.4755
vt 0.13869 0.49576
vt 0.14151 0.49752
vt 0.36236 0.47339
vt 0.39079 0.48017
vt 0.05627 0.42727
vt 0.33861 0.41981
vt 0.39703 0.40516
vt 0.36285 0.40097
vt 0.33823 0.39058
vt 0.07488 0.28338
vt 0.07488 0.28338
vt 0.07767 0.28543
vt 0.07767 0.28543
vt 0.08339 0.27447
vt 0.07586 0.26457
vt 0.08986 0.27626
vt 0.09055 0.26242
vt 0.06097 0.22815
vt 0.06289 0.2667
vt 0.07137 0.2391
vt 0.0656 0.23404
vt 0.07759 0.21948
vt 0.07242 0.20551
vt 0.3942 0.32541
vt 0.07772 0.20264
vt 0.39159 0.3205
vt 0.39187 0.31666
vt 0.08159 0.20219
vt 0.38967 0.31361
vt 0.0843 0.19934
vt 0.08713 0.19814
vt 0.38904 0.31056
vt 0.0915 0.20696
vt 0.10398 0.19796
vt 0.09218 0.1929
vt 0.38497 0.30403
vt 0.09532 0.18749
vt 0.38018 0.29865
vt 0.07928 0.30868
vt 0.0899 0.3328
vt 0.08779 0.32208
vt 0.0921 0.31577
vt 0.08744 0.2919
vt 0.09712 0.29299
vt 0.09752 0.305
vt 0.10853 0.29573
vt 0.08013 0.2867
vt 0.08013 0.2867
vt 0.0812 0.28946
vt 0.10595 0.32303
vt 0.10431 0.34296
vt 0.11461 0.3284
vt 0.12015 0.33579
vt 0.12771 0.33304
vt 0.10636 0.30824
vt 0.12518 0.31712
vt 0.13241 0.31905
vt 0.10845 0.28594
vt 0.11125 0.30179
vt 0.11593 0.28172
vt 0.09686 0.28008
vt 0.09926 0.27626
vt 0.09877 0.26811
vt 0.1083 0.27713
vt 0.10115 0.2557
vt 0.11179 0.26317
vt 0.11286 0.23133
vt 0.12197 0.27553
vt 0.12317 0.25937
vt 0.1313 0.27188
vt 0.12188 0.29571
vt 0.11784 0.30817
vt 0.12444 0.28585
vt 0.13798 0.30555
vt 0.13195 0.29548
vt 0.14658 0.30189
vt 0.13752 0.27253
vt 0.14179 0.28652
vt 0.14828 0.29137
vt 0.38196 0.31133
vt 0.37114 0.32477
vt 0.37288 0.31149
vt 0.37644 0.28925
vt 0.102 0.18255
vt 0.10237 0.17953
vt 0.37325 0.28733
vt 0.12645 0.42568
vt 0.12098 0.39551
vt 0.13545 0.38613
vt 0.15333 0.45513
vt 0.21254 0.47059
vt 0.26005 0.44756
vt 0.20442 0.42937
vt 0.1788 0.40364
vt 0.21697 0.46398
vt 0.25161 0.4473
vt 0.22139 0.43851
vt 0.22051 0.45688
vt 0.24317 0.44702
vt 0.22466 0.45102
vt 0.23675 0.44557
vt 0.22947 0.44451
vt 0.21189 0.39114
vt 0.20181 0.38474
vt 0.2106 0.3972
vt 0.20209 0.3973
vt 0.18749 0.38693
vt 0.18573 0.37236
vt 0.22597 0.40446
vt 0.2237 0.3997
vt 0.22399 0.42122
vt 0.24173 0.38504
vt 0.12928 0.34434
vt 0.13556 0.33265
vt 0.1394 0.37145
vt 0.14418 0.34678
vt 0.15376 0.32899
vt 0.15974 0.34449
vt 0.16134 0.32918
vt 0.17847 0.33457
vt 0.16535 0.36329
vt 0.15337 0.36495
vt 0.17913 0.35544
vt 0.16999 0.34837
vt 0.16922 0.33672
vt 0.14155 0.31691
vt 0.14618 0.32592
vt 0.17254 0.30618
vt 0.16029 0.30393
vt 0.17458 0.32075
vt 0.17358 0.31405
vt 0.17398 0.2918
vt 0.21986 0.33658
vt 0.23268 0.3565
vt 0.1918 0.36596
vt 0.21293 0.3783
vt 0.2043 0.36356
vt 0.18939 0.33891
vt 0.19466 0.34365
vt 0.20553 0.34407
vt 0.21822 0.35982
vt 0.25699 0.3553
vt 0.22317 0.35894
vt 0.18419 0.31529
vt 0.21161 0.34584
vt 0.20288 0.32224
vt 0.20854 0.32668
vt 0.19088 0.31642
vt 0.19939 0.31019
vt 0.21034 0.30382
vt 0.22121 0.32258
vt 0.24699 0.32652
vt 0.22786 0.31175
vt 0.21597 0.29681
vt 0.2409 0.31802
vt 0.16273 0.49142
vt 0.01219 0.34986
vt 0.44104 0.4418
vt 0.44643 0.43986
vt 0.0137 0.34259
vt 0.45011 0.43516
vt 0.01319 0.33376
vt 0.40956 0.44278
vt 0.01217 0.32822
vt 0.45098 0.43144
vt 0.45016 0.4259
vt 0.00999 0.32075
vt 0.44743 0.42105
vt 0.00713 0.31533
vt 0.43134 0.41781
vt 0.44739 0.41291
vt 0.00887 0.30642
vt 0.44446 0.40616
vt 0.00923 0.29757
vt 0.02505 0.35266
vt 0.44266 0.40353
vt 0.00916 0.29391
vt 0.04088 0.31719
vt 0.05208 0.30054
vt 0.04269 0.28542
vt 0.42409 0.38879
vt 0.41426 0.40547
vt 0.00931 0.29011
vt 0.44054 0.40067
vt 0.43833 0.3954
vt 0.01141 0.28432
vt 0.43457 0.39061
vt 0.01286 0.27749
vt 0.01401 0.27123
vt 0.4304 0.38647
vt 0.42838 0.38415
vt 0.01506 0.26811
vt 0.42519 0.37804
vt 0.01899 0.26115
vt 0.01719 0.26529
vt 0.4274 0.38121
vt 0.42494 0.37314
vt 0.02318 0.25709
vt 0.41139 0.35552
vt 0.42534 0.37033
vt 0.02597 0.25517
vt 0.42292 0.36729
vt 0.0272 0.25065
vt 0.04173 0.33877
vt 0.05644 0.39832
vt 0.07907 0.35431
vt 0.10479 0.40586
vt 0.05 0.42091
vt 0.39508 0.47553
vt 0.0816 0.4022
vt 0.0824 0.41547
vt 0.38919 0.49045
vt 0.06996 0.43301
vt 0.38849 0.49184
vt 0.07217 0.43464
vt 0.07673 0.44111
vt 0.38489 0.49535
vt 0.05361 0.34486
vt 0.06632 0.33827
vt 0.05294 0.31893
vt 0.07325 0.34767
vt 0.06341 0.30808
vt 0.08681 0.34658
vt 0.09281 0.35691
vt 0.08518 0.43948
vt 0.09738 0.44377
vt 0.40642 0.43418
vt 0.41793 0.42848
vt 0.39394 0.44139
vt 0.38101 0.44028
vt 0.37231 0.41981
vt 0.3864 0.45647
vt 0.39153 0.4779
vt 0.05344 0.42565
vt 0.14413 0.50031
vt 0.36101 0.47024
vt 0.36149 0.47163
vt 0.14314 0.499
vt 0.12347 0.49433
vt 0.37323 0.48147
vt 0.12263 0.49316
vt 0.37292 0.48272
vt 0.37356 0.48756
vt 0.11617 0.48965
vt 0.1522 0.47231
vt 0.38029 0.4878
vt 0.38149 0.49804
vt 0.07997 0.44634
vt 0.37316 0.49169
vt 0.11129 0.48504
vt 0.3769 0.49606
vt 0.10304 0.48076
vt 0.08063 0.44792
vt 0.38042 0.49879
vt 0.3753 0.5004
vt 0.10056 0.47412
vt 0.08306 0.45221
vt 0.37801 0.50167
vt 0.08647 0.45374
vt 0.09552 0.467
vt 0.37825 0.5046
vt 0.10983 0.47845
vt 0.13516 0.48927
vt 0.13619 0.4709
vt 0.12949 0.46679
vt 0.35685 0.43833
vt 0.34884 0.42576
vt 0.35387 0.41984
vt 0.33822 0.44135
vt 0.37745 0.37499
vt 0.34911 0.38811
vt 0.08948 0.45494
vt 0.09464 0.46326
vt 0.09412 0.45727
vt 0.06953 0.29222
vt 0.05829 0.26267
vt 0.07485 0.27639
vt 0.0289 0.24628
vt 0.42121 0.36393
vt 0.42024 0.36031
vt 0.03118 0.2422
vt 0.41301 0.3767
vt 0.03232 0.23589
vt 0.41811 0.35597
vt 0.03332 0.25734
vt 0.41778 0.35362
vt 0.03329 0.23289
vt 0.04037 0.23868
vt 0.05373 0.22654
vt 0.41441 0.3498
vt 0.03361 0.2266
vt 0.03673 0.21996
vt 0.41269 0.3441
vt 0.39859 0.35073
vt 0.41331 0.33823
vt 0.04192 0.21486
vt 0.41307 0.33508
vt 0.04564 0.21292
vt 0.40827 0.33337
vt 0.05079 0.2087
vt 0.05475 0.21723
vt 0.40431 0.33184
vt 0.05592 0.20688
vt 0.05938 0.20584
vt 0.40136 0.33147
vt 0.38377 0.33447
vt 0.06724 0.2046
vt 0.39546 0.32922
vt 0.07946 0.24985
vt 0.09413 0.24303
vt 0.08924 0.2331
vt 0.10129 0.21327
vt 0.06801 0.20899
vt 0.38548 0.35239
vt 0.36805 0.35711
vt 0.36617 0.34392
vt 0.14558 0.41895
vt 0.10965 0.36192
vt 0.11671 0.368
vt 0.12735 0.35444
vt 0.11468 0.43547
vt 0.10572 0.39412
vt 0.1313 0.41216
vt 0.15418 0.40374
vt 0.16769 0.39261
vt 0.12207 0.47246
vt 0.13891 0.45729
vt 0.1548 0.44281
vt 0.17444 0.4453
vt 0.17568 0.48549
vt 0.17402 0.47251
vt 0.18917 0.46517
vt 0.28888 0.44566
vt 0.16158 0.42229
vt 0.15286 0.42496
vt 0.16488 0.43563
vt 0.1831 0.45094
vt 0.2001 0.41923
vt 0.19005 0.44232
vt 0.24672 0.43506
vt 0.21019 0.41287
vt 0.12698 0.44292
vt 0.13421 0.44879
vt 0.13108 0.43981
vt 0.1895 0.40845
vt 0.19247 0.3967
vt 0.19766 0.40628
vt 0.22654 0.38376
vt 0.22011 0.37985
vt 0.23807 0.34201
vt 0.37007 0.43289
vt 0.36222 0.43412
vt 0.60391 0.24235
vt 0.19469 0.5174
vt 0.31376 0.44879
vt 0.30944 0.45056
vt 0.19596 0.51416
vt 0.30599 0.45307
vt 0.19526 0.51067
vt 0.30504 0.42697
vt 0.31606 0.42911
vt 0.31357 0.41709
vt 0.3148 0.40292
vt 0.31156 0.39045
vt 0.31154 0.37719
vt 0.30524 0.38773
vt 0.32579 0.3741
vt 0.31723 0.36611
vt 0.30555 0.36583
vt 0.32578 0.33181
vt 0.32343 0.35639
vt 0.31529 0.34799
vt 0.29298 0.36055
vt 0.31584 0.33568
vt 0.30284 0.33516
vt 0.30082 0.34787
vt 0.29513 0.35251
vt 0.28889 0.33854
vt 0.33808 0.31638
vt 0.32402 0.31174
vt 0.36649 0.29475
vt 0.34703 0.30404
vt 0.33123 0.29732
vt 0.32729 0.28368
vt 0.32297 0.29145
vt 0.30588 0.32131
vt 0.30588 0.32131
vt 0.30591 0.31774
vt 0.30591 0.31774
vt 0.30558 0.31492
vt 0.30558 0.31492
vt 0.30183 0.32287
vt 0.29199 0.32406
vt 0.28226 0.31478
vt 0.2941 0.30193
vt 0.31326 0.31491
vt 0.31368 0.29795
vt 0.30758 0.28972
vt 0.29639 0.29758
vt 0.28104 0.43243
vt 0.29855 0.42246
vt 0.29612 0.40945
vt 0.27569 0.43251
vt 0.25751 0.42259
vt 0.26878 0.4215
vt 0.27646 0.41623
vt 0.25069 0.41296
vt 0.30083 0.40358
vt 0.27592 0.40518
vt 0.29133 0.3937
vt 0.28388 0.40338
vt 0.26433 0.39793
vt 0.28989 0.3821
vt 0.26724 0.37757
vt 0.25707 0.37655
vt 0.25707 0.37655
vt 0.25956 0.37044
vt 0.25956 0.37044
vt 0.25815 0.37324
vt 0.25815 0.37324
vt 0.25869 0.41142
vt 0.24451 0.40513
vt 0.25774 0.38825
vt 0.24896 0.37775
vt 0.29518 0.37396
vt 0.28346 0.37289
vt 0.27226 0.36239
vt 0.2695 0.37774
vt 0.25921 0.36509
vt 0.27733 0.34561
vt 0.28104 0.33415
vt 0.27126 0.31743
vt 0.25669 0.3312
vt 0.26001 0.32163
vt 0.26791 0.33762
vt 0.26224 0.31837
vt 0.27939 0.30246
vt 0.27162 0.30576
vt 0.25934 0.30789
vt 0.3162 0.44459
vt 0.3108 0.4361
vt 0.3228 0.42537
vt 0.35512 0.38199
vt 0.32976 0.40689
vt 0.32433 0.39223
vt 0.34258 0.35949
vt 0.33725 0.34041
vt 0.32825 0.34887
vt 0.34908 0.34554
vt 0.33444 0.31995
vt 0.35919 0.32363
vt 0.34582 0.31552
vt 0.35263 0.29733
vt 0.25766 0.43106
vt 0.82273 0.06746
vt 0.84398 0.04571
vt 0.88964 0.0499
vt 0.84924 0.08794
vt 0.86891 0.10323
vt 0.82978 0.02124
vt 0.03355 0.58878
vt 0.83901 0.27408
vt 0.03044 0.57681
vt 0.83591 0.26211
vt 0.85211 0.28209
vt 0.83866 0.01548
vt 0.84964 0.01097
vt 0.86706 0.28931
vt 0.86355 0.26418
vt 0.92406 0.03575
vt 0.88182 0.02244
vt 0.86855 0.00765
vt 0.89128 0.29499
vt 0.87527 0.00838
vt 0.89915 0.29735
vt 0.88828 0.00821
vt 0.91205 0.29979
vt 0.8999 0.00713
vt 0.92283 0.30089
vt 0.89442 0.00828
vt 0.91784 0.30101
vt 0.87704 0.24512
vt 0.92014 0.09142
vt 0.89409 0.09952
vt 0.9497 0.04853
vt 0.95657 0.27472
vt 0.96142 0.28464
vt 0.94699 0.03697
vt 0.95617 0.26846
vt 0.94883 0.05511
vt 0.94633 0.05971
vt 0.95838 0.26383
vt 0.92192 0.01377
vt 0.9437 0.30882
vt 0.91255 0.00878
vt 0.93467 0.30387
vt 0.92913 0.28853
vt 0.95224 0.30759
vt 0.93144 0.01559
vt 0.93647 0.01801
vt 0.95695 0.30629
vt 0.94027 0.0193
vt 0.95861 0.3034
vt 0.94438 0.02159
vt 0.95962 0.29952
vt 0.94938 0.29986
vt 0.94727 0.02371
vt 0.95903 0.29626
vt 0.93566 0.02539
vt 0.95933 0.29285
vt 0.94859 0.0271
vt 0.94809 0.03078
vt 0.96057 0.28987
vt 0.95029 0.28093
vt 0.93274 0.27201
vt 0.93079 0.07656
vt 0.94367 0.07755
vt 0.96837 0.25089
vt 0.96732 0.24647
vt 0.94145 0.08143
vt 0.96916 0.24561
vt 0.93971 0.0814
vt 0.93376 0.06081
vt 0.96464 0.25486
vt 0.94485 0.07281
vt 0.96105 0.25395
vt 0.94622 0.06971
vt 0.96529 0.2531
vt 0.94611 0.07451
vt 0.96747 0.24955
vt 0.94374 0.07917
vt 0.94739 0.06867
vt 0.95946 0.25429
vt 0.95738 0.25872
vt 0.94812 0.06437
vt 0.94324 0.08316
vt 0.96631 0.24278
vt 0.94956 0.08666
vt 0.96255 0.2361
vt 0.95037 0.09585
vt 0.94982 0.24086
vt 0.95575 0.25114
vt 0.90978 0.27214
vt 0.94901 0.09364
vt 0.94394 0.09816
vt 0.96228 0.22947
vt 0.95355 0.09031
vt 0.93956 0.22663
vt 0.9535 0.09415
vt 0.95263 0.09805
vt 0.95525 0.09177
vt 0.95534 0.09855
vt 0.96281 0.22706
vt 0.78801 0.1542
vt 0.83128 0.14902
vt 0.8566 0.17252
vt 0.83817 0.23957
vt 0.85761 0.22621
vt 0.82589 0.18506
vt 0.82622 0.21157
vt 0.8429 0.20471
vt 0.89215 0.22786
vt 0.89297 0.16581
vt 0.87229 0.19647
vt 0.88214 0.21197
vt 0.89862 0.13273
vt 0.91124 0.12226
vt 0.9254 0.20723
vt 0.90512 0.23858
vt 0.90585 0.19271
vt 0.92279 0.17453
vt 0.89905 0.20961
vt 0.95677 0.10233
vt 0.96218 0.22235
vt 0.96154 0.10764
vt 0.95996 0.21452
vt 0.96159 0.20432
vt 0.96448 0.11632
vt 0.95314 0.19265
vt 0.94966 0.17801
vt 0.96754 0.12794
vt 0.96504 0.19163
vt 0.9487 0.15408
vt 0.96784 0.13717
vt 0.96781 0.18264
vt 0.94205 0.21244
vt 0.93336 0.17561
vt 0.94093 0.155
vt 0.9579 0.16186
vt 0.95452 0.13821
vt 0.96917 0.17845
vt 0.9666 0.14194
vt 0.96614 0.1487
vt 0.96771 0.173
vt 0.96534 0.1699
vt 0.96482 0.15298
vt 0.96281 0.15673
vt 0.96242 0.1671
vt 0.18357 0.03231
vt 0.18597 0.02025
vt 0.44577 0.1506
vt 0.17448 0.01496
vt 0.17976 0.01343
vt 0.44989 0.14811
vt 0.17733 0.01297
vt 0.44764 0.14818
vt 0.45097 0.14497
vt 0.18375 0.01191
vt 0.44686 0.14188
vt 0.45141 0.14022
vt 0.19045 0.01099
vt 0.45166 0.14267
vt 0.18696 0.01172
vt 0.19664 0.01069
vt 0.44884 0.13646
vt 0.17881 0.01847
vt 0.11529 0.21326
vt 0.12416 0.20789
vt 0.11022 0.18962
vt 0.11178 0.2016
vt 0.13788 0.19415
vt 0.13296 0.18161
vt 0.12612 0.17654
vt 0.15345 0.18228
vt 0.15416 0.16371
vt 0.13892 0.16354
vt 0.12533 0.24773
vt 0.13811 0.25438
vt 0.13882 0.25908
vt 0.14397 0.26306
vt 0.14535 0.26049
vt 0.14535 0.26049
vt 0.14585 0.25879
vt 0.1456 0.26943
vt 0.15346 0.25669
vt 0.1592 0.24597
vt 0.15626 0.29119
vt 0.16855 0.27845
vt 0.18519 0.28506
vt 0.15871 0.26438
vt 0.13632 0.22565
vt 0.12312 0.23565
vt 0.13717 0.24069
vt 0.14159 0.24863
vt 0.14924 0.22153
vt 0.14189 0.21714
vt 0.14585 0.20764
vt 0.10415 0.17666
vt 0.37034 0.28381
vt 0.36898 0.28015
vt 0.10671 0.17539
vt 0.3679 0.27594
vt 0.10989 0.17452
vt 0.11267 0.17946
vt 0.16928 0.25308
vt 0.1697 0.2399
vt 0.18181 0.26944
vt 0.19402 0.2593
vt 0.19307 0.24974
vt 0.14921 0.19719
vt 0.16302 0.20863
vt 0.16228 0.21862
vt 0.16392 0.20674
vt 0.16392 0.20674
vt 0.16354 0.19922
vt 0.16613 0.20406
vt 0.17013 0.20277
vt 0.16175 0.22767
vt 0.17837 0.22441
vt 0.19237 0.21029
vt 0.18102 0.20675
vt 0.19104 0.19163
vt 0.15981 0.19073
vt 0.17522 0.17737
vt 0.17891 0.19972
vt 0.18954 0.18849
vt 0.20302 0.19253
vt 0.20294 0.2483
vt 0.20052 0.22665
vt 0.21541 0.24337
vt 0.19101 0.22618
vt 0.21632 0.25165
vt 0.21566 0.23483
vt 0.23408 0.24821
vt 0.23596 0.23937
vt 0.20643 0.20911
vt 0.21643 0.20134
vt 0.22397 0.2096
vt 0.22021 0.22487
vt 0.23888 0.22717
vt 0.17992 0.16015
vt 0.1868 0.15677
vt 0.19136 0.13207
vt 0.2016 0.11614
vt 0.20361 0.09055
vt 0.21303 0.11672
vt 0.19184 0.17784
vt 0.21728 0.18949
vt 0.22687 0.19222
vt 0.20468 0.17372
vt 0.2142 0.149
vt 0.21618 0.17098
vt 0.23467 0.21047
vt 0.24272 0.20178
vt 0.25809 0.18585
vt 0.2406 0.12924
vt 0.24006 0.16232
vt 0.1856 0.29126
vt 0.19799 0.30078
vt 0.20397 0.2765
vt 0.20547 0.29104
vt 0.18954 0.27276
vt 0.21393 0.26286
vt 0.2218 0.28774
vt 0.23002 0.29301
vt 0.24636 0.29782
vt 0.23772 0.28467
vt 0.22843 0.27673
vt 0.21589 0.28021
vt 0.22989 0.25426
vt 0.23387 0.26551
vt 0.24682 0.28022
vt 0.24314 0.26203
vt 0.22442 0.26166
vt 0.24296 0.25308
vt 0.2064 0.07114
vt 0.21839 0.08103
vt 0.21522 0.07511
vt 0.22726 0.09435
vt 0.21996 0.0906
vt 0.22649 0.12866
vt 0.22667 0.08332
vt 0.23074 0.0725
vt 0.23922 0.08284
vt 0.24304 0.09854
vt 0.2536 0.11002
vt 0.24443 0.1111
vt 0.26356 0.13791
vt 0.25708 0.08142
vt 0.26171 0.09463
vt 0.27361 0.08392
vt 0.27312 0.10557
vt 0.16952 0.15947
vt 0.13523 0.15855
vt 0.14502 0.15208
vt 0.15762 0.14482
vt 0.35233 0.27284
vt 0.11188 0.17378
vt 0.36706 0.27308
vt 0.11342 0.17037
vt 0.36283 0.26911
vt 0.36021 0.27682
vt 0.11513 0.16768
vt 0.35963 0.26553
vt 0.34573 0.26039
vt 0.11793 0.16376
vt 0.35468 0.25987
vt 0.35361 0.25742
vt 0.11954 0.16307
vt 0.34954 0.25327
vt 0.12127 0.16017
vt 0.12339 0.16691
vt 0.3445 0.24849
vt 0.12348 0.15656
vt 0.32472 0.26327
vt 0.30383 0.26451
vt 0.324 0.28269
vt 0.31684 0.27491
vt 0.30868 0.27274
vt 0.28531 0.29315
vt 0.28015 0.27398
vt 0.28595 0.2637
vt 0.2907 0.25838
vt 0.27393 0.26536
vt 0.30696 0.28206
vt 0.29925 0.28323
vt 0.29524 0.27558
vt 0.29767 0.29254
vt 0.29079 0.28748
vt 0.29286 0.28029
vt 0.13016 0.16286
vt 0.12748 0.15495
vt 0.34073 0.24158
vt 0.13306 0.14883
vt 0.33474 0.24579
vt 0.33767 0.23945
vt 0.12668 0.15378
vt 0.32545 0.24744
vt 0.12505 0.1521
vt 0.33391 0.23751
vt 0.32405 0.23745
vt 0.32852 0.23397
vt 0.12294 0.14871
vt 0.31634 0.24667
vt 0.31257 0.23783
vt 0.32577 0.22948
vt 0.1231 0.14484
vt 0.31246 0.23231
vt 0.31774 0.22733
vt 0.11721 0.13992
vt 0.11624 0.1361
vt 0.00713 0.60633
vt 0.31562 0.22837
vt 0.31729 0.22257
vt 0.30535 0.23998
vt 0.29706 0.21766
vt 0.31886 0.22508
vt 0.01038 0.60305
vt 0.30271 0.24795
vt 0.29426 0.2513
vt 0.28576 0.24796
vt 0.26337 0.25341
vt 0.25157 0.25066
vt 0.27024 0.24647
vt 0.27024 0.24647
vt 0.27571 0.24806
vt 0.27571 0.24806
vt 0.27701 0.25047
vt 0.27421 0.25693
vt 0.26352 0.24627
vt 0.27745 0.24216
vt 0.27305 0.24764
vt 0.27305 0.24764
vt 0.27096 0.22137
vt 0.295 0.23264
vt 0.28281 0.23514
vt 0.282 0.22676
vt 0.2778 0.21772
vt 0.29262 0.22214
vt 0.25515 0.22895
vt 0.25428 0.22279
vt 0.26768 0.23591
vt 0.26647 0.23027
vt 0.25485 0.24025
vt 0.2616 0.2183
vt 0.27316 0.2368
vt 0.18324 0.09741
vt 0.18643 0.08681
vt 0.19355 0.08063
vt 0.42306 0.1861
vt 0.15048 0.05368
vt 0.42513 0.18057
vt 0.15211 0.04757
vt 0.15816 0.04341
vt 0.42533 0.17878
vt 0.1524 0.04568
vt 0.42722 0.17668
vt 0.15394 0.04309
vt 0.41139 0.18084
vt 0.40002 0.19295
vt 0.40753 0.18687
vt 0.39103 0.19029
vt 0.38269 0.19477
vt 0.36331 0.19346
vt 0.3981 0.17755
vt 0.37484 0.18188
vt 0.3824 0.1675
vt 0.37973 0.18435
vt 0.36803 0.18436
vt 0.37654 0.16526
vt 0.25601 0.20286
vt 0.2858 0.21887
vt 0.28495 0.20315
vt 0.25643 0.19193
vt 0.26269 0.20353
vt 0.27305 0.20521
vt 0.26451 0.17996
vt 0.28903 0.19251
vt 0.32765 0.19024
vt 0.27946 0.18462
vt 0.27661 0.16842
vt 0.28845 0.14685
vt 0.29598 0.15869
vt 0.30645 0.18221
vt 0.31517 0.17061
vt 0.32024 0.18484
vt 0.33166 0.1747
vt 0.32337 0.17301
vt 0.31659 0.17445
vt 0.30144 0.16995
vt 0.3101 0.15137
vt 0.31779 0.15697
vt 0.33124 0.16168
vt 0.32474 0.16192
vt 0.35618 0.20185
vt 0.34555 0.19043
vt 0.34997 0.19885
vt 0.35076 0.18171
vt 0.35565 0.17818
vt 0.35565 0.17818
vt 0.35628 0.17706
vt 0.35628 0.17706
vt 0.35658 0.17566
vt 0.35658 0.17566
vt 0.33769 0.18186
vt 0.36174 0.17586
vt 0.35372 0.16791
vt 0.35072 0.15743
vt 0.34263 0.17051
vt 0.34118 0.16625
vt 0.34002 0.15917
vt 0.26749 0.29583
vt 0.2773 0.28844
vt 0.26988 0.27785
vt 0.2836 0.28072
vt 0.27714 0.27721
vt 0.27474 0.28224
vt 0.2698 0.29047
vt 0.2608 0.29201
vt 0.2524 0.29713
vt 0.25746 0.27283
vt 0.26542 0.27337
vt 0.24822 0.26495
vt 0.25404 0.2634
vt 0.2639 0.26051
vt 0.2631 0.26341
vt 0.25494 0.27834
vt 0.1814 0.07783
vt 0.19928 0.06264
vt 0.19348 0.05012
vt 0.19818 0.0766
vt 0.20024 0.07364
vt 0.20767 0.0669
vt 0.19569 0.04602
vt 0.19776 0.03796
vt 0.2065 0.05062
vt 0.20043 0.03226
vt 0.20935 0.03992
vt 0.21406 0.05256
vt 0.16937 0.04034
vt 0.42809 0.17517
vt 0.15489 0.04136
vt 0.43035 0.16815
vt 0.15651 0.03364
vt 0.15931 0.03148
vt 0.43321 0.16634
vt 0.16167 0.02707
vt 0.4358 0.16258
vt 0.1644 0.04098
vt 0.43789 0.15791
vt 0.16419 0.0223
vt 0.43558 0.15414
vt 0.41881 0.17587
vt 0.41958 0.16275
vt 0.41407 0.16087
vt 0.16731 0.02073
vt 0.4406 0.15635
vt 0.17324 0.02554
vt 0.16887 0.01875
vt 0.44164 0.15445
vt 0.17118 0.01727
vt 0.44336 0.15299
vt 0.43029 0.1491
vt 0.43047 0.14298
vt 0.21465 0.00864
vt 0.4325 0.13842
vt 0.43078 0.13808
vt 0.21634 0.00942
vt 0.42394 0.13629
vt 0.2228 0.01288
vt 0.22638 0.0145
vt 0.42034 0.13557
vt 0.41892 0.13396
vt 0.22781 0.01632
vt 0.23386 0.02856
vt 0.23386 0.02856
vt 0.22748 0.02321
vt 0.23061 0.01831
vt 0.41619 0.13208
vt 0.23276 0.01814
vt 0.41398 0.13217
vt 0.41268 0.13499
vt 0.41227 0.1315
vt 0.23451 0.01841
vt 0.42765 0.13813
vt 0.21947 0.00996
vt 0.41686 0.14378
vt 0.23066 0.04882
vt 0.3944 0.16364
vt 0.40091 0.16422
vt 0.23522 0.02535
vt 0.23522 0.02535
vt 0.23647 0.02374
vt 0.23647 0.02374
vt 0.23873 0.01836
vt 0.40791 0.13009
vt 0.23676 0.02115
vt 0.23979 0.02135
vt 0.40754 0.12659
vt 0.39596 0.12491
vt 0.40281 0.12344
vt 0.24468 0.022
vt 0.40066 0.12211
vt 0.24677 0.02201
vt 0.24953 0.02353
vt 0.39849 0.11897
vt 0.40731 0.15312
vt 0.40247 0.1476
vt 0.39176 0.14079
vt 0.39192 0.11562
vt 0.38742 0.14917
vt 0.37543 0.13209
vt 0.38825 0.13125
vt 0.37325 0.12207
vt 0.36449 0.11932
vt 0.21408 0.02735
vt 0.20874 0.02927
vt 0.2176 0.02934
vt 0.22057 0.03959
vt 0.23482 0.03353
vt 0.22916 0.03615
vt 0.19671 0.02532
vt 0.19631 0.01729
vt 0.44461 0.13724
vt 0.20148 0.00886
vt 0.21829 0.02586
vt 0.20528 0.00713
vt 0.44111 0.13887
vt 0.43759 0.13833
vt 0.20905 0.00819
vt 0.21102 0.0078
vt 0.43585 0.13898
vt 0.2158 0.02864
vt 0.2158 0.02864
vt 0.21298 0.01495
vt 0.24737 0.06852
vt 0.24266 0.04009
vt 0.24882 0.0376
vt 0.25558 0.07149
vt 0.26607 0.05958
vt 0.26753 0.06507
vt 0.24513 0.05574
vt 0.24591 0.04489
vt 0.25756 0.03662
vt 0.3866 0.09867
vt 0.25955 0.0414
vt 0.26169 0.03898
vt 0.25889 0.03914
vt 0.25883 0.03666
vt 0.38555 0.09791
vt 0.26302 0.03655
vt 0.2634 0.0508
vt 0.27143 0.04921
vt 0.2643 0.03831
vt 0.38389 0.09662
vt 0.38078 0.09627
vt 0.26749 0.039
vt 0.26458 0.04318
vt 0.37834 0.09401
vt 0.27026 0.04082
vt 0.27315 0.04216
vt 0.37578 0.09193
vt 0.2755 0.04592
vt 0.25292 0.02988
vt 0.39077 0.1058
vt 0.39205 0.10887
vt 0.25198 0.02673
vt 0.25114 0.02383
vt 0.39704 0.11772
vt 0.38838 0.10398
vt 0.25527 0.03166
vt 0.2503 0.03179
vt 0.38587 0.10272
vt 0.2578 0.03259
vt 0.37628 0.10314
vt 0.39082 0.11108
vt 0.25372 0.02487
vt 0.39593 0.11516
vt 0.38576 0.11166
vt 0.37336 0.11487
vt 0.38151 0.12077
vt 0.3778 0.122
vt 0.38397 0.1622
vt 0.37439 0.16261
vt 0.37144 0.15533
vt 0.38141 0.15439
vt 0.38277 0.13969
vt 0.34355 0.15372
vt 0.34166 0.14718
vt 0.3655 0.13716
vt 0.35997 0.12877
vt 0.36737 0.12481
vt 0.35491 0.13484
vt 0.35146 0.13336
vt 0.33812 0.13676
vt 0.34478 0.13671
vt 0.3409 0.12923
vt 0.34158 0.12395
vt 0.27534 0.13134
vt 0.30219 0.12492
vt 0.2836 0.13154
vt 0.28253 0.11273
vt 0.32142 0.14343
vt 0.31023 0.14216
vt 0.32273 0.15195
vt 0.32768 0.1496
vt 0.32711 0.13956
vt 0.32282 0.13306
vt 0.31576 0.13599
vt 0.32472 0.12181
vt 0.28521 0.09132
vt 0.29555 0.08756
vt 0.27814 0.06869
vt 0.28577 0.06486
vt 0.27678 0.04475
vt 0.27678 0.04475
vt 0.27831 0.04165
vt 0.37079 0.09035
vt 0.27988 0.04759
vt 0.28663 0.05118
vt 0.29719 0.0564
vt 0.294 0.07158
vt 0.29955 0.07495
vt 0.30391 0.07899
vt 0.35521 0.10613
vt 0.36561 0.10914
vt 0.34474 0.10887
vt 0.3646 0.0996
vt 0.35716 0.11836
vt 0.33361 0.11089
vt 0.33843 0.09341
vt 0.3484 0.10436
vt 0.33305 0.09845
vt 0.36726 0.08773
vt 0.2827 0.04232
vt 0.28606 0.04209
vt 0.3643 0.0862
vt 0.35586 0.08644
vt 0.28861 0.04189
vt 0.36185 0.08501
vt 0.35933 0.08092
vt 0.29263 0.04407
vt 0.29485 0.04488
vt 0.35759 0.07926
vt 0.35176 0.09065
vt 0.33178 0.08769
vt 0.30345 0.09444
vt 0.30771 0.11378
vt 0.31242 0.10156
vt 0.32142 0.09288
vt 0.32993 0.12195
vt 0.31774 0.11774
vt 0.32598 0.10365
vt 0.36045 0.15549
vt 0.3599 0.15207
vt 0.36767 0.16434
vt 0.3733 0.14383
vt 0.35145 0.14686
vt 0.35684 0.14335
vt 0.35293 0.07446
vt 0.30049 0.04734
vt 0.30441 0.06154
vt 0.34533 0.07029
vt 0.30835 0.05024
vt 0.31068 0.06818
vt 0.31809 0.07244
vt 0.31942 0.06987
vt 0.31575 0.06881
vt 0.31893 0.0816
vt 0.33024 0.0693
vt 0.31724 0.05975
vt 0.32599 0.07008
vt 0.31756 0.06318
vt 0.34021 0.06788
vt 0.31222 0.05379
vt 0.3157 0.05547
vt 0.33588 0.06898
vt 0.29877 0.04556
vt 0.3541 0.0768
vt 0.30374 0.04824
vt 0.34998 0.07286
vt 0.34117 0.07638
vt 0.33924 0.08475
vt 0.34262 0.07551
vt 0.13609 0.13971
vt 0.34512 0.28167
vt 0.32538 0.27226
vt 0.3357 0.25842
vt 0.12562 0.1504
vt 0.33277 0.23489
vt 0.12116 0.14362
vt 0.32302 0.22868
vt 0.11953 0.13186
vt 0.01248 0.6104
vt 0.00854 0.60546
vt 0.31703 0.2275
vt 0.01309 0.60775
vt 0.16628 0.09186
vt 0.15328 0.0896
vt 0.15564 0.12382
vt 0.15924 0.13392
vt 0.14818 0.10941
vt 0.13361 0.1227
vt 0.15569 0.10682
vt 0.36121 0.23379
vt 0.13063 0.11138
vt 0.1299 0.11749
vt 0.35151 0.23611
vt 0.12735 0.1232
vt 0.34024 0.23664
vt 0.33691 0.23501
vt 0.12502 0.12377
vt 0.36507 0.23193
vt 0.1302 0.10867
vt 0.34979 0.22928
vt 0.34293 0.22338
vt 0.37467 0.22776
vt 0.13081 0.10178
vt 0.13156 0.09799
vt 0.37954 0.22515
vt 0.13315 0.09403
vt 0.385 0.22284
vt 0.39424 0.21646
vt 0.13536 0.08586
vt 0.37791 0.21265
vt 0.3901 0.20557
vt 0.36874 0.2037
vt 0.35908 0.21786
vt 0.35871 0.20802
vt 0.17056 0.10824
vt 0.17241 0.07765
vt 0.17605 0.05594
vt 0.18605 0.08278
vt 0.39975 0.20902
vt 0.13537 0.07871
vt 0.40485 0.20613
vt 0.13853 0.0752
vt 0.41139 0.198
vt 0.14146 0.06693
vt 0.14459 0.07556
vt 0.41479 0.19437
vt 0.14358 0.06327
vt 0.15316 0.06295
vt 0.15802 0.06936
vt 0.15261 0.05905
vt 0.41837 0.1917
vt 0.14659 0.06019
vt 0.12921 0.13272
vt 0.33203 0.2333
vt 0.12211 0.12539
vt 0.01951 0.61031
vt 0.12031 0.12704
vt 0.32799 0.23235
vt 0.01867 0.60802
vt 0.32715 0.23005
vt 0.01381 0.60535
vt 0.3223 0.22739
vt 0.33128 0.22486
vt 0.32733 0.20895
vt 0.33845 0.21436
vt 0.31518 0.21508
vt 0.31668 0.19811
vt 0.30152 0.20902
vt 0.33322 0.19605
vt 0.18682 0.06457
vt 0.18819 0.05715
vt 0.18856 0.04427
vt 0.1747 0.04365
vt 0.24165 0.03076
vt 0.2619 0.04472
vn -0.7538 0.1118 -0.6475
vn -0.8123 -0.1989 -0.5483
vn -0.9782 0.0235 -0.2064
vn -0.7984 0.4093 -0.4417
vn -0.9049 -0.0869 -0.4167
vn -0.8605 0.3048 -0.4083
vn -0.7069 -0.341 -0.6196
vn -0.466 0.018 -0.8846
vn -0.3877 -0.042 -0.9208
vn -0.5314 -0.5398 -0.6529
vn -0.8967 0.4174 -0.1471
vn -0.9989 0.0425 -0.0198
vn -0.7999 0.5764 0.1673
vn -0.9981 0.0452 0.0428
vn -0.5442 0.8104 0.2168
vn -0.9875 0.0222 0.1561
vn -0.5057 0.8627 -0.0046
vn -0.1661 0.9833 0.0749
vn -0.9788 0.0447 0.1997
vn -0.7271 0.5772 0.3717
vn -0.98 0.0336 0.1963
vn -0.4792 0.8563 0.1926
vn -0.5383 0.095 -0.8374
vn -0.592 -0.1278 -0.7957
vn -0.3602 -0.0341 -0.9323
vn -0.4853 -0.2077 -0.8493
vn -0.5866 -0.6325 -0.5057
vn -0.0346 -0.0533 -0.998
vn -0.6418 -0.2844 -0.7121
vn 0.2869 0.0302 -0.9575
vn -0.0592 -0.015 -0.9981
vn -0.5497 0.6467 -0.5287
vn -0.3653 0.6067 -0.706
vn -0.351 -0.272 -0.896
vn -0.4547 -0.6192 -0.6402
vn -0.4033 -0.2072 -0.8913
vn -0.6129 -0.3079 -0.7277
vn -0.767 -0.6008 -0.2252
vn -0.0493 0.0036 -0.9988
vn 0.4805 0.0587 -0.875
vn 0.5201 0.1356 -0.8433
vn -0.1755 0.8246 -0.5378
vn -0.0922 0.082 -0.9924
vn -0.0661 -0.4831 -0.8731
vn 0.0974 0.3398 -0.9355
vn 0.7269 0.0092 -0.6867
vn 0.7824 0.3777 -0.4952
vn -0.9574 0.2026 -0.2056
vn -0.567 0.468 -0.6779
vn 0.0812 0.1123 -0.9903
vn -0.2868 -0.0672 -0.9556
vn -0.1659 0.1652 -0.9722
vn -0.6858 0.0338 -0.727
vn 0.0574 0.0721 -0.9957
vn 0.6946 -0.6589 -0.2888
vn -0.5225 0.6021 -0.6038
vn 0.6895 -0.6952 -0.2033
vn 0.6014 -0.7256 -0.3344
vn -0.1456 0.6075 -0.7808
vn -0.8174 0.3166 -0.4812
vn -0.7464 0.1303 -0.6526
vn 0.2986 -0.4948 -0.8161
vn -0.0047 -0.5036 -0.8639
vn -0.4677 0.883 -0.0408
vn 0.11 0.075 -0.9911
vn 0.6808 0.4573 -0.5722
vn -0.0517 0.0728 -0.996
vn -0.4187 -0.4486 -0.7896
vn -0.2572 -0.0263 -0.966
vn -0.1186 0.1219 -0.9854
vn 0.8607 0.0393 -0.5076
vn 0.1195 0.4286 -0.8956
vn 0.7007 0.0308 -0.7128
vn 0.0052 0.1822 -0.9832
vn 0.5549 0.0105 -0.8319
vn -0.0942 0.0701 -0.9931
vn -0.2888 0.066 -0.9551
vn 0.3589 -0.0323 -0.9328
vn 0.5443 0.7408 -0.3936
vn 0.823 0.5662 -0.0456
vn 0.9343 0.3544 -0.0378
vn 0.6784 0.2378 -0.6952
vn 0.2841 0.2733 -0.919
vn 0.9933 0.0404 -0.1084
vn 0.977 0.1805 -0.1132
vn -0.0427 0.3756 -0.9258
vn 0.8205 -0.1473 0.5524
vn 0.9427 -0.1662 0.2892
vn -0.5918 0.7513 0.2922
vn 0.1446 0.8596 -0.49
vn 0.0826 0.9663 0.2438
vn 0.4606 0.8599 0.2199
vn -0.2759 0.9041 0.3264
vn 0.4427 0.842 0.3082
vn 0.9681 0.2495 0.022
vn 0.9908 0.0228 0.1337
vn 0.9967 -0.0491 0.065
vn 0.8308 0.5299 0.1703
vn 0.5433 0.0714 -0.8365
vn 0.6016 0.1259 -0.7888
vn -0.2308 0.2238 -0.9469
vn 0.3888 0.1148 -0.9142
vn 0.5121 0.0904 -0.8541
vn 0.9796 0.1504 -0.1335
vn 0.8815 0.0937 -0.4629
vn -0.1539 -0.361 -0.9198
vn 0 0.2522 -0.9677
vn 0.0753 0.3185 -0.9449
vn 0.3589 -0.0771 -0.9302
vn -0.4629 -0.4613 -0.7569
vn 0.0092 -0.9051 -0.4251
vn -0.8208 -0.5705 0.0292
vn -0.9733 -0.0041 0.2297
vn -0.7206 0.5197 0.459
vn -0.9689 0.1109 0.221
vn -0.8809 0.3487 0.3199
vn -0.5393 0.7719 0.3367
vn -0.9431 0.209 0.2585
vn -0.9699 0.1714 0.1729
vn -0.9487 -0.2745 -0.1567
vn -0.7168 -0.2008 -0.6678
vn 0.1669 -0.0113 -0.9859
vn -0.4782 -0.6834 -0.5517
vn 0.0448 0.0761 -0.9961
vn -0.6353 -0.7634 0.1162
vn -0.9521 -0.2951 0.0798
vn -0.9592 -0.157 0.235
vn -0.6559 -0.7488 -0.0954
vn -0.2774 -0.9605 0.0204
vn 0.0361 0.1031 -0.994
vn 0.2522 0.3615 -0.8976
vn -0.0352 0.8492 -0.5269
vn -0.6949 0.4156 -0.5868
vn -0.776 0.4008 -0.487
vn -0.1105 0.9672 -0.2287
vn 0 0 0
vn -0.2943 -0.9476 -0.1239
vn 0.5201 -0.2365 -0.8207
vn 0.6608 -0.5938 -0.4591
vn -0.1224 -0.9704 0.2084
vn 0.0408 -0.808 -0.5878
vn 0.328 -0.3326 -0.8842
vn 0.0017 -0.9592 0.2829
vn 0.6397 -0.7491 -0.172
vn 0.091 0.0621 -0.9939
vn -0.2668 0.0439 -0.9628
vn 0.0363 0.336 -0.9412
vn -0.2754 0.2119 -0.9377
vn 0.1262 0.2168 -0.968
vn -0.0305 0.4357 -0.8996
vn -0.3184 0.3298 -0.8887
vn 0.0134 -0.1828 -0.9831
vn 0.1207 -0.2017 -0.972
vn -0.0393 -0.9694 0.2423
vn 0.0118 0.1224 -0.9924
vn -0.0086 0.1844 -0.9828
vn -0.2073 0.2802 -0.9373
vn -0.1185 0.3723 -0.9205
vn -0.4178 0.1369 -0.8982
vn 0.318 -0.0158 -0.948
vn 0.4727 -0.2373 -0.8487
vn -0.3074 0.1381 -0.9415
vn 0.3278 -0.192 -0.9251
vn 0.6979 -0.3335 -0.6338
vn 0.1644 -0.2112 -0.9635
vn 0.8074 -0.4648 0.3634
vn -0.3506 0.2926 -0.8897
vn -0.3235 0.1791 -0.9291
vn -0.0333 -0.4007 -0.9156
vn -0.3281 0.3765 -0.8664
vn -0.2119 0.4862 -0.8478
vn 0.0225 0.0282 -0.9993
vn 0.0481 -0.005 -0.9988
vn 0.2164 -0.9639 -0.1551
vn 0.1381 -0.977 0.1624
vn 0.0014 -0.313 -0.9497
vn 0.0395 -0.3187 -0.947
vn 0.0866 -0.5697 -0.8173
vn 0.247 -0.4218 -0.8724
vn 0.5442 -0.7977 -0.2597
vn 0.3323 -0.4449 -0.8317
vn 0.7247 -0.3634 -0.5855
vn 0.3225 -0.2139 -0.9221
vn 0.3565 -0.3848 -0.8514
vn 0.6862 -0.5696 -0.4524
vn 0.8835 -0.2918 0.3664
vn 0.7716 -0.6359 -0.0135
vn 0.8783 -0.4533 0.1523
vn -0.0215 -0.9856 0.1678
vn -0.972 -0.1926 -0.135
vn -0.8288 0.5559 -0.0641
vn -0.8764 -0.3915 -0.2805
vn -0.7809 0.6152 -0.1087
vn -0.5323 0.7859 0.3145
vn -0.8365 0.54 0.0927
vn -0.9471 -0.3205 0.0163
vn -0.9562 0.273 0.1058
vn -0.9921 -0.1217 -0.031
vn -0.5395 0.5639 0.6253
vn -0.9211 -0.3285 0.209
vn -0.8521 0.3582 0.3817
vn -0.7118 -0.3385 0.6154
vn -0.7684 0.2997 0.5655
vn -0.5416 -0.3353 0.7709
vn -0.5436 0.1939 0.8167
vn -0.0638 0.2271 0.9718
vn -0.5425 -0.332 0.7716
vn 0.0515 0.2998 0.9526
vn -0.0827 -0.5049 0.8592
vn -0.1091 -0.3118 0.9439
vn -0.0837 0.1141 0.9899
vn -0.196 -0.2513 0.9479
vn -0.3067 -0.1051 0.946
vn -0.5451 -0.0288 0.8379
vn -0.6187 -0.3603 0.6981
vn -0.4662 -0.8831 -0.0534
vn -0.0726 0.1921 0.9787
vn -0.3951 -0.3963 0.8288
vn -0.6406 -0.6434 0.4191
vn -0.789 -0.334 0.5157
vn -0.7552 0.0949 0.6486
vn -0.6604 -0.7481 -0.0658
vn -0.9125 -0.3682 0.1783
vn -0.8054 -0.5891 0.0658
vn -0.9526 -0.2602 0.1579
vn -0.8807 0.1149 0.4595
vn -0.8514 0.0357 0.5234
vn -0.9505 0.0688 0.303
vn -0.9655 -0.2181 0.1421
vn -0.9851 -0.0012 0.1722
vn -0.9889 -0.1147 0.0947
vn -0.9691 0.0548 0.2403
vn -0.986 -0.07 0.1512
vn -0.8452 -0.4371 0.3074
vn -0.8537 -0.5208 0.0016
vn -0.9676 -0.082 0.239
vn -0.9641 -0.0887 0.2502
vn -0.9327 -0.2594 0.2504
vn -0.9142 -0.183 0.3616
vn -0.3233 -0.8567 0.402
vn 0.122 -0.9922 0.0251
vn 0.8466 -0.5294 0.0552
vn 0.9674 -0.2472 -0.0545
vn 0.9661 -0.2515 0.058
vn 0.9427 -0.3331 0.0196
vn 0.8545 -0.5136 0.0781
vn -0.1049 -0.9944 0.0131
vn 0.196 -0.9576 0.2113
vn 0.2083 -0.9742 0.0867
vn 0.3577 0.9252 -0.1266
vn 0.7675 0.6029 0.218
vn -0.3339 0.8782 0.3423
vn -0.9221 0.3427 0.1799
vn -0.3833 0.9236 0.0093
vn 0.9906 -0.059 -0.1234
vn -0.856 -0.312 0.4123
vn -0.7756 -0.5612 0.2891
vn -0.9067 -0.1637 0.3886
vn -0.7043 -0.6382 0.3109
vn -0.6929 -0.6649 0.279
vn -0.4774 -0.833 0.2795
vn 0.7918 -0.5079 0.3391
vn -0.4075 -0.8785 0.2493
vn -0.4399 -0.8675 0.2324
vn -0.2979 -0.8867 0.3537
vn -0.3173 -0.8833 0.3451
vn -0.649 -0.7449 0.1546
vn -0.215 -0.9108 0.3524
vn -0.2639 -0.949 0.1723
vn -0.9349 -0.3456 -0.0807
vn -0.5337 -0.8059 -0.2564
vn -0.6761 -0.7348 -0.0547
vn -0.235 -0.9446 -0.2293
vn -0.7137 -0.4885 -0.502
vn -0.6598 -0.7148 -0.2316
vn -0.7147 -0.6191 -0.3255
vn -0.6764 -0.5321 -0.5093
vn -0.6094 -0.5903 -0.5293
vn -0.6486 -0.737 -0.1904
vn -0.7148 -0.6219 -0.3197
vn -0.4656 -0.7702 -0.4359
vn -0.4526 -0.5749 -0.6816
vn -0.3415 -0.9394 0.0309
vn -0.2713 -0.9542 -0.1264
vn -0.4641 -0.824 -0.325
vn -0.2105 -0.9666 -0.1463
vn 0.2877 -0.9471 -0.1426
vn -0.1408 -0.9769 0.1608
vn -0.1907 -0.9779 -0.0856
vn 0.1608 -0.9862 0.0398
vn -0.272 -0.6332 -0.7247
vn -0.2617 -0.8536 -0.4504
vn -0.1724 -0.6655 -0.7262
vn -0.1255 -0.8352 -0.5355
vn -0.2035 -0.9181 -0.3402
vn 0.2875 -0.8974 -0.3346
vn -0.1243 -0.8567 -0.5006
vn 0.3025 -0.883 -0.3588
vn 0.0859 -0.9076 0.4109
vn 0.6643 -0.7071 0.2424
vn 0.9276 0.2486 0.2789
vn 0.9662 -0.2037 0.158
vn 0.9744 0.0914 0.2056
vn 0.4387 -0.8277 0.3499
vn 0.4937 0.0969 -0.8642
vn -0.7434 -0.4902 -0.4551
vn -0.0475 -0.7538 0.6554
vn -0.3677 0.8396 0.3999
vn -0.9937 -0.0675 -0.0895
vn -0.7999 -0.0041 -0.6002
vn -0.7928 -0.4544 0.4061
vn -0.7937 -0.5425 -0.2752
vn -0.8771 0.3032 0.3726
vn 0.2747 0.0526 -0.9601
vn -0.8959 0.0233 -0.4437
vn 0.3247 -0.9339 -0.1496
vn -0.7872 -0.5107 0.3457
vn -0.2332 0.0231 -0.9721
vn -0.2593 -0.867 -0.4256
vn -0.2784 -0.5778 -0.7672
vn -0.2035 -0.0533 -0.9776
vn -0.6512 -0.6028 0.461
vn -0.3902 -0.1091 -0.9142
vn 0.9276 -0.037 -0.3717
vn 0.9482 0.2018 -0.2454
vn 0.774 -0.6028 0.1939
vn 0.9134 -0.2807 -0.2949
vn 0.7909 -0.5462 0.2761
vn 0.7738 -0.5974 0.2106
vn -0.236 0.5405 -0.8076
vn -0.0475 -0.7538 0.6554
vn -0.8979 -0.2696 -0.348
vn 0.0958 0.2472 -0.9642
vn -0.0475 -0.7538 0.6554
vn -0.9269 -0.2056 -0.3139
vn 0.0469 0.0307 0.9984
vn -0.6405 -0.7631 -0.0859
vn -0.4788 -0.2176 -0.8505
vn -0.9627 0.2694 -0.0242
vn -0.3167 -0.9234 0.2169
vn -0.8188 -0.5681 -0.0829
vn 0.6039 0.0407 -0.796
vn -0.525 -0.2814 0.8032
vn -0.7058 -0.4413 -0.5542
vn -0.1081 0.0594 -0.9924
vn -0.3874 -0.5459 -0.7429
vn 0.7645 0.5802 0.2809
vn 0.5856 0.784 0.2058
vn 0.5488 0.8153 0.1847
vn 0.4867 0.7941 0.364
vn 0.4932 0.8077 0.3231
vn 0.1909 0.9691 0.1563
vn 0.4706 0.8705 -0.1438
vn -0.176 -0.8784 -0.4443
vn -0.0906 0.1688 -0.9815
vn -0.1995 -0.9788 -0.0457
vn -0.3364 -0.8827 -0.3282
vn 0.9905 -0.1312 0.0402
vn 0.8953 -0.4364 0.0895
vn 0.8731 -0.2472 -0.4203
vn 0.9943 0.1013 -0.032
vn 0.9358 0.2949 -0.1929
vn 0.54 -0.0178 -0.8415
vn 0.0838 0.347 -0.9341
vn 0.1976 0.0982 -0.9754
vn 0.4988 0.1647 -0.8509
vn 0.9171 0.3655 -0.1592
vn 0.1799 0.2283 -0.9568
vn 0.4053 -0.8111 -0.4217
vn 0.8793 0.4758 0.0223
vn 0.62 0.6984 -0.3575
vn 0.3311 0.8201 -0.4667
vn -0.2504 -0.3917 -0.8854
vn 0.0962 0.886 -0.4537
vn -0.1709 0.448 -0.8776
vn -0.113 -0.6504 -0.7511
vn -0.0341 -0.385 -0.9223
vn -0.2514 0.4087 -0.8774
vn -0.68 0.4483 -0.5802
vn -0.1289 0.7667 -0.6289
vn -0.5948 0.0358 -0.8031
vn 0.9676 -0.2477 -0.0481
vn 0.7729 0.2481 -0.5841
vn 0.4482 0.3056 -0.8401
vn 0.0595 -0.0127 -0.9981
vn -0.0503 -0.1039 -0.9933
vn -0.8679 0.0123 -0.4966
vn 0.7809 0.2208 -0.5843
vn 0.3165 0.1771 -0.9319
vn 0.7613 0.0709 -0.6445
vn 0.2656 0.1428 -0.9535
vn 0.0556 0.0294 -0.998
vn -0.0139 0.0784 -0.9968
vn 0.4724 0.2394 -0.8483
vn 0.2272 0.1281 -0.9654
vn -0.8244 -0.0199 -0.5656
vn -0.1816 -0.1882 -0.9652
vn 0.1333 0.2309 -0.9638
vn -0.115 -0.6556 -0.7463
vn -0.1024 0.0063 -0.9947
vn -0.0018 -0.6363 -0.7714
vn -0.0367 -0.0508 -0.998
vn -0.0408 -0.0334 -0.9986
vn 0.0186 -0.6722 -0.7402
vn 0.0106 -0.6098 -0.7925
vn 0.0136 -0.6472 -0.7622
vn -0.0425 -0.4728 -0.8802
vn -0.0497 -0.4033 -0.9137
vn -0.035 -0.7661 -0.6418
vn -0.7059 0.0592 -0.7058
vn -0.6612 0.2717 -0.6993
vn -0.5507 -0.2189 -0.8055
vn -0.3796 0.1263 -0.9165
vn -0.8103 0.2609 -0.5247
vn -0.7515 0.3747 -0.543
vn -0.6836 0.7213 0.1109
vn -0.4087 0.8153 0.4102
vn -0.2124 0.9239 0.3184
vn -0.12 0.9742 0.1909
vn -0.3439 0.8685 0.3571
vn -0.0392 0.81 0.5852
vn -0.8082 0.4754 0.3476
vn -0.3043 -0.9332 -0.1912
vn -0.382 0.8231 0.4203
vn -0.6092 0.7307 0.3081
vn -0.0805 0.9707 0.2266
vn -0.5102 -0.8428 -0.1715
vn -0.0186 0.5729 -0.8194
vn -0.3644 -0.6667 -0.6501
vn -0.2981 0.0953 -0.9498
vn 0.0839 0.2627 -0.9612
vn -0.4553 -0.389 -0.8009
vn -0.7591 -0.1541 -0.6324
vn -0.287 -0.0179 -0.9578
vn 0.1851 0.2937 -0.9378
vn -0.2092 0.3784 -0.9017
vn 0.4277 0.2121 -0.8787
vn 0.313 -0.0261 -0.9494
vn 0.1924 0.2988 -0.9347
vn 0.1779 0.0317 -0.9835
vn 0.4461 -0.1915 -0.8743
vn 0.7064 0.0203 -0.7076
vn 0.8059 -0.0231 -0.5916
vn 0.5212 -0.4827 -0.7038
vn -0.1716 0.1435 -0.9747
vn 0.171 0.0915 -0.981
vn 0.083 0.5363 -0.8399
vn 0.2861 -0.0698 -0.9557
vn -0.0885 -0.3643 -0.9271
vn -0.4108 0.9114 0.0245
vn -0.5028 0.856 0.1202
vn -0.8942 -0.4248 0.1412
vn -0.2486 0.5613 -0.7894
vn -0.2191 0.3233 -0.9206
vn 0.2455 0.1339 -0.9601
vn 0.2395 0.2358 -0.9418
vn 0.016 0.1908 -0.9815
vn 0.21 0.1258 -0.9696
vn 0.2857 -0.2527 -0.9244
vn -0.1733 -0.227 -0.9584
vn -0.2554 -0.0076 -0.9668
vn 0.3146 -0.7395 -0.5951
vn -0.3261 0.3814 -0.865
vn -0.2313 0.5191 -0.8228
vn -0.9904 -0.0057 0.1384
vn -0.6392 -0.7407 -0.2067
vn -0.9878 -0.1555 -0.0045
vn -0.9964 -0.019 0.0832
vn -0.0852 0.2742 0.9579
vn -0.6066 0.7786 0.1606
vn -0.0852 0.2742 0.9579
vn -0.5157 0.8444 0.1453
vn -0.5741 0.7869 0.2263
vn -0.7121 0.6532 0.2574
vn -0.3952 0.886 0.2424
vn -0.5608 0.74 0.3713
vn -0.3443 0.7326 0.5872
vn -0.7936 0.5689 0.2159
vn -0.5727 0.6676 0.4758
vn -0.2101 0.8096 0.5481
vn -0.5532 0.3034 0.7759
vn -0.5286 -0.4425 0.7244
vn -0.749 -0.39 0.5356
vn -0.9275 0.0224 0.3731
vn -0.8634 0.1863 0.4689
vn -0.9754 -0.1392 0.1711
vn -0.9597 0.1677 0.2257
vn -0.9421 -0.0998 0.32
vn -0.8898 0.1182 0.4409
vn -0.9438 0.0884 0.3185
vn -0.9472 -0.0217 0.32
vn -0.8942 0.0814 0.4402
vn -0.8443 0.3981 0.3588
vn -0.9621 0.1651 0.2171
vn -0.9857 0.0924 0.1408
vn -0.9548 0.2099 0.2106
vn -0.9758 -0.1919 0.1053
vn -0.3159 0.9467 0.0633
vn -0.0105 0.9994 0.0332
vn -0.1076 0.9912 0.0767
vn -0.0361 0.9936 0.1067
vn -0.2909 0.951 0.1052
vn -0.0927 0.9879 0.1245
vn -0.0382 0.9951 0.0909
vn 0.0701 0.9857 0.1529
vn -0.0852 0.2742 0.9579
vn -0.4599 0.8717 0.1693
vn -0.2734 0.939 -0.2085
vn 0.2056 0.9698 0.131
vn 0.3327 0.941 -0.0623
vn 0.3706 0.9156 0.1562
vn 0.5451 0.8318 0.1051
vn 0.6528 0.7395 0.1643
vn 0.0679 0.9921 0.1052
vn 0.476 0.8683 0.1396
vn 0.6055 0.7886 0.1073
vn 0.0142 0.986 0.1661
vn 0.1639 0.9768 0.1377
vn 0.0411 0.9605 0.2752
vn -0.2424 0.92 0.3079
vn -0.2103 0.931 0.2984
vn -0.3106 0.8773 0.3658
vn -0.0798 0.9449 0.3176
vn -0.4269 0.7827 0.4529
vn -0.164 0.8923 0.4206
vn -0.6014 0.6589 0.4519
vn 0.0482 0.9209 0.3867
vn -0.0936 0.8724 0.4798
vn 0.1793 0.8911 0.4169
vn 0.2861 0.9417 0.1772
vn 0.3219 0.9367 0.1376
vn 0.439 0.8334 0.3357
vn 0.6034 0.7754 0.1863
vn 0.3889 0.8899 0.2383
vn 0.7163 0.6584 0.2311
vn 0.3004 0.8547 0.4234
vn 0.4787 0.8045 0.3516
vn 0.6075 0.645 0.4637
vn -0.9775 -0.0298 0.209
vn -0.9954 -0.0955 0.0092
vn -0.9955 -0.0383 0.0866
vn -0.9745 0.0111 0.224
vn -0.9621 0.1231 0.2432
vn -0.9701 0.0385 0.2398
vn -0.9708 0.0634 0.2312
vn -0.3716 -0.0807 -0.9249
vn -0.2877 -0.1963 -0.9374
vn 0.5778 0.205 -0.7901
vn 0.0295 0.3856 -0.9222
vn -0.0687 -0.3837 -0.9209
vn -0.2569 -0.9127 -0.3177
vn 0.4702 -0.3213 -0.822
vn 0.8307 -0.1096 -0.5459
vn -0.0756 -0.3558 -0.9315
vn -0.1689 -0.9059 -0.3884
vn 0.5611 -0.506 -0.6551
vn 0.0319 -0.3194 -0.9471
vn -0.0378 -0.8931 -0.4483
vn 0.1542 -0.4952 -0.855
vn 0.0871 -0.9079 -0.41
vn 0.5258 -0.8173 -0.2357
vn 0.7672 -0.3812 0.5158
vn 0.7813 -0.4776 0.4019
vn 0.6071 -0.4512 0.6541
vn 0.7201 -0.3436 0.6028
vn 0.9648 -0.162 0.2071
vn 0.9708 -0.2194 0.0966
vn 0.8856 -0.3125 0.3436
vn 0.8431 -0.3814 0.3791
vn 0.7483 -0.6582 0.0831
vn 0.8543 -0.5009 0.1387
vn 0.6806 0.708 0.1886
vn 0.709 0.6948 0.1207
vn 0.92 0.3367 -0.2008
vn 0.8586 0.4997 0.115
vn 0.8967 0.4138 0.157
vn 0.9579 0.262 0.1172
vn 0.9207 0.3535 0.1653
vn 0.9878 0.0556 0.1457
vn 0.9986 0.03 0.0437
vn 0.9839 0.1756 0.0334
vn 0.994 -0.0969 0.0509
vn 0.9911 0.0538 0.1215
vn 0.9741 0.1816 0.1347
vn 0.7166 0.6843 0.1351
vn 0.8036 0.571 0.1682
vn 0.92 0.3014 0.2506
vn 0.8443 0.4766 0.2448
vn 0.9602 0.1099 0.2568
vn 0.9439 0.2639 0.1985
vn 0.8404 0.4648 0.2787
vn 0.8762 -0.4526 0.1658
vn 0.957 -0.2901 0.0038
vn 0.9645 -0.2637 -0.0131
vn 0.7928 -0.6001 0.1069
vn 0.8952 -0.4456 0.0046
vn 0.9874 -0.0746 0.1399
vn 0.9792 -0.1694 0.1116
vn 0.9557 -0.2935 0.02
vn 0.7313 -0.68 0.0539
vn 0.665 -0.7378 -0.1157
vn 0.9025 -0.4291 -0.0359
vn 0.9623 0.1378 0.2345
vn 0.8568 -0.4933 0.1503
vn 0.9668 -0.1833 0.1778
vn 0.9346 -0.3202 0.1546
vn 0.9851 0.023 0.1707
vn 0.9789 -0.1387 0.1498
vn 0.9756 -0.2145 0.0469
vn 0.8954 -0.4342 0.0985
vn 0.9556 -0.2922 0.0385
vn 0.967 -0.2226 -0.1238
vn 0.9779 -0.2081 -0.0201
vn 0.9729 -0.22 -0.0705
vn 0.3245 0.0526 -0.9444
vn -0.7611 0.4876 -0.4277
vn -0.9025 0.3078 -0.3013
vn -0.6986 0.3781 -0.6075
vn -0.8119 0.1552 -0.5628
vn -0.7767 0.3036 -0.5519
vn -0.4484 0.8687 -0.2103
vn -0.5814 -0.8119 0.0525
vn -0.4575 0.8816 -0.1158
vn -0.8843 0.2256 -0.4088
vn -0.9067 0.1987 -0.372
vn -0.87 0.4805 -0.1108
vn -0.9576 0.1723 -0.2311
vn -0.9276 0.3717 -0.0382
vn -0.9037 -0.3227 -0.2814
vn -0.9958 0.0912 0.0102
vn -0.9399 0.3186 0.1226
vn -0.9863 0.1636 -0.0213
vn -0.9713 0.2377 -0.0073
vn -0.3985 0.5773 -0.7127
vn -0.9956 -0.0643 0.0678
vn -0.6393 0.4799 0.6008
vn -0.4 0.8901 0.2184
vn -0.7024 0.7092 0.06
vn -0.3942 0.8924 0.2198
vn -0.918 -0.3788 0.1176
vn -0.4767 -0.8084 -0.3454
vn -0.9204 0.2959 0.2556
vn -0.9842 -0.144 0.1034
vn -0.987 -0.1548 0.0424
vn -0.9612 0.1865 0.2034
vn -0.9869 -0.1207 0.1069
vn -0.9309 0.0929 0.3534
vn -0.9569 0.0611 0.2839
vn -0.9307 0.0364 0.3638
vn -0.9716 -0.0102 0.2362
vn -0.9565 0.0727 0.2825
vn -0.9343 0.3205 0.1558
vn -0.9474 0.1183 0.2975
vn -0.9018 0.1133 0.4171
vn -0.9347 -0.0601 0.3502
vn -0.9585 0.0747 0.275
vn -0.9341 0.3338 0.127
vn -0.7099 -0.6993 -0.0839
vn -0.9132 0.14 0.3826
vn -0.9189 0.0027 0.3945
vn -0.9058 0.155 0.3943
vn -0.956 0.0704 0.2849
vn -0.4872 0.8692 0.0851
vn 0.2079 -0.1693 -0.9634
vn -0.1582 0.9268 -0.3406
vn -0.0696 -0.2432 -0.9675
vn 0.4762 -0.0093 -0.8793
vn 0.5837 0.2109 -0.7841
vn 0.0444 -0.3721 -0.9271
vn -0.1776 -0.0835 -0.9805
vn 0.5284 -0.2892 -0.7982
vn -0.0036 0.9019 -0.4319
vn 0.7437 -0.5501 -0.3797
vn 0.6425 -0.5441 -0.5396
vn 0.4513 -0.7713 -0.4488
vn 0.8855 -0.3543 -0.3006
vn -0.4295 0.8472 -0.3126
vn -0.3343 0.9046 -0.2644
vn -0.605 0.7777 0.1709
vn 0.0023 0.9897 -0.1429
vn -0.6444 0.7624 -0.0585
vn -0.0293 0.9903 -0.1359
vn 0.0961 0.9091 -0.4052
vn 0.4541 -0.5909 -0.6667
vn 0.0679 -0.6457 -0.7606
vn -0.7212 -0.6317 -0.2842
vn -0.4231 -0.7815 -0.4586
vn -0.9686 -0.0868 -0.2328
vn -0.9497 -0.1333 -0.2833
vn -0.8965 -0.3781 0.2309
vn -0.2574 -0.1557 -0.9537
vn 0.2507 0.2855 -0.925
vn 0.1216 0.2094 -0.9702
vn 0.5779 0.096 -0.8104
vn 0.4737 0.1384 -0.8697
vn 0.3948 -0.4651 -0.7923
vn 0.0804 -0.0621 -0.9948
vn 0.7562 0.2521 -0.6038
vn 0.6957 -0.0065 -0.7183
vn 0.9736 0.1652 -0.1573
vn 0.9695 -0.1058 -0.2213
vn 0.9748 -0.2115 -0.0705
vn 0.9104 0.277 -0.3073
vn 0.2979 0.1885 -0.9358
vn 0.7628 -0.2888 -0.5786
vn 0.8418 -0.4921 -0.2219
vn 0.6787 -0.7045 -0.2075
vn 0.9298 -0.2751 -0.2448
vn 0.9805 -0.1649 0.1065
vn 0.8629 -0.4993 -0.0777
vn 0.8879 -0.4022 0.2234
vn 0.8109 -0.5091 0.2885
vn 0.7999 -0.5754 0.1706
vn 0.7692 -0.5727 0.2836
vn 0.9078 -0.4177 -0.0393
vn 0.7773 -0.5895 0.2196
vn 0.7877 -0.5731 0.2261
vn 0.6873 -0.7237 0.0622
vn 0.8214 -0.2578 -0.5088
vn 0.7998 -0.5897 0.1119
vn 0.9191 -0.2105 -0.3332
vn 0.3457 0.2047 -0.9157
vn 0.4944 0.8684 0.0375
vn 0.2234 0.7625 -0.6072
vn -0.975 -0.2196 0.0344
vn -0.8449 0.1264 0.5199
vn -0.9574 -0.1852 0.2215
vn -0.8915 -0.1247 -0.4356
vn -0.7385 -0.6742 -0.0023
vn -0.995 0.0946 -0.0314
vn 0.5242 -0.8305 -0.1886
vn 0.7014 -0.1949 -0.6856
vn 0.2187 -0.3032 -0.9275
vn -0.606 0.7938 0.0512
vn -0.7046 0.6114 0.3601
vn -0.7378 0.6596 0.1439
vn -0.9929 0.0676 0.0978
vn -0.989 -0.0576 0.1365
vn -0.9834 -0.1707 -0.0623
vn -0.9978 0.0666 0.0045
vn -0.5896 -0.7906 -0.165
vn -0.9813 0.1288 -0.1429
vn -0.9303 -0.2391 -0.278
vn -0.858 0.4173 0.2996
vn -0.9323 -0.2563 -0.2554
vn -0.9947 0.0673 -0.0781
vn -0.9024 0.4234 0.0798
vn -0.7643 0.4436 0.4681
vn -0.9629 -0.2263 -0.1471
vn -0.9883 -0.149 -0.0316
vn -0.9823 0.162 -0.094
vn -0.9515 -0.2255 -0.2091
vn -0.6752 -0.171 0.7175
vn -0.4229 -0.9004 0.1023
vn -0.979 0.1903 -0.0729
vn -0.3731 -0.9195 0.1238
vn -0.8385 -0.2981 0.4562
vn -0.3436 -0.9165 0.205
vn -0.2829 -0.4906 0.8242
vn -0.6761 -0.054 0.7348
vn -0.1368 -0.7357 0.6634
vn 0.0183 -0.2836 0.9588
vn -0.0354 -0.37 0.9284
vn 0.0578 -0.4844 0.8729
vn -0.7467 -0.6159 0.251
vn -0.1578 -0.3698 0.9156
vn -0.0869 -0.6218 0.7784
vn -0.7456 0.5575 0.365
vn -0.6821 0.5999 0.4182
vn -0.7656 0.3614 0.5322
vn -0.8443 0.3569 0.3997
vn -0.2375 -0.2975 0.9247
vn -0.5508 -0.8256 0.1224
vn -0.9779 -0.2089 -0.0079
vn -0.9936 0.0533 -0.1
vn -0.6589 -0.052 -0.7504
vn 0.3913 0.8408 -0.374
vn 0.4931 0.6465 -0.5821
vn 0.7005 0.7111 -0.0609
vn -0.5191 -0.4813 -0.7064
vn -0.4117 -0.7881 -0.4577
vn -0.7983 -0.1382 -0.5862
vn 0.2427 -0.3232 -0.9147
vn 0.9745 -0.0296 -0.2225
vn 0.6911 0.2924 -0.6609
vn -0.2268 0.7537 -0.6168
vn -0.1956 0.2312 -0.953
vn -0.4441 0.3341 -0.8313
vn 0.2054 0.4605 -0.8636
vn -0.0604 0.1071 -0.9924
vn -0.0747 0.4236 -0.9027
vn -0.0922 -0.9067 -0.4115
vn -0.6022 0.0109 -0.7983
vn -0.6184 -0.0077 -0.7859
vn -0.6052 0.2566 -0.7536
vn -0.1427 0.4488 -0.8822
vn 0.7251 -0.398 -0.5619
vn -0.3336 0.3402 -0.8792
vn 0.1857 -0.981 -0.0554
vn 0.739 -0.6263 0.2484
vn -0.6632 0.2773 -0.6952
vn -0.7144 0.2888 -0.6373
vn -0.9785 0.0882 -0.1863
vn 0.9617 -0.1463 -0.232
vn 0.9563 -0.111 0.2707
vn 0.9245 -0.2061 0.3206
vn 0.9937 -0.1001 0.0505
vn 0.94 -0.3206 0.1169
vn 0.9598 -0.2778 -0.039
vn -0.9444 -0.2263 0.2387
vn -0.8293 -0.3933 0.397
vn 0.8299 -0.1869 -0.5256
vn -0.532 -0.3234 -0.7826
vn -0.6273 -0.7751 -0.0752
vn -0.2799 -0.9508 -0.1326
vn -0.3439 -0.1148 -0.932
vn -0.1517 -0.6604 -0.7354
vn -0.4254 0.2641 -0.8656
vn -0.1443 -0.961 0.2359
vn -0.7793 -0.5774 0.2435
vn -0.6075 -0.7099 0.3563
vn -0.5892 -0.7853 0.1903
vn -0.3135 -0.9448 0.0952
vn -0.0771 -0.9945 0.0714
vn 0.0812 -0.9894 0.1205
vn -0.8153 -0.5787 -0.0202
vn -0.2688 -0.9632 -0.0008
vn 0.0862 -0.9902 -0.1095
vn -0.5297 -0.846 0.0607
vn -0.6527 -0.688 0.3171
vn -0.2085 -0.9726 0.1026
vn 0.3135 -0.9483 0.0493
vn -0.0099 -0.9961 0.0875
vn 0.0189 -0.9993 0.0336
vn 0.2304 -0.9726 -0.0303
vn -0.1062 -0.9936 0.0375
vn -0.4567 -0.8896 0.0104
vn -0.8691 -0.4796 0.1209
vn -0.532 -0.8384 0.1186
vn -0.9868 0.0554 0.1521
vn -0.9139 -0.3274 0.2401
vn -0.7972 -0.5496 0.2499
vn -0.6546 -0.6554 0.3768
vn -0.5246 -0.8027 0.2837
vn -0.9792 -0.2016 0.0216
vn -0.2496 -0.9683 -0.0123
vn -0.1012 -0.9229 -0.3715
vn -0.9792 -0.2016 0.0216
vn -0.0613 -0.9416 -0.3312
vn -0.9792 -0.2016 0.0216
vn 0.044 -0.9977 -0.0508
vn -0.1927 -0.9743 -0.1162
vn -0.1034 -0.9942 0.0303
vn -0.0738 -0.9973 0.0044
vn -0.1918 -0.9813 0.013
vn -0.0892 -0.9951 0.0418
vn -0.2374 -0.9452 0.2243
vn -0.074 -0.9863 0.1471
vn 0.2932 -0.7023 0.6487
vn 0.0213 -0.9731 0.2295
vn 0.3026 -0.9182 0.2556
vn -0.1872 -0.9109 0.3678
vn -0.1545 -0.932 0.3279
vn -0.3547 -0.8717 0.3382
vn -0.1186 -0.9256 0.3595
vn 0.539 -0.836 -0.1027
vn 0.0193 -0.9722 0.2334
vn -0.4605 -0.8262 0.3246
vn 0.4385 -0.8905 0.1213
vn -0.0881 -0.9714 0.2206
vn -0.1584 -0.9703 0.1827
vn 0.2177 -0.9728 0.0792
vn 0.1517 -0.9489 0.2768
vn 0.2189 -0.9287 -0.2993
vn 0.9767 -0.1543 0.1492
vn 0.9767 -0.1543 0.1492
vn 0.1946 -0.9785 0.0685
vn 0.3909 -0.9196 0.0387
vn 0.9767 -0.1543 0.1492
vn -0.075 -0.9389 0.3359
vn 0.5696 -0.7948 0.2094
vn 0.291 -0.9415 0.1698
vn 0.7329 -0.6512 0.1968
vn 0.1213 -0.9906 0.0628
vn -0.3312 -0.941 0.0692
vn -0.196 -0.9794 0.0479
vn -0.1782 -0.9781 0.1078
vn 0.185 -0.9178 0.3513
vn -0.248 -0.9684 0.0274
vn -0.3323 -0.9405 0.0712
vn 0.1333 -0.9816 0.1371
vn 0.7541 -0.6567 -0.0067
vn 0.5658 -0.8234 0.0428
vn 0.2058 -0.9781 0.0317
vn 0.4489 -0.8882 0.0984
vn 0.1338 -0.9793 0.1516
vn 0.269 -0.9456 0.1832
vn 0.747 -0.6605 0.0761
vn -0.8514 -0.4474 -0.2736
vn -0.5025 -0.8645 -0.0141
vn -0.9398 -0.1297 0.3162
vn -0.9825 -0.1863 0.0013
vn -0.9515 -0.3071 0.0185
vn -0.7073 -0.7066 0.0205
vn -0.9679 -0.2474 -0.0446
vn -0.9025 -0.4305 0.0082
vn -0.618 -0.7856 -0.0295
vn -0.9978 0.018 -0.0644
vn -0.7958 -0.599 0.0888
vn -0.9984 0.0075 -0.0564
vn -0.9744 -0.2095 0.0818
vn -0.979 -0.0995 0.178
vn -0.2613 -0.9642 0.0439
vn -0.8697 0.4197 -0.2597
vn -0.868 0.1721 -0.4658
vn -0.6439 0.7618 -0.071
vn -0.2904 0.9175 -0.2717
vn 0.1689 0.9793 -0.1114
vn -0.882 -0.1744 -0.4378
vn -0.7593 -0.3948 -0.5172
vn -0.7811 -0.4236 -0.4588
vn -0.7423 -0.4155 -0.5257
vn -0.6912 -0.5034 -0.5185
vn -0.8334 -0.4199 -0.3594
vn -0.8837 -0.087 -0.46
vn -0.9187 -0.2381 -0.315
vn -0.8719 -0.4646 -0.1546
vn -0.6372 -0.7498 -0.1782
vn -0.4311 0.8134 0.3905
vn -0.9611 0.0643 -0.2687
vn -0.9249 -0.3474 -0.1544
vn -0.8129 -0.5784 0.0689
vn -0.9194 -0.3524 -0.1748
vn -0.7634 -0.6427 0.0647
vn -0.9338 -0.3163 -0.1674
vn -0.7319 -0.6804 0.037
vn -0.9634 -0.2387 -0.1219
vn -0.7299 -0.6818 0.0479
vn -0.9789 -0.1744 -0.1068
vn -0.7328 -0.68 0.0257
vn -0.129 -0.9817 0.1402
vn -0.1212 0.9109 0.3944
vn -0.0071 0.9756 0.2195
vn 0.5826 0.1015 0.8064
vn 0.5269 -0.3032 0.794
vn 0.5195 -0.2643 0.8126
vn 0.3986 0.3394 0.852
vn 0.6036 -0.3326 0.7246
vn 0.5418 0.1297 0.8305
vn 0.3859 0.2186 0.8963
vn 0.3648 -0.0428 0.9301
vn -0.8286 0.5444 -0.1307
vn -0.9234 -0.3611 0.1298
vn -0.9842 -0.1336 -0.1165
vn -0.7655 -0.6297 0.1321
vn 0.1458 -0.6681 0.7296
vn -0.9257 -0.3185 0.2038
vn -0.7926 0.6042 -0.0817
vn -0.9179 0.3134 0.2435
vn -0.8521 -0.2684 0.4493
vn -0.6553 -0.1873 0.7318
vn -0.6814 -0.3083 0.6638
vn -0.1281 -0.078 0.9887
vn -0.4209 -0.4839 0.7673
vn -0.5624 -0.6638 0.493
vn 0.1105 0.0243 0.9936
vn -0.0326 -0.7912 0.6107
vn -0.4891 0.4355 0.7558
vn 0.1599 -0.6904 0.7055
vn 0.1703 0.0777 0.9823
vn 0.2831 0.2625 0.9225
vn 0.4696 -0.3289 0.8193
vn 0.103 -0.7601 0.6416
vn 0.0866 -0.7582 0.6462
vn 0.1796 0.5479 0.817
vn -0.3208 -0.3422 0.8832
vn -0.4089 0.7349 0.5411
vn -0.6209 0.4317 0.6543
vn -0.4575 -0.3161 0.8311
vn -0.528 0.1041 0.8428
vn -0.4068 -0.0024 0.9135
vn 0.129 0.6849 0.7171
vn 0.4597 0.8292 0.3178
vn 0.6015 0.1496 0.7847
vn 0.3003 0.8098 0.504
vn 0.7791 0.2997 0.5506
vn -0.0306 0.8815 0.4713
vn 0.2557 0.0383 0.966
vn -0.5541 0.6998 0.4509
vn -0.657 -0.503 0.5616
vn 0.348 0.2627 0.8999
vn 0.0116 0.6531 0.7572
vn 0.071 0.3899 0.9181
vn 0.2833 0.2334 0.9302
vn -0.1899 0.293 0.9371
vn -0.269 0.4059 0.8734
vn 0.0535 0.3561 0.9329
vn -0.1045 0.1014 0.9893
vn -0.556 0.4497 0.699
vn -0.2526 -0.1186 0.9603
vn -0.1234 0.308 0.9433
vn -0.5009 -0.6755 0.5412
vn 0.2076 0.2167 0.9539
vn -0.4016 0.3305 0.8541
vn -0.235 -0.0217 0.9718
vn -0.0846 0.8402 0.5356
vn -0.074 -0.4307 0.8995
vn -0.3208 0.8216 0.4713
vn -0.9815 0.0767 -0.1755
vn -0.2753 0.8243 0.4947
vn -0.647 0.3204 0.6919
vn -0.3961 -0.0352 0.9175
vn 0.9377 0.3286 0.1126
vn 0.9055 0.3466 -0.2446
vn 0.9156 -0.1569 -0.3702
vn -0.3464 -0.7035 -0.6206
vn 0.0792 -0.9144 -0.397
vn 0.7306 -0.4383 -0.5236
vn 0.3805 -0.9014 -0.2066
vn 0.6161 -0.7355 -0.282
vn 0.1443 -0.9377 0.3161
vn 0.968 0.1097 -0.2258
vn 0.6577 -0.7077 -0.258
vn 0.3104 -0.9364 0.1639
vn 0.8654 0.4263 0.2634
vn 0.4558 0.876 0.1577
vn 0.2475 -0.7445 0.6201
vn -0.0923 -0.8158 0.5709
vn 0.6498 -0.7068 0.2796
vn 0.8918 -0.4514 -0.0294
vn 0.4084 -0.8276 0.3852
vn -0.5159 0.2264 0.8262
vn -0.5167 -0.0433 0.8551
vn -0.5376 -0.0676 0.8405
vn -0.5604 -0.0172 0.828
vn -0.5503 -0.1133 0.8272
vn -0.587 0.2229 0.7783
vn -0.1617 -0.6793 0.7159
vn 0.3574 -0.8049 0.4736
vn -0.6053 0.3955 0.6908
vn -0.5415 -0.4315 0.7215
vn 0.8444 0.3275 0.424
vn -0.6025 0.4127 0.6832
vn -0.2527 -0.5198 0.816
vn 0.1564 -0.8106 0.5643
vn 0.893 -0.4119 0.1811
vn 0.8595 0.5034 0.0885
vn 0.8435 -0.3962 0.3626
vn 0.1201 0.5341 0.8368
vn -0.3249 -0.4551 0.8291
vn -0.4622 0.2326 0.8557
vn 0.0526 0.0864 0.9949
vn -0.1132 -0.6627 0.7403
vn 0.0886 -0.8097 0.5801
vn 0.5669 0.1386 0.8121
vn 0.6985 0.204 0.6859
vn 0.2312 -0.9106 0.3425
vn -0.8453 0.5288 0.0767
vn -0.8485 0.4287 0.3103
vn 0.195 -0.9049 0.3784
vn -0.8307 -0.5552 0.0419
vn -0.9438 -0.251 0.2149
vn -0.5074 -0.6341 0.5836
vn -0.7936 -0.6038 0.0755
vn -0.1703 -0.8937 0.4152
vn -0.554 -0.4365 0.7089
vn -0.9017 0.3716 0.2209
vn -0.2719 -0.6522 0.7076
vn -0.425 -0.3657 0.828
vn -0.6298 0.0711 0.7735
vn -0.5815 -0.3374 0.7403
vn -0.8348 0.1916 0.5162
vn 0.5932 0.3374 0.7309
vn -0.0829 -0.3668 0.9266
vn -0.9718 -0.1219 0.2021
vn -0.9167 0.3578 0.1777
vn -0.8193 0.4684 0.3308
vn -0.9346 0.2509 0.2523
vn -0.883 0.338 0.3256
vn -0.8333 0.5013 0.2329
vn -0.9255 0.3165 0.208
vn -0.9549 0.175 0.2399
vn -0.7975 0.5707 0.1958
vn -0.9243 0.3687 0.0988
vn -0.9752 0.1367 0.174
vn -0.2339 0.8563 0.4605
vn 0.0611 0.9011 0.4293
vn 0.1551 0.8621 0.4824
vn 0.0351 0.9983 -0.0464
vn 0.4955 0.6495 0.5767
vn -0.6322 0.7531 0.1822
vn 0.2429 0.823 0.5135
vn 0.4009 0.7945 0.4562
vn 0.3512 0.8303 0.4326
vn 0.401 0.8752 0.2705
vn 0.731 0.6001 0.325
vn 0.7503 0.5562 0.3574
vn 0.8999 0.3374 0.2764
vn 0.5552 0.7313 0.3963
vn -0.242 0.8703 0.4289
vn -0.3444 0.8437 0.4117
vn -0.0626 0.8728 0.484
vn 0.0893 0.8842 0.4584
vn -0.3014 0.8362 0.4582
vn -0.2956 0.8356 0.4629
vn -0.5396 0.7707 0.3388
vn -0.9612 0.1643 0.2218
vn -0.9732 0.0934 0.2103
vn -0.9347 0.1576 0.3187
vn -0.9495 0.027 0.3125
vn -0.983 0.066 0.1713
vn -0.9822 0.0931 0.163
vn -0.9623 0.1336 0.2368
vn 0.5869 0.7256 0.3592
vn 0.4139 0.8459 0.3365
vn 0.8036 0.5049 0.3151
vn 0.8671 0.4272 0.2562
vn 0.7472 0.588 0.3096
vn -0.7272 0.6531 0.2112
vn -0.4186 0.9012 0.1122
vn -0.1325 0.9515 0.2777
vn -0.5638 0.8244 0.0495
vn 0.5199 0.8015 0.2954
vn -0.4 0.8801 0.2557
vn -0.1856 0.9313 0.3136
vn -0.3408 0.9179 0.2035
vn 0.1232 0.9596 0.2529
vn 0.3992 0.8421 0.3627
vn 0.4597 0.8401 0.2879
vn 0.277 0.9129 0.2998
vn 0.3168 0.9333 0.1691
vn -0.571 0.6968 0.4342
vn -0.5121 0.8566 0.0633
vn -0.1016 0.9665 0.2358
vn 0.1947 0.9563 0.2183
vn 0.5323 0.8358 0.1345
vn 0.8475 0.4421 0.2936
vn 0.7597 0.5773 0.2993
vn 0.9118 0.2395 0.3336
vn 0.6346 0.7097 0.306
vn 0.9381 0.1679 0.3029
vn 0.887 0.2863 0.3622
vn 0.9446 -0.0111 0.328
vn 0.9389 -0.0332 0.3427
vn 0.7438 0.6204 0.2487
vn 0.8294 0.5347 0.1615
vn 0.9094 0.3673 0.1954
vn 0.8789 0.3435 0.331
vn 0.9539 -0.0035 0.3002
vn -0.7675 0.6292 0.1226
vn -0.5206 0.8138 -0.2584
vn -0.3852 0.848 -0.3641
vn -0.3568 0.8823 -0.3068
vn -0.3262 0.9374 -0.122
vn -0.0593 0.9778 -0.2009
vn 0.011 0.9961 0.0872
vn 0.7913 0.5998 0.1187
vn 0.8754 0.4827 0.0248
vn 0.2438 0.9691 0.0374
vn 0.0175 0.9384 -0.3452
vn 0.4955 0.8642 -0.0871
vn 0.9456 0.2953 0.1362
vn 0.9931 0.1033 0.0548
vn 0.9691 -0.1802 -0.1686
vn 0.7398 0.6367 -0.2176
vn 0.7639 0.6001 -0.2375
vn 0.9373 0.2174 0.2723
vn 0.9829 0.0359 0.1804
vn 0.9532 0.2224 0.2048
vn 0.9892 -0.0266 0.144
vn 0.8906 0.3651 0.2711
vn 0.9545 0.1647 0.2485
vn 0.9863 -0.1533 0.0605
vn 0.9729 -0.2278 0.0409
vn 0.9751 -0.2204 -0.0234
vn 0.9757 -0.1541 0.156
vn 0.9716 -0.116 0.2062
vn 0.9864 0.0251 0.1627
vn 0.9481 -0.0171 0.3176
vn 0.9617 -0.1125 0.25
vn 0.9415 -0.2186 0.2564
vn 0.9482 -0.1369 0.2867
vn 0.9666 -0.0153 0.2559
vn 0.9344 -0.1256 0.3332
vn -0.0842 0.9897 0.1156
vn -0.0808 0.9777 0.1937
vn -0.1145 0.9548 0.2743
vn 0.0143 0.9938 0.11
vn -0.1232 0.9898 0.0719
vn 0.3359 0.9197 -0.2032
vn 0.0431 0.9489 0.3125
vn -0.0509 0.8387 0.5423
vn -0.0015 0.9061 0.423
vn 0.2131 0.9641 0.1587
vn 0.5809 0.8091 0.0889
vn 0.4002 0.9133 -0.0755
vn 0.8653 0.421 -0.2721
vn 0.1562 0.9133 0.3761
vn 0.4318 0.8567 0.2823
vn 0.3987 0.8552 0.3311
vn 0.8184 0.5732 -0.0398
vn -0.7754 0.631 -0.0251
vn -0.9793 0.0781 0.187
vn -0.9909 0.1314 0.0288
vn -0.8672 0.475 -0.1495
vn -0.9583 -0.002 0.2857
vn -0.9525 0.1665 0.2551
vn -0.9872 0.046 0.1525
vn -0.9583 0.0867 0.2723
vn -0.9569 0.0064 0.2903
vn -0.9663 0.0462 0.2533
vn -0.9538 -0.075 0.2909
vn -0.9545 0.0389 0.2957
vn -0.943 -0.111 0.3138
vn -0.9889 0.0301 0.1453
vn -0.9802 0 0.198
vn -0.9813 -0.0658 0.1808
vn -0.9631 0.0801 0.2571
vn -0.9567 -0.0194 0.2906
vn -0.961 0.0095 0.2764
vn -0.9666 0.0671 0.2473
vn -0.9636 -0.0273 0.2658
vn -0.9669 -0.0217 0.2542
vn -0.5986 -0.6576 0.4573
vn -0.193 -0.8397 0.5076
vn -0.5369 -0.7918 0.2913
vn -0.4495 -0.7913 0.4144
vn -0.2204 -0.8727 0.4356
vn 0.151 -0.9748 0.1642
vn 0.2426 -0.8621 0.4448
vn 0.213 -0.8481 0.4852
vn 0.1582 -0.8646 0.4769
vn 0.5028 -0.7302 0.4627
vn -0.3784 -0.8433 0.3817
vn -0.0434 -0.9421 0.3325
vn 0.0545 -0.9123 0.406
vn -0.0748 -0.9811 0.1787
vn 0.0948 -0.9602 0.2629
vn 0.101 -0.9395 0.3273
vn -0.978 0.0272 0.2069
vn -0.9779 -0.1309 0.1632
vn -0.9358 -0.2624 0.2355
vn -0.9821 -0.1864 0.0266
vn -0.8622 -0.3949 0.3172
vn -0.9302 -0.3089 0.1984
vn -0.935 -0.3145 0.1643
vn -0.7055 -0.5811 0.4058
vn -0.8501 -0.4606 0.2552
vn -0.8584 -0.4019 0.3187
vn -0.7052 -0.6753 0.2161
vn -0.8275 -0.5492 -0.1166
vn -0.9285 -0.3676 0.0518
vn -0.4377 -0.8109 0.3883
vn -0.434 -0.8546 0.2852
vn -0.7744 -0.628 0.0769
vn -0.8699 -0.4931 -0.0138
vn -0.3443 -0.9297 0.1311
vn -0.5743 -0.8183 -0.0257
vn -0.6791 -0.7324 0.0494
vn -0.7067 -0.703 -0.08
vn -0.6064 -0.76 -0.2338
vn -0.5035 -0.8615 -0.0666
vn -0.1471 -0.9205 -0.3621
vn -0.1979 -0.9007 0.3867
vn 0.2427 -0.9669 -0.0793
vn -0.1425 -0.854 -0.5005
vn -0.4733 -0.8292 -0.2974
vn -0.1696 -0.8553 0.4895
vn 0.0709 -0.8575 0.5095
vn 0.2961 -0.8083 0.5089
vn 0.7422 -0.4953 0.4515
vn 0.8819 -0.2758 0.3822
vn 0.0368 0.0077 0.9993
vn 0.6528 -0.7568 0.0327
vn 0.3768 -0.6028 0.7033
vn 0.0368 0.0077 0.9993
vn 0.451 -0.7385 0.5013
vn 0.469 -0.7244 0.5053
vn 0.7219 -0.5065 0.4714
vn 0.5232 -0.6943 0.4941
vn 0.346 -0.4955 -0.7967
vn 0.0368 0.0077 0.9993
vn 0.7069 -0.6088 0.36
vn 0.0843 -0.9244 0.3721
vn 0.4188 -0.7907 0.4466
vn 0.2187 -0.8391 0.4981
vn 0.5941 -0.7633 0.2536
vn 0.1955 -0.9691 0.1506
vn 0.8851 -0.2738 0.3763
vn 0.9172 -0.3003 0.2618
vn 0.6776 -0.5993 0.4263
vn 0.7087 -0.5829 0.3974
vn 0.8553 -0.2999 0.4225
vn 0.824 -0.5148 0.2366
vn 0.4258 -0.7015 0.5715
vn -0.6679 0.6643 -0.3355
vn -0.5937 0.7487 -0.295
vn -0.5521 0.8259 -0.1145
vn -0.7016 -0.7125 0.0055
vn -0.9597 -0.1976 -0.2
vn -0.6799 -0.7273 0.0936
vn -0.8389 -0.5442 0.0126
vn -0.887 -0.4598 -0.0429
vn -0.715 -0.6983 0.0334
vn -0.707 -0.6942 0.135
vn -0.6066 -0.7688 0.2023
vn -0.8478 -0.5287 -0.0408
vn -0.7715 -0.587 0.2455
vn -0.9418 -0.3362 -0.0002
vn -0.8759 -0.4544 0.1626
vn -0.8219 -0.5551 0.1277
vn -0.7491 -0.6594 0.0642
vn -0.557 -0.8205 0.1285
vn -0.8002 -0.5026 0.3273
vn -0.3471 -0.8928 0.2873
vn -0.5175 -0.7881 0.3334
vn -0.5724 -0.8034 0.1638
vn -0.482 -0.7976 0.3626
vn -0.2418 -0.9682 0.0639
vn 0.9677 -0.2477 0.0478
vn 0.4342 -0.8915 0.129
vn 0.545 -0.7886 -0.2846
vn 0.9572 -0.2813 -0.0678
vn 0.9092 -0.4161 0.0163
vn 0.7428 -0.669 -0.0269
vn 0.95 -0.1508 -0.2736
vn 0.6143 -0.5859 -0.5285
vn 0.0747 -0.9244 -0.3741
vn 0.8096 -0.4658 -0.3573
vn 0.9148 -0.0875 -0.3944
vn 0.9606 -0.1056 -0.2572
vn 0.8851 -0.3298 -0.3284
vn 0.6126 -0.6339 -0.4721
vn 0.6876 -0.713 -0.1376
vn 0.3426 -0.8786 -0.3328
vn -0.0624 -0.9459 0.3185
vn 0.4095 -0.9114 -0.0399
vn 0.6604 -0.6563 -0.365
vn 0.77 -0.5604 -0.3052
vn 0.7862 -0.6168 -0.0373
vn 0.6536 -0.7529 0.0773
vn 0.3316 -0.8827 0.333
vn 0.5062 -0.8387 0.2007
vn -0.6939 -0.7139 -0.094
vn -0.0914 -0.9939 -0.0622
vn -0.4053 -0.9025 -0.1453
vn -0.1967 -0.9713 0.1334
vn -0.6339 -0.752 0.1809
vn 0.6174 -0.7858 -0.0374
vn -0.6751 -0.7082 0.2065
vn 0.6174 -0.7858 -0.0374
vn -0.4467 -0.7883 0.4231
vn 0.6174 -0.7858 -0.0374
vn 0.0026 -1 0.0028
vn -0.4684 -0.8199 0.3291
vn -0.0678 -0.9349 0.3484
vn 0.2143 -0.9236 0.3179
vn 0.1887 -0.9751 0.1169
vn 0.331 -0.8922 0.3073
vn 0.2445 -0.8604 0.4472
vn 0.5138 -0.8268 0.2289
vn 0.2791 -0.9113 0.3029
vn 0.5372 -0.742 0.401
vn 0.2161 -0.9148 0.3412
vn 0.4007 -0.8692 0.2896
vn 0.319 -0.8501 0.4189
vn 0.4427 -0.8393 0.3156
vn 0.6887 -0.669 0.2796
vn 0.8934 -0.44 0.0908
vn 0.7448 -0.5149 0.4243
vn 0.6898 -0.5955 0.4118
vn 0.9393 -0.1956 0.2818
vn 0.8691 -0.3112 0.3844
vn 0.6128 -0.6512 0.4475
vn 0.721 -0.5354 0.44
vn 0.8253 -0.461 0.3262
vn -0.7479 0.6186 -0.2407
vn -0.4151 0.9038 0.1043
vn -0.6191 0.7853 -0.0022
vn -0.4303 0.9024 -0.0224
vn -0.3559 0.934 0.0304
vn -0.2456 0.931 0.2701
vn -0.4085 0.8931 0.1884
vn -0.3129 0.9098 0.2725
vn -0.0748 0.9289 0.3628
vn 0.0423 0.826 0.5621
vn 0.1331 0.8059 0.5769
vn 0.1383 0.8461 0.5147
vn -0.972 0.1329 -0.1936
vn -0.614 -0.7606 0.2109
vn -0.7925 -0.571 0.2142
vn -0.3875 -0.8653 0.318
vn -0.6766 -0.7258 0.1244
vn -0.6891 -0.7179 0.0989
vn -0.2445 -0.9123 0.3285
vn -0.8186 -0.5312 0.2185
vn 0.4166 -0.8973 0.1458
vn -0.9491 -0.3108 -0.0505
vn 0.1603 -0.9438 0.2891
vn -0.5121 -0.8559 0.0721
vn -0.0755 -0.9614 0.2646
vn -0.6911 -0.6656 0.2816
vn -0.4645 -0.7754 0.4279
vn -0.6961 -0.4807 0.5333
vn -0.6266 -0.7609 0.1682
vn 0.0764 -0.9247 0.373
vn -0.952 -0.2945 0.0831
vn -0.7062 -0.6752 0.2129
vn 0.0392 -0.9605 0.2756
vn -0.8568 -0.4851 -0.1748
vn 0.0609 -0.9633 0.2613
vn -0.2222 -0.9741 0.041
vn -0.12 -0.8965 0.4265
vn 0.5106 -0.2769 0.814
vn 0.1539 -0.8347 0.5288
vn 0.198 -0.7089 0.677
vn 0.4207 -0.3483 0.8377
vn 0.1635 -0.9325 0.3221
vn 0.5449 -0.2201 0.8091
vn 0.554 -0.216 0.804
vn 0.3415 -0.5768 0.7421
vn 0.439 -0.414 0.7974
vn 0.3834 -0.016 0.9234
vn 0.492 0.1627 0.8552
vn 0.9985 -0.0419 -0.036
vn 0.4551 0.003 0.8904
vn 0.5219 -0.1348 0.8423
vn 0.4859 -0.3062 0.8186
vn 0.1901 -0.1874 0.9637
vn 0.2023 -0.2851 0.9369
vn 0.206 -0.4084 0.8893
vn 0.0993 -0.2894 0.952
vn 0.2067 -0.1466 0.9674
vn -0.0441 -0.9551 -0.293
vn 0.421 -0.3187 0.8492
vn -0.0715 -0.7803 0.6213
vn 0.1027 0.4237 0.9
vn -0.6063 -0.4895 0.6267
vn -0.7302 -0.3087 0.6095
vn 0.9985 -0.0419 -0.036
vn 0.248 -0.0555 0.9672
vn 0.9985 -0.0419 -0.036
vn 0.2639 -0.1946 0.9447
vn 0.0613 -0.1883 0.9802
vn 0.1345 0.1083 0.985
vn 0.1914 -0.1351 0.9722
vn 0.0742 0.0067 0.9972
vn -0.0521 -0.1442 0.9882
vn -0.108 -0.1368 0.9847
vn -0.0582 -0.1132 0.9919
vn -0.0466 0.1294 0.9905
vn -0.1475 -0.1726 0.9739
vn -0.1106 0.0681 0.9915
vn -0.013 -0.0714 0.9974
vn -0.0015 -0.1643 0.9864
vn -0.466 -0.5307 0.708
vn -0.3501 -0.3991 0.8474
vn -0.2966 -0.3017 0.9061
vn -0.046 -0.2932 0.9549
vn -0.3266 -0.4492 0.8316
vn -0.1232 -0.4315 0.8937
vn -0.1925 -0.208 0.959
vn 0.0021 -0.202 0.9794
vn 0.0205 -0.4192 0.9077
vn 0.4282 0.0687 0.9011
vn 0.3493 0.4825 0.8033
vn 0.5601 0.214 0.8003
vn 0.3265 0.4577 0.827
vn 0.142 0.081 0.9865
vn -0.1259 -0.3334 0.9343
vn -0.2727 0.8028 0.5302
vn -0.3015 0.4268 0.8526
vn 0.0241 -0.483 0.8753
vn 0.4378 -0.0002 0.8991
vn 0.5794 0.1114 0.8074
vn 0.3731 -0.3466 0.8606
vn -0.0099 -0.7337 0.6794
vn 0.1608 -0.6719 0.7229
vn 0.3886 -0.3416 0.8557
vn 0.345 -0.3392 0.8752
vn -0.2983 -0.7759 0.5558
vn 0.3391 -0.6858 0.644
vn 0.4954 0.7628 0.4156
vn 0.4589 -0.065 0.8861
vn -0.1849 0.7448 0.6411
vn -0.0889 0.1696 0.9815
vn 0.201 0.1884 0.9613
vn -0.0527 0.7776 0.6266
vn -0.3162 0.5392 0.7805
vn -0.1652 0.7397 0.6523
vn -0.0669 0.5121 0.8563
vn -0.1375 0.1736 0.9752
vn -0.1057 0.4456 0.889
vn -0.2622 0.1202 0.9575
vn -0.0782 0.3016 0.9502
vn -0.0059 0.8071 0.5903
vn 0.4521 0.5493 0.7028
vn -0.2317 0.8524 0.4688
vn -0.1633 0.1968 0.9667
vn 0.154 0.7869 0.5975
vn -0.4229 0.1913 0.8857
vn -0.5461 0.321 0.7738
vn -0.0573 0.7829 0.6196
vn -0.0306 0.3554 0.9342
vn -0.5758 -0.0116 0.8175
vn -0.4025 0.6947 0.5961
vn -0.4289 0.3763 0.8213
vn -0.4776 0.0066 0.8785
vn -0.3393 0.7603 0.554
vn -0.5809 0.2768 0.7654
vn -0.5012 0.0341 0.8646
vn -0.5704 0.1529 0.807
vn -0.0917 -0.0199 0.9956
vn -0.0943 -0.0773 0.9925
vn -0.0708 -0.0883 0.9936
vn -0.0213 -0.07 0.9973
vn 0.0166 -0.1362 0.9905
vn 0.0199 -0.1778 0.9839
vn -0.2543 -0.1113 0.9607
vn -0.3007 -0.2447 0.9218
vn -0.1625 0.0678 0.9844
vn -0.3062 -0.0225 0.9517
vn -0.2468 0.0794 0.9658
vn -0.3843 -0.0636 0.921
vn -0.3489 -0.4478 0.8232
vn 0.0303 -0.1477 0.9886
vn 0.4155 -0.5972 0.6861
vn -0.3452 0.0278 0.9381
vn -0.1699 -0.2449 0.9545
vn -0.1546 -0.1248 0.9801
vn 0.0639 0.066 0.9958
vn -0.4808 -0.5358 0.6941
vn -0.1873 -0.9336 0.3055
vn -0.0534 -0.8698 0.4905
vn -0.3281 -0.6016 0.7283
vn -0.1845 -0.4539 0.8717
vn 0.281 -0.898 0.3385
vn 0.2001 -0.9515 0.2338
vn -0.008 -0.7202 0.6938
vn 0.1366 -0.5584 0.8183
vn -0.053 -0.4222 0.905
vn -0.1271 -0.6998 0.7029
vn 0.178 -0.7469 0.6407
vn 0.4824 -0.8505 0.2098
vn 0.1935 -0.918 0.3462
vn 0.4363 -0.5597 0.7045
vn 0.5201 -0.5705 0.6356
vn 0.9503 0.28 -0.1361
vn 0.9712 -0.2304 -0.0602
vn 0.964 0.1421 -0.225
vn 0.9907 0.1273 -0.0487
vn 0.6538 -0.7468 0.1217
vn 0.8527 -0.5224 -0.0029
vn 0.5591 -0.7968 0.2292
vn 0.4452 -0.8455 0.295
vn 0.5428 -0.816 0.1988
vn 0.6662 -0.693 0.2756
vn 0.7709 -0.6255 0.1206
vn 0.5776 -0.6148 0.5371
vn 0.7223 0.6882 0.0681
vn 0.8379 0.5414 0.0691
vn -0.0193 0.859 0.5117
vn -0.1467 0.769 0.6222
vn 0.0805 0.2317 0.9695
vn -0.6927 -0.0211 0.7209
vn -0.5903 0.0972 0.8013
vn -0.5501 -0.0829 0.831
vn -0.6029 0.183 0.7765
vn -0.5024 0.4228 0.7542
vn -0.2888 0.564 0.7736
vn 0.3317 0.8426 0.4243
vn 0.5471 0.8325 0.0878
vn 0.796 0.5575 0.2358
vn 0.0608 -0.6815 0.7293
vn -0.1576 -0.4007 0.9025
vn 0.2608 -0.7798 0.5692
vn -0.5248 -0.3766 0.7633
vn 0.2489 -0.4967 0.8315
vn 0.3457 -0.7541 0.5585
vn 0.0173 -0.967 0.2542
vn 0.1383 -0.9574 0.2534
vn 0.0664 -0.9288 0.3646
vn -0.6853 -0.1404 0.7146
vn -0.6144 0.1315 0.778
vn -0.5975 0.1944 0.7779
vn -0.7377 -0.1836 0.6497
vn -0.4993 -0.4499 0.7405
vn -0.6284 0.1796 0.7569
vn -0.6455 -0.1017 0.757
vn -0.581 -0.145 0.8009
vn -0.6135 0.2443 0.7509
vn -0.5748 0.2332 0.7844
vn -0.5607 -0.1747 0.8094
vn -0.1925 -0.7837 0.5906
vn 0.2325 -0.9446 0.2317
vn 0.975 0.2193 -0.0361
vn 0.9536 -0.301 0.0028
vn 0.9556 -0.2945 -0.0128
vn 0.7303 -0.6613 0.171
vn 0.6011 -0.6085 0.5181
vn 0.7344 -0.6461 0.2077
vn 0.3425 -0.8926 0.2931
vn -0.0674 -0.836 0.5445
vn 0.0501 -0.908 0.416
vn -0.1849 -0.9244 0.3337
vn -0.1056 -0.7017 0.7046
vn 0.0731 -0.9563 0.283
vn 0.1424 -0.8902 0.4327
vn -0.5267 -0.0552 0.8483
vn -0.5296 0.3039 0.7919
vn 0.1564 0.646 0.7472
vn -0.3945 -0.0114 0.9188
vn -0.3123 0.3842 0.8688
vn 0.6653 0.5306 0.5252
vn 0.9307 0.3309 0.156
vn 0.8757 0.0658 0.4784
vn 0.8229 0.418 0.3849
vn 0.9523 -0.1053 0.2864
vn 0.6061 -0.6614 0.4418
vn 0.5329 0.3872 0.7524
vn 0.8568 -0.1649 0.4886
vn 0.7274 0.3045 0.615
vn -0.0631 -0.0079 0.998
vn 0.1217 0.4561 0.8816
vn 0.3873 0.4503 0.8045
vn 0.398 -0.416 0.8176
vn -0.6083 0.22 0.7626
vn -0.6243 -0.375 0.6853
vn -0.4627 0.3407 0.8184
vn -0.5737 -0.1452 0.8061
vn -0.1246 -0.9132 0.388
vn 0.4221 -0.7488 0.511
vn -0.0446 -0.5198 0.8531
vn -0.9414 0.1472 0.3034
vn -0.9055 -0.2686 0.3284
vn -0.7501 -0.5121 0.4186
vn -0.8374 -0.3982 0.3745
vn -0.845 -0.4862 0.2227
vn -0.857 -0.4432 0.2631
vn -0.698 -0.7152 0.0357
vn -0.6425 -0.7624 0.077
vn -0.6848 -0.5754 -0.4471
vn -0.5217 -0.754 -0.3991
vn -0.5968 -0.7585 -0.2619
vn 0.2881 -0.6312 -0.7201
vn -0.5489 -0.7214 -0.4222
vn -0.854 0.3105 -0.4173
vn -0.917 0.053 -0.3955
vn -0.8636 0.0658 -0.4998
vn -0.9047 0.2394 -0.3525
vn -0.8678 -0.0045 -0.4968
vn -0.4848 -0.7485 -0.4524
vn -0.7915 0.21 -0.5739
vn -0.7116 -0.5311 -0.4599
vn -0.851 -0.1269 -0.5097
vn -0.7687 -0.1345 -0.6254
vn -0.7183 -0.4332 -0.5445
vn -0.7676 -0.4799 -0.4248
vn -0.7959 -0.352 -0.4926
vn -0.7139 -0.4872 -0.5029
vn -0.7478 -0.4877 -0.4504
vn -0.7509 -0.4475 -0.4857
vn -0.8685 -0.1024 -0.4851
vn -0.7385 -0.3841 -0.5542
vn -0.6539 -0.3567 -0.6672
vn -0.8383 -0.3028 -0.4533
vn -0.8623 -0.0964 -0.4971
vn -0.8603 -0.0849 -0.5027
vn -0.8677 -0.2893 -0.4042
vn -0.917 -0.1553 -0.3674
vn -0.9064 -0.2445 -0.3445
vn -0.9232 -0.2955 -0.2457
vn -0.9225 -0.1772 -0.343
vn -0.8574 -0.4262 -0.2884
vn -0.9123 -0.3837 -0.143
vn -0.7557 -0.6425 -0.127
vn -0.7665 -0.4531 -0.4551
vn -0.6696 -0.6646 -0.3316
vn -0.7303 0.4861 -0.4799
vn -0.8792 0.3579 -0.3145
vn -0.896 0.4111 -0.168
vn -0.612 0.7628 -0.2089
vn -0.921 -0.2677 -0.2831
vn -0.9237 -0.3261 -0.2009
vn -0.933 -0.2977 -0.202
vn -0.9211 -0.2659 -0.2844
vn -0.8994 -0.4364 -0.0238
vn -0.9509 -0.2648 -0.1601
vn -0.9447 -0.2151 -0.2477
vn -0.8798 -0.473 0.0467
vn -0.9483 -0.2764 -0.156
vn -0.9848 -0.1405 -0.1016
vn -0.9403 0.1498 -0.3054
vn -0.9744 -0.1457 -0.1712
vn -0.8169 -0.5718 0.076
vn -0.9506 -0.2487 -0.1855
vn -0.8705 -0.3974 -0.2902
vn -0.6945 -0.5427 -0.4724
vn -0.7217 -0.5493 -0.4212
vn -0.5514 -0.638 -0.5375
vn -0.7574 -0.5041 -0.415
vn -0.7463 -0.5648 -0.3521
vn -0.4862 -0.6708 -0.5601
vn -0.5003 -0.6325 -0.5914
vn -0.5448 -0.7133 -0.4408
vn -0.5364 -0.5855 -0.6078
vn -0.449 -0.627 -0.6366
vn -0.1087 -0.8009 -0.5889
vn -0.4154 -0.6887 -0.5943
vn 0.1198 -0.7189 -0.6847
vn 0.2789 -0.7425 -0.609
vn 0.2504 -0.8516 -0.4606
vn -0.0635 -0.9545 -0.2913
vn -0.5705 0.8151 -0.1005
vn -0.6897 0.7231 -0.0378
vn -0.6956 0.7183 -0.0121
vn -0.9521 0.2784 -0.1264
vn -0.0515 0.1747 0.9833
vn 0 0 0
usemtl cat_figurines_material_0
f 4/4/4 17/17/17 6/6/6
f 17/17/17 32/32/32 6/6/6
f 6/6/6 32/32/32 1/1/1
f 5/5/5 2/2/2 38/38/38
f 2/2/2 7/7/7 38/38/38
f 1/1/1 32/32/32 8/8/8
f 38/38/38 7/7/7 10/10/10
f 17/17/17 4/4/4 11/11/11
f 12/12/12 3/3/3 38/38/38
f 38/38/38 3/3/3 5/5/5
f 13/13/13 17/17/17 11/11/11
f 38/38/38 14/14/14 12/12/12
f 16/16/16 14/14/14 38/38/38
f 117/117/117 17/17/17 13/13/13
f 13/13/13 15/15/15 117/117/117
f 38/38/38 112/112/112 16/16/16
f 22/22/22 32/32/32 17/17/17
f 117/117/117 15/15/15 18/18/18
f 19/19/19 16/16/16 112/112/112
f 117/117/117 18/18/18 20/20/20
f 117/117/117 22/22/22 17/17/17
f 23/23/23 39/39/39 25/25/25
f 25/25/25 39/39/39 28/28/28
f 24/24/24 26/26/26 29/29/29
f 27/27/27 29/29/29 26/26/26
f 30/30/30 28/28/28 39/39/39
f 92/92/92 79/79/79 90/90/90
f 32/32/32 22/22/22 33/33/33
f 42/42/42 33/33/33 64/64/64
f 33/33/33 39/39/39 32/32/32
f 8/8/8 32/32/32 9/9/9
f 9/9/9 32/32/32 39/39/39
f 35/35/35 38/38/38 10/10/10
f 39/39/39 34/34/34 9/9/9
f 36/36/36 34/34/34 39/39/39
f 23/23/23 36/36/36 39/39/39
f 24/24/24 29/29/29 37/37/37
f 38/38/38 35/35/35 37/37/37
f 37/37/37 29/29/29 38/38/38
f 39/39/39 33/33/33 44/44/44
f 30/30/30 39/39/39 41/41/41
f 44/44/44 33/33/33 43/43/43
f 42/42/42 43/43/43 33/33/33
f 90/90/90 43/43/43 42/42/42
f 43/43/43 90/90/90 65/65/65
f 41/41/41 39/39/39 47/47/47
f 52/52/52 109/109/109 50/50/50
f 49/49/49 109/109/109 52/52/52
f 109/109/109 108/108/108 54/54/54
f 54/54/54 108/108/108 56/56/56
f 54/54/54 55/55/55 57/57/57
f 108/108/108 59/59/59 56/56/56
f 57/57/57 55/55/55 58/58/58
f 45/45/45 59/59/59 108/108/108
f 63/63/63 58/58/58 45/45/45
f 109/109/109 49/49/49 61/61/61
f 62/62/62 39/39/39 44/44/44
f 63/63/63 45/45/45 108/108/108
f 67/67/67 63/63/63 62/62/62
f 90/90/90 42/42/42 64/64/64
f 90/90/90 79/79/79 65/65/65
f 65/65/65 44/44/44 43/43/43
f 62/62/62 44/44/44 65/65/65
f 67/67/67 62/62/62 65/65/65
f 68/68/68 63/63/63 67/67/67
f 167/167/167 70/70/70 69/69/69
f 74/74/74 67/67/67 72/72/72
f 67/67/67 168/168/168 69/69/69
f 74/74/74 76/76/76 67/67/67
f 71/71/71 812/812/812 73/73/73
f 812/812/812 75/75/75 73/73/73
f 168/168/168 67/67/67 77/77/77
f 76/76/76 77/77/77 67/67/67
f 75/75/75 812/812/812 78/78/78
f 66/66/66 65/65/65 79/79/79
f 80/80/80 66/66/66 98/98/98
f 98/98/98 66/66/66 79/79/79
f 82/82/82 66/66/66 80/80/80
f 68/68/68 67/67/67 69/69/69
f 82/82/82 67/67/67 66/66/66
f 66/66/66 67/67/67 65/65/65
f 86/86/86 83/83/83 67/67/67
f 82/82/82 86/86/86 67/67/67
f 81/81/81 95/95/95 85/85/85
f 84/84/84 85/85/85 95/95/95
f 72/72/72 67/67/67 83/83/83
f 98/98/98 81/81/81 80/80/80
f 98/98/98 95/95/95 81/81/81
f 812/812/812 71/71/71 84/84/84
f 84/84/84 95/95/95 812/812/812
f 95/95/95 87/87/87 812/812/812
f 87/87/87 95/95/95 88/88/88
f 194/194/194 89/89/89 22/22/22
f 64/64/64 91/91/91 90/90/90
f 91/91/91 64/64/64 93/93/93
f 64/64/64 33/33/33 22/22/22
f 64/64/64 22/22/22 89/89/89
f 64/64/64 89/89/89 93/93/93
f 91/91/91 92/92/92 90/90/90
f 92/92/92 91/91/91 93/93/93
f 94/94/94 92/92/92 93/93/93
f 94/94/94 98/98/98 92/92/92
f 98/98/98 79/79/79 92/92/92
f 97/97/97 88/88/88 95/95/95
f 96/96/96 88/88/88 97/97/97
f 96/96/96 97/97/97 95/95/95
f 252/252/252 94/94/94 93/93/93
f 39/39/39 99/99/99 47/47/47
f 100/100/100 305/305/305 46/46/46
f 60/60/60 48/48/48 101/101/101
f 364/364/364 53/53/53 51/51/51
f 50/50/50 109/109/109 103/103/103
f 109/109/109 104/104/104 103/103/103
f 100/100/100 107/107/107 101/101/101
f 99/99/99 39/39/39 106/106/106
f 63/63/63 57/57/57 58/58/58
f 39/39/39 109/109/109 106/106/106
f 109/109/109 61/61/61 106/106/106
f 101/101/101 107/107/107 60/60/60
f 57/57/57 109/109/109 54/54/54
f 39/39/39 108/108/108 109/109/109
f 108/108/108 62/62/62 63/63/63
f 39/39/39 62/62/62 108/108/108
f 111/111/111 109/109/109 57/57/57
f 110/110/110 63/63/63 68/68/68
f 111/111/111 63/63/63 110/110/110
f 111/111/111 57/57/57 63/63/63
f 110/110/110 68/68/68 111/111/111
f 381/381/381 369/369/369 111/111/111
f 381/381/381 111/111/111 68/68/68
f 21/21/21 19/19/19 112/112/112
f 113/113/113 21/21/21 112/112/112
f 117/117/117 20/20/20 114/114/114
f 115/115/115 112/112/112 219/219/219
f 113/113/113 112/112/112 115/115/115
f 116/116/116 117/117/117 114/114/114
f 117/117/117 116/116/116 119/119/119
f 118/118/118 115/115/115 219/219/219
f 216/216/216 219/219/219 112/112/112
f 29/29/29 27/27/27 31/31/31
f 29/29/29 31/31/31 122/122/122
f 31/31/31 40/40/40 122/122/122
f 29/29/29 121/121/121 120/120/120
f 29/29/29 122/122/122 121/121/121
f 122/122/122 305/305/305 121/121/121
f 125/125/125 121/121/121 123/123/123
f 124/124/124 123/123/123 121/121/121
f 175/175/175 123/123/123 169/169/169
f 169/169/169 123/123/123 124/124/124
f 29/29/29 128/128/128 38/38/38
f 29/29/29 120/120/120 128/128/128
f 128/128/128 120/120/120 121/121/121
f 40/40/40 305/305/305 122/122/122
f 46/46/46 305/305/305 40/40/40
f 128/128/128 121/121/121 127/127/127
f 126/126/126 128/128/128 127/127/127
f 235/235/235 128/128/128 126/126/126
f 127/127/127 121/121/121 235/235/235
f 129/129/129 235/235/235 121/121/121
f 112/112/112 38/38/38 128/128/128
f 222/222/222 112/112/112 128/128/128
f 112/112/112 222/222/222 216/216/216
f 222/222/222 128/128/128 235/235/235
f 235/235/235 126/126/126 127/127/127
f 223/223/223 222/222/222 235/235/235
f 129/129/129 121/121/121 125/125/125
f 131/131/131 132/132/132 378/378/378
f 137/137/137 373/373/373 130/130/130
f 140/140/140 373/373/373 137/137/137
f 378/378/378 138/138/138 131/131/131
f 139/139/139 138/138/138 378/378/378
f 144/144/144 139/139/139 378/378/378
f 142/142/142 144/144/144 378/378/378
f 147/147/147 149/149/149 145/145/145
f 149/149/149 147/147/147 150/150/150
f 148/148/148 168/168/168 151/151/151
f 168/168/168 148/148/148 146/146/146
f 69/69/69 378/378/378 68/68/68
f 378/378/378 146/146/146 152/152/152
f 378/378/378 168/168/168 146/146/146
f 149/149/149 169/169/169 124/124/124
f 155/155/155 157/157/157 168/168/168
f 159/159/159 162/162/162 168/168/168
f 165/165/165 155/155/155 168/168/168
f 168/168/168 162/162/162 165/165/165
f 162/162/162 163/163/163 165/165/165
f 187/187/187 164/164/164 161/161/161
f 70/70/70 378/378/378 69/69/69
f 378/378/378 70/70/70 167/167/167
f 69/69/69 168/168/168 167/167/167
f 167/167/167 168/168/168 378/378/378
f 168/168/168 77/77/77 159/159/159
f 160/160/160 78/78/78 812/812/812
f 812/812/812 161/161/161 160/160/160
f 187/187/187 161/161/161 812/812/812
f 149/149/149 150/150/150 169/169/169
f 150/150/150 171/171/171 169/169/169
f 171/171/171 158/158/158 169/169/169
f 158/158/158 156/156/156 169/169/169
f 169/169/169 156/156/156 173/173/173
f 170/170/170 168/168/168 157/157/157
f 170/170/170 151/151/151 168/168/168
f 175/175/175 169/169/169 174/174/174
f 165/165/165 172/172/172 155/155/155
f 169/169/169 173/173/173 177/177/177
f 169/169/169 177/177/177 178/178/178
f 169/169/169 178/178/178 174/174/174
f 165/165/165 176/176/176 172/172/172
f 180/180/180 174/174/174 178/178/178
f 165/165/165 179/179/179 176/176/176
f 165/165/165 184/184/184 181/181/181
f 184/184/184 165/165/165 183/183/183
f 181/181/181 179/179/179 165/165/165
f 165/165/165 163/163/163 183/183/183
f 164/164/164 187/187/187 182/182/182
f 185/185/185 182/182/182 187/187/187
f 180/180/180 185/185/185 187/187/187
f 249/249/249 154/154/154 175/175/175
f 175/175/175 174/174/174 187/187/187
f 812/812/812 87/87/87 186/186/186
f 188/188/188 187/187/187 87/87/87
f 186/186/186 87/87/87 166/166/166
f 87/87/87 187/187/187 166/166/166
f 188/188/188 87/87/87 88/88/88
f 249/249/249 175/175/175 242/242/242
f 188/188/188 175/175/175 187/187/187
f 242/242/242 188/188/188 244/244/244
f 242/242/242 175/175/175 188/188/188
f 123/123/123 175/175/175 125/125/125
f 125/125/125 189/189/189 129/129/129
f 175/175/175 189/189/189 125/125/125
f 189/189/189 154/154/154 129/129/129
f 175/175/175 154/154/154 189/189/189
f 247/247/247 129/129/129 154/154/154
f 194/194/194 191/191/191 193/193/193
f 219/219/219 192/192/192 190/190/190
f 196/196/196 192/192/192 219/219/219
f 22/22/22 117/117/117 194/194/194
f 194/194/194 117/117/117 119/119/119
f 197/197/197 194/194/194 119/119/119
f 118/118/118 219/219/219 198/198/198
f 194/194/194 197/197/197 191/191/191
f 190/190/190 198/198/198 219/219/219
f 199/199/199 194/194/194 195/195/195
f 195/195/195 194/194/194 193/193/193
f 200/200/200 196/196/196 219/219/219
f 199/199/199 195/195/195 201/201/201
f 201/201/201 203/203/203 199/199/199
f 203/203/203 205/205/205 199/199/199
f 205/205/205 206/206/206 199/199/199
f 199/199/199 227/227/227 194/194/194
f 211/211/211 199/199/199 208/208/208
f 213/213/213 227/227/227 199/199/199
f 199/199/199 211/211/211 213/213/213
f 214/214/214 227/227/227 213/213/213
f 223/223/223 215/215/215 212/212/212
f 219/219/219 216/216/216 222/222/222
f 202/202/202 200/200/200 219/219/219
f 204/204/204 202/202/202 219/219/219
f 207/207/207 204/204/204 219/219/219
f 218/218/218 207/207/207 219/219/219
f 199/199/199 206/206/206 217/217/217
f 209/209/209 218/218/218 219/219/219
f 199/199/199 217/217/217 208/208/208
f 223/223/223 219/219/219 222/222/222
f 219/219/219 210/210/210 209/209/209
f 210/210/210 219/219/219 223/223/223
f 223/223/223 212/212/212 210/210/210
f 227/227/227 89/89/89 194/194/194
f 227/227/227 214/214/214 221/221/221
f 224/224/224 223/223/223 235/235/235
f 220/220/220 215/215/215 223/223/223
f 225/225/225 220/220/220 223/223/223
f 227/227/227 221/221/221 226/226/226
f 93/93/93 89/89/89 253/253/253
f 253/253/253 89/89/89 227/227/227
f 227/227/227 226/226/226 228/228/228
f 229/229/229 225/225/225 223/223/223
f 228/228/228 230/230/230 227/227/227
f 229/229/229 223/223/223 231/231/231
f 231/231/231 223/223/223 234/234/234
f 232/232/232 227/227/227 230/230/230
f 270/270/270 227/227/227 232/232/232
f 231/231/231 234/234/234 233/233/233
f 224/224/224 235/235/235 129/129/129
f 234/234/234 223/223/223 224/224/224
f 237/237/237 233/233/233 234/234/234
f 234/234/234 224/224/224 240/240/240
f 240/240/240 224/224/224 129/129/129
f 129/129/129 247/247/247 248/248/248
f 241/241/241 129/129/129 248/248/248
f 129/129/129 241/241/241 240/240/240
f 88/88/88 96/96/96 245/245/245
f 244/244/244 188/188/188 88/88/88
f 88/88/88 245/245/245 244/244/244
f 244/244/244 243/243/243 242/242/242
f 245/245/245 243/243/243 244/244/244
f 243/243/243 382/382/382 242/242/242
f 249/249/249 242/242/242 382/382/382
f 98/98/98 96/96/96 95/95/95
f 154/154/154 249/249/249 247/247/247
f 249/249/249 248/248/248 247/247/247
f 304/304/304 248/248/248 249/249/249
f 304/304/304 249/249/249 246/246/246
f 253/253/253 252/252/252 93/93/93
f 270/270/270 232/232/232 236/236/236
f 253/253/253 227/227/227 270/270/270
f 301/301/301 94/94/94 1013/1013/1013
f 94/94/94 252/252/252 254/254/254
f 94/94/94 250/250/250 251/251/251
f 914/914/914 252/252/252 253/253/253
f 252/252/252 914/914/914 254/254/254
f 1013/1013/1013 94/94/94 251/251/251
f 262/262/262 1013/1013/1013 255/255/255
f 239/239/239 237/237/237 234/234/234
f 270/270/270 236/236/236 238/238/238
f 256/256/256 239/239/239 234/234/234
f 257/257/257 270/270/270 238/238/238
f 257/257/257 259/259/259 270/270/270
f 258/258/258 256/256/256 234/234/234
f 260/260/260 270/270/270 259/259/259
f 261/261/261 258/258/258 234/234/234
f 299/299/299 234/234/234 240/240/240
f 260/260/260 267/267/267 270/270/270
f 261/261/261 234/234/234 299/299/299
f 260/260/260 263/263/263 267/267/267
f 264/264/264 261/261/261 299/299/299
f 265/265/265 267/267/267 263/263/263
f 299/299/299 266/266/266 264/264/264
f 267/267/267 265/265/265 269/269/269
f 268/268/268 266/266/266 299/299/299
f 914/914/914 253/253/253 270/270/270
f 270/270/270 267/267/267 272/272/272
f 273/273/273 270/270/270 276/276/276
f 274/274/274 275/275/275 285/285/285
f 285/285/285 277/277/277 274/274/274
f 285/285/285 275/275/275 279/279/279
f 276/276/276 270/270/270 280/280/280
f 285/285/285 281/281/281 277/277/277
f 272/272/272 267/267/267 283/283/283
f 280/280/280 270/270/270 272/272/272
f 271/271/271 284/284/284 285/285/285
f 283/283/283 267/267/267 269/269/269
f 286/286/286 284/284/284 289/289/289
f 290/290/290 268/268/268 1019/1019/1019
f 288/288/288 283/283/283 269/269/269
f 285/285/285 279/279/279 271/271/271
f 281/281/281 285/285/285 292/292/292
f 285/285/285 294/294/294 292/292/292
f 286/286/286 285/285/285 284/284/284
f 295/295/295 285/285/285 286/286/286
f 287/287/287 290/290/290 1019/1019/1019
f 287/287/287 1019/1019/1019 296/296/296
f 294/294/294 285/285/285 297/297/297
f 297/297/297 285/285/285 295/295/295
f 268/268/268 299/299/299 1019/1019/1019
f 1019/1019/1019 299/299/299 262/262/262
f 300/300/300 1019/1019/1019 262/262/262
f 300/300/300 262/262/262 1014/1014/1014
f 94/94/94 301/301/301 98/98/98
f 301/301/301 96/96/96 98/98/98
f 245/245/245 96/96/96 303/303/303
f 1013/1013/1013 96/96/96 301/301/301
f 1013/1013/1013 303/303/303 96/96/96
f 245/245/245 303/303/303 302/302/302
f 262/262/262 303/303/303 1013/1013/1013
f 302/302/302 303/303/303 262/262/262
f 302/302/302 262/262/262 246/246/246
f 299/299/299 241/241/241 248/248/248
f 299/299/299 240/240/240 241/241/241
f 248/248/248 262/262/262 299/299/299
f 262/262/262 304/304/304 246/246/246
f 262/262/262 248/248/248 304/304/304
f 100/100/100 101/101/101 305/305/305
f 48/48/48 53/53/53 309/309/309
f 309/309/309 53/53/53 310/310/310
f 309/309/309 310/310/310 311/311/311
f 311/311/311 310/310/310 313/313/313
f 314/314/314 305/305/305 101/101/101
f 101/101/101 48/48/48 315/315/315
f 309/309/309 315/315/315 48/48/48
f 315/315/315 314/314/314 101/101/101
f 314/314/314 315/315/315 318/318/318
f 315/315/315 309/309/309 317/317/317
f 309/309/309 311/311/311 317/317/317
f 311/311/311 319/319/319 317/317/317
f 319/319/319 314/314/314 316/316/316
f 314/314/314 319/319/319 345/345/345
f 305/305/305 314/314/314 345/345/345
f 310/310/310 53/53/53 364/364/364
f 364/364/364 312/312/312 310/310/310
f 364/364/364 311/311/311 312/312/312
f 102/102/102 364/364/364 51/51/51
f 319/319/319 311/311/311 364/364/364
f 320/320/320 345/345/345 319/319/319
f 320/320/320 319/319/319 364/364/364
f 320/320/320 364/364/364 322/322/322
f 322/322/322 364/364/364 323/323/323
f 323/323/323 364/364/364 345/345/345
f 104/104/104 109/109/109 324/324/324
f 111/111/111 324/324/324 109/109/109
f 327/327/327 324/324/324 111/111/111
f 320/320/320 321/321/321 345/345/345
f 323/323/323 345/345/345 321/321/321
f 111/111/111 369/369/369 328/328/328
f 105/105/105 364/364/364 102/102/102
f 325/325/325 364/364/364 105/105/105
f 308/308/308 364/364/364 330/330/330
f 333/333/333 330/330/330 364/364/364
f 307/307/307 331/331/331 334/334/334
f 306/306/306 332/332/332 335/335/335
f 335/335/335 332/332/332 339/339/339
f 342/342/342 338/338/338 333/333/333
f 333/333/333 364/364/364 342/342/342
f 364/364/364 308/308/308 336/336/336
f 337/337/337 340/340/340 341/341/341
f 341/341/341 343/343/343 337/337/337
f 364/364/364 336/336/336 343/343/343
f 343/343/343 341/341/341 344/344/344
f 344/344/344 342/342/342 364/364/364
f 344/344/344 364/364/364 346/346/346
f 343/343/343 344/344/344 346/346/346
f 346/346/346 364/364/364 343/343/343
f 377/377/377 305/305/305 345/345/345
f 345/345/345 364/364/364 346/346/346
f 345/345/345 346/346/346 377/377/377
f 364/364/364 325/325/325 326/326/326
f 328/328/328 327/327/327 111/111/111
f 329/329/329 364/364/364 326/326/326
f 350/350/350 353/353/353 349/349/349
f 124/124/124 305/305/305 377/377/377
f 124/124/124 121/121/121 305/305/305
f 356/356/356 354/354/354 346/346/346
f 346/346/346 354/354/354 377/377/377
f 346/346/346 357/357/357 356/356/356
f 357/357/357 354/354/354 355/355/355
f 328/328/328 369/369/369 359/359/359
f 364/364/364 329/329/329 358/358/358
f 359/359/359 369/369/369 360/360/360
f 369/369/369 363/363/363 360/360/360
f 364/364/364 358/358/358 361/361/361
f 362/362/362 364/364/364 361/361/361
f 365/365/365 363/363/363 369/369/369
f 366/366/366 367/367/367 362/362/362
f 364/364/364 362/362/362 367/367/367
f 372/372/372 365/365/365 369/369/369
f 364/364/364 370/370/370 349/349/349
f 370/370/370 347/347/347 349/349/349
f 372/372/372 348/348/348 371/371/371
f 367/367/367 370/370/370 364/364/364
f 372/372/372 371/371/371 368/368/368
f 372/372/372 368/368/368 365/365/365
f 349/349/349 347/347/347 350/350/350
f 351/351/351 348/348/348 372/372/372
f 373/373/373 346/346/346 364/364/364
f 364/364/364 349/349/349 373/373/373
f 353/353/353 373/373/373 349/349/349
f 134/134/134 373/373/373 374/374/374
f 133/133/133 130/130/130 373/373/373
f 134/134/134 133/133/133 373/373/373
f 378/378/378 135/135/135 375/375/375
f 135/135/135 378/378/378 132/132/132
f 373/373/373 136/136/136 346/346/346
f 346/346/346 136/136/136 373/373/373
f 149/149/149 124/124/124 377/377/377
f 376/376/376 354/354/354 357/357/357
f 354/354/354 376/376/376 377/377/377
f 376/376/376 357/357/357 346/346/346
f 376/376/376 346/346/346 373/373/373
f 372/372/372 352/352/352 351/351/351
f 373/373/373 353/353/353 374/374/374
f 376/376/376 373/373/373 140/140/140
f 377/377/377 376/376/376 149/149/149
f 143/143/143 376/376/376 140/140/140
f 376/376/376 143/143/143 141/141/141
f 153/153/153 376/376/376 141/141/141
f 376/376/376 153/153/153 149/149/149
f 378/378/378 375/375/375 352/352/352
f 372/372/372 378/378/378 352/352/352
f 380/380/380 378/378/378 372/372/372
f 380/380/380 379/379/379 378/378/378
f 381/381/381 68/68/68 378/378/378
f 381/381/381 378/378/378 379/379/379
f 378/378/378 152/152/152 142/142/142
f 153/153/153 145/145/145 149/149/149
f 180/180/180 187/187/187 174/174/174
f 380/380/380 369/369/369 381/381/381
f 380/380/380 381/381/381 379/379/379
f 245/245/245 302/302/302 243/243/243
f 382/382/382 243/243/243 302/302/302
f 302/302/302 249/249/249 382/382/382
f 249/249/249 302/302/302 246/246/246
f 372/372/372 369/369/369 380/380/380
f 691/691/691 728/728/728 725/725/725
f 691/691/691 385/385/385 728/728/728
f 391/391/391 385/385/385 389/389/389
f 390/390/390 388/388/388 615/615/615
f 385/385/385 393/393/393 387/387/387
f 395/395/395 393/393/393 385/385/385
f 391/391/391 395/395/395 385/385/385
f 615/615/615 394/394/394 390/390/390
f 398/398/398 386/386/386 392/392/392
f 396/396/396 385/385/385 387/387/387
f 398/398/398 397/397/397 386/386/386
f 392/392/392 394/394/394 398/398/398
f 402/402/402 400/400/400 398/398/398
f 398/398/398 403/403/403 402/402/402
f 401/401/401 404/404/404 792/792/792
f 402/402/402 403/403/403 405/405/405
f 407/407/407 792/792/792 404/404/404
f 406/406/406 405/405/405 403/403/403
f 403/403/403 408/408/408 406/406/406
f 792/792/792 407/407/407 409/409/409
f 413/413/413 411/411/411 634/634/634
f 415/415/415 634/634/634 411/411/411
f 410/410/410 412/412/412 433/433/433
f 418/418/418 637/637/637 416/416/416
f 421/421/421 637/637/637 418/418/418
f 420/420/420 421/421/421 418/418/418
f 422/422/422 418/418/418 417/417/417
f 420/420/420 418/418/418 639/639/639
f 424/424/424 418/418/418 422/422/422
f 424/424/424 639/639/639 418/418/418
f 424/424/424 426/426/426 639/639/639
f 426/426/426 424/424/424 425/425/425
f 430/430/430 413/413/413 634/634/634
f 634/634/634 431/431/431 430/430/430
f 634/634/634 436/436/436 664/664/664
f 429/429/429 433/433/433 412/412/412
f 432/432/432 433/433/433 429/429/429
f 432/432/432 434/434/434 433/433/433
f 431/431/431 634/634/634 435/435/435
f 435/435/435 634/634/634 439/439/439
f 437/437/437 439/439/439 634/634/634
f 437/437/437 634/634/634 664/664/664
f 434/434/434 440/440/440 691/691/691
f 433/433/433 434/434/434 691/691/691
f 691/691/691 440/440/440 438/438/438
f 437/437/437 664/664/664 442/442/442
f 441/441/441 691/691/691 438/438/438
f 444/444/444 691/691/691 441/441/441
f 664/664/664 443/443/443 442/442/442
f 451/451/451 450/450/450 681/681/681
f 498/498/498 450/450/450 451/451/451
f 498/498/498 500/500/500 450/450/450
f 454/454/454 448/448/448 385/385/385
f 447/447/447 453/453/453 446/446/446
f 458/458/458 459/459/459 385/385/385
f 459/459/459 462/462/462 385/385/385
f 460/460/460 457/457/457 722/722/722
f 461/461/461 460/460/460 722/722/722
f 729/729/729 427/427/427 466/466/466
f 730/730/730 467/467/467 465/465/465
f 465/465/465 903/903/903 468/468/468
f 472/472/472 734/734/734 470/470/470
f 476/476/476 475/475/475 473/473/473
f 476/476/476 473/473/473 474/474/474
f 476/476/476 474/474/474 768/768/768
f 425/425/425 424/424/424 744/744/744
f 479/479/479 735/735/735 425/425/425
f 479/479/479 425/425/425 480/480/480
f 482/482/482 484/484/484 492/492/492
f 492/492/492 484/484/484 487/487/487
f 492/492/492 487/487/487 489/489/489
f 492/492/492 489/489/489 490/490/490
f 488/488/488 539/539/539 491/491/491
f 1078/1078/1078 492/492/492 490/490/490
f 492/492/492 1078/1078/1078 493/493/493
f 494/494/494 1078/1078/1078 490/490/490
f 496/496/496 1078/1078/1078 494/494/494
f 734/734/734 502/502/502 498/498/498
f 502/502/502 503/503/503 498/498/498
f 500/500/500 498/498/498 501/501/501
f 504/504/504 498/498/498 503/503/503
f 504/504/504 501/501/501 498/498/498
f 509/509/509 501/501/501 504/504/504
f 514/514/514 504/504/504 518/518/518
f 505/505/505 504/504/504 503/503/503
f 518/518/518 504/504/504 505/505/505
f 508/508/508 734/734/734 472/472/472
f 508/508/508 472/472/472 507/507/507
f 471/471/471 469/469/469 506/506/506
f 502/502/502 734/734/734 508/508/508
f 470/470/470 473/473/473 507/507/507
f 507/507/507 473/473/473 508/508/508
f 475/475/475 502/502/502 508/508/508
f 475/475/475 508/508/508 473/473/473
f 521/521/521 502/502/502 475/475/475
f 509/509/509 500/500/500 501/501/501
f 511/511/511 510/510/510 509/509/509
f 504/504/504 514/514/514 509/509/509
f 518/518/518 509/509/509 514/514/514
f 509/509/509 518/518/518 531/531/531
f 518/518/518 530/530/530 531/531/531
f 509/509/509 531/531/531 511/511/511
f 511/511/511 531/531/531 515/515/515
f 511/511/511 515/515/515 512/512/512
f 519/519/519 503/503/503 517/517/517
f 519/519/519 505/505/505 503/503/503
f 518/518/518 505/505/505 519/519/519
f 520/520/520 502/502/502 521/521/521
f 522/522/522 521/521/521 475/475/475
f 475/475/475 476/476/476 522/522/522
f 520/520/520 503/503/503 502/502/502
f 503/503/503 520/520/520 521/521/521
f 523/523/523 503/503/503 521/521/521
f 517/517/517 503/503/503 523/523/523
f 525/525/525 522/522/522 524/524/524
f 525/525/525 521/521/521 522/522/522
f 525/525/525 523/523/523 521/521/521
f 524/524/524 522/522/522 476/476/476
f 519/519/519 517/517/517 523/523/523
f 523/523/523 525/525/525 519/519/519
f 528/528/528 524/524/524 526/526/526
f 528/528/528 525/525/525 524/524/524
f 519/519/519 525/525/525 527/527/527
f 532/532/532 519/519/519 527/527/527
f 529/529/529 532/532/532 527/527/527
f 528/528/528 527/527/527 525/525/525
f 528/528/528 529/529/529 527/527/527
f 529/529/529 528/528/528 1088/1088/1088
f 530/530/530 518/518/518 532/532/532
f 519/519/519 532/532/532 518/518/518
f 530/530/530 515/515/515 531/531/531
f 515/515/515 530/530/530 534/534/534
f 534/534/534 533/533/533 515/515/515
f 516/516/516 515/515/515 533/533/533
f 534/534/534 537/537/537 533/533/533
f 532/532/532 529/529/529 530/530/530
f 535/535/535 586/586/586 533/533/533
f 530/530/530 529/529/529 534/534/534
f 537/537/537 534/534/534 529/529/529
f 536/536/536 537/537/537 529/529/529
f 537/537/537 536/536/536 1093/1093/1093
f 533/533/533 537/537/537 538/538/538
f 533/533/533 538/538/538 535/535/535
f 535/535/535 538/538/538 1096/1096/1096
f 537/537/537 1096/1096/1096 538/538/538
f 491/491/491 539/539/539 495/495/495
f 539/539/539 541/541/541 840/840/840
f 542/542/542 497/497/497 539/539/539
f 1078/1078/1078 496/496/496 543/543/543
f 840/840/840 542/542/542 539/539/539
f 542/542/542 840/840/840 545/545/545
f 547/547/547 781/781/781 445/445/445
f 428/428/428 547/547/547 445/445/445
f 548/548/548 783/783/783 547/547/547
f 548/548/548 547/547/547 428/428/428
f 791/791/791 403/403/403 398/398/398
f 403/403/403 550/550/550 408/408/408
f 551/551/551 799/799/799 409/409/409
f 409/409/409 799/799/799 792/792/792
f 553/553/553 793/793/793 783/783/783
f 552/552/552 798/798/798 793/793/793
f 552/552/552 793/793/793 553/553/553
f 550/550/550 403/403/403 554/554/554
f 799/799/799 551/551/551 555/555/555
f 403/403/403 798/798/798 556/556/556
f 557/557/557 403/403/403 556/556/556
f 554/554/554 403/403/403 557/557/557
f 555/555/555 558/558/558 799/799/799
f 557/557/557 556/556/556 559/559/559
f 558/558/558 560/560/560 799/799/799
f 798/798/798 552/552/552 556/556/556
f 565/565/565 563/563/563 562/562/562
f 562/562/562 564/564/564 565/565/565
f 565/565/565 566/566/566 567/567/567
f 567/567/567 563/563/563 565/565/565
f 595/595/595 562/562/562 563/563/563
f 596/596/596 595/595/595 563/563/563
f 567/567/567 596/596/596 563/563/563
f 562/562/562 595/595/595 808/808/808
f 808/808/808 569/569/569 562/562/562
f 571/571/571 881/881/881 569/569/569
f 568/568/568 570/570/570 569/569/569
f 564/564/564 562/562/562 569/569/569
f 569/569/569 808/808/808 807/807/807
f 569/569/569 807/807/807 571/571/571
f 572/572/572 512/512/512 575/575/575
f 515/515/515 513/513/513 512/512/512
f 573/573/573 575/575/575 512/512/512
f 573/573/573 512/512/512 513/513/513
f 586/586/586 575/575/575 573/573/573
f 573/573/573 513/513/513 515/515/515
f 515/515/515 516/516/516 573/573/573
f 516/516/516 586/586/586 573/573/573
f 586/586/586 576/576/576 575/575/575
f 577/577/577 575/575/575 576/576/576
f 576/576/576 578/578/578 577/577/577
f 578/578/578 584/584/584 577/577/577
f 583/583/583 580/580/580 577/577/577
f 584/584/584 583/583/583 577/577/577
f 583/583/583 582/582/582 580/580/580
f 582/582/582 583/583/583 584/584/584
f 584/584/584 579/579/579 582/582/582
f 597/597/597 582/582/582 579/579/579
f 585/585/585 516/516/516 533/533/533
f 586/586/586 516/516/516 585/585/585
f 533/533/533 586/586/586 585/585/585
f 588/588/588 576/576/576 586/586/586
f 1096/1096/1096 588/588/588 586/586/586
f 586/586/586 535/535/535 1096/1096/1096
f 588/588/588 578/578/578 576/576/576
f 588/588/588 587/587/587 578/578/578
f 587/587/587 584/584/584 578/578/578
f 584/584/584 589/589/589 579/579/579
f 584/584/584 590/590/590 589/589/589
f 579/579/579 607/607/607 597/597/597
f 587/587/587 590/590/590 584/584/584
f 589/589/589 590/590/590 579/579/579
f 603/603/603 579/579/579 590/590/590
f 579/579/579 603/603/603 607/607/607
f 1097/1097/1097 587/587/587 588/588/588
f 591/591/591 1098/1098/1098 587/587/587
f 591/591/591 587/587/587 1097/1097/1097
f 1098/1098/1098 1167/1167/1167 587/587/587
f 587/587/587 603/603/603 590/590/590
f 582/582/582 594/594/594 567/567/567
f 596/596/596 567/567/567 594/594/594
f 598/598/598 594/594/594 582/582/582
f 598/598/598 596/596/596 594/594/594
f 598/598/598 582/582/582 597/597/597
f 598/598/598 604/604/604 596/596/596
f 599/599/599 604/604/604 598/598/598
f 606/606/606 599/599/599 598/598/598
f 600/600/600 596/596/596 604/604/604
f 592/592/592 602/602/602 604/604/604
f 593/593/593 602/602/602 592/592/592
f 600/600/600 604/604/604 602/602/602
f 592/592/592 604/604/604 606/606/606
f 607/607/607 605/605/605 598/598/598
f 1168/1168/1168 587/587/587 1167/1167/1167
f 607/607/607 603/603/603 587/587/587
f 605/605/605 607/607/607 608/608/608
f 1168/1168/1168 607/607/607 587/587/587
f 1168/1168/1168 608/608/608 607/607/607
f 1168/1168/1168 606/606/606 608/608/608
f 608/608/608 606/606/606 605/605/605
f 1168/1168/1168 609/609/609 606/606/606
f 609/609/609 592/592/592 606/606/606
f 809/809/809 593/593/593 592/592/592
f 610/610/610 809/809/809 592/592/592
f 809/809/809 610/610/610 612/612/612
f 609/609/609 610/610/610 592/592/592
f 612/612/612 614/614/614 809/809/809
f 612/612/612 610/610/610 609/609/609
f 613/613/613 612/612/612 609/609/609
f 614/614/614 612/612/612 1174/1174/1174
f 1174/1174/1174 1176/1176/1176 614/614/614
f 597/597/597 607/607/607 598/598/598
f 605/605/605 606/606/606 598/598/598
f 604/604/604 599/599/599 606/606/606
f 615/615/615 398/398/398 394/394/394
f 634/634/634 415/415/415 616/616/616
f 616/616/616 619/619/619 634/634/634
f 410/410/410 433/433/433 414/414/414
f 617/617/617 414/414/414 433/433/433
f 620/620/620 618/618/618 433/433/433
f 618/618/618 617/617/617 433/433/433
f 416/416/416 621/621/621 623/623/623
f 624/624/624 620/620/620 433/433/433
f 624/624/624 433/433/433 625/625/625
f 626/626/626 416/416/416 623/623/623
f 433/433/433 627/627/627 625/625/625
f 627/627/627 433/433/433 629/629/629
f 416/416/416 626/626/626 628/628/628
f 630/630/630 627/627/627 629/629/629
f 416/416/416 628/628/628 631/631/631
f 632/632/632 630/630/630 629/629/629
f 633/633/633 416/416/416 631/631/631
f 416/416/416 634/634/634 621/621/621
f 619/619/619 621/621/621 634/634/634
f 419/419/419 634/634/634 416/416/416
f 663/663/663 436/436/436 634/634/634
f 634/634/634 637/637/637 663/663/663
f 637/637/637 634/634/634 419/419/419
f 417/417/417 418/418/418 416/416/416
f 416/416/416 633/633/633 636/636/636
f 417/417/417 416/416/416 422/422/422
f 419/419/419 416/416/416 637/637/637
f 421/421/421 420/420/420 637/637/637
f 420/420/420 639/639/639 637/637/637
f 638/638/638 637/637/637 639/639/639
f 425/425/425 639/639/639 426/426/426
f 734/734/734 638/638/638 639/639/639
f 629/629/629 433/433/433 687/687/687
f 632/632/632 629/629/629 635/635/635
f 629/629/629 466/466/466 641/641/641
f 629/629/629 687/687/687 466/466/466
f 640/640/640 629/629/629 641/641/641
f 643/643/643 635/635/635 629/629/629
f 643/643/643 629/629/629 640/640/640
f 416/416/416 636/636/636 642/642/642
f 640/640/640 644/644/644 643/643/643
f 422/422/422 416/416/416 642/642/642
f 422/422/422 642/642/642 645/645/645
f 647/647/647 422/422/422 645/645/645
f 646/646/646 644/644/644 640/640/640
f 640/640/640 649/649/649 646/646/646
f 422/422/422 647/647/647 648/648/648
f 648/648/648 651/651/651 422/422/422
f 650/650/650 649/649/649 640/640/640
f 640/640/640 427/427/427 741/741/741
f 427/427/427 640/640/640 641/641/641
f 423/423/423 641/641/641 466/466/466
f 427/427/427 641/641/641 423/423/423
f 744/744/744 424/424/424 422/422/422
f 422/422/422 651/651/651 654/654/654
f 655/655/655 650/650/650 640/640/640
f 652/652/652 655/655/655 640/640/640
f 422/422/422 654/654/654 653/653/653
f 653/653/653 744/744/744 422/422/422
f 656/656/656 652/652/652 640/640/640
f 657/657/657 744/744/744 653/653/653
f 640/640/640 658/658/658 656/656/656
f 659/659/659 656/656/656 658/658/658
f 657/657/657 660/660/660 744/744/744
f 661/661/661 659/659/659 658/658/658
f 744/744/744 660/660/660 662/662/662
f 753/753/753 741/741/741 427/427/427
f 436/436/436 677/677/677 445/445/445
f 428/428/428 445/445/445 678/678/678
f 678/678/678 445/445/445 677/677/677
f 691/691/691 622/622/622 433/433/433
f 436/436/436 445/445/445 664/664/664
f 781/781/781 666/666/666 445/445/445
f 666/666/666 669/669/669 445/445/445
f 667/667/667 443/443/443 664/664/664
f 445/445/445 669/669/669 664/664/664
f 669/669/669 670/670/670 664/664/664
f 670/670/670 446/446/446 664/664/664
f 684/684/684 672/672/672 447/447/447
f 672/672/672 684/684/684 674/674/674
f 684/684/684 447/447/447 446/446/446
f 449/449/449 684/684/684 446/446/446
f 446/446/446 670/670/670 449/449/449
f 677/677/677 663/663/663 637/637/637
f 450/450/450 677/677/677 637/637/637
f 450/450/450 637/637/637 679/679/679
f 677/677/677 450/450/450 678/678/678
f 678/678/678 680/680/680 428/428/428
f 680/680/680 665/665/665 428/428/428
f 450/450/450 680/680/680 678/678/678
f 450/450/450 665/665/665 680/680/680
f 498/498/498 451/451/451 681/681/681
f 450/450/450 500/500/500 499/499/499
f 450/450/450 679/679/679 638/638/638
f 638/638/638 679/679/679 637/637/637
f 681/681/681 450/450/450 638/638/638
f 683/683/683 428/428/428 665/665/665
f 428/428/428 683/683/683 778/778/778
f 665/665/665 682/682/682 683/683/683
f 682/682/682 665/665/665 450/450/450
f 499/499/499 682/682/682 450/450/450
f 682/682/682 499/499/499 683/683/683
f 683/683/683 499/499/499 510/510/510
f 509/509/509 510/510/510 499/499/499
f 499/499/499 500/500/500 509/509/509
f 449/449/449 670/670/670 669/669/669
f 449/449/449 666/666/666 546/546/546
f 684/684/684 449/449/449 685/685/685
f 780/780/780 685/685/685 449/449/449
f 622/622/622 687/687/687 433/433/433
f 686/686/686 687/687/687 622/622/622
f 622/622/622 691/691/691 688/688/688
f 688/688/688 686/686/686 622/622/622
f 689/689/689 691/691/691 725/725/725
f 466/466/466 687/687/687 686/686/686
f 452/452/452 810/810/810 690/690/690
f 668/668/668 691/691/691 444/444/444
f 668/668/668 692/692/692 691/691/691
f 385/385/385 463/463/463 454/454/454
f 385/385/385 692/692/692 463/463/463
f 691/691/691 692/692/692 385/385/385
f 453/453/453 464/464/464 446/446/446
f 705/705/705 385/385/385 448/448/448
f 705/705/705 455/455/455 385/385/385
f 384/384/384 385/385/385 695/695/695
f 385/385/385 696/696/696 695/695/695
f 705/705/705 699/699/699 455/455/455
f 722/722/722 456/456/456 698/698/698
f 700/700/700 722/722/722 698/698/698
f 701/701/701 699/699/699 705/705/705
f 705/705/705 702/702/702 701/701/701
f 722/722/722 700/700/700 703/703/703
f 385/385/385 384/384/384 389/389/389
f 694/694/694 615/615/615 383/383/383
f 462/462/462 696/696/696 385/385/385
f 697/697/697 461/461/461 722/722/722
f 615/615/615 697/697/697 722/722/722
f 694/694/694 697/697/697 615/615/615
f 704/704/704 615/615/615 722/722/722
f 385/385/385 455/455/455 458/458/458
f 456/456/456 722/722/722 457/457/457
f 785/785/785 704/704/704 722/722/722
f 464/464/464 693/693/693 446/446/446
f 671/671/671 705/705/705 448/448/448
f 676/676/676 705/705/705 673/673/673
f 706/706/706 705/705/705 676/676/676
f 702/702/702 705/705/705 708/708/708
f 710/710/710 708/708/708 705/705/705
f 711/711/711 721/721/721 709/709/709
f 710/710/710 705/705/705 706/706/706
f 713/713/713 710/710/710 706/706/706
f 714/714/714 710/710/710 713/713/713
f 717/717/717 714/714/714 713/713/713
f 712/712/712 684/684/684 716/716/716
f 718/718/718 716/716/716 684/684/684
f 715/715/715 721/721/721 711/711/711
f 720/720/720 714/714/714 717/717/717
f 721/721/721 715/715/715 719/719/719
f 673/673/673 705/705/705 671/671/671
f 675/675/675 674/674/674 684/684/684
f 709/709/709 722/722/722 703/703/703
f 675/675/675 684/684/684 707/707/707
f 684/684/684 712/712/712 707/707/707
f 721/721/721 722/722/722 709/709/709
f 721/721/721 785/785/785 722/722/722
f 724/724/724 723/723/723 785/785/785
f 728/728/728 465/465/465 725/725/725
f 727/727/727 725/725/725 726/726/726
f 726/726/726 725/725/725 465/465/465
f 615/615/615 388/388/388 383/383/383
f 467/467/467 690/690/690 727/727/727
f 727/727/727 726/726/726 465/465/465
f 465/465/465 467/467/467 727/727/727
f 427/427/427 423/423/423 466/466/466
f 467/467/467 466/466/466 452/452/452
f 729/729/729 466/466/466 467/467/467
f 467/467/467 452/452/452 690/690/690
f 729/729/729 467/467/467 902/902/902
f 774/774/774 729/729/729 902/902/902
f 731/731/731 684/684/684 685/685/685
f 719/719/719 732/732/732 785/785/785
f 731/731/731 718/718/718 684/684/684
f 733/733/733 731/731/731 685/685/685
f 733/733/733 785/785/785 732/732/732
f 785/785/785 721/721/721 719/719/719
f 733/733/733 685/685/685 785/785/785
f 780/780/780 785/785/785 685/685/685
f 902/902/902 467/467/467 730/730/730
f 730/730/730 465/465/465 468/468/468
f 734/734/734 681/681/681 638/638/638
f 425/425/425 478/478/478 639/639/639
f 639/639/639 478/478/478 734/734/734
f 474/474/474 736/736/736 734/734/734
f 734/734/734 478/478/478 474/474/474
f 470/470/470 734/734/734 736/736/736
f 470/470/470 736/736/736 473/473/473
f 474/474/474 478/478/478 768/768/768
f 473/473/473 736/736/736 474/474/474
f 524/524/524 476/476/476 768/768/768
f 768/768/768 769/769/769 524/524/524
f 744/744/744 662/662/662 737/737/737
f 738/738/738 661/661/661 658/658/658
f 737/737/737 747/747/747 744/744/744
f 738/738/738 658/658/658 739/739/739
f 740/740/740 747/747/747 737/737/737
f 747/747/747 740/740/740 742/742/742
f 739/739/739 658/658/658 743/743/743
f 742/742/742 746/746/746 747/747/747
f 478/478/478 425/425/425 735/735/735
f 744/744/744 480/480/480 425/425/425
f 480/480/480 744/744/744 747/747/747
f 480/480/480 747/747/747 748/748/748
f 477/477/477 480/480/480 748/748/748
f 479/479/479 478/478/478 735/735/735
f 768/768/768 478/478/478 479/479/479
f 745/745/745 743/743/743 658/658/658
f 749/749/749 745/745/745 658/658/658
f 760/760/760 746/746/746 750/750/750
f 747/747/747 746/746/746 760/760/760
f 752/752/752 749/749/749 658/658/658
f 658/658/658 741/741/741 753/753/753
f 748/748/748 747/747/747 760/760/760
f 751/751/751 755/755/755 760/760/760
f 760/760/760 750/750/750 751/751/751
f 754/754/754 752/752/752 658/658/658
f 757/757/757 760/760/760 755/755/755
f 756/756/756 754/754/754 658/658/658
f 760/760/760 757/757/757 759/759/759
f 758/758/758 756/756/756 658/658/658
f 760/760/760 759/759/759 762/762/762
f 761/761/761 758/758/758 765/765/765
f 765/765/765 764/764/764 761/761/761
f 760/760/760 762/762/762 763/763/763
f 763/763/763 766/766/766 760/760/760
f 765/765/765 767/767/767 764/764/764
f 477/477/477 748/748/748 760/760/760
f 477/477/477 481/481/481 480/480/480
f 481/481/481 477/477/477 760/760/760
f 479/479/479 770/770/770 768/768/768
f 769/769/769 768/768/768 770/770/770
f 481/481/481 479/479/479 480/480/480
f 481/481/481 770/770/770 479/479/479
f 769/769/769 526/526/526 524/524/524
f 526/526/526 769/769/769 770/770/770
f 481/481/481 526/526/526 770/770/770
f 526/526/526 481/481/481 771/771/771
f 771/771/771 481/481/481 492/492/492
f 771/771/771 1079/1079/1079 526/526/526
f 772/772/772 481/481/481 760/760/760
f 482/482/482 492/492/492 772/772/772
f 772/772/772 492/492/492 481/481/481
f 772/772/772 760/760/760 766/766/766
f 772/772/772 766/766/766 482/482/482
f 483/483/483 767/767/767 765/765/765
f 483/483/483 765/765/765 539/539/539
f 483/483/483 539/539/539 485/485/485
f 539/539/539 486/486/486 485/485/485
f 539/539/539 488/488/488 486/486/486
f 734/734/734 498/498/498 681/681/681
f 510/510/510 511/511/511 512/512/512
f 526/526/526 1086/1086/1086 528/528/528
f 753/753/753 427/427/427 729/729/729
f 773/773/773 753/753/753 729/729/729
f 774/774/774 773/773/773 729/729/729
f 774/774/774 902/902/902 905/905/905
f 765/765/765 753/753/753 773/773/773
f 765/765/765 773/773/773 774/774/774
f 775/775/775 765/765/765 774/774/774
f 775/775/775 540/540/540 765/765/765
f 765/765/765 541/541/541 539/539/539
f 765/765/765 540/540/540 541/541/541
f 541/541/541 540/540/540 910/910/910
f 497/497/497 495/495/495 539/539/539
f 780/780/780 546/546/546 787/787/787
f 783/783/783 793/793/793 547/547/547
f 548/548/548 428/428/428 778/778/778
f 683/683/683 777/777/777 778/778/778
f 510/510/510 777/777/777 683/683/683
f 510/510/510 778/778/778 777/777/777
f 778/778/778 779/779/779 574/574/574
f 575/575/575 574/574/574 779/779/779
f 575/575/575 581/581/581 574/574/574
f 666/666/666 449/449/449 669/669/669
f 780/780/780 449/449/449 546/546/546
f 782/782/782 666/666/666 781/781/781
f 781/781/781 547/547/547 782/782/782
f 666/666/666 782/782/782 546/546/546
f 547/547/547 793/793/793 782/782/782
f 574/574/574 548/548/548 778/778/778
f 782/782/782 793/793/793 776/776/776
f 548/548/548 574/574/574 784/784/784
f 784/784/784 783/783/783 548/548/548
f 581/581/581 784/784/784 574/574/574
f 784/784/784 581/581/581 580/580/580
f 567/567/567 580/580/580 582/582/582
f 567/567/567 553/553/553 580/580/580
f 784/784/784 580/580/580 553/553/553
f 553/553/553 567/567/567 566/566/566
f 704/704/704 785/785/785 723/723/723
f 723/723/723 724/724/724 786/786/786
f 786/786/786 704/704/704 723/723/723
f 803/803/803 787/787/787 549/549/549
f 787/787/787 546/546/546 795/795/795
f 786/786/786 549/549/549 704/704/704
f 787/787/787 795/795/795 788/788/788
f 791/791/791 398/398/398 789/789/789
f 704/704/704 549/549/549 615/615/615
f 615/615/615 549/549/549 790/790/790
f 789/789/789 398/398/398 615/615/615
f 787/787/787 788/788/788 790/790/790
f 790/790/790 549/549/549 787/787/787
f 794/794/794 776/776/776 793/793/793
f 795/795/795 546/546/546 794/794/794
f 793/793/793 795/795/795 794/794/794
f 795/795/795 793/793/793 788/788/788
f 798/798/798 788/788/788 793/793/793
f 783/783/783 784/784/784 553/553/553
f 553/553/553 804/804/804 552/552/552
f 804/804/804 797/797/797 552/552/552
f 791/791/791 798/798/798 403/403/403
f 561/561/561 559/559/559 556/556/556
f 561/561/561 799/799/799 560/560/560
f 799/799/799 561/561/561 556/556/556
f 796/796/796 788/788/788 798/798/798
f 800/800/800 552/552/552 797/797/797
f 570/570/570 556/556/556 552/552/552
f 570/570/570 552/552/552 800/800/800
f 568/568/568 881/881/881 570/570/570
f 801/801/801 785/785/785 780/780/780
f 780/780/780 803/803/803 801/801/801
f 802/802/802 786/786/786 785/785/785
f 724/724/724 785/785/785 786/786/786
f 780/780/780 787/787/787 803/803/803
f 549/549/549 802/802/802 803/803/803
f 801/801/801 803/803/803 785/785/785
f 802/802/802 549/549/549 786/786/786
f 802/802/802 785/785/785 803/803/803
f 805/805/805 566/566/566 565/565/565
f 804/804/804 565/565/565 806/806/806
f 565/565/565 804/804/804 805/805/805
f 569/569/569 881/881/881 568/568/568
f 569/569/569 570/570/570 800/800/800
f 800/800/800 564/564/564 569/569/569
f 565/565/565 564/564/564 800/800/800
f 808/808/808 602/602/602 807/807/807
f 593/593/593 807/807/807 602/602/602
f 512/512/512 778/778/778 510/510/510
f 778/778/778 512/512/512 779/779/779
f 779/779/779 512/512/512 572/572/572
f 572/572/572 575/575/575 779/779/779
f 577/577/577 580/580/580 581/581/581
f 577/577/577 581/581/581 575/575/575
f 611/611/611 809/809/809 614/614/614
f 600/600/600 808/808/808 595/595/595
f 600/600/600 595/595/595 596/596/596
f 602/602/602 808/808/808 600/600/600
f 807/807/807 593/593/593 571/571/571
f 593/593/593 883/883/883 571/571/571
f 809/809/809 601/601/601 593/593/593
f 741/741/741 658/658/658 640/640/640
f 677/677/677 436/436/436 663/663/663
f 667/667/667 664/664/664 446/446/446
f 691/691/691 689/689/689 688/688/688
f 688/688/688 466/466/466 686/686/686
f 466/466/466 688/688/688 689/689/689
f 452/452/452 466/466/466 689/689/689
f 810/810/810 689/689/689 725/725/725
f 452/452/452 689/689/689 810/810/810
f 725/725/725 811/811/811 810/810/810
f 690/690/690 810/810/810 811/811/811
f 690/690/690 811/811/811 727/727/727
f 727/727/727 811/811/811 725/725/725
f 667/667/667 446/446/446 693/693/693
f 758/758/758 658/658/658 765/765/765
f 658/658/658 753/753/753 765/765/765
f 782/782/782 776/776/776 546/546/546
f 776/776/776 794/794/794 546/546/546
f 790/790/790 789/789/789 615/615/615
f 789/789/789 790/790/790 791/791/791
f 790/790/790 788/788/788 791/791/791
f 788/788/788 796/796/796 791/791/791
f 798/798/798 791/791/791 796/796/796
f 556/556/556 570/570/570 799/799/799
f 799/799/799 570/570/570 881/881/881
f 566/566/566 804/804/804 553/553/553
f 805/805/805 804/804/804 566/566/566
f 565/565/565 800/800/800 806/806/806
f 804/804/804 806/806/806 797/797/797
f 806/806/806 800/800/800 797/797/797
f 187/187/187 812/812/812 166/166/166
f 186/186/186 166/166/166 812/812/812
f 899/899/899 728/728/728 385/385/385
f 396/396/396 899/899/899 385/385/385
f 814/814/814 899/899/899 396/396/396
f 397/397/397 398/398/398 816/816/816
f 816/816/816 398/398/398 818/818/818
f 397/397/397 816/816/816 813/813/813
f 899/899/899 814/814/814 792/792/792
f 792/792/792 814/814/814 815/815/815
f 400/400/400 818/818/818 398/398/398
f 792/792/792 817/817/817 399/399/399
f 792/792/792 815/815/815 817/817/817
f 401/401/401 792/792/792 399/399/399
f 819/819/819 821/821/821 820/820/820
f 821/821/821 819/819/819 860/860/860
f 867/867/867 821/821/821 860/860/860
f 822/822/822 821/821/821 867/867/867
f 822/822/822 823/823/823 904/904/904
f 823/823/823 822/822/822 867/867/867
f 823/823/823 867/867/867 825/825/825
f 827/827/827 825/825/825 824/824/824
f 884/884/884 824/824/824 825/825/825
f 827/827/827 824/824/824 884/884/884
f 828/828/828 827/827/827 884/884/884
f 831/831/831 830/830/830 827/827/827
f 836/836/836 828/828/828 884/884/884
f 832/832/832 836/836/836 884/884/884
f 828/828/828 836/836/836 831/831/831
f 835/835/835 831/831/831 836/836/836
f 829/829/829 831/831/831 833/833/833
f 835/835/835 834/834/834 831/831/831
f 831/831/831 834/834/834 833/833/833
f 834/834/834 835/835/835 836/836/836
f 834/834/834 836/836/836 837/837/837
f 842/842/842 839/839/839 844/844/844
f 839/839/839 829/829/829 833/833/833
f 833/833/833 855/855/855 839/839/839
f 855/855/855 833/833/833 851/851/851
f 851/851/851 833/833/833 834/834/834
f 846/846/846 855/855/855 851/851/851
f 846/846/846 847/847/847 855/855/855
f 849/849/849 854/854/854 855/855/855
f 855/855/855 847/847/847 849/849/849
f 850/850/850 848/848/848 845/845/845
f 851/851/851 834/834/834 852/852/852
f 852/852/852 834/834/834 837/837/837
f 849/849/849 846/846/846 854/854/854
f 851/851/851 852/852/852 853/853/853
f 844/844/844 839/839/839 856/856/856
f 856/856/856 855/855/855 857/857/857
f 855/855/855 1237/1237/1237 857/857/857
f 860/860/860 865/865/865 870/870/870
f 861/861/861 860/860/860 870/870/870
f 867/867/867 861/861/861 870/870/870
f 867/867/867 860/860/860 861/861/861
f 870/870/870 865/865/865 868/868/868
f 865/865/865 864/864/864 880/880/880
f 863/863/863 799/799/799 881/881/881
f 866/866/866 863/863/863 881/881/881
f 825/825/825 867/867/867 869/869/869
f 870/870/870 872/872/872 869/869/869
f 884/884/884 825/825/825 869/869/869
f 872/872/872 884/884/884 869/869/869
f 870/870/870 869/869/869 867/867/867
f 885/885/885 870/870/870 871/871/871
f 865/865/865 871/871/871 868/868/868
f 871/871/871 865/865/865 880/880/880
f 870/870/870 868/868/868 871/871/871
f 885/885/885 872/872/872 870/870/870
f 885/885/885 871/871/871 887/887/887
f 885/885/885 884/884/884 872/872/872
f 882/882/882 887/887/887 871/871/871
f 874/874/874 873/873/873 887/887/887
f 877/877/877 873/873/873 874/874/874
f 876/876/876 875/875/875 879/879/879
f 878/878/878 874/874/874 883/883/883
f 866/866/866 880/880/880 863/863/863
f 880/880/880 866/866/866 881/881/881
f 871/871/871 880/880/880 881/881/881
f 881/881/881 882/882/882 871/871/871
f 882/882/882 881/881/881 571/571/571
f 883/883/883 887/887/887 882/882/882
f 883/883/883 882/882/882 571/571/571
f 874/874/874 887/887/887 883/883/883
f 832/832/832 884/884/884 885/885/885
f 886/886/886 885/885/885 887/887/887
f 885/885/885 886/886/886 889/889/889
f 836/836/836 832/832/832 885/885/885
f 836/836/836 885/885/885 889/889/889
f 888/888/888 887/887/887 873/873/873
f 883/883/883 877/877/877 878/878/878
f 888/888/888 877/877/877 883/883/883
f 888/888/888 873/873/873 877/877/877
f 886/886/886 887/887/887 601/601/601
f 601/601/601 887/887/887 888/888/888
f 837/837/837 836/836/836 889/889/889
f 889/889/889 890/890/890 837/837/837
f 890/890/890 852/852/852 837/837/837
f 601/601/601 892/892/892 894/894/894
f 853/853/853 852/852/852 890/890/890
f 892/892/892 611/611/611 614/614/614
f 894/894/894 891/891/891 889/889/889
f 895/895/895 894/894/894 892/892/892
f 894/894/894 895/895/895 891/891/891
f 897/897/897 853/853/853 891/891/891
f 896/896/896 853/853/853 897/897/897
f 614/614/614 898/898/898 892/892/892
f 1175/1175/1175 898/898/898 614/614/614
f 898/898/898 1175/1175/1175 1369/1369/1369
f 891/891/891 895/895/895 898/898/898
f 898/898/898 897/897/897 891/891/891
f 792/792/792 900/900/900 899/899/899
f 792/792/792 860/860/860 900/900/900
f 465/465/465 728/728/728 901/901/901
f 901/901/901 728/728/728 820/820/820
f 465/465/465 901/901/901 821/821/821
f 903/903/903 465/465/465 821/821/821
f 901/901/901 820/820/820 821/821/821
f 820/820/820 900/900/900 819/819/819
f 822/822/822 903/903/903 821/821/821
f 904/904/904 903/903/903 822/822/822
f 902/902/902 730/730/730 468/468/468
f 468/468/468 903/903/903 826/826/826
f 826/826/826 903/903/903 904/904/904
f 826/826/826 904/904/904 823/823/823
f 827/827/827 826/826/826 823/823/823
f 827/827/827 823/823/823 825/825/825
f 902/902/902 468/468/468 826/826/826
f 902/902/902 826/826/826 905/905/905
f 830/830/830 826/826/826 827/827/827
f 774/774/774 905/905/905 908/908/908
f 906/906/906 908/908/908 905/905/905
f 905/905/905 907/907/907 906/906/906
f 906/906/906 907/907/907 831/831/831
f 829/829/829 906/906/906 831/831/831
f 540/540/540 775/775/775 910/910/910
f 910/910/910 774/774/774 908/908/908
f 910/910/910 775/775/775 774/774/774
f 911/911/911 908/908/908 906/906/906
f 910/910/910 908/908/908 911/911/911
f 906/906/906 909/909/909 838/838/838
f 911/911/911 906/906/906 838/838/838
f 909/909/909 906/906/906 829/829/829
f 830/830/830 905/905/905 826/826/826
f 905/905/905 830/830/830 831/831/831
f 827/827/827 828/828/828 831/831/831
f 907/907/907 905/905/905 831/831/831
f 541/541/541 910/910/910 912/912/912
f 912/912/912 910/910/910 911/911/911
f 912/912/912 911/911/911 841/841/841
f 842/842/842 909/909/909 839/839/839
f 839/839/839 909/909/909 829/829/829
f 909/909/909 842/842/842 838/838/838
f 842/842/842 911/911/911 838/838/838
f 912/912/912 840/840/840 541/541/541
f 842/842/842 841/841/841 911/911/911
f 842/842/842 912/912/912 841/841/841
f 851/851/851 854/854/854 846/846/846
f 851/851/851 853/853/853 854/854/854
f 1229/1229/1229 854/854/854 853/853/853
f 839/839/839 855/855/855 856/856/856
f 855/855/855 854/854/854 858/858/858
f 858/858/858 1237/1237/1237 855/855/855
f 860/860/860 862/862/862 859/859/859
f 865/865/865 860/860/860 859/859/859
f 862/862/862 792/792/792 799/799/799
f 862/862/862 865/865/865 859/859/859
f 865/865/865 862/862/862 864/864/864
f 864/864/864 862/862/862 880/880/880
f 862/862/862 863/863/863 880/880/880
f 863/863/863 913/913/913 799/799/799
f 593/593/593 601/601/601 888/888/888
f 894/894/894 889/889/889 886/886/886
f 894/894/894 886/886/886 601/601/601
f 809/809/809 892/892/892 601/601/601
f 883/883/883 593/593/593 888/888/888
f 889/889/889 891/891/891 890/890/890
f 891/891/891 853/853/853 890/890/890
f 892/892/892 809/809/809 611/611/611
f 892/892/892 898/898/898 893/893/893
f 893/893/893 895/895/895 892/892/892
f 895/895/895 893/893/893 898/898/898
f 1229/1229/1229 853/853/853 896/896/896
f 899/899/899 820/820/820 728/728/728
f 899/899/899 900/900/900 820/820/820
f 819/819/819 900/900/900 860/860/860
f 860/860/860 792/792/792 862/862/862
f 862/862/862 913/913/913 863/863/863
f 913/913/913 862/862/862 799/799/799
f 916/916/916 914/914/914 915/915/915
f 914/914/914 916/916/916 917/917/917
f 916/916/916 918/918/918 917/917/917
f 930/930/930 915/915/915 270/270/270
f 915/915/915 914/914/914 270/270/270
f 270/270/270 919/919/919 930/930/930
f 273/273/273 919/919/919 270/270/270
f 920/920/920 274/274/274 922/922/922
f 925/925/925 930/930/930 919/919/919
f 923/923/923 928/928/928 921/921/921
f 925/925/925 926/926/926 930/930/930
f 928/928/928 927/927/927 924/924/924
f 924/924/924 921/921/921 928/928/928
f 915/915/915 930/930/930 916/916/916
f 930/930/930 926/926/926 931/931/931
f 930/930/930 931/931/931 933/933/933
f 933/933/933 935/935/935 930/930/930
f 936/936/936 934/934/934 1002/1002/1002
f 1002/1002/1002 934/934/934 932/932/932
f 937/937/937 930/930/930 939/939/939
f 930/930/930 935/935/935 939/939/939
f 940/940/940 936/936/936 1002/1002/1002
f 1002/1002/1002 938/938/938 940/940/940
f 928/928/928 932/932/932 927/927/927
f 932/932/932 928/928/928 1002/1002/1002
f 928/928/928 941/941/941 1002/1002/1002
f 1028/1028/1028 1002/1002/1002 941/941/941
f 1002/1002/1002 974/974/974 956/956/956
f 942/942/942 918/918/918 916/916/916
f 942/942/942 943/943/943 918/918/918
f 1026/1026/1026 943/943/943 942/942/942
f 929/929/929 982/982/982 916/916/916
f 968/968/968 916/916/916 930/930/930
f 982/982/982 942/942/942 916/916/916
f 968/968/968 929/929/929 916/916/916
f 944/944/944 982/982/982 947/947/947
f 982/982/982 949/949/949 950/950/950
f 949/949/949 982/982/982 944/944/944
f 930/930/930 954/954/954 952/952/952
f 937/937/937 954/954/954 930/930/930
f 1002/1002/1002 955/955/955 938/938/938
f 965/965/965 955/955/955 1002/1002/1002
f 968/968/968 930/930/930 952/952/952
f 955/955/955 965/965/965 953/953/953
f 965/965/965 1002/1002/1002 956/956/956
f 974/974/974 973/973/973 956/956/956
f 958/958/958 968/968/968 952/952/952
f 959/959/959 968/968/968 958/958/958
f 960/960/960 957/957/957 965/965/965
f 957/957/957 953/953/953 965/965/965
f 973/973/973 965/965/965 956/956/956
f 962/962/962 960/960/960 965/965/965
f 961/961/961 968/968/968 959/959/959
f 964/964/964 962/962/962 965/965/965
f 968/968/968 961/961/961 963/963/963
f 964/964/964 965/965/965 967/967/967
f 966/966/966 968/968/968 963/963/963
f 982/982/982 929/929/929 968/968/968
f 968/968/968 966/966/966 970/970/970
f 968/968/968 970/970/970 971/971/971
f 973/973/973 946/946/946 972/972/972
f 947/947/947 968/968/968 971/971/971
f 969/969/969 965/965/965 973/973/973
f 969/969/969 967/967/967 965/965/965
f 969/969/969 973/973/973 972/972/972
f 946/946/946 973/973/973 945/945/945
f 982/982/982 968/968/968 947/947/947
f 973/973/973 948/948/948 945/945/945
f 982/982/982 975/975/975 942/942/942
f 975/975/975 1004/1004/1004 942/942/942
f 981/981/981 975/975/975 982/982/982
f 982/982/982 979/979/979 981/981/981
f 986/986/986 984/984/984 982/982/982
f 985/985/985 1001/1001/1001 983/983/983
f 984/984/984 988/988/988 982/982/982
f 976/976/976 982/982/982 988/988/988
f 990/990/990 982/982/982 976/976/976
f 977/977/977 987/987/987 1001/1001/1001
f 989/989/989 977/977/977 1001/1001/1001
f 983/983/983 1001/1001/1001 987/987/987
f 982/982/982 950/950/950 994/994/994
f 991/991/991 982/982/982 994/994/994
f 951/951/951 973/973/973 993/993/993
f 982/982/982 991/991/991 986/986/986
f 1001/1001/1001 985/985/985 992/992/992
f 993/993/993 1001/1001/1001 992/992/992
f 973/973/973 1001/1001/1001 993/993/993
f 995/995/995 975/975/975 981/981/981
f 975/975/975 995/995/995 1004/1004/1004
f 1004/1004/1004 995/995/995 997/997/997
f 979/979/979 982/982/982 990/990/990
f 1001/1001/1001 978/978/978 989/989/989
f 980/980/980 978/978/978 996/996/996
f 1001/1001/1001 996/996/996 978/978/978
f 1001/1001/1001 998/998/998 996/996/996
f 973/973/973 974/974/974 1001/1001/1001
f 1001/1001/1001 974/974/974 1002/1002/1002
f 951/951/951 948/948/948 973/973/973
f 1000/1000/1000 1001/1001/1001 1002/1002/1002
f 1028/1028/1028 1007/1007/1007 1002/1002/1002
f 999/999/999 1004/1004/1004 1003/1003/1003
f 1003/1003/1003 1004/1004/1004 997/997/997
f 1003/1003/1003 997/997/997 1006/1006/1006
f 1007/1007/1007 998/998/998 1001/1001/1001
f 1008/1008/1008 999/999/999 1003/1003/1003
f 1006/1006/1006 1010/1010/1010 1003/1003/1003
f 1004/1004/1004 999/999/999 1009/1009/1009
f 1010/1010/1010 1008/1008/1008 1003/1003/1003
f 1004/1004/1004 1009/1009/1009 1011/1011/1011
f 1005/1005/1005 998/998/998 1007/1007/1007
f 1005/1005/1005 1007/1007/1007 1012/1012/1012
f 254/254/254 914/914/914 917/917/917
f 94/94/94 254/254/254 250/250/250
f 250/250/250 254/254/254 917/917/917
f 1013/1013/1013 251/251/251 250/250/250
f 1013/1013/1013 250/250/250 1014/1014/1014
f 1014/1014/1014 250/250/250 918/918/918
f 1014/1014/1014 255/255/255 1013/1013/1013
f 1014/1014/1014 262/262/262 255/255/255
f 1015/1015/1015 1018/1018/1018 1014/1014/1014
f 250/250/250 917/917/917 918/918/918
f 922/922/922 274/274/274 277/277/277
f 923/923/923 278/278/278 1016/1016/1016
f 291/291/291 293/293/293 1016/1016/1016
f 1016/1016/1016 293/293/293 298/298/298
f 298/298/298 296/296/296 1019/1019/1019
f 1019/1019/1019 1016/1016/1016 298/298/298
f 282/282/282 1016/1016/1016 278/278/278
f 928/928/928 923/923/923 1016/1016/1016
f 1016/1016/1016 1017/1017/1017 928/928/928
f 291/291/291 1016/1016/1016 282/282/282
f 1017/1017/1017 941/941/941 928/928/928
f 1018/1018/1018 300/300/300 1014/1014/1014
f 1018/1018/1018 1019/1019/1019 300/300/300
f 1019/1019/1019 1018/1018/1018 1020/1020/1020
f 1015/1015/1015 1020/1020/1020 1018/1018/1018
f 1019/1019/1019 1017/1017/1017 1016/1016/1016
f 1017/1017/1017 1019/1019/1019 1020/1020/1020
f 1015/1015/1015 1017/1017/1017 1020/1020/1020
f 1021/1021/1021 941/941/941 1017/1017/1017
f 1021/1021/1021 1028/1028/1028 941/941/941
f 1015/1015/1015 1022/1022/1022 1023/1023/1023
f 1021/1021/1021 1017/1017/1017 1024/1024/1024
f 1017/1017/1017 1023/1023/1023 1024/1024/1024
f 1017/1017/1017 1015/1015/1015 1023/1023/1023
f 1024/1024/1024 1023/1023/1023 1029/1029/1029
f 1021/1021/1021 1024/1024/1024 1031/1031/1031
f 918/918/918 943/943/943 1026/1026/1026
f 1025/1025/1025 1014/1014/1014 918/918/918
f 942/942/942 1049/1049/1049 1026/1026/1026
f 1025/1025/1025 918/918/918 1026/1026/1026
f 1025/1025/1025 1015/1015/1015 1014/1014/1014
f 1015/1015/1015 1025/1025/1025 1022/1022/1022
f 1026/1026/1026 1022/1022/1022 1025/1025/1025
f 1026/1026/1026 1042/1042/1042 1047/1047/1047
f 1022/1022/1022 1026/1026/1026 1047/1047/1047
f 1021/1021/1021 1031/1031/1031 1028/1028/1028
f 1002/1002/1002 1007/1007/1007 1000/1000/1000
f 1028/1028/1028 1027/1027/1027 1007/1007/1007
f 1030/1030/1030 1029/1029/1029 1023/1023/1023
f 1027/1027/1027 1029/1029/1029 1046/1046/1046
f 1046/1046/1046 1029/1029/1029 1030/1030/1030
f 1030/1030/1030 1023/1023/1023 1022/1022/1022
f 1031/1031/1031 1024/1024/1024 1029/1029/1029
f 1028/1028/1028 1031/1031/1031 1027/1027/1027
f 1027/1027/1027 1031/1031/1031 1029/1029/1029
f 1049/1049/1049 942/942/942 1004/1004/1004
f 1032/1032/1032 1004/1004/1004 1011/1011/1011
f 1033/1033/1033 1012/1012/1012 1007/1007/1007
f 1007/1007/1007 1035/1035/1035 1033/1033/1033
f 1004/1004/1004 1032/1032/1032 1049/1049/1049
f 1034/1034/1034 1049/1049/1049 1032/1032/1032
f 1034/1034/1034 1037/1037/1037 1049/1049/1049
f 1036/1036/1036 1035/1035/1035 1007/1007/1007
f 1036/1036/1036 1007/1007/1007 1038/1038/1038
f 1027/1027/1027 1046/1046/1046 1038/1038/1038
f 1038/1038/1038 1046/1046/1046 1039/1039/1039
f 1037/1037/1037 1040/1040/1040 1049/1049/1049
f 1038/1038/1038 1041/1041/1041 1036/1036/1036
f 1026/1026/1026 1049/1049/1049 1042/1042/1042
f 1049/1049/1049 1040/1040/1040 1043/1043/1043
f 1044/1044/1044 1041/1041/1041 1038/1038/1038
f 1007/1007/1007 1001/1001/1001 1000/1000/1000
f 1038/1038/1038 1007/1007/1007 1045/1045/1045
f 1027/1027/1027 1045/1045/1045 1007/1007/1007
f 1027/1027/1027 1038/1038/1038 1045/1045/1045
f 1022/1022/1022 1046/1046/1046 1030/1030/1030
f 1047/1047/1047 1046/1046/1046 1022/1022/1022
f 1042/1042/1042 1046/1046/1046 1047/1047/1047
f 1039/1039/1039 1046/1046/1046 1042/1042/1042
f 1039/1039/1039 1042/1042/1042 1048/1048/1048
f 1051/1051/1051 1049/1049/1049 1043/1043/1043
f 1049/1049/1049 1051/1051/1051 1052/1052/1052
f 1050/1050/1050 1044/1044/1044 1038/1038/1038
f 1050/1050/1050 1038/1038/1038 1053/1053/1053
f 1054/1054/1054 1053/1053/1053 1038/1038/1038
f 1049/1049/1049 1055/1055/1055 1056/1056/1056
f 1057/1057/1057 1054/1054/1054 1038/1038/1038
f 1055/1055/1055 1049/1049/1049 1052/1052/1052
f 1042/1042/1042 1049/1049/1049 1048/1048/1048
f 1056/1056/1056 1048/1048/1048 1049/1049/1049
f 1057/1057/1057 1038/1038/1038 1048/1048/1048
f 1039/1039/1039 1048/1048/1048 1038/1038/1038
f 1075/1075/1075 1058/1058/1058 1407/1407/1407
f 1059/1059/1059 1058/1058/1058 1075/1075/1075
f 1472/1472/1472 1058/1058/1058 1059/1059/1059
f 1064/1064/1064 1062/1062/1062 1075/1075/1075
f 1064/1064/1064 1075/1075/1075 1061/1061/1061
f 1066/1066/1066 1063/1063/1063 1068/1068/1068
f 1068/1068/1068 1063/1063/1063 1065/1065/1065
f 1471/1471/1471 1058/1058/1058 1472/1472/1472
f 1072/1072/1072 1472/1472/1472 1067/1067/1067
f 1071/1071/1071 1066/1066/1066 1068/1068/1068
f 1472/1472/1472 1072/1072/1072 1070/1070/1070
f 1069/1069/1069 1071/1071/1071 1068/1068/1068
f 1472/1472/1472 1070/1070/1070 1073/1073/1073
f 1058/1058/1058 1389/1389/1389 1407/1407/1407
f 1059/1059/1059 1075/1075/1075 1472/1472/1472
f 1472/1472/1472 1075/1075/1075 1062/1062/1062
f 1062/1062/1062 1067/1067/1067 1472/1472/1472
f 1079/1079/1079 771/771/771 492/492/492
f 492/492/492 493/493/493 1079/1079/1079
f 1080/1080/1080 1077/1077/1077 1078/1078/1078
f 1078/1078/1078 1077/1077/1077 1079/1079/1079
f 1079/1079/1079 493/493/493 1078/1078/1078
f 1078/1078/1078 1081/1081/1081 1080/1080/1080
f 1113/1113/1113 1082/1082/1082 1078/1078/1078
f 1081/1081/1081 1078/1078/1078 1082/1082/1082
f 1083/1083/1083 1081/1081/1081 1084/1084/1084
f 1082/1082/1082 1085/1085/1085 1081/1081/1081
f 1085/1085/1085 1204/1204/1204 1081/1081/1081
f 1102/1102/1102 1103/1103/1103 1086/1086/1086
f 529/529/529 1088/1088/1088 536/536/536
f 1103/1103/1103 528/528/528 1086/1086/1086
f 528/528/528 1087/1087/1087 1088/1088/1088
f 1103/1103/1103 1087/1087/1087 528/528/528
f 1088/1088/1088 1093/1093/1093 536/536/536
f 1089/1089/1089 1093/1093/1093 1088/1088/1088
f 1090/1090/1090 1093/1093/1093 1089/1089/1089
f 1092/1092/1092 1089/1089/1089 1088/1088/1088
f 1092/1092/1092 1091/1091/1091 1089/1089/1089
f 1090/1090/1090 1092/1092/1092 1093/1093/1093
f 1087/1087/1087 1103/1103/1103 1088/1088/1088
f 1094/1094/1094 1092/1092/1092 1088/1088/1088
f 1103/1103/1103 1094/1094/1094 1088/1088/1088
f 1093/1093/1093 1099/1099/1099 537/537/537
f 1092/1092/1092 1094/1094/1094 1093/1093/1093
f 1093/1093/1093 1094/1094/1094 1099/1099/1099
f 1096/1096/1096 537/537/537 1099/1099/1099
f 1097/1097/1097 588/588/588 1096/1096/1096
f 1096/1096/1096 1099/1099/1099 1097/1097/1097
f 1097/1097/1097 1116/1116/1116 1098/1098/1098
f 1103/1103/1103 1095/1095/1095 1094/1094/1094
f 1099/1099/1099 1094/1094/1094 1095/1095/1095
f 1100/1100/1100 1101/1101/1101 526/526/526
f 1101/1101/1101 1086/1086/1086 526/526/526
f 1102/1102/1102 1086/1086/1086 1101/1101/1101
f 1102/1102/1102 1101/1101/1101 1100/1100/1100
f 1103/1103/1103 1102/1102/1102 1100/1100/1100
f 1105/1105/1105 1104/1104/1104 1100/1100/1100
f 1104/1104/1104 1121/1121/1121 1100/1100/1100
f 1100/1100/1100 1106/1106/1106 1105/1105/1105
f 1106/1106/1106 1100/1100/1100 526/526/526
f 1105/1105/1105 1106/1106/1106 1104/1104/1104
f 1104/1104/1104 1106/1106/1106 1121/1121/1121
f 1100/1100/1100 1115/1115/1115 1103/1103/1103
f 1115/1115/1115 1100/1100/1100 1127/1127/1127
f 1115/1115/1115 1095/1095/1095 1103/1103/1103
f 1121/1121/1121 1127/1127/1127 1100/1100/1100
f 1113/1113/1113 1078/1078/1078 543/543/543
f 543/543/543 544/544/544 1113/1113/1113
f 1108/1108/1108 545/545/545 840/840/840
f 1113/1113/1113 544/544/544 1107/1107/1107
f 1113/1113/1113 1107/1107/1107 1110/1110/1110
f 1113/1113/1113 1110/1110/1110 1112/1112/1112
f 1119/1119/1119 1106/1106/1106 1080/1080/1080
f 1114/1114/1114 1099/1099/1099 1095/1095/1095
f 1097/1097/1097 1099/1099/1099 1114/1114/1114
f 1114/1114/1114 1095/1095/1095 1115/1115/1115
f 1114/1114/1114 1116/1116/1116 1097/1097/1097
f 1117/1117/1117 1171/1171/1171 1116/1116/1116
f 1114/1114/1114 1115/1115/1115 1116/1116/1116
f 1115/1115/1115 1118/1118/1118 1116/1116/1116
f 1116/1116/1116 1118/1118/1118 1117/1117/1117
f 1137/1137/1137 1117/1117/1117 1118/1118/1118
f 1121/1121/1121 1106/1106/1106 1124/1124/1124
f 1121/1121/1121 1124/1124/1124 1120/1120/1120
f 1122/1122/1122 1120/1120/1120 1124/1124/1124
f 1120/1120/1120 1123/1123/1123 1125/1125/1125
f 1126/1126/1126 1121/1121/1121 1120/1120/1120
f 1134/1134/1134 1121/1121/1121 1126/1126/1126
f 1125/1125/1125 1122/1122/1122 1124/1124/1124
f 1126/1126/1126 1125/1125/1125 1124/1124/1124
f 1120/1120/1120 1125/1125/1125 1126/1126/1126
f 1134/1134/1134 1126/1126/1126 1124/1124/1124
f 1115/1115/1115 1127/1127/1127 1128/1128/1128
f 1134/1134/1134 1127/1127/1127 1121/1121/1121
f 1127/1127/1127 1134/1134/1134 1128/1128/1128
f 1130/1130/1130 1128/1128/1128 1134/1134/1134
f 1134/1134/1134 1129/1129/1129 1130/1130/1130
f 1130/1130/1130 1129/1129/1129 1128/1128/1128
f 1136/1136/1136 1129/1129/1129 1134/1134/1134
f 1119/1119/1119 1080/1080/1080 1083/1083/1083
f 1106/1106/1106 1119/1119/1119 1132/1132/1132
f 1132/1132/1132 1119/1119/1119 1083/1083/1083
f 1124/1124/1124 1106/1106/1106 1132/1132/1132
f 1134/1134/1134 1132/1132/1132 1083/1083/1083
f 1124/1124/1124 1132/1132/1132 1134/1134/1134
f 1156/1156/1156 1134/1134/1134 1133/1133/1133
f 1135/1135/1135 1134/1134/1134 1156/1156/1156
f 1131/1131/1131 1134/1134/1134 1135/1135/1135
f 1131/1131/1131 1136/1136/1136 1134/1134/1134
f 1115/1115/1115 1128/1128/1128 1140/1140/1140
f 1140/1140/1140 1118/1118/1118 1115/1115/1115
f 1129/1129/1129 1140/1140/1140 1128/1128/1128
f 1137/1137/1137 1140/1140/1140 1138/1138/1138
f 1140/1140/1140 1137/1137/1137 1118/1118/1118
f 1138/1138/1138 1142/1142/1142 1137/1137/1137
f 1142/1142/1142 1139/1139/1139 1137/1137/1137
f 1145/1145/1145 1140/1140/1140 1129/1129/1129
f 1145/1145/1145 1138/1138/1138 1140/1140/1140
f 1137/1137/1137 1139/1139/1139 1141/1141/1141
f 1144/1144/1144 1139/1139/1139 1142/1142/1142
f 1148/1148/1148 1142/1142/1142 1138/1138/1138
f 1148/1148/1148 1138/1138/1138 1145/1145/1145
f 1145/1145/1145 1147/1147/1147 1148/1148/1148
f 1142/1142/1142 1148/1148/1148 1149/1149/1149
f 1148/1148/1148 1147/1147/1147 1149/1149/1149
f 1142/1142/1142 1149/1149/1149 1144/1144/1144
f 1144/1144/1144 1149/1149/1149 1293/1293/1293
f 1147/1147/1147 1162/1162/1162 1149/1149/1149
f 1162/1162/1162 1163/1163/1163 1149/1149/1149
f 1155/1155/1155 1152/1152/1152 1153/1153/1153
f 1155/1155/1155 1160/1160/1160 1152/1152/1152
f 1152/1152/1152 1154/1154/1154 1153/1153/1153
f 1156/1156/1156 1133/1133/1133 1151/1151/1151
f 1135/1135/1135 1156/1156/1156 1131/1131/1131
f 1156/1156/1156 1136/1136/1136 1131/1131/1131
f 1136/1136/1136 1156/1156/1156 1159/1159/1159
f 1129/1129/1129 1136/1136/1136 1145/1145/1145
f 1159/1159/1159 1161/1161/1161 1136/1136/1136
f 1159/1159/1159 1156/1156/1156 1152/1152/1152
f 1159/1159/1159 1152/1152/1152 1161/1161/1161
f 1152/1152/1152 1160/1160/1160 1161/1161/1161
f 1136/1136/1136 1146/1146/1146 1145/1145/1145
f 1157/1157/1157 1146/1146/1146 1136/1136/1136
f 1157/1157/1157 1147/1147/1147 1146/1146/1146
f 1147/1147/1147 1145/1145/1145 1146/1146/1146
f 1147/1147/1147 1157/1157/1157 1158/1158/1158
f 1147/1147/1147 1163/1163/1163 1162/1162/1162
f 1161/1161/1161 1158/1158/1158 1157/1157/1157
f 1163/1163/1163 1147/1147/1147 1158/1158/1158
f 1166/1166/1166 1158/1158/1158 1161/1161/1161
f 1158/1158/1158 1166/1166/1166 1163/1163/1163
f 1323/1323/1323 1320/1320/1320 1163/1163/1163
f 1163/1163/1163 1164/1164/1164 1323/1323/1323
f 1163/1163/1163 1197/1197/1197 1164/1164/1164
f 1190/1190/1190 1161/1161/1161 1160/1160/1160
f 1190/1190/1190 1166/1166/1166 1161/1161/1161
f 1190/1190/1190 1160/1160/1160 1155/1155/1155
f 1165/1165/1165 1166/1166/1166 1190/1190/1190
f 1195/1195/1195 1166/1166/1166 1165/1165/1165
f 1197/1197/1197 1163/1163/1163 1166/1166/1166
f 1195/1195/1195 1197/1197/1197 1166/1166/1166
f 1098/1098/1098 591/591/591 1097/1097/1097
f 1171/1171/1171 1098/1098/1098 1116/1116/1116
f 1098/1098/1098 1168/1168/1168 1167/1167/1167
f 1169/1169/1169 1168/1168/1168 1098/1098/1098
f 609/609/609 1168/1168/1168 1170/1170/1170
f 1170/1170/1170 1168/1168/1168 1169/1169/1169
f 1169/1169/1169 1178/1178/1178 1170/1170/1170
f 1178/1178/1178 609/609/609 1170/1170/1170
f 609/609/609 1178/1178/1178 613/613/613
f 1171/1171/1171 1169/1169/1169 1098/1098/1098
f 1171/1171/1171 1117/1117/1117 1169/1169/1169
f 1169/1169/1169 1172/1172/1172 1178/1178/1178
f 1137/1137/1137 1169/1169/1169 1117/1117/1117
f 1169/1169/1169 1137/1137/1137 1172/1172/1172
f 1173/1173/1173 612/612/612 613/613/613
f 1173/1173/1173 613/613/613 1178/1178/1178
f 1173/1173/1173 1174/1174/1174 612/612/612
f 1176/1176/1176 1175/1175/1175 614/614/614
f 1181/1181/1181 1175/1175/1175 1176/1176/1176
f 1178/1178/1178 1174/1174/1174 1173/1173/1173
f 1177/1177/1177 1174/1174/1174 1178/1178/1178
f 1180/1180/1180 1177/1177/1177 1178/1178/1178
f 1180/1180/1180 1178/1178/1178 1183/1183/1183
f 1183/1183/1183 1178/1178/1178 1172/1172/1172
f 1174/1174/1174 1177/1177/1177 1180/1180/1180
f 1174/1174/1174 1180/1180/1180 1176/1176/1176
f 1180/1180/1180 1181/1181/1181 1176/1176/1176
f 1182/1182/1182 1372/1372/1372 1180/1180/1180
f 1181/1181/1181 1180/1180/1180 1376/1376/1376
f 1141/1141/1141 1172/1172/1172 1137/1137/1137
f 1183/1183/1183 1172/1172/1172 1141/1141/1141
f 1139/1139/1139 1183/1183/1183 1141/1141/1141
f 1180/1180/1180 1183/1183/1183 1179/1179/1179
f 1139/1139/1139 1179/1179/1179 1183/1183/1183
f 1144/1144/1144 1143/1143/1143 1139/1139/1139
f 1139/1139/1139 1143/1143/1143 1179/1179/1179
f 1143/1143/1143 1180/1180/1180 1179/1179/1179
f 1143/1143/1143 1184/1184/1184 1180/1180/1180
f 1184/1184/1184 1182/1182/1182 1180/1180/1180
f 1184/1184/1184 1143/1143/1143 1144/1144/1144
f 1144/1144/1144 1293/1293/1293 1184/1184/1184
f 1293/1293/1293 1272/1272/1272 1184/1184/1184
f 1382/1382/1382 1187/1187/1187 1154/1154/1154
f 1189/1189/1189 1154/1154/1154 1186/1186/1186
f 1154/1154/1154 1187/1187/1187 1186/1186/1186
f 1189/1189/1189 1155/1155/1155 1154/1154/1154
f 1155/1155/1155 1189/1189/1189 1188/1188/1188
f 1191/1191/1191 1189/1189/1189 1186/1186/1186
f 1188/1188/1188 1190/1190/1190 1155/1155/1155
f 1190/1190/1190 1188/1188/1188 1194/1194/1194
f 1188/1188/1188 1193/1193/1193 1194/1194/1194
f 1192/1192/1192 1191/1191/1191 1186/1186/1186
f 1189/1189/1189 1191/1191/1191 1188/1188/1188
f 1192/1192/1192 1188/1188/1188 1191/1191/1191
f 1193/1193/1193 1188/1188/1188 1192/1192/1192
f 1195/1195/1195 1193/1193/1193 1198/1198/1198
f 1195/1195/1195 1194/1194/1194 1193/1193/1193
f 1165/1165/1165 1190/1190/1190 1196/1196/1196
f 1190/1190/1190 1194/1194/1194 1196/1196/1196
f 1195/1195/1195 1165/1165/1165 1196/1196/1196
f 1195/1195/1195 1196/1196/1196 1194/1194/1194
f 1195/1195/1195 1201/1201/1201 1197/1197/1197
f 1199/1199/1199 1201/1201/1201 1195/1195/1195
f 1199/1199/1199 1195/1195/1195 1198/1198/1198
f 1198/1198/1198 1200/1200/1200 1199/1199/1199
f 1201/1201/1201 1199/1199/1199 1200/1200/1200
f 1079/1079/1079 1076/1076/1076 526/526/526
f 1076/1076/1076 1077/1077/1077 526/526/526
f 1077/1077/1077 1076/1076/1076 1079/1079/1079
f 526/526/526 1077/1077/1077 1106/1106/1106
f 1080/1080/1080 1081/1081/1081 1083/1083/1083
f 1084/1084/1084 1081/1081/1081 1204/1204/1204
f 1133/1133/1133 1083/1083/1083 1202/1202/1202
f 1202/1202/1202 1083/1083/1083 1084/1084/1084
f 1106/1106/1106 1077/1077/1077 1080/1080/1080
f 1133/1133/1133 1134/1134/1134 1083/1083/1083
f 1133/1133/1133 1150/1150/1150 1151/1151/1151
f 1205/1205/1205 1202/1202/1202 1084/1084/1084
f 1150/1150/1150 1133/1133/1133 1202/1202/1202
f 1650/1650/1650 1152/1152/1152 1202/1202/1202
f 1151/1151/1151 1150/1150/1150 1202/1202/1202
f 1151/1151/1151 1202/1202/1202 1152/1152/1152
f 1155/1155/1155 1153/1153/1153 1154/1154/1154
f 1152/1152/1152 1156/1156/1156 1151/1151/1151
f 1161/1161/1161 1157/1157/1157 1136/1136/1136
f 1108/1108/1108 840/840/840 1211/1211/1211
f 1109/1109/1109 1108/1108/1108 1211/1211/1211
f 1111/1111/1111 1109/1109/1109 1211/1211/1211
f 840/840/840 912/912/912 1211/1211/1211
f 1206/1206/1206 1211/1211/1211 912/912/912
f 1208/1208/1208 1111/1111/1111 1211/1211/1211
f 1113/1113/1113 1112/1112/1112 1207/1207/1207
f 1113/1113/1113 1207/1207/1207 1209/1209/1209
f 1208/1208/1208 1211/1211/1211 1210/1210/1210
f 1221/1221/1221 1113/1113/1113 1209/1209/1209
f 1213/1213/1213 1210/1210/1210 1211/1211/1211
f 1206/1206/1206 912/912/912 1635/1635/1635
f 1214/1214/1214 1206/1206/1206 1635/1635/1635
f 843/843/843 842/842/842 844/844/844
f 1221/1221/1221 1082/1082/1082 1113/1113/1113
f 1221/1221/1221 1209/1209/1209 1212/1212/1212
f 1215/1215/1215 1221/1221/1221 1212/1212/1212
f 1206/1206/1206 1213/1213/1213 1211/1211/1211
f 1216/1216/1216 1213/1213/1213 1206/1206/1206
f 1221/1221/1221 1215/1215/1215 1218/1218/1218
f 1214/1214/1214 1217/1217/1217 1216/1216/1216
f 1216/1216/1216 1206/1206/1206 1214/1214/1214
f 1082/1082/1082 1221/1221/1221 1240/1240/1240
f 1085/1085/1085 1082/1082/1082 1240/1240/1240
f 1219/1219/1219 1217/1217/1217 1214/1214/1214
f 1221/1221/1221 1218/1218/1218 1220/1220/1220
f 1219/1219/1219 1214/1214/1214 1222/1222/1222
f 1223/1223/1223 1221/1221/1221 1220/1220/1220
f 1244/1244/1244 1214/1214/1214 1637/1637/1637
f 1227/1227/1227 844/844/844 857/857/857
f 1226/1226/1226 844/844/844 1227/1227/1227
f 1227/1227/1227 1225/1225/1225 1224/1224/1224
f 1231/1231/1231 1364/1364/1364 1230/1230/1230
f 1231/1231/1231 1230/1230/1230 1233/1233/1233
f 1278/1278/1278 1231/1231/1231 1233/1233/1233
f 857/857/857 844/844/844 856/856/856
f 1228/1228/1228 1227/1227/1227 857/857/857
f 1235/1235/1235 1234/1234/1234 857/857/857
f 1235/1235/1235 1228/1228/1228 1234/1234/1234
f 1235/1235/1235 857/857/857 1237/1237/1237
f 1237/1237/1237 858/858/858 1229/1229/1229
f 1229/1229/1229 1238/1238/1238 1237/1237/1237
f 1229/1229/1229 858/858/858 854/854/854
f 1235/1235/1235 1237/1237/1237 1238/1238/1238
f 1239/1239/1239 1235/1235/1235 1364/1364/1364
f 1364/1364/1364 1235/1235/1235 1238/1238/1238
f 1236/1236/1236 1235/1235/1235 1239/1239/1239
f 1364/1364/1364 1238/1238/1238 1229/1229/1229
f 1235/1235/1235 1225/1225/1225 1228/1228/1228
f 1235/1235/1235 1236/1236/1236 1225/1225/1225
f 1225/1225/1225 1227/1227/1227 1228/1228/1228
f 1225/1225/1225 1232/1232/1232 1269/1269/1269
f 1225/1225/1225 1231/1231/1231 1232/1232/1232
f 1236/1236/1236 1239/1239/1239 1231/1231/1231
f 1231/1231/1231 1239/1239/1239 1364/1364/1364
f 1231/1231/1231 1225/1225/1225 1236/1236/1236
f 1085/1085/1085 1240/1240/1240 1203/1203/1203
f 1221/1221/1221 1223/1223/1223 1240/1240/1240
f 1243/1243/1243 1203/1203/1203 1240/1240/1240
f 1241/1241/1241 1240/1240/1240 1223/1223/1223
f 1242/1242/1242 1222/1222/1222 1214/1214/1214
f 1244/1244/1244 1242/1242/1242 1214/1214/1214
f 1243/1243/1243 1240/1240/1240 1241/1241/1241
f 1242/1242/1242 1244/1244/1244 1245/1245/1245
f 1246/1246/1246 1243/1243/1243 1241/1241/1241
f 1247/1247/1247 1244/1244/1244 1637/1637/1637
f 1247/1247/1247 1250/1250/1250 1244/1244/1244
f 1243/1243/1243 1246/1246/1246 1248/1248/1248
f 1249/1249/1249 1245/1245/1245 1244/1244/1244
f 1247/1247/1247 1224/1224/1224 1253/1253/1253
f 1224/1224/1224 1268/1268/1268 1253/1253/1253
f 1264/1264/1264 1253/1253/1253 1268/1268/1268
f 1250/1250/1250 1247/1247/1247 1253/1253/1253
f 1254/1254/1254 1250/1250/1250 1253/1253/1253
f 1254/1254/1254 1257/1257/1257 1250/1250/1250
f 1254/1254/1254 1253/1253/1253 1264/1264/1264
f 1255/1255/1255 1251/1251/1251 1250/1250/1250
f 1262/1262/1262 1258/1258/1258 1257/1257/1257
f 1257/1257/1257 1254/1254/1254 1264/1264/1264
f 1257/1257/1257 1264/1264/1264 1288/1288/1288
f 1265/1265/1265 1257/1257/1257 1288/1288/1288
f 1225/1225/1225 1268/1268/1268 1224/1224/1224
f 1712/1712/1712 1263/1263/1263 1257/1257/1257
f 1257/1257/1257 1265/1265/1265 1712/1712/1712
f 1268/1268/1268 1225/1225/1225 1269/1269/1269
f 1268/1268/1268 1284/1284/1284 1264/1264/1264
f 1285/1285/1285 1269/1269/1269 1270/1270/1270
f 1232/1232/1232 1231/1231/1231 1277/1277/1277
f 1231/1231/1231 1278/1278/1278 1277/1277/1277
f 1232/1232/1232 1270/1270/1270 1269/1269/1269
f 1270/1270/1270 1232/1232/1232 1277/1277/1277
f 1271/1271/1271 1278/1278/1278 1374/1374/1374
f 1375/1375/1375 1374/1374/1374 1278/1278/1278
f 1277/1277/1277 1278/1278/1278 1279/1279/1279
f 1279/1279/1279 1278/1278/1278 1271/1271/1271
f 1277/1277/1277 1275/1275/1275 1280/1280/1280
f 1273/1273/1273 1276/1276/1276 1282/1282/1282
f 1281/1281/1281 1275/1275/1275 1277/1277/1277
f 1280/1280/1280 1275/1275/1275 1274/1274/1274
f 1280/1280/1280 1274/1274/1274 1279/1279/1279
f 1291/1291/1291 1280/1280/1280 1279/1279/1279
f 1285/1285/1285 1277/1277/1277 1280/1280/1280
f 1285/1285/1285 1270/1270/1270 1277/1277/1277
f 1281/1281/1281 1277/1277/1277 1274/1274/1274
f 1274/1274/1274 1277/1277/1277 1279/1279/1279
f 1284/1284/1284 1268/1268/1268 1269/1269/1269
f 1321/1321/1321 1284/1284/1284 1285/1285/1285
f 1269/1269/1269 1285/1285/1285 1284/1284/1284
f 1288/1288/1288 1264/1264/1264 1284/1284/1284
f 1321/1321/1321 1285/1285/1285 1286/1286/1286
f 1321/1321/1321 1288/1288/1288 1284/1284/1284
f 1286/1286/1286 1285/1285/1285 1287/1287/1287
f 1292/1292/1292 1283/1283/1283 1285/1285/1285
f 1321/1321/1321 1286/1286/1286 1287/1287/1287
f 1283/1283/1283 1287/1287/1287 1285/1285/1285
f 1294/1294/1294 1287/1287/1287 1283/1283/1283
f 1290/1290/1290 1289/1289/1289 1149/1149/1149
f 1291/1291/1291 1279/1279/1279 1293/1293/1293
f 1289/1289/1289 1293/1293/1293 1149/1149/1149
f 1289/1289/1289 1292/1292/1292 1293/1293/1293
f 1292/1292/1292 1291/1291/1291 1293/1293/1293
f 1289/1289/1289 1290/1290/1290 1292/1292/1292
f 1149/1149/1149 1163/1163/1163 1290/1290/1290
f 1294/1294/1294 1292/1292/1292 1290/1290/1290
f 1283/1283/1283 1292/1292/1292 1294/1294/1294
f 1295/1295/1295 1280/1280/1280 1291/1291/1291
f 1291/1291/1291 1292/1292/1292 1295/1295/1295
f 1295/1295/1295 1292/1292/1292 1280/1280/1280
f 1292/1292/1292 1285/1285/1285 1280/1280/1280
f 1298/1298/1298 1154/1154/1154 1296/1296/1296
f 1303/1303/1303 1300/1300/1300 1302/1302/1302
f 1402/1402/1402 1301/1301/1301 1299/1299/1299
f 1305/1305/1305 1303/1303/1303 1302/1302/1302
f 1307/1307/1307 1303/1303/1303 1305/1305/1305
f 1301/1301/1301 1402/1402/1402 1304/1304/1304
f 1304/1304/1304 1402/1402/1402 1306/1306/1306
f 1310/1310/1310 1309/1309/1309 1314/1314/1314
f 1402/1402/1402 1308/1308/1308 1314/1314/1314
f 1308/1308/1308 1310/1310/1310 1314/1314/1314
f 1314/1314/1314 1309/1309/1309 1311/1311/1311
f 1317/1317/1317 1312/1312/1312 1318/1318/1318
f 1312/1312/1312 1313/1313/1313 1318/1318/1318
f 1315/1315/1315 1317/1317/1317 1318/1318/1318
f 1317/1317/1317 1314/1314/1314 1311/1311/1311
f 1311/1311/1311 1312/1312/1312 1317/1317/1317
f 1314/1314/1314 1317/1317/1317 1316/1316/1316
f 1438/1438/1438 1314/1314/1314 1316/1316/1316
f 1438/1438/1438 1439/1439/1439 1314/1314/1314
f 1317/1317/1317 1315/1315/1315 1605/1605/1605
f 1605/1605/1605 1315/1315/1315 1318/1318/1318
f 1605/1605/1605 1319/1319/1319 1317/1317/1317
f 1317/1317/1317 1319/1319/1319 1316/1316/1316
f 1294/1294/1294 1324/1324/1324 1325/1325/1325
f 1321/1321/1321 1265/1265/1265 1288/1288/1288
f 1287/1287/1287 1294/1294/1294 1325/1325/1325
f 1265/1265/1265 1322/1322/1322 1712/1712/1712
f 1322/1322/1322 1265/1265/1265 1321/1321/1321
f 1287/1287/1287 1325/1325/1325 1321/1321/1321
f 1322/1322/1322 1321/1321/1321 1325/1325/1325
f 1320/1320/1320 1290/1290/1290 1163/1163/1163
f 1324/1324/1324 1294/1294/1294 1290/1290/1290
f 1290/1290/1290 1320/1320/1320 1324/1324/1324
f 1324/1324/1324 1320/1320/1320 1323/1323/1323
f 1164/1164/1164 1324/1324/1324 1323/1323/1323
f 1329/1329/1329 1325/1325/1325 1324/1324/1324
f 1164/1164/1164 1326/1326/1326 1324/1324/1324
f 1164/1164/1164 1197/1197/1197 1326/1326/1326
f 1324/1324/1324 1326/1326/1326 1329/1329/1329
f 1329/1329/1329 1322/1322/1322 1325/1325/1325
f 1329/1329/1329 1327/1327/1327 1322/1322/1322
f 1329/1329/1329 1326/1326/1326 1330/1330/1330
f 1197/1197/1197 1330/1330/1330 1326/1326/1326
f 1329/1329/1329 1330/1330/1330 1332/1332/1332
f 1550/1550/1550 1331/1331/1331 1197/1197/1197
f 1331/1331/1331 1330/1330/1330 1197/1197/1197
f 1332/1332/1332 1330/1330/1330 1331/1331/1331
f 1342/1342/1342 1336/1336/1336 1337/1337/1337
f 1333/1333/1333 1339/1339/1339 1334/1334/1334
f 1339/1339/1339 1340/1340/1340 1341/1341/1341
f 1342/1342/1342 1337/1337/1337 1343/1343/1343
f 1341/1341/1341 1334/1334/1334 1339/1339/1339
f 1334/1334/1334 1341/1341/1341 1337/1337/1337
f 1555/1555/1555 1342/1342/1342 1343/1343/1343
f 1343/1343/1343 1337/1337/1337 1341/1341/1341
f 1554/1554/1554 1343/1343/1343 1341/1341/1341
f 1332/1332/1332 1340/1340/1340 1339/1339/1339
f 1346/1346/1346 1313/1313/1313 1344/1344/1344
f 1313/1313/1313 1346/1346/1346 1345/1345/1345
f 1347/1347/1347 1318/1318/1318 1313/1313/1313
f 1313/1313/1313 1345/1345/1345 1347/1347/1347
f 1355/1355/1355 1318/1318/1318 1347/1347/1347
f 1348/1348/1348 1355/1355/1355 1347/1347/1347
f 1350/1350/1350 1355/1355/1355 1348/1348/1348
f 1347/1347/1347 1356/1356/1356 1352/1352/1352
f 1351/1351/1351 1349/1349/1349 1353/1353/1353
f 1352/1352/1352 1348/1348/1348 1347/1347/1347
f 1347/1347/1347 1345/1345/1345 1354/1354/1354
f 1359/1359/1359 1354/1354/1354 1342/1342/1342
f 1342/1342/1342 1354/1354/1354 1336/1336/1336
f 1605/1605/1605 1318/1318/1318 1355/1355/1355
f 1355/1355/1355 1350/1350/1350 1352/1352/1352
f 1356/1356/1356 1355/1355/1355 1352/1352/1352
f 1605/1605/1605 1355/1355/1355 1356/1356/1356
f 1356/1356/1356 1354/1354/1354 1358/1358/1358
f 1356/1356/1356 1347/1347/1347 1354/1354/1354
f 1358/1358/1358 1354/1354/1354 1359/1359/1359
f 1360/1360/1360 1359/1359/1359 1342/1342/1342
f 1359/1359/1359 1356/1356/1356 1358/1358/1358
f 1357/1357/1357 1356/1356/1356 1359/1359/1359
f 1362/1362/1362 1229/1229/1229 896/896/896
f 1362/1362/1362 896/896/896 1367/1367/1367
f 1367/1367/1367 897/897/897 1361/1361/1361
f 896/896/896 897/897/897 1367/1367/1367
f 1364/1364/1364 1229/1229/1229 1362/1362/1362
f 1365/1365/1365 1364/1364/1364 1363/1363/1363
f 1363/1363/1363 1364/1364/1364 1366/1366/1366
f 1366/1366/1366 1364/1364/1364 1362/1362/1362
f 1366/1366/1366 1362/1362/1362 1363/1363/1363
f 1363/1363/1363 1362/1362/1362 1367/1367/1367
f 1369/1369/1369 1175/1175/1175 1181/1181/1181
f 1376/1376/1376 1368/1368/1368 898/898/898
f 898/898/898 1369/1369/1369 1376/1376/1376
f 1181/1181/1181 1376/1376/1376 1369/1369/1369
f 1368/1368/1368 1376/1376/1376 1367/1367/1367
f 1361/1361/1361 897/897/897 898/898/898
f 1368/1368/1368 1361/1361/1361 898/898/898
f 1367/1367/1367 1361/1361/1361 1368/1368/1368
f 1184/1184/1184 1373/1373/1373 1372/1372/1372
f 1372/1372/1372 1376/1376/1376 1180/1180/1180
f 1373/1373/1373 1370/1370/1370 1376/1376/1376
f 1372/1372/1372 1182/1182/1182 1184/1184/1184
f 1373/1373/1373 1376/1376/1376 1372/1372/1372
f 1373/1373/1373 1375/1375/1375 1370/1370/1370
f 1375/1375/1375 1363/1363/1363 1371/1371/1371
f 1370/1370/1370 1375/1375/1375 1371/1371/1371
f 1365/1365/1365 1230/1230/1230 1364/1364/1364
f 1365/1365/1365 1363/1363/1363 1230/1230/1230
f 1363/1363/1363 1367/1367/1367 1376/1376/1376
f 1370/1370/1370 1363/1363/1363 1376/1376/1376
f 1370/1370/1370 1371/1371/1371 1363/1363/1363
f 1230/1230/1230 1363/1363/1363 1233/1233/1233
f 1375/1375/1375 1233/1233/1233 1363/1363/1363
f 1233/1233/1233 1375/1375/1375 1278/1278/1278
f 1184/1184/1184 1272/1272/1272 1373/1373/1373
f 1374/1374/1374 1375/1375/1375 1271/1271/1271
f 1272/1272/1272 1375/1375/1375 1373/1373/1373
f 1375/1375/1375 1272/1272/1272 1271/1271/1271
f 1272/1272/1272 1279/1279/1279 1271/1271/1271
f 1293/1293/1293 1279/1279/1279 1272/1272/1272
f 1298/1298/1298 1380/1380/1380 1154/1154/1154
f 1378/1378/1378 1380/1380/1380 1298/1298/1298
f 1381/1381/1381 1380/1380/1380 1378/1378/1378
f 1154/1154/1154 1381/1381/1381 1378/1378/1378
f 1154/1154/1154 1380/1380/1380 1381/1381/1381
f 1154/1154/1154 1378/1378/1378 1185/1185/1185
f 1382/1382/1382 1154/1154/1154 1185/1185/1185
f 1382/1382/1382 1185/1185/1185 1378/1378/1378
f 1383/1383/1383 1378/1378/1378 1379/1379/1379
f 1385/1385/1385 1378/1378/1378 1383/1383/1383
f 1471/1471/1471 1384/1384/1384 1058/1058/1058
f 1386/1386/1386 1384/1384/1384 1471/1471/1471
f 1387/1387/1387 1383/1383/1383 1384/1384/1384
f 1387/1387/1387 1385/1385/1385 1383/1383/1383
f 1384/1384/1384 1386/1386/1386 1387/1387/1387
f 1388/1388/1388 1382/1382/1382 1378/1378/1378
f 1388/1388/1388 1378/1378/1378 1385/1385/1385
f 1187/1187/1187 1382/1382/1382 1388/1388/1388
f 1437/1437/1437 1187/1187/1187 1388/1388/1388
f 1388/1388/1388 1385/1385/1385 1387/1387/1387
f 1388/1388/1388 1468/1468/1468 1437/1437/1437
f 1391/1391/1391 1303/1303/1303 1307/1307/1307
f 1390/1390/1390 1306/1306/1306 1402/1402/1402
f 1392/1392/1392 1390/1390/1390 1402/1402/1402
f 1393/1393/1393 1303/1303/1303 1391/1391/1391
f 1398/1398/1398 1303/1303/1303 1394/1394/1394
f 1394/1394/1394 1396/1396/1396 1398/1398/1398
f 1401/1401/1401 1397/1397/1397 1395/1395/1395
f 1398/1398/1398 1396/1396/1396 1400/1400/1400
f 1399/1399/1399 1397/1397/1397 1401/1401/1401
f 1394/1394/1394 1303/1303/1303 1393/1393/1393
f 1401/1401/1401 1395/1395/1395 1392/1392/1392
f 1401/1401/1401 1392/1392/1392 1402/1402/1402
f 1401/1401/1401 1402/1402/1402 1403/1403/1403
f 1402/1402/1402 1314/1314/1314 1403/1403/1403
f 1404/1404/1404 1403/1403/1403 1314/1314/1314
f 1439/1439/1439 1456/1456/1456 1314/1314/1314
f 1436/1436/1436 1404/1404/1404 1456/1456/1456
f 1404/1404/1404 1314/1314/1314 1456/1456/1456
f 1405/1405/1405 1407/1407/1407 1398/1398/1398
f 1405/1405/1405 1398/1398/1398 1400/1400/1400
f 1408/1408/1408 1407/1407/1407 1405/1405/1405
f 1408/1408/1408 1075/1075/1075 1407/1407/1407
f 1410/1410/1410 1075/1075/1075 1408/1408/1408
f 1409/1409/1409 1401/1401/1401 1411/1411/1411
f 1401/1401/1401 1406/1406/1406 1399/1399/1399
f 1409/1409/1409 1406/1406/1406 1401/1401/1401
f 1410/1410/1410 1061/1061/1061 1075/1075/1075
f 1060/1060/1060 1411/1411/1411 1401/1401/1401
f 1401/1401/1401 1065/1065/1065 1060/1060/1060
f 1068/1068/1068 1065/1065/1065 1401/1401/1401
f 1413/1413/1413 1401/1401/1401 1412/1412/1412
f 1419/1419/1419 1420/1420/1420 1426/1426/1426
f 1426/1426/1426 1420/1420/1420 1423/1423/1423
f 1421/1421/1421 1418/1418/1418 1413/1413/1413
f 1421/1421/1421 1431/1431/1431 1422/1422/1422
f 1431/1431/1431 1428/1428/1428 1422/1422/1422
f 1427/1427/1427 1426/1426/1426 1423/1423/1423
f 1427/1427/1427 1429/1429/1429 1426/1426/1426
f 1430/1430/1430 1428/1428/1428 1431/1431/1431
f 1432/1432/1432 1430/1430/1430 1431/1431/1431
f 1401/1401/1401 1403/1403/1403 1412/1412/1412
f 1403/1403/1403 1404/1404/1404 1436/1436/1436
f 1403/1403/1403 1413/1413/1413 1412/1412/1412
f 1413/1413/1413 1403/1403/1403 1436/1436/1436
f 1434/1434/1434 1413/1413/1413 1418/1418/1418
f 1436/1436/1436 1431/1431/1431 1421/1421/1421
f 1436/1436/1436 1421/1421/1421 1413/1413/1413
f 1192/1192/1192 1186/1186/1186 1187/1187/1187
f 1187/1187/1187 1437/1437/1437 1192/1192/1192
f 1491/1491/1491 1192/1192/1192 1437/1437/1437
f 1192/1192/1192 1491/1491/1491 1193/1193/1193
f 1457/1457/1457 1456/1456/1456 1439/1439/1439
f 1438/1438/1438 1457/1457/1457 1439/1439/1439
f 1441/1441/1441 1424/1424/1424 1426/1426/1426
f 1443/1443/1443 1441/1441/1441 1426/1426/1426
f 1440/1440/1440 1442/1442/1442 1425/1425/1425
f 1469/1469/1469 1424/1424/1424 1443/1443/1443
f 1469/1469/1469 1443/1443/1443 1718/1718/1718
f 1431/1431/1431 1445/1445/1445 1432/1432/1432
f 1429/1429/1429 1433/1433/1433 1426/1426/1426
f 1446/1446/1446 1443/1443/1443 1426/1426/1426
f 1433/1433/1433 1446/1446/1446 1426/1426/1426
f 1446/1446/1446 1433/1433/1433 1444/1444/1444
f 1446/1446/1446 1718/1718/1718 1443/1443/1443
f 1718/1718/1718 1446/1446/1446 1447/1447/1447
f 1444/1444/1444 1447/1447/1447 1446/1446/1446
f 1448/1448/1448 1445/1445/1445 1449/1449/1449
f 1718/1718/1718 1447/1447/1447 1451/1451/1451
f 1449/1449/1449 1450/1450/1450 1448/1448/1448
f 1450/1450/1450 1449/1449/1449 1452/1452/1452
f 1449/1449/1449 1455/1455/1455 1452/1452/1452
f 1431/1431/1431 1456/1456/1456 1457/1457/1457
f 1460/1460/1460 1457/1457/1457 1438/1438/1438
f 1460/1460/1460 1458/1458/1458 1457/1457/1457
f 1456/1456/1456 1431/1431/1431 1436/1436/1436
f 1445/1445/1445 1431/1431/1431 1449/1449/1449
f 1449/1449/1449 1457/1457/1457 1458/1458/1458
f 1449/1449/1449 1431/1431/1431 1457/1457/1457
f 1449/1449/1449 1458/1458/1458 1462/1462/1462
f 1460/1460/1460 1536/1536/1536 1458/1458/1458
f 1449/1449/1449 1462/1462/1462 1530/1530/1530
f 1449/1449/1449 1530/1530/1530 1528/1528/1528
f 1536/1536/1536 1462/1462/1462 1458/1458/1458
f 1530/1530/1530 1462/1462/1462 1461/1461/1461
f 1462/1462/1462 1536/1536/1536 1461/1461/1461
f 1471/1471/1471 1466/1466/1466 1386/1386/1386
f 1466/1466/1466 1387/1387/1387 1386/1386/1386
f 1387/1387/1387 1468/1468/1468 1388/1388/1388
f 1466/1466/1466 1468/1468/1468 1387/1387/1387
f 1467/1467/1467 1468/1468/1468 1466/1466/1466
f 1468/1468/1468 1467/1467/1467 1475/1475/1475
f 1468/1468/1468 1469/1469/1469 1470/1470/1470
f 1468/1468/1468 1470/1470/1470 1437/1437/1437
f 1484/1484/1484 1472/1472/1472 1474/1474/1474
f 1466/1466/1466 1475/1475/1475 1465/1465/1465
f 1466/1466/1466 1484/1484/1484 1475/1475/1475
f 1466/1466/1466 1471/1471/1471 1472/1472/1472
f 1472/1472/1472 1484/1484/1484 1466/1466/1466
f 1413/1413/1413 1477/1477/1477 1068/1068/1068
f 1478/1478/1478 1477/1477/1477 1413/1413/1413
f 1473/1473/1473 1068/1068/1068 1477/1477/1477
f 1476/1476/1476 1484/1484/1484 1474/1474/1474
f 1413/1413/1413 1068/1068/1068 1401/1401/1401
f 1069/1069/1069 1068/1068/1068 1074/1074/1074
f 1068/1068/1068 1473/1473/1473 1074/1074/1074
f 1472/1472/1472 1073/1073/1073 1474/1474/1474
f 1478/1478/1478 1413/1413/1413 1481/1481/1481
f 1484/1484/1484 1476/1476/1476 1479/1479/1479
f 1479/1479/1479 1480/1480/1480 1484/1484/1484
f 1481/1481/1481 1413/1413/1413 1415/1415/1415
f 1484/1484/1484 1480/1480/1480 1414/1414/1414
f 1414/1414/1414 1417/1417/1417 1484/1484/1484
f 1415/1415/1415 1413/1413/1413 1416/1416/1416
f 1483/1483/1483 1466/1466/1466 1465/1465/1465
f 1467/1467/1467 1466/1466/1466 1483/1483/1483
f 1467/1467/1467 1482/1482/1482 1465/1465/1465
f 1467/1467/1467 1465/1465/1465 1475/1475/1475
f 1475/1475/1475 1426/1426/1426 1468/1468/1468
f 1484/1484/1484 1426/1426/1426 1475/1475/1475
f 1484/1484/1484 1435/1435/1435 1419/1419/1419
f 1426/1426/1426 1484/1484/1484 1419/1419/1419
f 1468/1468/1468 1426/1426/1426 1469/1469/1469
f 1426/1426/1426 1424/1424/1424 1469/1469/1469
f 1435/1435/1435 1484/1484/1484 1417/1417/1417
f 1413/1413/1413 1434/1434/1434 1416/1416/1416
f 1437/1437/1437 1492/1492/1492 1491/1491/1491
f 1469/1469/1469 1437/1437/1437 1470/1470/1470
f 1486/1486/1486 1492/1492/1492 1437/1437/1437
f 1487/1487/1487 1492/1492/1492 1486/1486/1486
f 1485/1485/1485 1193/1193/1193 1491/1491/1491
f 1488/1488/1488 1198/1198/1198 1193/1193/1193
f 1193/1193/1193 1485/1485/1485 1488/1488/1488
f 1491/1491/1491 1488/1488/1488 1485/1485/1485
f 1489/1489/1489 1488/1488/1488 1491/1491/1491
f 1490/1490/1490 1488/1488/1488 1489/1489/1489
f 1497/1497/1497 1495/1495/1495 1492/1492/1492
f 1497/1497/1497 1492/1492/1492 1493/1493/1493
f 1498/1498/1498 1497/1497/1497 1493/1493/1493
f 1496/1496/1496 1507/1507/1507 1495/1495/1495
f 1489/1489/1489 1491/1491/1491 1501/1501/1501
f 1491/1491/1491 1492/1492/1492 1501/1501/1501
f 1507/1507/1507 1496/1496/1496 1503/1503/1503
f 1507/1507/1507 1503/1503/1503 1506/1506/1506
f 1507/1507/1507 1502/1502/1502 1501/1501/1501
f 1506/1506/1506 1509/1509/1509 1507/1507/1507
f 1509/1509/1509 1510/1510/1510 1507/1507/1507
f 1502/1502/1502 1507/1507/1507 1510/1510/1510
f 1524/1524/1524 1511/1511/1511 1508/1508/1508
f 1502/1502/1502 1489/1489/1489 1501/1501/1501
f 1512/1512/1512 1502/1502/1502 1510/1510/1510
f 1487/1487/1487 1486/1486/1486 1718/1718/1718
f 1487/1487/1487 1718/1718/1718 1521/1521/1521
f 1451/1451/1451 1521/1521/1521 1718/1718/1718
f 1521/1521/1521 1451/1451/1451 1453/1453/1453
f 1454/1454/1454 1521/1521/1521 1453/1453/1453
f 1516/1516/1516 1521/1521/1521 1454/1454/1454
f 1518/1518/1518 1455/1455/1455 1449/1449/1449
f 1513/1513/1513 1521/1521/1521 1516/1516/1516
f 1528/1528/1528 1514/1514/1514 1515/1515/1515
f 1487/1487/1487 1521/1521/1521 1492/1492/1492
f 1520/1520/1520 1521/1521/1521 1513/1513/1513
f 1493/1493/1493 1492/1492/1492 1521/1521/1521
f 1520/1520/1520 1523/1523/1523 1521/1521/1521
f 1493/1493/1493 1521/1521/1521 1523/1523/1523
f 1524/1524/1524 1494/1494/1494 1522/1522/1522
f 1522/1522/1522 1519/1519/1519 1528/1528/1528
f 1528/1528/1528 1519/1519/1519 1514/1514/1514
f 1454/1454/1454 1517/1517/1517 1516/1516/1516
f 1449/1449/1449 1527/1527/1527 1518/1518/1518
f 1516/1516/1516 1517/1517/1517 1526/1526/1526
f 1527/1527/1527 1449/1449/1449 1459/1459/1459
f 1459/1459/1459 1528/1528/1528 1525/1525/1525
f 1525/1525/1525 1528/1528/1528 1515/1515/1515
f 1528/1528/1528 1524/1524/1524 1522/1522/1522
f 1494/1494/1494 1524/1524/1524 1499/1499/1499
f 1500/1500/1500 1503/1503/1503 1496/1496/1496
f 1504/1504/1504 1499/1499/1499 1524/1524/1524
f 1504/1504/1504 1524/1524/1524 1505/1505/1505
f 1508/1508/1508 1505/1505/1505 1524/1524/1524
f 1528/1528/1528 1530/1530/1530 1524/1524/1524
f 1529/1529/1529 1524/1524/1524 1530/1530/1530
f 1463/1463/1463 1530/1530/1530 1531/1531/1531
f 1461/1461/1461 1531/1531/1531 1530/1530/1530
f 1463/1463/1463 1531/1531/1531 1461/1461/1461
f 1438/1438/1438 1316/1316/1316 1532/1532/1532
f 1532/1532/1532 1535/1535/1535 1438/1438/1438
f 1438/1438/1438 1535/1535/1535 1460/1460/1460
f 1535/1535/1535 1532/1532/1532 1316/1316/1316
f 1533/1533/1533 1319/1319/1319 1605/1605/1605
f 1533/1533/1533 1605/1605/1605 1534/1534/1534
f 1533/1533/1533 1316/1316/1316 1319/1319/1319
f 1316/1316/1316 1533/1533/1533 1534/1534/1534
f 1535/1535/1535 1316/1316/1316 1534/1534/1534
f 1535/1535/1535 1606/1606/1606 1460/1460/1460
f 1534/1534/1534 1606/1606/1606 1535/1535/1535
f 1536/1536/1536 1460/1460/1460 1606/1606/1606
f 1606/1606/1606 1461/1461/1461 1536/1536/1536
f 1360/1360/1360 1538/1538/1538 1537/1537/1537
f 1342/1342/1342 1538/1538/1538 1360/1360/1360
f 1545/1545/1545 1538/1538/1538 1544/1544/1544
f 1540/1540/1540 1461/1461/1461 1539/1539/1539
f 1461/1461/1461 1540/1540/1540 1541/1541/1541
f 1543/1543/1543 1538/1538/1538 1545/1545/1545
f 1540/1540/1540 1542/1542/1542 1543/1543/1543
f 1546/1546/1546 1547/1547/1547 1543/1543/1543
f 1547/1547/1547 1540/1540/1540 1543/1543/1543
f 1546/1546/1546 1545/1545/1545 1544/1544/1544
f 1543/1543/1543 1545/1545/1545 1546/1546/1546
f 1548/1548/1548 1550/1550/1550 1197/1197/1197
f 1549/1549/1549 1332/1332/1332 1331/1331/1331
f 1548/1548/1548 1197/1197/1197 1201/1201/1201
f 1550/1550/1550 1548/1548/1548 1201/1201/1201
f 1550/1550/1550 1201/1201/1201 1551/1551/1551
f 1596/1596/1596 1549/1549/1549 1550/1550/1550
f 1550/1550/1550 1549/1549/1549 1331/1331/1331
f 1552/1552/1552 1341/1341/1341 1340/1340/1340
f 1553/1553/1553 1332/1332/1332 1549/1549/1549
f 1552/1552/1552 1340/1340/1340 1558/1558/1558
f 1558/1558/1558 1340/1340/1340 1553/1553/1553
f 1557/1557/1557 1552/1552/1552 1558/1558/1558
f 1555/1555/1555 1343/1343/1343 1554/1554/1554
f 1555/1555/1555 1538/1538/1538 1342/1342/1342
f 1552/1552/1552 1554/1554/1554 1341/1341/1341
f 1555/1555/1555 1554/1554/1554 1552/1552/1552
f 1556/1556/1556 1538/1538/1538 1555/1555/1555
f 1556/1556/1556 1555/1555/1555 1552/1552/1552
f 1556/1556/1556 1552/1552/1552 1557/1557/1557
f 1544/1544/1544 1538/1538/1538 1556/1556/1556
f 1553/1553/1553 1340/1340/1340 1332/1332/1332
f 1549/1549/1549 1558/1558/1558 1553/1553/1553
f 1558/1558/1558 1549/1549/1549 1601/1601/1601
f 1559/1559/1559 1600/1600/1600 1557/1557/1557
f 1579/1579/1579 1547/1547/1547 1600/1600/1600
f 1601/1601/1601 1559/1559/1559 1557/1557/1557
f 1558/1558/1558 1601/1601/1601 1557/1557/1557
f 1547/1547/1547 1544/1544/1544 1556/1556/1556
f 1546/1546/1546 1544/1544/1544 1547/1547/1547
f 1557/1557/1557 1547/1547/1547 1556/1556/1556
f 1600/1600/1600 1547/1547/1547 1557/1557/1557
f 1488/1488/1488 1490/1490/1490 1198/1198/1198
f 1198/1198/1198 1490/1490/1490 1200/1200/1200
f 1490/1490/1490 1562/1562/1562 1200/1200/1200
f 1560/1560/1560 1201/1201/1201 1200/1200/1200
f 1562/1562/1562 1490/1490/1490 1489/1489/1489
f 1569/1569/1569 1562/1562/1562 1489/1489/1489
f 1502/1502/1502 1568/1568/1568 1489/1489/1489
f 1568/1568/1568 1502/1502/1502 1512/1512/1512
f 1568/1568/1568 1512/1512/1512 1565/1565/1565
f 1512/1512/1512 1566/1566/1566 1564/1564/1564
f 1566/1566/1566 1512/1512/1512 1510/1510/1510
f 1568/1568/1568 1565/1565/1565 1566/1566/1566
f 1562/1562/1562 1569/1569/1569 1563/1563/1563
f 1568/1568/1568 1569/1569/1569 1489/1489/1489
f 1569/1569/1569 1570/1570/1570 1563/1563/1563
f 1562/1562/1562 1560/1560/1560 1200/1200/1200
f 1571/1571/1571 1560/1560/1560 1562/1562/1562
f 1563/1563/1563 1571/1571/1571 1562/1562/1562
f 1561/1561/1561 1560/1560/1560 1571/1571/1571
f 1572/1572/1572 1573/1573/1573 1561/1561/1561
f 1561/1561/1561 1571/1571/1571 1572/1572/1572
f 1577/1577/1577 1524/1524/1524 1575/1575/1575
f 1577/1577/1577 1575/1575/1575 1574/1574/1574
f 1464/1464/1464 1463/1463/1463 1461/1461/1461
f 1464/1464/1464 1530/1530/1530 1463/1463/1463
f 1464/1464/1464 1529/1529/1529 1530/1530/1530
f 1541/1541/1541 1464/1464/1464 1461/1461/1461
f 1540/1540/1540 1464/1464/1464 1541/1541/1541
f 1464/1464/1464 1575/1575/1575 1529/1529/1529
f 1524/1524/1524 1529/1529/1529 1575/1575/1575
f 1578/1578/1578 1464/1464/1464 1540/1540/1540
f 1575/1575/1575 1464/1464/1464 1574/1574/1574
f 1574/1574/1574 1464/1464/1464 1578/1578/1578
f 1576/1576/1576 1547/1547/1547 1579/1579/1579
f 1581/1581/1581 1574/1574/1574 1576/1576/1576
f 1580/1580/1580 1576/1576/1576 1579/1579/1579
f 1582/1582/1582 1580/1580/1580 1579/1579/1579
f 1547/1547/1547 1578/1578/1578 1540/1540/1540
f 1547/1547/1547 1574/1574/1574 1578/1578/1578
f 1547/1547/1547 1576/1576/1576 1574/1574/1574
f 1511/1511/1511 1524/1524/1524 1567/1567/1567
f 1567/1567/1567 1524/1524/1524 1577/1577/1577
f 1577/1577/1577 1583/1583/1583 1567/1567/1567
f 1583/1583/1583 1577/1577/1577 1587/1587/1587
f 1584/1584/1584 1568/1568/1568 1566/1566/1566
f 1569/1569/1569 1568/1568/1568 1584/1584/1584
f 1584/1584/1584 1585/1585/1585 1569/1569/1569
f 1586/1586/1586 1583/1583/1583 1587/1587/1587
f 1587/1587/1587 1577/1577/1577 1574/1574/1574
f 1574/1574/1574 1594/1594/1594 1587/1587/1587
f 1586/1586/1586 1587/1587/1587 1589/1589/1589
f 1569/1569/1569 1585/1585/1585 1588/1588/1588
f 1569/1569/1569 1588/1588/1588 1591/1591/1591
f 1589/1589/1589 1587/1587/1587 1590/1590/1590
f 1593/1593/1593 1590/1590/1590 1587/1587/1587
f 1592/1592/1592 1569/1569/1569 1591/1591/1591
f 1593/1593/1593 1587/1587/1587 1633/1633/1633
f 1632/1632/1632 1594/1594/1594 1574/1574/1574
f 1580/1580/1580 1632/1632/1632 1574/1574/1574
f 1582/1582/1582 1595/1595/1595 1580/1580/1580
f 1587/1587/1587 1594/1594/1594 1632/1632/1632
f 1632/1632/1632 1580/1580/1580 1595/1595/1595
f 1560/1560/1560 1551/1551/1551 1201/1201/1201
f 1560/1560/1560 1550/1550/1550 1551/1551/1551
f 1550/1550/1550 1560/1560/1560 1596/1596/1596
f 1560/1560/1560 1561/1561/1561 1596/1596/1596
f 1597/1597/1597 1549/1549/1549 1596/1596/1596
f 1601/1601/1601 1549/1549/1549 1597/1597/1597
f 1598/1598/1598 1597/1597/1597 1596/1596/1596
f 1573/1573/1573 1596/1596/1596 1561/1561/1561
f 1618/1618/1618 1598/1598/1598 1596/1596/1596
f 1599/1599/1599 1598/1598/1598 1618/1618/1618
f 1600/1600/1600 1559/1559/1559 1601/1601/1601
f 1579/1579/1579 1600/1600/1600 1601/1601/1601
f 1599/1599/1599 1601/1601/1601 1597/1597/1597
f 1597/1597/1597 1598/1598/1598 1599/1599/1599
f 1602/1602/1602 1579/1579/1579 1601/1601/1601
f 1602/1602/1602 1601/1601/1601 1599/1599/1599
f 1582/1582/1582 1579/1579/1579 1602/1602/1602
f 1582/1582/1582 1602/1602/1602 1599/1599/1599
f 1599/1599/1599 1595/1595/1595 1582/1582/1582
f 1604/1604/1604 1605/1605/1605 1603/1603/1603
f 1603/1603/1603 1605/1605/1605 1356/1356/1356
f 1603/1603/1603 1356/1356/1356 1604/1604/1604
f 1360/1360/1360 1604/1604/1604 1357/1357/1357
f 1356/1356/1356 1357/1357/1357 1604/1604/1604
f 1608/1608/1608 1604/1604/1604 1360/1360/1360
f 1605/1605/1605 1606/1606/1606 1534/1534/1534
f 1606/1606/1606 1605/1605/1605 1604/1604/1604
f 1606/1606/1606 1604/1604/1604 1539/1539/1539
f 1608/1608/1608 1539/1539/1539 1604/1604/1604
f 1357/1357/1357 1359/1359/1359 1360/1360/1360
f 1607/1607/1607 1360/1360/1360 1537/1537/1537
f 1608/1608/1608 1360/1360/1360 1607/1607/1607
f 1537/1537/1537 1538/1538/1538 1607/1607/1607
f 1608/1608/1608 1607/1607/1607 1538/1538/1538
f 1606/1606/1606 1539/1539/1539 1461/1461/1461
f 1542/1542/1542 1608/1608/1608 1543/1543/1543
f 1608/1608/1608 1540/1540/1540 1539/1539/1539
f 1540/1540/1540 1608/1608/1608 1542/1542/1542
f 1608/1608/1608 1538/1538/1538 1543/1543/1543
f 1570/1570/1570 1571/1571/1571 1563/1563/1563
f 1569/1569/1569 1610/1610/1610 1570/1570/1570
f 1571/1571/1571 1573/1573/1573 1572/1572/1572
f 1611/1611/1611 1571/1571/1571 1570/1570/1570
f 1571/1571/1571 1611/1611/1611 1614/1614/1614
f 1573/1573/1573 1571/1571/1571 1614/1614/1614
f 1617/1617/1617 1615/1615/1615 1614/1614/1614
f 1616/1616/1616 1618/1618/1618 1615/1615/1615
f 1619/1619/1619 1618/1618/1618 1621/1621/1621
f 1617/1617/1617 1614/1614/1614 1622/1622/1622
f 1616/1616/1616 1621/1621/1621 1618/1618/1618
f 1624/1624/1624 1570/1570/1570 1613/1613/1613
f 1611/1611/1611 1570/1570/1570 1624/1624/1624
f 1624/1624/1624 1614/1614/1614 1611/1611/1611
f 1622/1622/1622 1614/1614/1614 1620/1620/1620
f 1620/1620/1620 1614/1614/1614 1625/1625/1625
f 1569/1569/1569 1592/1592/1592 1627/1627/1627
f 1628/1628/1628 1593/1593/1593 1633/1633/1633
f 1610/1610/1610 1569/1569/1569 1627/1627/1627
f 1609/1609/1609 1628/1628/1628 1633/1633/1633
f 1570/1570/1570 1610/1610/1610 1629/1629/1629
f 1633/1633/1633 1630/1630/1630 1609/1609/1609
f 1612/1612/1612 1630/1630/1630 1633/1633/1633
f 1633/1633/1633 1587/1587/1587 1631/1631/1631
f 1613/1613/1613 1570/1570/1570 1629/1629/1629
f 1631/1631/1631 1587/1587/1587 1632/1632/1632
f 1633/1633/1633 1631/1631/1631 1632/1632/1632
f 1632/1632/1632 1618/1618/1618 1633/1633/1633
f 1623/1623/1623 1612/1612/1612 1633/1633/1633
f 1625/1625/1625 1614/1614/1614 1624/1624/1624
f 1626/1626/1626 1633/1633/1633 1619/1619/1619
f 1618/1618/1618 1619/1619/1619 1633/1633/1633
f 1614/1614/1614 1596/1596/1596 1573/1573/1573
f 1618/1618/1618 1596/1596/1596 1614/1614/1614
f 1615/1615/1615 1618/1618/1618 1614/1614/1614
f 1618/1618/1618 1632/1632/1632 1599/1599/1599
f 1632/1632/1632 1595/1595/1595 1599/1599/1599
f 1204/1204/1204 1085/1085/1085 1243/1243/1243
f 1205/1205/1205 1084/1084/1084 1204/1204/1204
f 1204/1204/1204 1243/1243/1243 1634/1634/1634
f 842/842/842 1635/1635/1635 912/912/912
f 1224/1224/1224 1635/1635/1635 842/842/842
f 842/842/842 1636/1636/1636 1224/1224/1224
f 1214/1214/1214 1635/1635/1635 1637/1637/1637
f 1637/1637/1637 1635/1635/1635 1224/1224/1224
f 1247/1247/1247 1637/1637/1637 1224/1224/1224
f 843/843/843 844/844/844 1226/1226/1226
f 843/843/843 1636/1636/1636 842/842/842
f 1636/1636/1636 843/843/843 1227/1227/1227
f 843/843/843 1226/1226/1226 1227/1227/1227
f 1224/1224/1224 1636/1636/1636 1227/1227/1227
f 1228/1228/1228 857/857/857 1234/1234/1234
f 1085/1085/1085 1203/1203/1203 1243/1243/1243
f 1244/1244/1244 1250/1250/1250 1249/1249/1249
f 1248/1248/1248 1638/1638/1638 1243/1243/1243
f 1639/1639/1639 1249/1249/1249 1250/1250/1250
f 1251/1251/1251 1639/1639/1639 1250/1250/1250
f 1243/1243/1243 1638/1638/1638 1252/1252/1252
f 1252/1252/1252 1256/1256/1256 1243/1243/1243
f 1697/1697/1697 1243/1243/1243 1256/1256/1256
f 1697/1697/1697 1256/1256/1256 1640/1640/1640
f 1634/1634/1634 1243/1243/1243 1697/1697/1697
f 1255/1255/1255 1250/1250/1250 1641/1641/1641
f 1641/1641/1641 1250/1250/1250 1257/1257/1257
f 1641/1641/1641 1257/1257/1257 1258/1258/1258
f 1697/1697/1697 1640/1640/1640 1259/1259/1259
f 1260/1260/1260 1697/1697/1697 1259/1259/1259
f 1257/1257/1257 1263/1263/1263 1262/1262/1262
f 1642/1642/1642 1697/1697/1697 1260/1260/1260
f 1261/1261/1261 1644/1644/1644 1643/1643/1643
f 1644/1644/1644 1646/1646/1646 1643/1643/1643
f 1645/1645/1645 1262/1262/1262 1263/1263/1263
f 1263/1263/1263 1266/1266/1266 1645/1645/1645
f 1650/1650/1650 1202/1202/1202 1205/1205/1205
f 1204/1204/1204 1650/1650/1650 1205/1205/1205
f 1697/1697/1697 1204/1204/1204 1634/1634/1634
f 1697/1697/1697 1650/1650/1650 1204/1204/1204
f 1697/1697/1697 1649/1649/1649 1650/1650/1650
f 1649/1649/1649 1697/1697/1697 1651/1651/1651
f 1649/1649/1649 1679/1679/1679 1650/1650/1650
f 1152/1152/1152 1650/1650/1650 1679/1679/1679
f 1653/1653/1653 1679/1679/1679 1651/1651/1651
f 1648/1648/1648 1653/1653/1653 1651/1651/1651
f 1651/1651/1651 1679/1679/1679 1649/1649/1649
f 1653/1653/1653 1647/1647/1647 1679/1679/1679
f 1653/1653/1653 1648/1648/1648 1647/1647/1647
f 1648/1648/1648 1651/1651/1651 1697/1697/1697
f 1648/1648/1648 1697/1697/1697 1655/1655/1655
f 1652/1652/1652 1658/1658/1658 1656/1656/1656
f 1697/1697/1697 1658/1658/1658 1652/1652/1652
f 1661/1661/1661 1658/1658/1658 1697/1697/1697
f 1660/1660/1660 1664/1664/1664 1659/1659/1659
f 1697/1697/1697 1652/1652/1652 1655/1655/1655
f 1656/1656/1656 1655/1655/1655 1652/1652/1652
f 1655/1655/1655 1663/1663/1663 1648/1648/1648
f 1664/1664/1664 1662/1662/1662 1654/1654/1654
f 1654/1654/1654 1657/1657/1657 1664/1664/1664
f 1657/1657/1657 1659/1659/1659 1664/1664/1664
f 1648/1648/1648 1667/1667/1667 1668/1668/1668
f 1663/1663/1663 1667/1667/1667 1648/1648/1648
f 1666/1666/1666 1662/1662/1662 1674/1674/1674
f 1670/1670/1670 1673/1673/1673 1648/1648/1648
f 1670/1670/1670 1648/1648/1648 1668/1668/1668
f 1671/1671/1671 1669/1669/1669 1674/1674/1674
f 1648/1648/1648 1673/1673/1673 1689/1689/1689
f 1671/1671/1671 1674/1674/1674 1672/1672/1672
f 1674/1674/1674 1669/1669/1669 1666/1666/1666
f 1662/1662/1662 1664/1664/1664 1674/1674/1674
f 1664/1664/1664 1677/1677/1677 1674/1674/1674
f 1677/1677/1677 1678/1678/1678 1674/1674/1674
f 1678/1678/1678 1676/1676/1676 1674/1674/1674
f 1674/1674/1674 1676/1676/1676 1312/1312/1312
f 1377/1377/1377 1679/1679/1679 1647/1647/1647
f 1154/1154/1154 1152/1152/1152 1296/1296/1296
f 1296/1296/1296 1152/1152/1152 1679/1679/1679
f 1297/1297/1297 1296/1296/1296 1679/1679/1679
f 1298/1298/1298 1296/1296/1296 1297/1297/1297
f 1648/1648/1648 1680/1680/1680 1647/1647/1647
f 1377/1377/1377 1647/1647/1647 1680/1680/1680
f 1681/1681/1681 1680/1680/1680 1648/1648/1648
f 1680/1680/1680 1681/1681/1681 1377/1377/1377
f 1681/1681/1681 1648/1648/1648 1693/1693/1693
f 1298/1298/1298 1297/1297/1297 1682/1682/1682
f 1297/1297/1297 1679/1679/1679 1377/1377/1377
f 1682/1682/1682 1297/1297/1297 1377/1377/1377
f 1298/1298/1298 1682/1682/1682 1377/1377/1377
f 1648/1648/1648 1689/1689/1689 1693/1693/1693
f 1684/1684/1684 1689/1689/1689 1673/1673/1673
f 1683/1683/1683 1672/1672/1672 1674/1674/1674
f 1686/1686/1686 1689/1689/1689 1684/1684/1684
f 1689/1689/1689 1686/1686/1686 1688/1688/1688
f 1691/1691/1691 1689/1689/1689 1688/1688/1688
f 1685/1685/1685 1683/1683/1683 1675/1675/1675
f 1310/1310/1310 1687/1687/1687 1675/1675/1675
f 1690/1690/1690 1687/1687/1687 1310/1310/1310
f 1687/1687/1687 1685/1685/1685 1675/1675/1675
f 1310/1310/1310 1675/1675/1675 1309/1309/1309
f 1689/1689/1689 1692/1692/1692 1693/1693/1693
f 1693/1693/1693 1692/1692/1692 1694/1694/1694
f 1303/1303/1303 1693/1693/1693 1694/1694/1694
f 1300/1300/1300 1694/1694/1694 1696/1696/1696
f 1402/1402/1402 1299/1299/1299 1695/1695/1695
f 1389/1389/1389 1681/1681/1681 1398/1398/1398
f 1681/1681/1681 1693/1693/1693 1398/1398/1398
f 1303/1303/1303 1398/1398/1398 1693/1693/1693
f 1303/1303/1303 1694/1694/1694 1300/1300/1300
f 1694/1694/1694 1692/1692/1692 1689/1689/1689
f 1689/1689/1689 1691/1691/1691 1696/1696/1696
f 1696/1696/1696 1694/1694/1694 1689/1689/1689
f 1695/1695/1695 1690/1690/1690 1402/1402/1402
f 1402/1402/1402 1690/1690/1690 1310/1310/1310
f 1402/1402/1402 1310/1310/1310 1308/1308/1308
f 1683/1683/1683 1674/1674/1674 1675/1675/1675
f 1675/1675/1675 1311/1311/1311 1309/1309/1309
f 1312/1312/1312 1311/1311/1311 1675/1675/1675
f 1674/1674/1674 1312/1312/1312 1675/1675/1675
f 1678/1678/1678 1344/1344/1344 1313/1313/1313
f 1344/1344/1344 1678/1678/1678 1346/1346/1346
f 1312/1312/1312 1676/1676/1676 1313/1313/1313
f 1313/1313/1313 1676/1676/1676 1678/1678/1678
f 1697/1697/1697 1699/1699/1699 1661/1661/1661
f 1697/1697/1697 1642/1642/1642 1701/1701/1701
f 1700/1700/1700 1643/1643/1643 1703/1703/1703
f 1646/1646/1646 1703/1703/1703 1643/1643/1643
f 1699/1699/1699 1697/1697/1697 1701/1701/1701
f 1707/1707/1707 1698/1698/1698 1702/1702/1702
f 1702/1702/1702 1704/1704/1704 1707/1707/1707
f 1698/1698/1698 1707/1707/1707 1660/1660/1660
f 1660/1660/1660 1707/1707/1707 1664/1664/1664
f 1644/1644/1644 1705/1705/1705 1646/1646/1646
f 1703/1703/1703 1646/1646/1646 1705/1705/1705
f 1706/1706/1706 1707/1707/1707 1704/1704/1704
f 1705/1705/1705 1644/1644/1644 1267/1267/1267
f 1266/1266/1266 1707/1707/1707 1706/1706/1706
f 1266/1266/1266 1263/1263/1263 1707/1707/1707
f 1708/1708/1708 1707/1707/1707 1263/1263/1263
f 1707/1707/1707 1708/1708/1708 1709/1709/1709
f 1710/1710/1710 1708/1708/1708 1263/1263/1263
f 1710/1710/1710 1263/1263/1263 1712/1712/1712
f 1712/1712/1712 1708/1708/1708 1710/1710/1710
f 1712/1712/1712 1711/1711/1711 1708/1708/1708
f 1677/1677/1677 1709/1709/1709 1678/1678/1678
f 1709/1709/1709 1346/1346/1346 1678/1678/1678
f 1346/1346/1346 1709/1709/1709 1708/1708/1708
f 1708/1708/1708 1713/1713/1713 1346/1346/1346
f 1328/1328/1328 1708/1708/1708 1711/1711/1711
f 1345/1345/1345 1713/1713/1713 1354/1354/1354
f 1713/1713/1713 1708/1708/1708 1328/1328/1328
f 1328/1328/1328 1711/1711/1711 1335/1335/1335
f 1328/1328/1328 1354/1354/1354 1713/1713/1713
f 1322/1322/1322 1327/1327/1327 1712/1712/1712
f 1332/1332/1332 1327/1327/1327 1329/1329/1329
f 1327/1327/1327 1333/1333/1333 1712/1712/1712
f 1712/1712/1712 1333/1333/1333 1711/1711/1711
f 1333/1333/1333 1335/1335/1335 1711/1711/1711
f 1335/1335/1335 1337/1337/1337 1328/1328/1328
f 1327/1327/1327 1332/1332/1332 1339/1339/1339
f 1339/1339/1339 1333/1333/1333 1327/1327/1327
f 1335/1335/1335 1333/1333/1333 1334/1334/1334
f 1338/1338/1338 1335/1335/1335 1334/1334/1334
f 1338/1338/1338 1337/1337/1337 1335/1335/1335
f 1334/1334/1334 1337/1337/1337 1338/1338/1338
f 1713/1713/1713 1345/1345/1345 1346/1346/1346
f 1328/1328/1328 1336/1336/1336 1354/1354/1354
f 1336/1336/1336 1328/1328/1328 1337/1337/1337
f 1298/1298/1298 1377/1377/1377 1378/1378/1378
f 1378/1378/1378 1714/1714/1714 1715/1715/1715
f 1378/1378/1378 1377/1377/1377 1714/1714/1714
f 1715/1715/1715 1377/1377/1377 1681/1681/1681
f 1715/1715/1715 1714/1714/1714 1377/1377/1377
f 1379/1379/1379 1715/1715/1715 1681/1681/1681
f 1716/1716/1716 1379/1379/1379 1681/1681/1681
f 1058/1058/1058 1716/1716/1716 1681/1681/1681
f 1716/1716/1716 1383/1383/1383 1379/1379/1379
f 1715/1715/1715 1379/1379/1379 1378/1378/1378
f 1383/1383/1383 1716/1716/1716 1058/1058/1058
f 1384/1384/1384 1383/1383/1383 1058/1058/1058
f 1717/1717/1717 1681/1681/1681 1389/1389/1389
f 1058/1058/1058 1717/1717/1717 1389/1389/1389
f 1681/1681/1681 1717/1717/1717 1058/1058/1058
f 1407/1407/1407 1389/1389/1389 1398/1398/1398
f 1469/1469/1469 1718/1718/1718 1437/1437/1437
f 1437/1437/1437 1718/1718/1718 1486/1486/1486
f 1528/1528/1528 1459/1459/1459 1449/1449/1449
f 1495/1495/1495 1507/1507/1507 1492/1492/1492
f 1501/1501/1501 1492/1492/1492 1507/1507/1507
f 1719/1719/1719 1501/1501/1501 1507/1507/1507
f 1507/1507/1507 1501/1501/1501 1719/1719/1719
f 1576/1576/1576 1580/1580/1580 1581/1581/1581
f 1580/1580/1580 1574/1574/1574 1581/1581/1581
f 1626/1626/1626 1623/1623/1623 1633/1633/1633
f 1665/1665/1665 1664/1664/1664 1707/1707/1707
f 1707/1707/1707 1709/1709/1709 1665/1665/1665
f 1665/1665/1665 1709/1709/1709 1677/1677/1677
f 1677/1677/1677 1664/1664/1664 1665/1665/1665
