<?xml version="1.0" encoding="utf-8"?>
<COLLADA xmlns="http://www.collada.org/2005/11/COLLADASchema" version="1.4.1">
  <asset>
    <contributor>
      <author>Blender User</author>
      <authoring_tool>Blender 2.69.0 r60991</authoring_tool>
    </contributor>
    <created>2013-12-18T19:21:08</created>
    <modified>2013-12-18T19:21:08</modified>
    <unit name="meter" meter="1"/>
    <up_axis>Z_UP</up_axis>
  </asset>
  <library_cameras>
    <camera id="Camera_001-camera" name="Camera.001">
      <optics>
        <technique_common>
          <perspective>
            <xfov sid="xfov">49.13434</xfov>
            <aspect_ratio>1.777778</aspect_ratio>
            <znear sid="znear">0.1</znear>
            <zfar sid="zfar">100</zfar>
          </perspective>
        </technique_common>
      </optics>
      <extra>
        <technique profile="blender">
          <YF_dofdist>0</YF_dofdist>
          <shiftx>0</shiftx>
          <shifty>0.01263707</shifty>
        </technique>
      </extra>
    </camera>
  </library_cameras>
  <library_images>
    <image id="table_lightmap" name="table_lightmap">
      <init_from>../materials/textures/table_lightmap.png</init_from>
    </image>
  </library_images>
  <library_effects>
    <effect id="Material_001-effect">
      <profile_COMMON>
        <newparam sid="table_lightmap-surface">
          <surface type="2D">
            <init_from>table_lightmap</init_from>
          </surface>
        </newparam>
        <newparam sid="table_lightmap-sampler">
          <sampler2D>
            <source>table_lightmap-surface</source>
          </sampler2D>
        </newparam>
        <technique sid="common">
          <phong>
            <emission>
              <color sid="emission">0 0 0 1</color>
            </emission>
            <ambient>
              <color sid="ambient">0 0 0 1</color>
            </ambient>
            <diffuse>
              <texture texture="table_lightmap-sampler" texcoord="UVMap"/>
            </diffuse>
            <specular>
              <color sid="specular">0.2397164 0.2130976 0.1375283 1</color>
            </specular>
            <shininess>
              <float sid="shininess">323</float>
            </shininess>
            <index_of_refraction>
              <float sid="index_of_refraction">1</float>
            </index_of_refraction>
          </phong>
        </technique>
        <extra>
          <technique profile="GOOGLEEARTH">
            <double_sided>1</double_sided>
          </technique>
        </extra>
      </profile_COMMON>
      <extra><technique profile="MAX3D"><double_sided>1</double_sided></technique></extra>
    </effect>
  </library_effects>
  <library_materials>
    <material id="Material_001-material" name="Material_001">
      <instance_effect url="#Material_001-effect"/>
    </material>
  </library_materials>
  <library_geometries>
    <geometry id="Cube_001-mesh" name="Cube.001">
      <mesh>
        <source id="Cube_001-mesh-positions">
          <float_array id="Cube_001-mesh-positions-array" count="2352">-2.63983 3.7788 0.36613 -5.1975 3.7788 0.36613 -5.1975 1.93048 0.36613 -2.63983 1.93048 0.36613 -0.02739 3.7788 0.36613 -2.58505 3.7788 0.36613 -2.58506 1.93048 0.36613 -0.02739 1.93048 0.36613 -2.63983 1.8757 0.36613 -5.1975 1.87571 0.36613 -5.1975 0.02739 0.36613 -2.63983 0.02739 0.36613 -0.02739 1.8757 0.36613 -2.58506 1.8757 0.36613 -2.58506 0.02739 0.36613 -0.02739 0.02739 0.36613 2.58506 3.7788 0.36613 0.02739 3.7788 0.36613 0.02739 1.93048 0.36613 2.58506 1.93048 0.36613 5.1975 3.7788 0.36613 2.63984 3.7788 0.36613 2.63983 1.93048 0.36613 5.1975 1.93048 0.36613 2.58506 1.8757 0.36613 0.02739 1.8757 0.36613 0.02739 0.02739 0.36613 2.58506 0.02739 0.36613 5.1975 1.8757 0.36613 2.63983 1.8757 0.36613 2.63983 0.02739 0.36613 5.1975 0.02739 0.36613 -2.63983 -0.02739 0.36613 -5.1975 -0.02739 0.36613 -5.1975 -1.8757 0.36613 -2.63983 -1.8757 0.36613 -0.02739 -0.02739 0.36613 -2.58506 -0.02739 0.36613 -2.58506 -1.8757 0.36613 -0.02739 -1.8757 0.36613 -2.63983 -1.93048 0.36613 -5.1975 -1.93048 0.36613 -5.1975 -3.7788 0.36613 -2.63984 -3.7788 0.36613 -0.02739 -1.93048 0.36613 -2.58506 -1.93048 0.36613 -2.58506 -3.7788 0.36613 -0.02739 -3.7788 0.36613 2.58506 -0.02739 0.36613 0.02739 -0.02739 0.36613 0.02739 -1.8757 0.36613 2.58505 -1.87571 0.36613 5.1975 -0.02739 0.36613 2.63983 -0.02739 0.36613 2.63983 -1.87571 0.36613 5.1975 -1.87571 0.36613 2.58505 -1.93048 0.36613 0.02739 -1.93048 0.36613 0.02739 -3.7788 0.36613 2.58505 -3.7788 0.36613 5.1975 -1.93049 0.36613 2.63983 -1.93048 0.36613 2.63983 -3.7788 0.36613 5.1975 -3.7788 0.36613 -5.22489 1.93048 0.33875 -5.22489 3.7788 0.33875 -5.22489 3.7788 0.06834 -5.22489 1.93048 0.06834 -5.22489 0.02739 0.33875 -5.22489 1.87571 0.33875 -5.22489 1.87571 0.06834 -5.22489 0.02739 0.06834 -5.22489 -3.7788 0.33875 -5.22489 -1.93048 0.33875 -5.22489 -1.93048 0.06834 -5.22489 -3.7788 0.06834 -5.22489 -1.8757 0.33875 -5.22489 -0.02739 0.33875 -5.22489 -0.02739 0.06834 -5.22489 -1.8757 0.06834 -2.63984 -3.80619 0.33875 -5.1975 -3.80619 0.33875 -5.1975 -3.80619 0.06834 -2.63984 -3.80619 0.06834 -0.02739 -3.80619 0.33875 -2.58506 -3.80619 0.33875 -2.58506 -3.80619 0.06834 -0.02739 -3.80619 0.06834 5.1975 -3.80619 0.33875 2.63983 -3.80619 0.33875 2.63983 -3.80619 0.06834 5.1975 -3.80619 0.06834 2.58505 -3.80619 0.33875 0.02739 -3.80619 0.33875 0.02739 -3.80619 0.06834 2.58505 -3.80619 0.06834 -5.1975 3.80619 0.33875 -2.63983 3.80619 0.33875 -2.63983 3.80619 0.06834 -5.1975 3.80619 0.06834 -2.58505 3.80619 0.33875 -0.02739 3.80619 0.33875 -0.02739 3.80619 0.06834 -2.58505 3.80619 0.06834 2.63984 3.80619 0.33875 5.1975 3.80619 0.33875 5.1975 3.80619 0.06834 2.63984 3.80619 0.06834 0.02739 3.80619 0.33875 2.58506 3.80619 0.33875 2.58506 3.80619 0.06834 0.02739 3.80619 0.06834 5.22489 -1.93049 0.33875 5.22488 -3.7788 0.33875 5.22488 -3.7788 0.06834 5.22489 -1.93049 0.06834 5.22489 -0.02739 0.33875 5.22489 -1.87571 0.33875 5.22489 -1.87571 0.06834 5.22489 -0.02739 0.06834 5.22489 3.7788 0.33875 5.22489 1.93048 0.33875 5.22489 1.93048 0.06834 5.22489 3.7788 0.06834 5.22489 1.8757 0.33875 5.22489 0.02739 0.33875 5.22489 0.02739 0.06834 5.22489 1.8757 0.06834 5.20172 1.86599 0.02634 5.20172 0.02739 0.02634 4.55692 0.02739 -0.38003 4.55692 1.63114 -0.38003 5.20172 3.75713 0.02634 5.20172 1.92331 0.02634 4.55692 1.68845 -0.38003 4.55692 3.28742 -0.38003 5.20172 -0.02739 0.02634 5.20172 -1.866 0.02634 4.55692 -1.63114 -0.38003 4.55692 -0.02739 -0.38003 5.20172 -1.92332 0.02634 5.20171 -3.75714 0.02634 4.55692 -3.28742 -0.38003 4.55692 -1.68846 -0.38003 0.02739 3.78547 0.02303 2.56737 3.78547 0.02303 2.25023 3.32342 -0.37671 0.02739 3.32342 -0.37671 2.62909 3.78547 0.02303 5.15698 3.78547 0.02303 4.52271 3.32342 -0.37671 2.31195 3.32342 -0.37671 -2.56737 3.78547 0.02303 -0.02739 3.78547 0.02303 -0.02739 3.32342 -0.37671 -2.25023 3.32343 -0.37671 -5.15697 3.78547 0.02303 -2.62908 3.78547 0.02303 -2.31195 3.32343 -0.37671 -4.5227 3.32343 -0.37671 2.56737 -3.78548 0.02303 0.02739 -3.78547 0.02303 0.02739 -3.32343 -0.37671 2.25023 -3.32343 -0.37671 5.15697 -3.78548 0.02303 2.62908 -3.78548 0.02303 2.31195 -3.32343 -0.37671 4.5227 -3.32343 -0.37671 -0.02739 -3.78547 0.02303 -2.56737 -3.78547 0.02303 -2.25023 -3.32342 -0.37671 -0.02739 -3.32343 -0.37671 -2.62909 -3.78547 0.02303 -5.15698 -3.78547 0.02303 -4.52271 -3.32342 -0.37671 -2.31195 -3.32342 -0.37671 -5.20172 -1.86599 0.02634 -5.20172 -0.02739 0.02634 -4.55692 -0.02739 -0.38003 -4.55692 -1.63114 -0.38003 -5.20172 -3.75713 0.02634 -5.20172 -1.92331 0.02634 -4.55692 -1.68846 -0.38003 -4.55692 -3.28742 -0.38003 -5.20172 0.02739 0.02634 -5.20172 1.866 0.02634 -4.55692 1.63114 -0.38003 -4.55692 0.02739 -0.38003 -5.20172 1.92332 0.02634 -5.20172 3.75714 0.02634 -4.55692 3.28742 -0.38003 -4.55692 1.68846 -0.38003 -4.53375 1.67875 -0.42202 -4.53375 3.27532 -0.42202 -4.53375 3.27532 -0.69979 -4.53375 1.67875 -0.69979 -4.53375 0.02739 -0.42202 -4.53375 1.62397 -0.42202 -4.53375 1.62397 -0.69979 -4.53375 0.02739 -0.69979 -4.53375 -3.27532 -0.42202 -4.53375 -1.67874 -0.42202 -4.53375 -1.67874 -0.69979 -4.53375 -3.27532 -0.69979 -4.53375 -1.62397 -0.42202 -4.53375 -0.02739 -0.42202 -4.53375 -0.02739 -0.69979 -4.53375 -1.62397 -0.69979 -2.29427 -3.30271 -0.42202 -4.50636 -3.30271 -0.42202 -4.50636 -3.30271 -0.69979 -2.29427 -3.30271 -0.69979 -0.02739 -3.30271 -0.42202 -2.23949 -3.30271 -0.42202 -2.23949 -3.30271 -0.69979 -0.02739 -3.30271 -0.69979 4.50636 -3.30271 -0.42202 2.29426 -3.30271 -0.42202 2.29426 -3.30271 -0.69979 4.50636 -3.30271 -0.69979 2.23948 -3.30271 -0.42202 0.02739 -3.30271 -0.42202 0.02739 -3.30271 -0.69979 2.23948 -3.30271 -0.69979 -4.50636 3.30271 -0.42202 -2.29426 3.30271 -0.42202 -2.29426 3.30271 -0.69979 -4.50636 3.30271 -0.69979 -2.23949 3.30271 -0.42202 -0.02739 3.30271 -0.42202 -0.02739 3.30271 -0.69979 -2.23949 3.30271 -0.69979 2.29427 3.30271 -0.42202 4.50636 3.30271 -0.42202 4.50636 3.30271 -0.69979 2.29427 3.30271 -0.69979 0.02739 3.30271 -0.42202 2.23949 3.30271 -0.42202 2.23949 3.30271 -0.69979 0.02739 3.30271 -0.69979 4.53375 -1.67875 -0.42202 4.53375 -3.27533 -0.42202 4.53375 -3.27533 -0.69979 4.53375 -1.67875 -0.69979 4.53375 -0.02739 -0.42202 4.53375 -1.62397 -0.42202 4.53375 -1.62397 -0.69979 4.53375 -0.02739 -0.69979 4.53375 3.27532 -0.42202 4.53375 1.67874 -0.42202 4.53375 1.67874 -0.69979 4.53375 3.27532 -0.69979 4.53375 1.62397 -0.42202 4.53375 0.02739 -0.42202 4.53375 0.02739 -0.69979 4.53375 1.62397 -0.69979 4.50647 1.61228 -0.72473 4.50647 0.02739 -0.72473 4.18645 0.02739 -0.696 4.18645 1.49572 -0.696 4.50647 3.249 -0.72473 4.50647 1.67055 -0.72473 4.18645 1.55399 -0.696 4.18645 3.01587 -0.696 4.50647 -0.02739 -0.72473 4.50647 -1.61229 -0.72473 4.18644 -1.49572 -0.696 4.18645 -0.02739 -0.696 4.50647 -1.67056 -0.72473 4.50647 -3.249 -0.72473 4.18644 -3.01587 -0.696 4.18644 -1.55399 -0.696 0.02739 3.27553 -0.72383 2.21508 3.27553 -0.72383 2.0651 3.05702 -0.6969 0.02739 3.05702 -0.6969 2.28136 3.27553 -0.72383 4.45015 3.27553 -0.72383 4.1502 3.05702 -0.6969 2.13138 3.05702 -0.6969 -2.21508 3.27553 -0.72383 -0.02739 3.27553 -0.72383 -0.02739 3.05702 -0.6969 -2.0651 3.05702 -0.6969 -4.45015 3.27553 -0.72383 -2.28136 3.27553 -0.72383 -2.13138 3.05702 -0.6969 -4.15019 3.05702 -0.6969 2.21508 -3.27553 -0.72383 0.02739 -3.27553 -0.72383 0.02739 -3.05702 -0.6969 2.0651 -3.05702 -0.6969 4.45014 -3.27553 -0.72383 2.28136 -3.27553 -0.72383 2.13138 -3.05702 -0.6969 4.15019 -3.05702 -0.6969 -0.02739 -3.27553 -0.72383 -2.21508 -3.27553 -0.72383 -2.0651 -3.05702 -0.6969 -0.02739 -3.05702 -0.6969 -2.28136 -3.27553 -0.72383 -4.45015 -3.27553 -0.72383 -4.1502 -3.05702 -0.6969 -2.13138 -3.05702 -0.6969 -4.50647 -1.61228 -0.72473 -4.50647 -0.02739 -0.72473 -4.18645 -0.02739 -0.696 -4.18645 -1.49572 -0.696 -4.50647 -3.249 -0.72473 -4.50647 -1.67056 -0.72473 -4.18645 -1.55399 -0.696 -4.18645 -3.01587 -0.696 -4.50647 0.02739 -0.72473 -4.50647 1.61228 -0.72473 -4.18645 1.49572 -0.696 -4.18645 0.02739 -0.696 -4.50647 1.67056 -0.72473 -4.50647 3.249 -0.72473 -4.18644 3.01587 -0.696 -4.18645 1.55399 -0.696 -4.15917 0.02739 -0.66616 -4.15917 1.48753 -0.66616 -4.15917 1.48753 -0.42097 -4.15917 0.02739 -0.42097 -4.15917 -1.48753 -0.66616 -4.15917 -0.02739 -0.66616 -4.15917 -0.02739 -0.42097 -4.15917 -1.48753 -0.42097 -0.02739 -3.02984 -0.66616 -2.0522 -3.02984 -0.66616 -2.0522 -3.02984 -0.42097 -0.02739 -3.02984 -0.42097 2.05219 -3.02984 -0.66616 0.02739 -3.02984 -0.66616 0.02739 -3.02984 -0.42097 2.05219 -3.02984 -0.42097 -2.05219 3.02984 -0.66616 -0.02739 3.02984 -0.66616 -0.02739 3.02984 -0.42097 -2.05219 3.02984 -0.42097 0.02739 3.02984 -0.66616 2.0522 3.02984 -0.66616 2.0522 3.02984 -0.42097 0.02739 3.02984 -0.42097 4.15917 -0.02739 -0.66616 4.15916 -1.48753 -0.66616 4.15916 -1.48753 -0.42097 4.15917 -0.02739 -0.42097 4.15917 1.48753 -0.66616 4.15917 0.02739 -0.66616 4.15917 0.02739 -0.42097 4.15917 1.48753 -0.42097 -2.0522 0.02739 -0.39358 -2.05219 1.48753 -0.39358 -0.02739 1.48753 -0.39358 -0.02739 0.02739 -0.39358 0.02739 0.02739 -0.39358 0.02739 1.48753 -0.39358 2.0522 1.48753 -0.39358 2.05219 0.02739 -0.39358 -2.0522 -1.48753 -0.39358 -2.0522 -0.02739 -0.39358 -0.02739 -0.02739 -0.39358 -0.02739 -1.48753 -0.39358 0.02739 -1.48753 -0.39358 0.02739 -0.02739 -0.39358 2.05219 -0.02739 -0.39358 2.05219 -1.48753 -0.39358 -4.15917 2.27238 -0.42304 -4.15917 1.65847 -0.66616 -4.15917 2.88629 -0.66616 -4.15917 3.00245 -0.42097 -4.15917 2.41593 -0.42097 -4.15917 3.00245 -0.65325 -4.15917 2.12883 -0.42097 -4.15917 1.54231 -0.42097 -4.15917 1.54231 -0.65325 -4.15917 -2.27238 -0.42304 -4.15917 -2.88629 -0.66616 -4.15917 -1.65847 -0.66616 -4.15917 -1.54231 -0.42097 -4.15917 -2.12883 -0.42097 -4.15917 -1.54231 -0.65325 -4.15917 -2.41593 -0.42097 -4.15917 -3.00245 -0.65325 -3.11938 -3.02984 -0.42209 -2.27333 -3.02984 -0.66616 -3.96542 -3.02984 -0.66616 -4.13178 -3.02984 -0.42097 -3.31313 -3.02984 -0.42097 -4.13178 -3.02984 -0.65714 -2.92563 -3.02984 -0.42097 -2.10697 -3.02984 -0.42097 -2.10697 -3.02984 -0.65714 3.11937 -3.02984 -0.42209 3.96542 -3.02984 -0.66616 2.27333 -3.02984 -0.66616 2.10697 -3.02984 -0.42097 2.92562 -3.02984 -0.42097 2.10697 -3.02984 -0.65714 3.31312 -3.02984 -0.42097 4.13178 -3.02984 -0.42097 4.13178 -3.02984 -0.65714 -3.11937 3.02984 -0.42209 -3.96542 3.02984 -0.66616 -2.27333 3.02984 -0.66616 -2.10697 3.02984 -0.42097 -2.92562 3.02984 -0.42097 -2.10697 3.02984 -0.65714 -3.31312 3.02984 -0.42097 -4.13178 3.02984 -0.65714 3.11938 3.02984 -0.42209 2.27333 3.02984 -0.66616 3.96542 3.02984 -0.66616 3.31313 3.02984 -0.42097 4.13178 3.02984 -0.65714 2.92563 3.02984 -0.42097 2.10697 3.02984 -0.42097 2.10697 3.02984 -0.65714 4.15916 -2.27238 -0.42304 4.15916 -1.65847 -0.66616 4.15916 -2.88629 -0.66616 4.15916 -3.00245 -0.42097 4.15916 -2.41593 -0.42097 4.15916 -3.00245 -0.65325 4.15916 -2.12883 -0.42097 4.15916 -1.54231 -0.42097 4.15916 -1.54231 -0.65325 4.15917 2.27238 -0.42304 4.15917 2.88629 -0.66616 4.15917 1.65847 -0.66616 4.15917 1.54231 -0.42097 4.15917 2.12883 -0.42097 4.15917 1.54231 -0.65325 4.15917 2.41593 -0.42097 4.15917 3.00245 -0.42097 4.15917 3.00245 -0.65325 -4.13178 1.54231 -0.39358 -4.13178 2.24499 -0.39358 -3.14676 2.24499 -0.39358 -3.14676 1.54231 -0.39358 -3.09199 2.29977 -0.39358 -3.09199 3.00245 -0.39358 -2.10697 3.00245 -0.39358 -2.10697 2.29977 -0.39358 -3.09199 1.54231 -0.39358 -3.09199 2.24499 -0.39358 -2.10697 2.24499 -0.39358 -2.10697 1.54231 -0.39358 -1.99955 2.27238 -0.39358 -0.02739 2.99071 -0.39358 -0.02739 1.55404 -0.39358 -2.05219 1.54231 -0.39358 -2.05219 2.23325 -0.39358 -0.15522 1.54231 -0.39358 -2.05219 2.3115 -0.39358 -2.05219 3.00245 -0.39358 -0.15522 3.00245 -0.39358 -3.11937 1.46652 -0.39358 -2.1316 0.02739 -0.39358 -4.10715 0.02739 -0.39358 -4.13178 1.48753 -0.39358 -3.17139 1.48753 -0.39358 -4.13178 0.0883 -0.39358 -3.06736 1.48753 -0.39358 -2.10697 1.48753 -0.39358 -2.10697 0.0883 -0.39358 1.99956 2.27238 -0.39358 0.02739 1.55404 -0.39358 0.02739 2.99071 -0.39358 2.0522 3.00245 -0.39358 2.0522 2.3115 -0.39358 0.15523 3.00245 -0.39358 2.0522 2.23325 -0.39358 2.0522 1.54231 -0.39358 0.15522 1.54231 -0.39358 2.10697 2.29977 -0.39358 2.10697 3.00245 -0.39358 3.09199 3.00245 -0.39358 3.09199 2.29977 -0.39358 2.10697 1.54231 -0.39358 2.10697 2.24499 -0.39358 3.09199 2.24499 -0.39358 3.09199 1.54231 -0.39358 3.14676 1.54231 -0.39358 3.14676 2.24499 -0.39358 4.13178 2.24499 -0.39358 4.13178 1.54231 -0.39358 3.11938 1.46652 -0.39358 4.10715 0.02739 -0.39358 2.1316 0.02739 -0.39358 2.10697 1.48753 -0.39358 3.06736 1.48753 -0.39358 2.10697 0.0883 -0.39358 3.17139 1.48753 -0.39358 4.13178 1.48753 -0.39358 4.13178 0.0883 -0.39358 -3.11938 -1.46652 -0.39358 -4.10715 -0.02739 -0.39358 -2.1316 -0.02739 -0.39358 -2.10697 -1.48753 -0.39358 -3.06736 -1.48753 -0.39358 -2.10697 -0.0883 -0.39358 -3.17139 -1.48753 -0.39358 -4.13178 -1.48753 -0.39358 -4.13178 -0.0883 -0.39358 -4.13178 -2.24499 -0.39358 -4.13178 -1.54231 -0.39358 -3.14676 -1.54231 -0.39358 -3.14676 -2.24499 -0.39358 -3.09199 -2.24499 -0.39358 -3.09199 -1.54231 -0.39358 -2.10697 -1.54231 -0.39358 -2.10697 -2.24499 -0.39358 -3.09199 -3.00245 -0.39358 -3.09199 -2.29977 -0.39358 -2.10697 -2.29977 -0.39358 -2.10697 -3.00245 -0.39358 -1.99956 -2.27238 -0.39358 -0.02739 -1.55404 -0.39358 -0.02739 -2.99071 -0.39358 -2.0522 -3.00245 -0.39358 -2.0522 -2.3115 -0.39358 -0.15523 -3.00245 -0.39358 -2.0522 -2.23325 -0.39358 -2.0522 -1.54231 -0.39358 -0.15522 -1.54231 -0.39358 3.11937 -1.46652 -0.39358 2.1316 -0.02739 -0.39358 4.10715 -0.02739 -0.39358 4.13178 -1.48753 -0.39358 3.17139 -1.48753 -0.39358 4.13178 -0.0883 -0.39358 3.06736 -1.48753 -0.39358 2.10697 -1.48753 -0.39358 2.10697 -0.0883 -0.39358 1.99955 -2.27238 -0.39358 0.02739 -2.99071 -0.39358 0.02739 -1.55404 -0.39358 2.05219 -1.54231 -0.39358 2.05219 -2.23326 -0.39358 0.15522 -1.54231 -0.39358 2.05219 -2.3115 -0.39358 2.05219 -3.00245 -0.39358 0.15522 -3.00245 -0.39358 2.10697 -2.24499 -0.39358 2.10697 -1.54231 -0.39358 3.09199 -1.54231 -0.39358 3.09198 -2.24499 -0.39358 2.10697 -3.00245 -0.39358 2.10697 -2.29977 -0.39358 3.09198 -2.29977 -0.39358 3.09198 -3.00245 -0.39358 3.14676 -2.24499 -0.39358 3.14676 -1.54231 -0.39358 4.13178 -1.54231 -0.39358 4.13178 -2.24499 -0.39358 3.14676 -2.27238 -0.42097 4.13178 -2.27238 -0.42097 4.13178 -2.27238 -1.36321 3.14676 -2.27238 -1.36321 3.11937 -3.00245 -0.42097 3.11937 -2.29977 -0.42097 3.11937 -2.29977 -1.36321 3.11937 -3.00245 -1.36321 -3.11938 -2.29977 -0.42097 -3.11938 -3.00245 -0.42097 -3.11938 -3.00245 -1.36321 -3.11938 -2.29977 -1.36321 -4.13178 -2.27238 -0.42097 -3.14676 -2.27238 -0.42097 -3.14676 -2.27238 -1.36321 -4.13178 -2.27238 -1.36321 4.13178 2.27238 -0.42097 3.14676 2.27238 -0.42097 3.14676 2.27238 -1.36321 4.13178 2.27238 -1.36321 3.11938 2.29977 -0.42097 3.11938 3.00245 -0.42097 3.11938 3.00245 -1.36321 3.11938 2.29977 -1.36321 -3.14676 2.27238 -0.42097 -4.13178 2.27238 -0.42097 -4.13178 2.27238 -1.36321 -3.14676 2.27238 -1.36321 -3.11937 3.00245 -0.42097 -3.11937 2.29977 -0.42097 -3.11937 2.29977 -1.36321 -3.11937 3.00245 -1.36321 4.15917 2.29977 -0.42097 4.15917 2.29977 -1.36321 4.15917 3.00245 -1.36321 4.15916 -2.29977 -0.42097 4.15916 -3.00245 -1.36321 4.15916 -2.29977 -1.36321 3.14677 3.02984 -0.42097 4.13178 3.02984 -0.42097 4.13178 3.02984 -1.36321 3.14677 3.02984 -1.36321 -4.13178 3.02984 -0.42097 -3.14676 3.02984 -0.42097 -3.14676 3.02984 -1.36321 -4.13178 3.02984 -1.36321 3.14676 -3.02984 -0.42097 3.14676 -3.02984 -1.36321 4.13178 -3.02984 -1.36321 -3.14676 -3.02984 -0.42097 -4.13178 -3.02984 -1.36321 -3.14676 -3.02984 -1.36321 -4.15917 -3.00245 -0.42097 -4.15917 -2.29977 -0.42097 -4.15917 -2.29977 -1.36321 -4.15917 -3.00245 -1.36321 -4.15917 2.29977 -0.42097 -4.15917 3.00245 -1.36321 -4.15917 2.29977 -1.36321 -4.15905 3.00183 -1.41799 -4.15785 2.99549 -1.70358 -4.15785 2.29282 -1.70358 -4.15905 2.29917 -1.41799 -3.14665 3.02923 -1.41799 -3.14545 3.02288 -1.70358 -4.13047 3.02288 -1.70358 -4.13166 3.02923 -1.41799 -3.11926 2.29917 -1.41799 -3.11806 2.29282 -1.70358 -3.11806 2.99549 -1.70358 -3.11926 3.00183 -1.41799 -4.13166 2.27177 -1.41799 -4.13047 2.26542 -1.70358 -3.14545 2.26542 -1.70358 -3.14665 2.27177 -1.41799 -4.13035 2.2922 -1.73097 -4.13035 2.99489 -1.73097 -3.14534 2.99489 -1.73097 -3.14534 2.2922 -1.73097 3.11949 3.00183 -1.41799 3.12069 2.99549 -1.70358 3.12069 2.29282 -1.70358 3.11949 2.29916 -1.41799 4.1319 3.02923 -1.41799 4.13309 3.02288 -1.70358 3.14808 3.02288 -1.70358 3.14688 3.02923 -1.41799 4.15928 2.29916 -1.41799 4.16048 2.29282 -1.70358 4.16048 2.99549 -1.70358 4.15928 3.00183 -1.41799 3.14688 2.27177 -1.41799 3.14808 2.26542 -1.70358 4.13309 2.26542 -1.70358 4.1319 2.27177 -1.41799 3.14819 2.2922 -1.73097 3.14819 2.99489 -1.73097 4.13321 2.99489 -1.73097 4.13321 2.2922 -1.73097 -4.15905 -2.30038 -1.41799 -4.15785 -2.30673 -1.70358 -4.15785 -3.0094 -1.70358 -4.15905 -3.00305 -1.41799 -3.14665 -2.27299 -1.41799 -3.14545 -2.27933 -1.70358 -4.13047 -2.27933 -1.70358 -4.13166 -2.27299 -1.41799 -3.11926 -3.00305 -1.41799 -3.11806 -3.0094 -1.70358 -3.11806 -2.30673 -1.70358 -3.11926 -2.30038 -1.41799 -4.13166 -3.03045 -1.41799 -4.13047 -3.03679 -1.70358 -3.14545 -3.03679 -1.70358 -3.14665 -3.03045 -1.41799 -4.13035 -3.01001 -1.73097 -4.13035 -2.30733 -1.73097 -3.14534 -2.30733 -1.73097 -3.14534 -3.01001 -1.73097 3.11949 -2.30038 -1.41799 3.12069 -2.30673 -1.70358 3.12068 -3.0094 -1.70358 3.11949 -3.00305 -1.41799 4.13189 -2.27299 -1.41799 4.13309 -2.27934 -1.70358 3.14807 -2.27934 -1.70358 3.14688 -2.27299 -1.41799 4.15928 -3.00305 -1.41799 4.16048 -3.0094 -1.70358 4.16048 -2.30673 -1.70358 4.15928 -2.30038 -1.41799 3.14688 -3.03045 -1.41799 3.14807 -3.0368 -1.70358 4.13309 -3.0368 -1.70358 4.13189 -3.03045 -1.41799 3.14819 -3.01002 -1.73097 3.14819 -2.30733 -1.73097 4.1332 -2.30733 -1.73097 4.1332 -3.01002 -1.73097 4.17281 1.573 -0.67462 4.07593 2.97166 -0.67507 4.17281 -1.573 -0.67462 4.07593 -2.97166 -0.67507 2.16276 3.04343 -0.67702 -2.16276 3.04343 -0.67702 -4.07593 2.97166 -0.67507 2.16276 -3.04343 -0.67702 -2.16276 -3.04343 -0.67702 -4.07593 -2.97166 -0.67507 -4.17281 -1.573 -0.67462 -4.17281 1.573 -0.67462 -4.13316 0 -0.40728 0 -3.01028 -0.40728 0 3.01028 -0.40728 4.13316 0 -0.40728 -2.0919 0 -0.39358 0 1.52079 -0.39358 2.0919 0 -0.39358 0 -1.52079 -0.39358 -4.14547 2.27238 -0.40831 -4.14547 -2.27238 -0.40831 -3.11938 -3.01614 -0.40784 3.11937 -3.01615 -0.40784 -3.11937 3.01614 -0.40784 3.11938 3.01614 -0.40784 4.14547 -2.27238 -0.40831 4.14547 2.27238 -0.40831 -3.11937 2.27238 -0.40728 -3.11937 1.50442 -0.39358 -2.05326 2.27238 -0.39358 2.05327 2.27238 -0.39358 3.11938 2.27238 -0.40728 3.11938 1.50441 -0.39358 -3.11938 -1.50441 -0.39358 -3.11938 -2.27238 -0.40728 -2.05327 -2.27238 -0.39358 3.11937 -1.50442 -0.39358 2.05326 -2.27238 -0.39358 3.11937 -2.27238 -0.40728 3.35048 -2.8657 -2.221 3.93091 -2.8657 -2.221 3.93091 -2.45165 -2.221 3.35048 -2.45165 -2.221 3.3299 2.42183 -2.23333 3.9515 2.42183 -2.23333 3.9515 2.86526 -2.23333 3.3299 2.86526 -2.23333 -3.99378 2.38963 -2.21982 -3.28191 2.38963 -2.21982 -3.28191 2.89746 -2.21982 -3.99378 2.89746 -2.21982 -3.94021 -2.87437 -2.25633 -3.33547 -2.87438 -2.25633 -3.33547 -2.44297 -2.25633 -3.94021 -2.44297 -2.25633 -3.94021 -2.87437 -3.68608 -3.94021 -2.44297 -3.68608 -3.33547 -2.44297 -3.68608 -3.33547 -2.87438 -3.68608 -3.99378 2.89746 -3.64957 -3.99378 2.38963 -3.64957 -3.28191 2.89746 -3.64957 -3.28191 2.38963 -3.64957 3.3299 2.42183 -3.66308 3.3299 2.86526 -3.66308 3.9515 2.86526 -3.66308 3.9515 2.42183 -3.66308 3.35048 -2.45165 -3.65075 3.35048 -2.8657 -3.65075 3.93091 -2.45165 -3.65075 3.93091 -2.8657 -3.65075 3.438 -2.80327 -5.94633 3.438 -2.51408 -5.94633 3.84339 -2.51408 -5.94633 3.84339 -2.80327 -5.94633 3.41695 2.48393 -5.95867 3.41695 2.80316 -5.95867 3.86445 2.80316 -5.95867 3.86445 2.48393 -5.95867 -3.88953 2.464 -5.94516 -3.88953 2.82309 -5.94516 -3.38616 2.82309 -5.94516 -3.38616 2.464 -5.94516 -3.84543 -2.80676 -5.98167 -3.84543 -2.51058 -5.98167 -3.43025 -2.51058 -5.98167 -3.43025 -2.80676 -5.98167</float_array>
          <technique_common>
            <accessor source="#Cube_001-mesh-positions-array" count="784" stride="3">
              <param name="X" type="float"/>
              <param name="Y" type="float"/>
              <param name="Z" type="float"/>
            </accessor>
          </technique_common>
        </source>
        <source id="Cube_001-mesh-normals">
          <float_array id="Cube_001-mesh-normals-array" count="4698">0 0 1 0 0 1 0 0 1 0 0 1 0 0 1 0 0 1 0 0 1 0 0 1 0 0 1 0 0 1 0 0 1 0 0 1 0 0 1 0 0 1 0 0 1 0 0 1 -1 0 0 -1 0 0 -1 0 0 -1 0 0 0 -1 0 0 -1 0 0 -1 0 0 -1 0 0 1 0 0 1 0 0 1 0 0 1 0 1 0 0 1 0 0 1 0 0 1 0 0 0.53318 0 -0.846 0.53318 0 -0.846 0.53318 0 -0.846 0.53318 0 -0.846 0 0.65427 -0.75626 0 0.65427 -0.75626 0 0.65427 -0.75626 0 0.65427 -0.75626 0 -0.65427 -0.75626 0 -0.65427 -0.75626 0 -0.65427 -0.75626 0 -0.65427 -0.75626 -0.53318 0 -0.846 -0.53318 0 -0.846 -0.53318 0 -0.846 -0.53318 0 -0.846 -1 0 0 -1 0 0 -1 0 0 -1 0 0 0 -1 0 0 -1 0 0 -1 0 0 -1 0 0 1 0 0 1 0 0 1 0 0 1 0 1 0 0 1 0 0 1 0 0 1 0 0 -0.08942 0 -0.99599 -0.08942 0 -0.99599 -0.08942 0 -0.99599 -0.08942 0 -0.99599 0 -0.12232 -0.99249 0 -0.12232 -0.99249 0 -0.12232 -0.99249 0 -0.12232 -0.99249 0 0.12232 -0.99249 0 0.12232 -0.99249 0 0.12232 -0.99249 0 0.12232 -0.99249 0.08942 0 -0.99599 0.08942 0 -0.99599 0.08942 0 -0.99599 0.08942 0 -0.99599 1 0 0 1 0 0 0 1 0 0 1 0 0 -1 0 0 -1 0 -1 0 0 -1 0 0 0 0 -1 0 0 -1 0 0 -1 0 0 -1 1 0 0 1 0 0 1 0 0 1 0 0 1 0 0 1 0 0 0 1 0 0 1 0 0 1 0 0 1 0 0 1 0 0 1 0 0 -1 0 0 -1 0 0 -1 0 0 -1 0 0 -1 0 0 -1 0 -1 0 0 -1 0 0 -1 0 0 -1 0 0 -1 0 0 -1 0 0 0 0 -1 0 0 -1 0 0 -1 0 0 -1 0 0 -1 0 0 -1 0 0 -1 0 0 -1 0 0 -1 0 0 -1 0 0 -1 0 0 -1 0 0 -1 0 0 -1 0 0 -1 0 0 -1 0 0 -1 0 0 -1 0 0 -1 0 0 -1 0 0 -1 0 0 -1 0 0 -1 0 0 -1 0 0 -1 0 0 -1 0 0 -1 0 0 -1 0 0 -1 0 0 -1 0 0 -1 0 0 -1 0 0 -1 0 0 -1 0 0 -1 0 0 -1 0 1 0 -1 0 0 1 0 0 0 1 0 0 -1 0 -1 0 0 0 -1 0 1 0 0 1 0 0 1 0 0 0 1 0 0 1 0 0 -1 0 0 -1 0 -1 0 0 -1 0 0 -0.99999 0 -0.00419 0 0.99975 -0.02222 0.99999 0 0.00419 0 -0.99975 0.02222 -0.99999 0 -0.0042 0 0.99975 -0.02222 0.99999 0 0.00419 0 -0.99975 0.02222 -0.99999 0 -0.00419 0 0.99975 -0.02222 0.99999 0 0.00419 0 -0.99975 0.02222 -0.99999 0 -0.0042 0 0.99975 -0.02222 0.99999 0 0.0042 0 -0.99975 0.02222 0 0.70712 0.7071 -0.7071 0 0.70711 0 0 1 0 0 1 0 0.70712 0.7071 0 0 1 0 0 1 -0.7071 0 0.70711 0 0 1 0 0 1 0 0 1 0 0 1 0 0.7071 0.70711 0 0 1 0 0 1 0 0.70711 0.70711 0 0 1 0.7071 0 0.70711 0 0 1 0 0 1 0 0 1 0.7071 0 0.70711 -0.70711 0 0.7071 0 0 1 0 0 1 0 0 1 0 0 1 -0.7071 0 0.70711 0 -0.70711 0.70711 0 0 1 0 -0.70711 0.70711 0 0 1 0 0 1 0 0 1 0 0 1 0.7071 0 0.70711 0 -0.7071 0.70711 0 0 1 0 -0.7071 0.70711 0.7071 0 0.70711 -0.70709 0.70712 0 -0.87555 0 -0.48312 -1 0 0 -0.87555 0 -0.48312 -1 0 0 -1 0 0 -0.87555 0 -0.48312 -0.70711 -0.70711 0 -0.87555 0 -0.48312 0 -0.90947 -0.41576 0 -1 0 0 -0.90947 -0.41576 0 -1 0 0 -1 0 0 -0.90947 -0.41577 0.70711 -0.70711 0 0 -0.90947 -0.41577 0 1 0 0 0.90947 -0.41577 0 1 0 0 0.90947 -0.41577 0.70709 0.70712 0 0 0.90947 -0.41576 0 1 0 0 0.90947 -0.41576 0.87555 0 -0.48312 1 0 0 0.87555 0 -0.48312 1 0 0 1 0 0 0.87555 0 -0.48313 0.87555 0 -0.48312 0.53318 0 -0.846 0.87555 0 -0.48312 0.53318 0 -0.846 0.87555 0 -0.48312 0.29442 0.36128 -0.88476 0.53318 0 -0.846 0.87555 0 -0.48312 0.29441 -0.36129 -0.88475 0.87555 0 -0.48312 0 0.65427 -0.75626 0 0.90947 -0.41577 0 0.65427 -0.75626 0 0.90947 -0.41577 0 0.90947 -0.41577 0 0.65427 -0.75626 0 0.90947 -0.41577 -0.29442 0.36128 -0.88476 0 -0.65427 -0.75626 0 -0.90947 -0.41577 0 -0.65427 -0.75626 0 -0.90947 -0.41577 0 -0.65427 -0.75626 0 -0.90947 -0.41577 -0.29442 -0.36128 -0.88476 0 -0.90947 -0.41577 -0.53318 0 -0.846 -0.87555 0 -0.48312 -0.53318 0 -0.846 -0.87555 0 -0.48312 -0.53318 0 -0.846 -0.87555 0 -0.48312 -0.87555 0 -0.48312 -0.7071 0.70711 0 -0.67476 0 -0.73804 -1 0 0 -0.67474 0 -0.73805 -1 0 0 -1 0 0 -0.67476 0 -0.73804 -0.70711 -0.70711 0 -0.67474 0 -0.73805 0 -0.66244 -0.74912 0 -1 0 0 -0.66244 -0.74912 0 -1 0 0 -1 0 0 -0.66246 -0.7491 0.70711 -0.70711 0 0 -0.66244 -0.74912 0 1 0 0 0.66244 -0.74912 0 1 0 0 0.66245 -0.7491 0.70711 0.70711 0 0 0.66245 -0.7491 0 1 0 0 0.66244 -0.74912 0.67475 0 -0.73805 1 0 0 0.67474 0 -0.73806 1 0 0 1 0 0 0.67476 0 -0.73804 0.67474 0 -0.73805 -0.08942 0 -0.99599 -0.73803 0 -0.67477 -0.08942 0 -0.99599 -0.73804 0 -0.67476 -0.04484 -0.06134 -0.99711 -0.08942 0 -0.99599 -0.73803 0 -0.67477 -0.04484 0.06134 -0.99711 -0.73804 0 -0.67476 0 -0.12232 -0.99249 0 -0.7491 -0.66246 0 -0.12232 -0.99249 0 -0.74911 -0.66244 0 -0.74911 -0.66245 0 -0.12232 -0.99249 0 -0.74911 -0.66245 0.04484 -0.06134 -0.99711 0 0.12232 -0.99249 0 0.74911 -0.66245 0 0.12232 -0.99249 0 0.74911 -0.66245 0 0.12232 -0.99249 0 0.7491 -0.66246 0.04484 0.06134 -0.99711 0 0.74911 -0.66244 0.08942 0 -0.99599 0.73803 0 -0.67477 0.08942 0 -0.99599 0.73804 0 -0.67475 0.08942 0 -0.99599 0.73803 0 -0.67477 0.73803 0 -0.67477 1 0 0 0.7071 0 -0.70711 1 0 0 0.7071 0 -0.70711 1 0 0 0 1 0 0 0.7071 -0.70711 0 1 0 0 0.7071 -0.70711 0 1 0 0 -1 0 0 -0.7071 -0.70711 0 -1 0 0 -1 0 0 -0.7071 -0.70711 -1 0 0 -0.7071 0 -0.70711 -1 0 0 -0.7071 0 -0.70711 -1 0 0 0 0 -1 0 0 -1 0 0 -1 0 0 -1 0 0 -1 0 0 -1 0 0 -1 0 0 -1 0 0 -1 0 0 -1 0 0 -1 0 0 -1 1 0 0 1 0 0 0 0 0 0.70711 -0.70711 0 0.7071 0 -0.70711 1 0 0 1 0 0 0.7071 0 -0.70711 0 0 1 0.70711 0.7071 0 0 1 0 0 1 0 0 0 0 0 0.7071 -0.70711 0 1 0 0 1 0 0 0.7071 -0.70711 0 0 0 -0.70711 0.70711 0 0 -1 0 0 -1 0 0 -0.7071 -0.70711 -0.00012 -1 0 0.27158 0.91586 0.29563 -1 0 0 0 -1 0 0 -1 0 0 0 0 -0.70711 -0.70711 0 0 -0.7071 -0.70711 -1 0 0 -1 0 0 0 0 -1 -0.7071 0 -0.70711 -1 0 0 -1 0 0 -0.70711 0 -0.7071 0 0 1 0 -0.7071 -0.70711 0 0 -1 0 0 -1 0.7071 0 -0.70711 0 0 -1 0 0 -1 0 0 -1 0 0 -1 0 0 -1 0 0 -1 0 0 -1 0 0 -1 0 0 -1 0 0 -1 0 0 -1 0 0 -1 0 0 -1 0 0 -1 -0.70712 0 -0.70709 0 0 -1 0 0 -1 0 0 -1 0 -0.70712 -0.70709 0 0 -1 0 0 -1 0 0 -1 0 0 -1 0 0 -1 0 0 -1 0 0 -1 0 0 -1 0 0 -1 0 0.7071 -0.70711 0 0 -1 0 0 -1 0.7071 0 -0.70711 0 0 -1 0 0 -1 0 0 -1 0 0 -1 0 0 -1 0 0 -1 0 0 -1 0 0 -1 0 0 -1 0 0 -1 0 0 -1 0 0 -1 0 0 -1 0 0 -1 -0.7071 0 -0.70711 0 0.70712 -0.7071 0.70709 0.70712 0 0 0.99994 -0.0111 -0.70711 0.70711 0 -1 0 -0.0021 -0.70711 -0.7071 0 0.70711 -0.70711 0 1 0 0.0021 0.70711 0.70711 0 0 0.99994 -0.01112 -0.70711 0.70711 0 -0.70712 -0.70709 0 0 -0.99994 0.0111 0.70711 -0.70711 0 -0.70711 0.70711 0 -1 0 -0.0021 -0.70709 -0.70712 0 0 -0.99994 0.01112 0.70711 -0.70711 0 1 0 0.0021 0.70711 0.70711 0 1 0 0.0021 0.70711 0.70711 0 0.70711 -0.70711 0 1 0 0.0021 0 0.99994 -0.01112 0 0.99994 -0.0111 -0.70711 0.70711 0 0 -0.99994 0.0111 -0.70711 -0.7071 0 0 -0.99994 0.0111 -1 0 -0.0021 -1 0 -0.0021 -0.70707 0.7069 -0.01867 -0.70562 0 -0.70859 -0.70714 -0.70696 0.01275 0.70714 0.70696 -0.01275 0 0.69921 -0.71492 0.70705 -0.70691 0.01868 0.70859 0 -0.70562 0 -0.71492 -0.6992 -0.70707 0.70689 -0.01868 -0.70562 0 -0.70859 -0.70714 -0.70696 0.01275 0.70714 0.70696 -0.01275 0 0.69921 -0.71492 0.70706 -0.7069 0.01868 0.70859 0 -0.70562 0 -0.71492 -0.6992 -0.70707 0.7069 -0.01867 -0.70562 0 -0.70859 -0.70714 -0.70696 0.01274 0.70714 0.70696 -0.01275 0 0.69921 -0.71492 0.70706 -0.7069 0.01868 0.70859 0 -0.70562 0 -0.71492 -0.6992 -0.70707 0.7069 -0.01867 -0.70562 0 -0.70859 -0.70713 -0.70697 0.01275 0.70714 0.70696 -0.01275 0 0.69921 -0.71492 0.70708 -0.70689 0.01868 0.70859 0 -0.70562 0 -0.71491 -0.69922 0 0.70712 0.7071 -0.57734 0.57736 0.57735 -0.7071 0 0.70711 0 0 1 0 0.7071 0.70711 0 0 1 -0.7071 0 0.70711 0 0 1 0 0 1 0 0.70711 0.70711 0 0 1 0.57734 0.57737 0.57734 0.7071 0 0.70711 0 0 1 0.7071 0 0.70711 -0.70711 0 0.7071 0 0 1 0 0 1 -0.57735 -0.57735 0.57735 0 -0.70711 0.70711 0 -0.7071 0.70711 0 0 1 0.7071 0 0.70711 0 -0.7071 0.70711 0.57735 -0.57735 0.57735 -0.51119 0.51121 -0.69091 -0.87555 0 -0.48312 -0.87555 0 -0.48312 -0.87555 0 -0.48312 -0.4613 -0.65873 -0.59437 0 -0.90947 -0.41576 0 -0.90947 -0.41577 0 -0.90947 -0.41577 0.51119 -0.51119 -0.69091 0 0.90947 -0.41577 0 0.90947 -0.41577 0.51119 0.51121 -0.69091 0 0.90947 -0.41576 0.87555 0 -0.48312 0.87555 0 -0.48312 0.87555 0 -0.48313 0.87555 0 -0.48312 0.87555 0 -0.48312 0.60798 0.60798 -0.51061 0.87555 0 -0.48312 0.60375 -0.61993 -0.50117 0 0.90947 -0.41577 0 0.90947 -0.41577 0 0.90947 -0.41577 -0.60376 0.61992 -0.50118 0 -0.90947 -0.41577 0 -0.90947 -0.41577 0 -0.90947 -0.41577 -0.60376 -0.61992 -0.50118 -0.87555 0 -0.48312 -0.87555 0 -0.48312 -0.87555 0 -0.48312 -0.26692 0.26692 -0.92602 -0.67474 0 -0.73805 -0.67474 0 -0.73805 -0.67476 0 -0.73804 -0.23581 -0.52839 -0.8156 0 -0.66244 -0.74912 0 -0.66244 -0.74912 0 -0.66246 -0.7491 0.26692 -0.26692 -0.92602 0 0.66244 -0.74912 0 0.66245 -0.7491 0.26692 0.26692 -0.92602 0 0.66244 -0.74912 0.67474 0 -0.73806 0.67474 0 -0.73805 0.67476 0 -0.73804 -0.73803 0 -0.67477 -0.74419 0.05285 -0.66587 -0.84303 0 -0.53787 -0.87467 -0.09249 -0.47582 -0.89807 0.10095 -0.42812 -0.79464 -0.06709 -0.60336 -0.10339 -0.20247 -0.97381 -0.13111 -0.137 -0.98186 -0.14491 -0.12491 -0.98153 -0.05244 -0.24778 0.9674 -0.2232 -0.08501 0.97106 -0.21463 -0.10794 0.97071 -0.843 0 -0.53791 -0.74418 -0.05284 -0.66588 -0.87464 0.09248 -0.47587 -0.89807 -0.10094 -0.42811 -0.79465 0.06709 -0.60335 -0.13111 0.137 -0.98186 -0.10339 0.20247 -0.97382 -0.14491 0.12491 -0.98153 -0.05244 0.24779 0.96739 -0.2232 0.08501 0.97106 -0.21463 0.10794 0.97071 0 -0.82549 -0.56442 0.02839 -0.75468 -0.65548 -0.05701 -0.86379 -0.50061 0.06957 -0.90364 -0.4226 -0.03401 -0.77797 -0.62738 0 -0.74911 -0.66245 -0.02839 -0.75469 -0.65546 0 -0.82551 -0.56439 0.05702 -0.86382 -0.50057 -0.06957 -0.90364 -0.42259 0.03401 -0.77797 -0.62738 0.14491 -0.12491 -0.98153 0.13111 -0.137 -0.98186 0.10339 -0.20247 -0.97381 0.21463 -0.10794 0.97071 0.2232 -0.08501 0.97106 0.05244 -0.24779 0.96739 0 0.74911 -0.66245 0.02838 0.75469 -0.65547 0 0.82549 -0.56442 -0.057 0.86379 -0.50062 0.06957 0.90366 -0.42257 -0.03401 0.77799 -0.62736 0 0.82549 -0.56442 -0.02839 0.75468 -0.65548 0.05701 0.8638 -0.50061 -0.06957 0.90364 -0.4226 0.03401 0.77797 -0.62738 0.13111 0.137 -0.98186 0.14491 0.12491 -0.98153 0.10339 0.20247 -0.97381 0.21463 0.10794 0.97071 0.2232 0.08501 0.97106 0.05244 0.24778 0.96739 0.73803 0 -0.67477 0.74419 -0.05285 -0.66587 0.84303 0 -0.53787 0.87467 0.09249 -0.47582 0.89807 -0.10095 -0.42812 0.79464 0.06709 -0.60336 0.843 0 -0.53791 0.74418 0.05284 -0.66588 0.87464 -0.09247 -0.47587 0.89807 0.10094 -0.42811 0.79465 -0.06709 -0.60335 0.7071 0 -0.70711 0.55759 0.1187 -0.82159 0.46589 0 -0.88484 0.55759 -0.1187 -0.82159 0.4659 0 -0.88484 0.34308 0.13871 -0.92901 0.34308 -0.13871 -0.92901 0.7071 0 -0.70711 0 0.7071 -0.70711 -0.03916 0.60925 -0.79201 0 0.57347 -0.81923 0.03916 0.60925 -0.79201 0 0.57349 -0.81921 -0.04834 0.52652 -0.84879 0.04834 0.52652 -0.84879 0 0.7071 -0.70711 0 -0.57347 -0.81923 -0.03916 -0.60925 -0.79201 0.03916 -0.60925 -0.79201 -0.04834 -0.5265 -0.8488 0 -0.57347 -0.81923 0.04834 -0.5265 -0.8488 0 -0.7071 -0.70711 0 -0.7071 -0.70711 -0.7071 0 -0.70711 -0.55759 -0.1187 -0.82159 -0.46589 0 -0.88484 -0.55759 0.1187 -0.82159 -0.34308 0.13871 -0.92901 -0.4659 0 -0.88484 -0.34308 -0.13871 -0.92901 -0.70711 0 -0.7071 0 0 -1 0 0 -1 0 0 -1 0 0 -1 0 0 -1 0 0 -1 0 0 -1 0 0 -1 0 0 -1 0 0 -1 0 0 -1 0 0 -1 0 0 -1 0 0 -1 0 0 -1 0 0 -1 0 0 -1 0 0 -1 0 0 -1 0 0 -1 0 0 -1 0 0 -1 0 0 -1 0 0 -1 0 0 -1 0 0 -1 0 0 -1 0 0 -1 0 0 -1 0.73234 -0.00982 -0.68086 0.73234 0.00982 -0.68086 -0.67884 0 0.73429 0.72454 -0.00834 -0.68918 -0.54713 -0.59188 -0.59188 -0.56162 -0.56165 -0.60756 0.73234 -0.00982 -0.68086 0.73234 0.00982 -0.68086 0.72454 0.00834 -0.68918 -0.67884 0 0.73429 -0.54713 0.59188 -0.59188 -0.56163 0.56163 -0.60757 0.00399 0.7211 -0.69282 -0.00399 0.7211 -0.69282 0 -0.69225 0.72166 0.00351 0.71769 -0.69635 0.5852 -0.56132 -0.5852 0.56916 -0.56916 -0.59338 0.00399 0.7211 -0.69282 -0.00399 0.7211 -0.69282 -0.00351 0.71769 -0.69635 0 -0.69225 0.72166 -0.5852 -0.56132 -0.5852 -0.56917 -0.56916 -0.59338 -0.00399 -0.7211 -0.69282 0.00399 -0.7211 -0.69282 0.00351 -0.71769 -0.69635 0 0.69225 0.72166 0.5852 0.56132 -0.5852 0.56916 0.56916 -0.59338 -0.00399 -0.7211 -0.69282 0.00399 -0.7211 -0.69282 0 0.69225 0.72166 -0.00351 -0.71769 -0.69635 -0.58522 0.56131 -0.5852 -0.56916 0.56916 -0.59338 -0.73234 0.00982 -0.68086 -0.73234 -0.00982 -0.68086 0.67884 0 0.73429 -0.72454 0.00834 -0.68918 0.54713 0.59188 -0.59188 0.56162 0.56165 -0.60756 -0.73231 0.00982 -0.6809 -0.73231 -0.00982 -0.6809 -0.72456 -0.00835 -0.68916 0.6788 0 0.73432 0.54717 -0.59186 -0.59187 0.56165 -0.56165 -0.60753 0.33333 -0.66668 -0.66666 0 -0.44723 -0.89442 0.66667 -0.33333 -0.66667 0.44721 0 -0.89443 0.40825 -0.40825 -0.8165 0 0 -1 0 0 -1 0 0 -1 0 0 -1 0 0 -1 0 0 -1 0 0 -1 0 0 -1 0 0 -1 0 0 -1 0 0 -1 0 0 -1 0 0 -1 0 0 -1 0 0 -1 -0.66667 -0.33333 -0.66667 -0.44722 0 -0.89443 0 -0.44723 -0.89442 -0.33334 -0.66668 -0.66665 -0.40826 -0.40824 -0.81649 0 0 -1 0 0 -1 0 0 -1 0 0 -1 0 0 -1 0 0 -1 0 0 -1 0 0 -1 0 0 -1 0 0 -1 0 0.44723 -0.89442 0.33333 0.66668 -0.66666 0.44721 0 -0.89443 0.66667 0.33333 -0.66667 0.40825 0.40825 -0.8165 0 0 -1 0 0 -1 0 0 -1 0 0 -1 0 0 -1 0 0 -1 0 0 -1 0 0 -1 0 0 -1 0 0 -1 0 0 -1 0 0 -1 0 0 -1 0 0 -1 0 0 -1 0 0.44723 -0.89442 -0.44721 0 -0.89443 -0.66666 0.33333 -0.66667 -0.33333 0.66668 -0.66666 -0.40825 0.40825 -0.8165 0.70708 0.70711 -0.00647 -0.70716 0.70699 -0.00935 -0.70717 -0.70702 0.00629 0.70708 -0.70708 0.00933 0.70709 0.70709 -0.00647 -0.70716 0.70699 -0.00933 -0.7071 -0.70708 0.00635 0.70708 -0.70708 0.00933 -0.70708 0.70708 -0.00943 -0.70708 -0.70711 0.00638 0.70708 -0.70708 0.00932 0.70709 0.70709 -0.00645 0.70709 0.70709 -0.00647 0.70708 -0.70708 0.00934 -0.70716 0.70699 -0.00933 -0.7071 -0.70709 0.00636 -0.57241 0.57213 -0.58738 -0.58097 -0.58068 -0.57034 0.57403 0.57375 -0.58421 0.58258 -0.58229 -0.56704 -0.57241 0.57213 -0.58738 -0.58097 -0.58068 -0.57034 0.57403 0.57374 -0.58422 0.58258 -0.58228 -0.56705 -0.57241 0.57213 -0.58738 -0.58097 -0.58068 -0.57033 0.57403 0.57374 -0.58422 0.58258 -0.58228 -0.56705 -0.57241 0.57213 -0.58738 -0.58096 -0.58068 -0.57035 0.57403 0.57374 -0.58422 0.58258 -0.58228 -0.56706 0 -0.95927 -0.2825 0.92433 0 -0.38158 0 0.95927 -0.2825 -0.92433 0 -0.38158 0 -0.96828 -0.24985 0.94037 0 -0.34014 0 0.96828 -0.24985 -0.94037 0 -0.34014 0 -0.98071 -0.19545 0.96312 0 -0.26907 0 0.98071 -0.19545 -0.96312 0 -0.26907 0 -0.96825 -0.24998 0.94031 0 -0.34031 0 0.96825 -0.24998 -0.94031 0 -0.34031 -1 0 0 0 1 0 1 0 0 0 -1 0 -1 0 0 0 1 0 1 0 0 0 -1 0 -1 0 0 0 1 0 1 0 0 0 -1 0 -1 0 0 0 1 0 1 0 0 0 -1 0 -0.99927 0 -0.0381 0 0.99963 -0.02719 0.99927 0 -0.0381 0 -0.99963 -0.02719 0 0 -1 -0.99928 0 -0.03789 0 0.99963 -0.02704 0.99928 0 -0.03789 0 -0.99963 -0.02704 0 0 -1 -0.99897 0 -0.04537 0 0.99948 -0.03238 0.99897 0 -0.04537 0 -0.99948 -0.03238 0 0 -1 -0.99915 0 -0.04125 0 0.99957 -0.02944 0.99915 0 -0.04125 0 -0.99957 -0.02944 0 0 -1 0 0 1 0 0 1 0 0 1 0 0 1 0 0 1 0 0 1 0 0 1 0 0 1 0 0 1 0 0 1 0 0 1 0 0 1 0 0 1 0 0 1 0 0 1 0 0 1 -1 0 0 -1 0 0 -1 0 0 -1 0 0 0 -1 0 0 -1 0 0 -1 0 0 -1 0 0 1 0 0 1 0 0 1 0 0 1 0 1 0 0 1 0 0 1 0 0 1 0 0 0.53318 0 -0.846 0.53318 0 -0.846 0.53318 0 -0.846 0.53318 0 -0.846 0 0.65427 -0.75626 0 0.65427 -0.75626 0 0.65427 -0.75626 0 0.65427 -0.75626 0 -0.65427 -0.75626 0 -0.65427 -0.75626 0 -0.65427 -0.75626 0 -0.65427 -0.75626 -0.53318 0 -0.846 -0.53318 0 -0.846 -0.53318 0 -0.846 -0.53318 0 -0.846 -1 0 0 -1 0 0 -1 0 0 -1 0 0 0 -1 0 0 -1 0 0 -1 0 0 -1 0 0 1 0 0 1 0 0 1 0 0 1 0 1 0 0 1 0 0 1 0 0 1 0 0 -0.08942 0 -0.99599 -0.08942 0 -0.99599 -0.08942 0 -0.99599 -0.08942 0 -0.99599 0 -0.12232 -0.99249 0 -0.12232 -0.99249 0 -0.12232 -0.99249 0 -0.12232 -0.99249 0 0.12232 -0.99249 0 0.12232 -0.99249 0 0.12232 -0.99249 0 0.12232 -0.99249 0.08942 0 -0.99599 0.08942 0 -0.99599 0.08942 0 -0.99599 0.08942 0 -0.99599 1 0 0 1 0 0 0 1 0 0 1 0 0 -1 0 0 -1 0 -1 0 0 -1 0 0 0 0 -1 0 0 -1 0 0 -1 0 0 -1 0 0 -1 0 0 -1 0 0 -1 0 0 -1 0 0 -1 0 0 -1 0 0 -1 0 0 -1 0 0 -1 0 0 -1 0 0 -1 0 0 -1 0 1 0 -1 0 0 1 0 0 0 1 0 0 -1 0 -1 0 0 0 -1 0 1 0 0 1 0 0 1 0 0 0 1 0 0 1 0 0 -1 0 0 -1 0 -1 0 0 -1 0 0 -0.99999 0 -0.00419 0 0.99975 -0.02222 0.99999 0 0.00419 0 -0.99975 0.02222 -0.99999 0 -0.00419 0 0.99975 -0.02222 0.99999 0 0.00419 0 -0.99975 0.02222 -0.99999 0 -0.00419 0 0.99975 -0.02222 0.99999 0 0.0042 0 -0.99975 0.02222 -0.99999 0 -0.00419 0 0.99975 -0.02222 0.99999 0 0.00419 0 -0.99975 0.02222 0 0.70712 0.7071 -0.7071 0 0.70711 0 0 1 0 0 1 0 0.7071 0.70711 0 0 1 0 0 1 -0.7071 0 0.70711 0 0 1 0 0 1 0 0 1 0 0 1 0 0.70711 0.70711 0 0 1 0 0 1 0 0.70712 0.70709 0 0 1 0.7071 0 0.70711 0 0 1 0 0 1 0 0 1 0.7071 0 0.70711 -0.7071 0 0.70711 0 0 1 0 0 1 0 0 1 0 0 1 -0.70711 0 0.7071 0 -0.7071 0.70711 0 0 1 0 -0.7071 0.70711 0 0 1 0 0 1 0 0 1 0 0 1 0.7071 0 0.70711 0 -0.7071 0.70711 0 0 1 0 -0.7071 0.70711 0.7071 0 0.70711 -0.70709 0.70712 0 -0.87555 0 -0.48312 -1 0 0 -0.87555 0 -0.48312 -1 0 0 -1 0 0 -0.87555 0 -0.48313 -0.70711 -0.70711 0 -0.87555 0 -0.48312 0 -0.90947 -0.41576 0 -1 0 0 -0.90947 -0.41577 0 -1 0 0 -1 0 0 -0.90946 -0.41578 0.70711 -0.70711 0 0 -0.90947 -0.41577 0 1 0 0 0.90947 -0.41577 0 1 0 0 0.90947 -0.41577 0.70709 0.70712 0 0 0.90947 -0.41576 0 1 0 0 0.90947 -0.41577 0.87555 0 -0.48312 1 0 0 0.87555 0 -0.48312 1 0 0 1 0 0 0.87555 0 -0.48312 0.87555 0 -0.48313 0.53318 0 -0.846 0.87555 0 -0.48312 0.53318 0 -0.846 0.87555 0 -0.48312 0.29442 0.36128 -0.88476 0.53318 0 -0.846 0.87555 0 -0.48312 0.29441 -0.36129 -0.88476 0.87555 0 -0.48312 0 0.65427 -0.75626 0 0.90947 -0.41577 0 0.65427 -0.75626 0 0.90947 -0.41577 0 0.90947 -0.41577 0 0.65427 -0.75626 0 0.90947 -0.41577 -0.29442 0.36129 -0.88476 0 -0.65427 -0.75626 0 -0.90947 -0.41577 0 -0.65427 -0.75626 0 -0.90947 -0.41576 0 -0.65427 -0.75626 0 -0.90947 -0.41577 -0.29442 -0.36128 -0.88476 0 -0.90947 -0.41577 -0.53318 0 -0.846 -0.87555 0 -0.48312 -0.53318 0 -0.846 -0.87555 0 -0.48312 -0.53318 0 -0.846 -0.87555 0 -0.48312 -0.87555 0 -0.48312 -0.7071 0.70711 0 -0.67474 0 -0.73805 -1 0 0 -0.67474 0 -0.73805 -1 0 0 -1 0 0 -0.67476 0 -0.73804 -0.70711 -0.70711 0 -0.67476 0 -0.73804 0 -0.66245 -0.7491 0 -1 0 0 -0.66244 -0.74912 0 -1 0 0 -1 0 0 -0.66245 -0.7491 0.70711 -0.70711 0 0 -0.66246 -0.7491 0 1 0 0 0.66244 -0.74912 0 1 0 0 0.66244 -0.74912 0.70711 0.70711 0 0 0.66244 -0.74912 0 1 0 0 0.66245 -0.7491 0.67474 0 -0.73806 1 0 0 0.67474 0 -0.73805 1 0 0 1 0 0 0.67476 0 -0.73804 0.67476 0 -0.73804 -0.08942 0 -0.99599 -0.73804 0 -0.67475 -0.08942 0 -0.99599 -0.73805 0 -0.67474 -0.04484 -0.06134 -0.99711 -0.08942 0 -0.99599 -0.73803 0 -0.67477 -0.04484 0.06134 -0.99711 -0.73803 0 -0.67477 0 -0.12232 -0.99249 0 -0.74911 -0.66245 0 -0.12232 -0.99249 0 -0.7491 -0.66246 0 -0.74911 -0.66245 0 -0.12232 -0.99249 0 -0.74911 -0.66245 0.04484 -0.06134 -0.99711 0 0.12232 -0.99249 0 0.74911 -0.66245 0 0.12232 -0.99249 0 0.7491 -0.66246 0 0.12232 -0.99249 0 0.74911 -0.66245 0.04484 0.06134 -0.99711 0 0.7491 -0.66246 0.08942 0 -0.99599 0.73804 0 -0.67475 0.08942 0 -0.99599 0.73804 0 -0.67475 0.08942 0 -0.99599 0.73803 0 -0.67477 0.73804 0 -0.67475 1 0 0 0.7071 0 -0.70711 1 0 0 0.7071 0 -0.70711 1 0 0 0 1 0 0 0.70711 -0.70711 0 1 0 0 0.7071 -0.70711 0 1 0 0 -1 0 0 -0.7071 -0.70711 0 -1 0 0 -1 0 0 -0.70711 -0.70711 -1 0 0 -0.70711 0 -0.70711 -1 0 0 -0.70711 0 -0.7071 -1 0 0 0 0 -1 0 0 -1 0 0 -1 0 0 -1 0 0 -1 0 0 -1 0 0 -1 0 0 -1 0 0 -1 0 0 -1 0 0 -1 0 0 -1 1 0 0 1 0 0 0.70711 -0.70711 0 0.7071 0 -0.70711 1 0 0 1 0 0 0.7071 0 -0.70711 0.70711 0.7071 0 0 1 0 0 1 0 0 0.7071 -0.70711 0 1 0 0 1 0 0 0.7071 -0.70711 -0.70711 0.70711 0 0 -1 0 0 -1 0 0 -0.7071 -0.70711 0 -1 0 0 -1 0 -0.70711 -0.70711 0 0 -0.7071 -0.70711 -1 0 0 -1 0 0 -0.7071 0 -0.70711 -1 0 0 -1 0 0.00001 -0.7071 0 -0.70711 0 -0.70712 -0.70709 0 0 -1 0 0 -1 0.7071 0 -0.70711 0 0 -1 0 0 -1 0 0 -1 0 0 -1 0 0 -1 0 0 -1 0 0 -1 0 0 -1 0 0 -1 0 0 -1 0 0 -1 0 0 -1 0 0 -1 0 0 -1 -0.70711 0 -0.70711 0 0 -1 0 0 -1 0 0 -1 0 -0.7071 -0.70711 0 0 -1 0 0 -1 0 0 -1 0 0 -1 0 0 -1 0 0 -1 0 0 -1 0 0 -1 0 0 -1 0 0.70712 -0.70709 0 0 -1 0 0 -1 0.7071 0 -0.70711 0 0 -1 0 0 -1 0 0 -1 0 0 -1 0 0 -1 0 0 -1 0 0 -1 0 0 -1 0 0 -1 0 0 -1 0 0 -1 0 0 -1 0 0 -1 0 0 -1 -0.7071 0 -0.70711 0 0.7071 -0.70711 0.70709 0.70712 0 0 0.99994 -0.01112 -0.70711 0.70711 0 -1 0 -0.0021 -0.70711 -0.7071 0 0.70711 -0.70711 0 1 0 0.0021 0.70711 0.70711 0 0 0.99994 -0.0111 -0.70711 0.70711 0 -0.70712 -0.70709 0 0 -0.99994 0.0111 0.70711 -0.70711 0 -0.70711 0.70711 0 -1 0 -0.0021 -0.70709 -0.70712 0 0 -0.99994 0.0111 0.70711 -0.70711 0 1 0 0.0021 0.70711 0.70711 0 1 0 0.0021 0.70711 0.70711 0 0.70711 -0.70711 0 1 0 0.0021 0 0.99994 -0.0111 0 0.99994 -0.0111 -0.70711 0.70711 0 0 -0.99994 0.01112 -0.70711 -0.7071 0 0 -0.99994 0.01112 -1 0 -0.0021 -1 0 -0.0021 -0.70706 0.7069 -0.01868 -0.70562 0 -0.70859 -0.70714 -0.70696 0.01275 0.70713 0.70697 -0.01275 0 0.69921 -0.71492 0.70707 -0.7069 0.01867 0.70861 0 -0.7056 0 -0.71492 -0.6992 -0.70707 0.7069 -0.01868 -0.70562 0 -0.70859 -0.70713 -0.70697 0.01275 0.70714 0.70696 -0.01275 0 0.69921 -0.71492 0.70707 -0.7069 0.01867 0.70859 0 -0.70562 0 -0.71491 -0.69922 -0.70706 0.7069 -0.01868 -0.70564 0 -0.70857 -0.70713 -0.70697 0.01275 0.70714 0.70696 -0.01275 0 0.69921 -0.71492 0.70707 -0.7069 0.01867 0.70859 0 -0.70562 0 -0.71491 -0.69922 -0.70706 0.7069 -0.01868 -0.70562 0 -0.70859 -0.70713 -0.70697 0.01275 0.70714 0.70696 -0.01275 0 0.69921 -0.71492 0.70707 -0.70689 0.01868 0.70859 0 -0.70562 0 -0.71491 -0.69922 0 0.70712 0.7071 -0.7071 0 0.70711 0 0 1 0 0.7071 0.70711 0 0 1 -0.7071 0 0.70711 0 0 1 0 0 1 0 0.70711 0.70711 0 0 1 0.7071 0 0.70711 0 0 1 0.7071 0 0.70711 -0.70711 0 0.7071 0 0 1 0 0 1 0 -0.70711 0.70711 0 -0.7071 0.70711 0 0 1 0.7071 0 0.70711 0 -0.7071 0.70711 -0.46129 0.65873 -0.59438 -0.87555 0 -0.48312 -0.87555 0 -0.48312 -0.87555 0 -0.48312 -0.5112 -0.5112 -0.69091 0 -0.90947 -0.41576 0 -0.90947 -0.41577 0 -0.90947 -0.41577 0.46128 -0.65875 -0.59437 0 0.90947 -0.41577 0 0.90947 -0.41577 0.46129 0.65873 -0.59438 0 0.90947 -0.41576 0.87555 0 -0.48312 0.87555 0 -0.48312 0.87555 0 -0.48313 0.87555 0 -0.48312 0.87555 0 -0.48312 0.60376 0.61992 -0.50118 0.87555 0 -0.48312 0.60798 -0.60798 -0.51061 0 0.90947 -0.41577 0 0.90947 -0.41577 0 0.90947 -0.41577 -0.60798 0.60798 -0.51061 0 -0.90947 -0.41577 0 -0.90947 -0.41577 0 -0.90947 -0.41577 -0.60798 -0.60798 -0.51061 -0.87555 0 -0.48312 -0.87555 0 -0.48312 -0.87555 0 -0.48312 -0.23581 0.52839 -0.8156 -0.67474 0 -0.73805 -0.67474 0 -0.73805 -0.67476 0 -0.73804 -0.26692 -0.26692 -0.92602 0 -0.66244 -0.74912 0 -0.66244 -0.74912 0 -0.66246 -0.7491 0.23581 -0.52838 -0.8156 0 0.66244 -0.74912 0 0.66245 -0.7491 0.23581 0.52839 -0.8156 0 0.66244 -0.74912 0.67474 0 -0.73806 0.67474 0 -0.73805 0.67476 0 -0.73804 -0.73803 0 -0.67477 0 -0.74911 -0.66245 0 0.74911 -0.66245 0.73803 0 -0.67477 0.7071 0 -0.70711 0.7071 0 -0.70711 0 0.7071 -0.70711 0 0.7071 -0.70711 0 -0.7071 -0.70711 0 -0.7071 -0.70711 -0.7071 0 -0.70711 -0.70711 0 -0.7071 0 0 -1 0 0 -1 0 0 -1 0 0 -1 0 0 -1 0.70718 0.707 -0.00636 -0.70708 0.70708 -0.00944 -0.7071 -0.70709 0.00636 0.70715 -0.707 0.00925 0.70718 0.707 -0.00638 -0.70708 0.70708 -0.00942 -0.70717 -0.70702 0.00628 0.70715 -0.707 0.00925 -0.70717 0.70698 -0.00933 -0.70718 -0.707 0.00627 0.70715 -0.70701 0.00925 0.70718 0.707 -0.00636 0.70718 0.707 -0.00638 0.70717 -0.70699 0.00925 -0.70708 0.70708 -0.00942 -0.70717 -0.70702 0.00629 0 -0.95927 -0.2825 0.92433 0 -0.38159 0 0.95927 -0.2825 -0.92433 0 -0.38158 0 -0.96828 -0.24985 0.94037 0 -0.34014 0 0.96828 -0.24985 -0.94037 0 -0.34014 0 -0.98071 -0.19545 0.96312 0 -0.26907 0 0.98071 -0.19545 -0.96312 0 -0.26907 0 -0.96825 -0.24998 0.94031 0 -0.34031 0 0.96825 -0.24998 -0.94031 0 -0.34031 -1 0 0 0 1 0 1 0 0 0 -1 0 -1 0 0 0 1 0 1 0 0 0 -1 0 -1 0 0 0 1 0 1 0 0 0 -1 0 -1 0 0 0 1 0 1 0 0 0 -1 0 -0.99927 0 -0.0381 0 0.99963 -0.02719 0.99927 0 -0.0381 0 -0.99963 -0.02719 0 0 -1 -0.99928 0 -0.03789 0 0.99963 -0.02704 0.99928 0 -0.03789 0 -0.99963 -0.02704 0 0 -1 -0.99897 0 -0.04537 0 0.99948 -0.03238 0.99897 0 -0.04537 0 -0.99948 -0.03238 0 0 -1 -0.99915 0 -0.04125 0 0.99957 -0.02944 0.99915 0 -0.04125 0 -0.99957 -0.02944 0 0 -1</float_array>
          <technique_common>
            <accessor source="#Cube_001-mesh-normals-array" count="1566" stride="3">
              <param name="X" type="float"/>
              <param name="Y" type="float"/>
              <param name="Z" type="float"/>
            </accessor>
          </technique_common>
        </source>
        <source id="Cube_001-mesh-map-0">
          <float_array id="Cube_001-mesh-map-0-array" count="9384">0.31461 0.0011 0.41693 0.0011 0.31461 0.07503 0.21011 0.0011 0.31242 0.0011 0.21011 0.07503 0.31461 0.07723 0.41693 0.07723 0.31461 0.15116 0.21011 0.07723 0.31242 0.07723 0.21011 0.15116 0.1056 0.0011 0.20792 0.0011 0.1056 0.07503 0.0011 0.0011 0.10341 0.0011 0.0011 0.07503 0.1056 0.07723 0.20792 0.07723 0.1056 0.15116 0.0011 0.07723 0.10341 0.07723 0.10341 0.15116 0.31461 0.15336 0.41693 0.15336 0.31461 0.22729 0.21011 0.15336 0.31242 0.15336 0.21011 0.22729 0.31461 0.22948 0.41693 0.22948 0.31461 0.30342 0.21011 0.22948 0.31242 0.22948 0.21011 0.30342 0.1056 0.15336 0.20792 0.15336 0.1056 0.22729 0.0011 0.15336 0.10341 0.15336 0.0011 0.22729 0.1056 0.22948 0.20792 0.22948 0.1056 0.30342 0.0011 0.22948 0.10341 0.22948 0.0011 0.30342 0.9537 0.35677 0.95552 0.30452 0.96451 0.35686 0.95182 0.41057 0.95364 0.35832 0.96263 0.41066 0.94806 0.51818 0.94989 0.46592 0.95887 0.51826 0.94994 0.46438 0.95176 0.41212 0.96075 0.46446 0.94944 0.59211 0.94805 0.51973 0.96025 0.59219 0.95086 0.66604 0.94947 0.59366 0.96168 0.66613 0.95371 0.81391 0.95232 0.74153 0.96452 0.814 0.95229 0.73998 0.95089 0.66759 0.9631 0.74006 0.9248 0.59879 0.92716 0.5264 0.93561 0.59872 0.92721 0.52485 0.92956 0.45246 0.93802 0.52478 0.93202 0.37697 0.93437 0.30459 0.94283 0.37691 0.92961 0.45091 0.93197 0.37853 0.94042 0.45084 0.7639 0.22948 0.7639 0.30342 0.7532 0.22948 0.7639 0.15336 0.7639 0.22729 0.7532 0.15336 0.7639 0.0011 0.7639 0.07503 0.7532 0.0011 0.7639 0.07723 0.7639 0.15116 0.7532 0.07723 0.00093 0.53142 0.00093 0.45787 0.02672 0.45787 0.00093 0.60708 0.00093 0.53372 0.02672 0.52432 0.00093 0.45568 0.00093 0.38213 0.02672 0.45568 0.00093 0.37984 0.00093 0.30648 0.02672 0.38923 0.20792 0.60821 0.10631 0.60821 0.20792 0.58973 0.10384 0.60821 0.00272 0.60821 0.11653 0.58973 0.31171 0.60821 0.21011 0.60821 0.21011 0.58973 0.41531 0.60821 0.31418 0.60821 0.3015 0.58973 0.10631 0.30535 0.20792 0.30535 0.20792 0.32383 0.00272 0.30535 0.10384 0.30535 0.11653 0.32383 0.21011 0.30535 0.31171 0.30535 0.21011 0.32383 0.31418 0.30535 0.41531 0.30535 0.3015 0.32383 0.4171 0.38213 0.4171 0.45568 0.3913 0.45568 0.4171 0.30648 0.4171 0.37984 0.3913 0.38923 0.4171 0.45787 0.4171 0.53142 0.3913 0.45787 0.4171 0.53372 0.4171 0.60708 0.3913 0.52432 0.97257 0.34966 0.97399 0.30452 0.98368 0.34971 0.97111 0.39635 0.97252 0.35121 0.98222 0.3964 0.96818 0.48973 0.9696 0.44459 0.97929 0.48978 0.96964 0.44304 0.97106 0.3979 0.98075 0.44309 0.9696 0.55388 0.96817 0.49128 0.98071 0.55393 0.97106 0.61803 0.96964 0.55543 0.98217 0.61808 0.97399 0.74633 0.97256 0.68373 0.9851 0.74637 0.97253 0.68218 0.9711 0.61958 0.98363 0.68223 0.98695 0.56071 0.98743 0.49808 0.99805 0.56037 0.98744 0.49653 0.98792 0.43389 0.99854 0.49618 0.98842 0.36815 0.9889 0.30551 0.99952 0.3678 0.98793 0.43234 0.98841 0.3697 0.99903 0.43199 0.77603 0.23873 0.77603 0.30259 0.76504 0.23873 0.77603 0.17267 0.77603 0.23654 0.76504 0.17267 0.77603 0.04055 0.77603 0.10442 0.76504 0.04055 0.77603 0.10661 0.77603 0.17048 0.76504 0.10661 0.48472 0.30561 0.54812 0.30561 0.54812 0.31841 0.41925 0.30561 0.48239 0.30561 0.48705 0.31841 0.55031 0.30561 0.61371 0.30561 0.55031 0.31841 0.61604 0.30561 0.67919 0.30561 0.61138 0.31841 0.41818 0.48479 0.41818 0.39727 0.42693 0.48479 0.41818 0.39462 0.41818 0.30786 0.42693 0.40062 0.41818 0.57449 0.41818 0.48698 0.42693 0.48698 0.41818 0.6639 0.41818 0.57714 0.42693 0.57115 0.68025 0.39727 0.68025 0.48479 0.67151 0.48479 0.68025 0.30786 0.68025 0.39462 0.67151 0.40062 0.68025 0.48698 0.68025 0.57449 0.67151 0.48698 0.68025 0.57714 0.68025 0.6639 0.67151 0.57115 0.61371 0.66616 0.55031 0.66616 0.55031 0.65335 0.67919 0.66616 0.61604 0.66616 0.61138 0.65335 0.54812 0.66616 0.48472 0.66616 0.54812 0.65335 0.48239 0.66616 0.41925 0.66616 0.48705 0.65335 0.77917 0.18222 0.77917 0.12381 0.78887 0.18222 0.77917 0.24282 0.77917 0.18441 0.78887 0.24282 0.7906 0.18522 0.79061 0.12788 0.80039 0.18484 0.79058 0.2441 0.7906 0.18677 0.80038 0.24372 0.04062 0.95536 0.03931 0.89807 0.05043 0.95541 0.03928 0.89652 0.03797 0.83922 0.04908 0.89656 0.03932 0.69315 0.04062 0.65187 0.04913 0.69319 0.03798 0.73599 0.03928 0.6947 0.04779 0.73603 0.80363 0.3888 0.86204 0.3888 0.80363 0.4698 0.80363 0.47199 0.86204 0.47199 0.80363 0.55299 0.74303 0.3888 0.80144 0.3888 0.74303 0.4698 0.74303 0.47199 0.80144 0.47199 0.74303 0.55299 0.78879 0.09241 0.77917 0.11697 0.77917 0.06786 0.78887 0.06321 0.78887 0.08667 0.77969 0.06321 0.78887 0.09816 0.78887 0.12162 0.77969 0.12162 0.78879 0.27422 0.77917 0.29878 0.77917 0.24966 0.78887 0.24501 0.78887 0.26848 0.77969 0.24501 0.78887 0.27996 0.78887 0.30342 0.77969 0.30342 0.80037 0.09728 0.79062 0.12162 0.79063 0.0737 0.80042 0.06861 0.80042 0.0918 0.79099 0.06898 0.80041 0.10277 0.80041 0.12595 0.79097 0.12632 0.80033 0.27395 0.79057 0.29828 0.79058 0.25037 0.80038 0.24528 0.80037 0.26846 0.79094 0.24564 0.80037 0.27943 0.80036 0.30261 0.79093 0.30298 0.05107 0.98561 0.04185 1.00951 0.04076 0.96162 0.05046 0.95696 0.05099 0.98012 0.04102 0.95692 0.05124 0.99109 0.05177 1.01425 0.04232 1.01422 0.04704 0.80906 0.03783 0.83296 0.03674 0.78508 0.04644 0.78041 0.04696 0.80358 0.03699 0.78037 0.04721 0.81454 0.04774 0.83771 0.0383 0.83767 0.05104 0.62972 0.04077 0.64704 0.04186 0.61232 0.05177 0.60908 0.05125 0.62566 0.04248 0.60904 0.05099 0.63378 0.05047 0.65036 0.04118 0.65032 0.04701 0.75822 0.03674 0.77553 0.03783 0.74082 0.04774 0.73758 0.04722 0.75416 0.03845 0.73754 0.04696 0.76228 0.04644 0.77886 0.03715 0.77882 0.86424 0.30561 0.89234 0.30561 0.86424 0.34502 0.89454 0.34721 0.92265 0.34721 0.89454 0.38661 0.86424 0.34721 0.89234 0.34721 0.86424 0.38661 0.89344 0.39091 0.92218 0.4698 0.8647 0.4698 0.86424 0.3888 0.89188 0.3888 0.86424 0.46469 0.89501 0.3888 0.92265 0.3888 0.92265 0.46469 0.8612 0.34611 0.80363 0.38563 0.80363 0.3066 0.86204 0.30561 0.86204 0.34403 0.80607 0.30561 0.86204 0.34819 0.86204 0.38661 0.80607 0.38661 0.89344 0.55089 0.8647 0.47199 0.92218 0.47199 0.92265 0.55299 0.89501 0.55299 0.92265 0.47711 0.89188 0.55299 0.86424 0.55299 0.86424 0.47711 0.89454 0.55518 0.92265 0.55518 0.92265 0.59459 0.86424 0.55518 0.89234 0.55518 0.86424 0.59459 0.86424 0.59678 0.89234 0.59678 0.89234 0.63618 0.8612 0.59568 0.80363 0.6352 0.80363 0.55617 0.86204 0.55518 0.86204 0.5936 0.80607 0.55518 0.86204 0.59776 0.86204 0.63618 0.80607 0.63618 0.74387 0.34611 0.80144 0.3066 0.80144 0.38563 0.74303 0.38661 0.74303 0.34819 0.79901 0.38661 0.74303 0.34403 0.74303 0.30561 0.79901 0.30561 0.71273 0.30561 0.74084 0.30561 0.71273 0.34502 0.71273 0.34721 0.74084 0.34721 0.71273 0.38661 0.68243 0.34721 0.71054 0.34721 0.68243 0.38661 0.71164 0.39091 0.74037 0.4698 0.6829 0.4698 0.68243 0.3888 0.71007 0.3888 0.68243 0.46469 0.7132 0.3888 0.74084 0.3888 0.74084 0.46469 0.74387 0.59568 0.80144 0.55617 0.80144 0.6352 0.74303 0.63618 0.74303 0.59776 0.79901 0.63618 0.74303 0.5936 0.74303 0.55518 0.79901 0.55518 0.71164 0.55089 0.6829 0.47199 0.74037 0.47199 0.74084 0.55299 0.7132 0.55299 0.74084 0.47711 0.71007 0.55299 0.68243 0.55299 0.68243 0.47711 0.71273 0.55518 0.74084 0.55518 0.71273 0.59459 0.68243 0.55518 0.71054 0.55518 0.68243 0.59459 0.71273 0.59678 0.74084 0.59678 0.71273 0.63618 0.6169 0.05241 0.58902 0.05141 0.61678 0.01474 0.43807 0.14784 0.4182 0.14739 0.4379 0.11016 0.652 0.08258 0.68011 0.08273 0.6518 0.11985 0.54494 0.20137 0.51706 0.20037 0.54482 0.1637 0.51695 0.20048 0.48908 0.20136 0.51677 0.1628 0.48753 0.20136 0.46766 0.20092 0.48736 0.16369 0.46749 0.20704 0.43962 0.20792 0.46731 0.16936 0.68251 0.08428 0.71062 0.08443 0.6823 0.12155 0.61822 0.3036 0.59011 0.3036 0.61822 0.26632 0.6215 0.08395 0.64961 0.0841 0.6213 0.12122 0.51807 0.14664 0.5192 0.11877 0.55574 0.14669 0.57448 0.20249 0.54661 0.2015 0.57436 0.16483 0.46749 0.14695 0.43962 0.14783 0.46731 0.10927 0.51695 0.14807 0.48908 0.14895 0.51677 0.11039 0.48753 0.14896 0.46766 0.14851 0.48736 0.11128 0.43807 0.20793 0.4182 0.20748 0.4379 0.17025 0.41803 0.16761 0.4182 0.15619 0.43807 0.15664 0.5465 0.16164 0.54661 0.15022 0.57437 0.16264 0.71043 0.12387 0.71062 0.13516 0.68232 0.12372 0.43946 0.16805 0.43962 0.15664 0.46749 0.15575 0.4675 0.16105 0.46766 0.14963 0.48753 0.15008 0.55905 0.11884 0.57048 0.119 0.55793 0.14671 0.59008 0.26415 0.58983 0.25286 0.61819 0.26415 0.48892 0.16149 0.48908 0.15007 0.51695 0.14919 0.4675 0.10864 0.46766 0.09723 0.48753 0.09767 0.51695 0.16051 0.51706 0.14909 0.54483 0.16151 0.67992 0.12217 0.68011 0.13347 0.65181 0.12202 0.48892 0.10908 0.48908 0.09767 0.51695 0.09679 0.41803 0.10752 0.4182 0.09611 0.43807 0.09655 0.58891 0.01156 0.58902 0.00013 0.61679 0.01255 0.64942 0.12354 0.64961 0.13484 0.62131 0.12339 0.43946 0.10796 0.43962 0.09655 0.46749 0.09567 0.41693 0.0011 0.31461 0.0011 0.41693 0 0.41693 0.07503 0.41693 0.0011 0.41802 0.07503 0.41693 0.07503 0.41693 0.07723 0.31461 0.07503 0.31242 0.0011 0.31461 0.0011 0.31242 0.07503 0.31242 0.0011 0.21011 0.0011 0.31242 0 0.21011 0.07503 0.31242 0.07503 0.21011 0.07723 0.21011 0.07503 0.20792 0.07503 0.21011 0.0011 0.41693 0.15116 0.41693 0.07723 0.41802 0.15116 0.41693 0.15116 0.41693 0.15336 0.31461 0.15116 0.31461 0.07723 0.31461 0.15116 0.31242 0.07723 0.21011 0.15116 0.31242 0.15116 0.21011 0.15336 0.21011 0.07723 0.21011 0.15116 0.20792 0.07723 0.20792 0.0011 0.1056 0.0011 0.20792 0 0.1056 0.07503 0.20792 0.07503 0.1056 0.07723 0.1056 0.07503 0.10341 0.07503 0.1056 0.0011 0.10341 0.0011 0.0011 0.0011 0.10341 0 0.10341 0.07503 0.10341 0.07723 0.0011 0.07503 0.0011 0.0011 0.0011 0.07503 0 0.0011 0.20792 0.15116 0.20792 0.15336 0.1056 0.15116 0.1056 0.15116 0.10341 0.15116 0.1056 0.07723 0.10341 0.15116 0.10341 0.15336 0.0011 0.15116 0.0011 0.07723 0.0011 0.15116 0 0.07723 0.41693 0.22729 0.41693 0.15336 0.41802 0.22729 0.41693 0.22729 0.41693 0.22948 0.31461 0.22729 0.31461 0.22729 0.31242 0.22729 0.31461 0.15336 0.21011 0.22729 0.31242 0.22729 0.21011 0.22948 0.21011 0.22729 0.20792 0.22729 0.21011 0.15336 0.41693 0.30342 0.41693 0.22948 0.41802 0.30342 0.31461 0.30342 0.41693 0.30342 0.31461 0.30452 0.31461 0.22948 0.31461 0.30342 0.31242 0.22948 0.31242 0.30342 0.31242 0.30452 0.21011 0.30342 0.21011 0.30342 0.20792 0.30342 0.21011 0.22948 0.20792 0.22729 0.20792 0.22948 0.1056 0.22729 0.1056 0.22729 0.10341 0.22729 0.1056 0.15336 0.0011 0.22729 0.10341 0.22729 0.0011 0.22948 0.0011 0.15336 0.0011 0.22729 0 0.15336 0.1056 0.30342 0.20792 0.30342 0.1056 0.30452 0.1056 0.30342 0.10341 0.30342 0.1056 0.22948 0.0011 0.30342 0.10341 0.30342 0.0011 0.30452 0.0011 0.22948 0.0011 0.30342 0 0.22948 0.92481 0.60034 0.9248 0.59879 0.93562 0.60027 0.93562 0.60027 0.93735 0.60021 0.9397 0.65205 0.9537 0.35677 0.96451 0.35686 0.95364 0.35832 0.93806 0.65407 0.93977 0.65367 0.94213 0.70565 0.95182 0.41057 0.96263 0.41066 0.95176 0.41212 0.94989 0.46592 0.94994 0.46438 0.9607 0.46601 0.94294 0.76167 0.94463 0.7608 0.94531 0.81392 0.94806 0.51818 0.95887 0.51826 0.94805 0.51973 0.9405 0.70787 0.9422 0.7072 0.94287 0.76012 0.95886 0.51981 0.96072 0.52039 0.96209 0.59193 0.94944 0.59211 0.96025 0.59219 0.94947 0.59366 0.96028 0.59375 0.96213 0.59367 0.96351 0.66556 0.95086 0.66604 0.96168 0.66613 0.95089 0.66759 0.95232 0.74153 0.95229 0.73998 0.96313 0.74161 0.96313 0.74161 0.96496 0.74074 0.96452 0.814 0.75304 0.30452 0.7532 0.30342 0.76373 0.30452 0.96171 0.66768 0.96354 0.66711 0.9631 0.74006 0.92716 0.5264 0.92721 0.52485 0.93796 0.52633 0.93561 0.59872 0.93796 0.52633 0.93981 0.5266 0.92956 0.45246 0.92961 0.45091 0.94037 0.45239 0.94037 0.45239 0.94221 0.45297 0.93802 0.52478 0.75304 0 0.76373 0 0.7532 0.0011 0.94518 0.30452 0.94698 0.30624 0.94465 0.37778 0.94283 0.37691 0.94278 0.37846 0.93202 0.37697 0.94278 0.37846 0.9446 0.37953 0.94226 0.45142 0.7532 0.22948 0.7532 0.30342 0.7514 0.2292 0.7532 0.22948 0.7532 0.22729 0.7639 0.22948 0.7532 0.15336 0.7532 0.22729 0.7514 0.15336 0.7532 0.15336 0.7532 0.15116 0.7639 0.15336 0.7532 0.07503 0.7639 0.07503 0.7532 0.07723 0.7532 0.07503 0.7514 0.07532 0.7532 0.0011 0.7532 0.07723 0.7532 0.15116 0.7514 0.15116 0.02672 0.45787 0.00093 0.45787 0.02672 0.45568 0.77783 0.10632 0.77783 0.17048 0.77603 0.17048 0.02672 0.52203 0.02672 0.52432 0.00093 0.53372 0.77783 0.10403 0.77603 0.10442 0.77783 0.04006 0.00093 0.60708 0.02672 0.58829 0.02809 0.58973 0.02672 0.39153 0.00093 0.38213 0.00093 0.37984 0.77783 0.17267 0.77783 0.23682 0.77603 0.17267 0.00093 0.30648 0.00272 0.30535 0.02809 0.32383 0.77783 0.23912 0.77783 0.30308 0.77603 0.23873 0.119 0.58973 0.10631 0.60821 0.10384 0.60821 0.98608 0.43181 0.98656 0.36887 0.98793 0.43234 0.20792 0.58973 0.21011 0.58973 0.20792 0.60821 0.98705 0.30452 0.9889 0.30551 0.98842 0.36815 0.98559 0.4963 0.98607 0.43336 0.98792 0.43389 0.29903 0.58973 0.3015 0.58973 0.31418 0.60821 0.9851 0.56065 0.98557 0.49805 0.98743 0.49808 0.38993 0.58973 0.3913 0.58829 0.4171 0.60708 0.20792 0.30535 0.21011 0.30535 0.20792 0.32383 0.96927 0.62016 0.9711 0.61958 0.9707 0.68306 0.10631 0.30535 0.119 0.32383 0.10384 0.30535 0.97217 0.74737 0.97074 0.68481 0.97256 0.68373 0.29903 0.32383 0.31171 0.30535 0.31418 0.30535 0.96923 0.61861 0.9678 0.5557 0.97106 0.61803 0.38993 0.32383 0.41531 0.30535 0.4171 0.30648 0.96776 0.55396 0.96633 0.4914 0.9696 0.55388 0.4171 0.45568 0.4171 0.45787 0.3913 0.45568 0.99187 0.65621 0.99355 0.6555 0.99505 0.70148 0.4171 0.38213 0.3913 0.39153 0.4171 0.37984 0.99517 0.7031 0.99683 0.70211 0.99834 0.74823 0.4171 0.53142 0.4171 0.53372 0.3913 0.52203 0.99176 0.65466 0.98858 0.60939 0.99344 0.65395 0.98847 0.60777 0.98529 0.56263 0.99017 0.60733 0.987 0.56226 0.98695 0.56071 0.9981 0.56192 0.41819 0.66725 0.41925 0.66616 0.48239 0.66616 0.97257 0.34966 0.98368 0.34971 0.97252 0.35121 0.54812 0.66725 0.48425 0.66725 0.54812 0.66616 0.98222 0.3964 0.98217 0.39795 0.97111 0.39635 0.9696 0.44459 0.96964 0.44304 0.9807 0.44464 0.61637 0.66725 0.61604 0.66616 0.68024 0.66725 0.97929 0.48978 0.97928 0.49133 0.96818 0.48973 0.61418 0.66725 0.55031 0.66725 0.55031 0.66616 0.68133 0.57766 0.68133 0.66615 0.68025 0.57714 0.98071 0.55393 0.98074 0.55548 0.9696 0.55388 0.68133 0.48698 0.68133 0.57547 0.68025 0.48698 0.97106 0.61803 0.98217 0.61808 0.9711 0.61958 0.97256 0.68373 0.97253 0.68218 0.98367 0.68378 0.68133 0.39411 0.68025 0.39462 0.68134 0.30561 0.77587 0.30369 0.76488 0.30369 0.77603 0.30259 0.68133 0.48479 0.68025 0.48479 0.68133 0.3963 0.98743 0.49808 0.98744 0.49653 0.99853 0.49773 0.4171 0.57766 0.41818 0.57714 0.4171 0.66615 0.99902 0.43354 0.98792 0.43389 0.99903 0.43199 0.4171 0.48698 0.41818 0.48698 0.4171 0.57547 0.77587 0.03945 0.77603 0.04055 0.76488 0.03945 0.4171 0.30561 0.41818 0.30786 0.41818 0.39462 0.99952 0.3678 0.99951 0.36935 0.98842 0.36815 0.4171 0.3963 0.41818 0.39727 0.41818 0.48479 0.76504 0.30259 0.7639 0.30154 0.7639 0.2384 0.77603 0.23873 0.76504 0.23873 0.77603 0.23654 0.76504 0.23654 0.7639 0.23607 0.7639 0.17267 0.77603 0.17267 0.76504 0.17267 0.77603 0.17048 0.77603 0.10442 0.77603 0.10661 0.76504 0.10442 0.76504 0.10442 0.7639 0.10474 0.76504 0.04055 0.76504 0.17048 0.7639 0.17048 0.76504 0.10661 0.54812 0.30561 0.55031 0.30561 0.54812 0.31841 0.54812 0.31841 0.54812 0.3195 0.48938 0.31841 0.48472 0.30561 0.48938 0.31841 0.48239 0.30561 0.48705 0.31841 0.48287 0.3195 0.43376 0.3195 0.41925 0.30561 0.42857 0.31841 0.42693 0.31986 0.61371 0.30561 0.61604 0.30561 0.60905 0.31841 0.60905 0.31841 0.60872 0.3195 0.55031 0.3195 0.67919 0.30561 0.68025 0.30786 0.67151 0.31986 0.66986 0.31841 0.66468 0.3195 0.61556 0.3195 0.41818 0.39727 0.41818 0.39462 0.42693 0.40327 0.42693 0.40327 0.42801 0.40379 0.42801 0.48479 0.41818 0.48479 0.42693 0.48479 0.41818 0.48698 0.42693 0.31986 0.42801 0.32725 0.42801 0.39494 0.42693 0.48698 0.42801 0.48698 0.42693 0.56849 0.41818 0.57449 0.42693 0.56849 0.41818 0.57714 0.42693 0.57115 0.42801 0.57682 0.42693 0.6519 0.41818 0.6639 0.42693 0.6519 0.41925 0.66616 0.68025 0.48479 0.68025 0.48698 0.67151 0.48479 0.67151 0.48479 0.67042 0.48479 0.67151 0.40327 0.68025 0.39727 0.67151 0.40327 0.68025 0.39462 0.67151 0.40062 0.67042 0.39494 0.67151 0.31986 0.68025 0.57449 0.68025 0.57714 0.67151 0.56849 0.67151 0.56849 0.67042 0.56798 0.67042 0.48698 0.68025 0.6639 0.67919 0.66616 0.67151 0.6519 0.67151 0.6519 0.67042 0.64451 0.67042 0.57682 0.55031 0.66616 0.54812 0.66616 0.55031 0.65335 0.77783 0.18441 0.77917 0.18441 0.77783 0.24315 0.61371 0.66616 0.60905 0.65335 0.61604 0.66616 0.77783 0.24548 0.77917 0.24966 0.77917 0.29878 0.48472 0.66616 0.48239 0.66616 0.48938 0.65335 0.77783 0.12348 0.77917 0.12381 0.77917 0.18222 0.77783 0.12115 0.77783 0.06267 0.77917 0.11697 0.77917 0.12381 0.77969 0.12162 0.78887 0.12162 0.78887 0.12381 0.79012 0.12381 0.78887 0.18222 0.78887 0.18222 0.78887 0.18441 0.77917 0.18222 0.78887 0.18441 0.79012 0.18685 0.79012 0.24282 0.77917 0.24282 0.78887 0.24282 0.78887 0.24501 0.79061 0.12788 0.79097 0.12632 0.80041 0.12595 0.68134 0.3888 0.68243 0.3888 0.68134 0.4698 0.7906 0.18522 0.80039 0.18484 0.7906 0.18677 0.68134 0.47199 0.68243 0.47711 0.68243 0.55299 0.79058 0.2441 0.80038 0.24372 0.80038 0.24528 0.03931 0.89807 0.03928 0.89652 0.04912 0.89811 0.92374 0.4698 0.92265 0.46469 0.92265 0.3888 0.04062 0.95536 0.05043 0.95541 0.05046 0.95696 0.03797 0.83922 0.0383 0.83767 0.04774 0.83771 0.92374 0.55299 0.92265 0.55299 0.92374 0.47199 0.05042 0.65191 0.04062 0.65187 0.05047 0.65036 0.74303 0.63728 0.74303 0.63618 0.80144 0.63728 0.04913 0.69319 0.04908 0.69474 0.03932 0.69315 0.80363 0.63728 0.80607 0.63618 0.86204 0.63618 0.03798 0.73599 0.04779 0.73603 0.04774 0.73758 0.80363 0.3888 0.80607 0.38661 0.86204 0.38661 0.86204 0.3888 0.86424 0.3888 0.86204 0.4698 0.86204 0.4698 0.86204 0.47199 0.80363 0.4698 0.80363 0.3888 0.80363 0.4698 0.80144 0.3888 0.86204 0.47199 0.86424 0.47711 0.86424 0.55299 0.86204 0.55299 0.86204 0.55518 0.80363 0.55299 0.80363 0.47199 0.80363 0.55299 0.80144 0.47199 0.74303 0.3888 0.74303 0.38661 0.80144 0.3888 0.80144 0.4698 0.80144 0.47199 0.74303 0.4698 0.74303 0.3888 0.74303 0.4698 0.74084 0.3888 0.80144 0.55299 0.79901 0.55518 0.74303 0.55518 0.74303 0.47199 0.74303 0.55299 0.74084 0.55299 0.77917 0.11697 0.78879 0.09241 0.77969 0.12162 0.77917 0.06786 0.77969 0.06321 0.78879 0.09241 0 0 0 0 0 0 0.78887 0.06321 0.77969 0.06321 0.77969 0.06211 0.78887 0.09816 0.79012 0.09351 0.78887 0.12162 0.78879 0.27422 0.78887 0.27996 0.77969 0.30342 0.78879 0.27422 0.77917 0.24966 0.77969 0.24501 0.78887 0.26848 0.78887 0.24501 0.79012 0.27312 0 0 0 0 0 0 0.78887 0.30342 0.78904 0.30452 0.77969 0.30452 0.80037 0.09728 0.80041 0.10277 0.79097 0.12632 0.80037 0.09728 0.79063 0.0737 0.80042 0.0918 0 0 0 0 0 0 0.68134 0.35386 0.68243 0.34721 0.68134 0.38661 0.80033 0.27395 0.80037 0.27943 0.79057 0.29828 0.80033 0.27395 0.79058 0.25037 0.80037 0.26846 0.68134 0.55518 0.68243 0.55518 0.68243 0.59459 0 0 0 0 0 0 0.80036 0.30261 0.80042 0.30416 0.79093 0.30298 0.05107 0.98561 0.05124 0.99109 0.04185 1.00951 0.05107 0.98561 0.04076 0.96162 0.04102 0.95692 0.92374 0.38661 0.92265 0.38661 0.92265 0.34721 0 0 0 0 0 0 0.04704 0.80906 0.04721 0.81454 0.0383 0.83767 0.04704 0.80906 0.03674 0.78508 0.03699 0.78037 0 0 0 0 0 0 0.04644 0.78041 0.03699 0.78037 0.04644 0.77886 0.92374 0.58793 0.92265 0.59459 0.92265 0.55518 0.05104 0.62972 0.05099 0.63378 0.04118 0.65032 0.05104 0.62972 0.04186 0.61232 0.04248 0.60904 0 0 0 0 0 0 0.71738 0.63728 0.71273 0.63618 0.74084 0.63728 0.04701 0.75822 0.04696 0.76228 0.03715 0.77882 0.04701 0.75822 0.03783 0.74082 0.03845 0.73754 0.86424 0.63728 0.86424 0.63618 0.89234 0.63618 0 0 0 0 0 0 0.89234 0.30561 0.89344 0.30561 0.89234 0.34502 0.89234 0.34502 0.89234 0.34721 0.86424 0.34502 0.86424 0.30561 0.86424 0.34502 0.86204 0.30561 0.71062 0.08318 0.71062 0.08443 0.68251 0.08303 0.92265 0.38661 0.92265 0.3888 0.89454 0.38661 0.89454 0.34721 0.89454 0.38661 0.89234 0.34721 0.89234 0.38661 0.89188 0.3888 0.86424 0.3888 0.86424 0.34721 0.86424 0.38661 0.86204 0.38661 0.89344 0.39091 0.89501 0.3888 0.92265 0.46469 0.92218 0.4698 0.92218 0.47199 0.8647 0.4698 0.89344 0.39091 0.8647 0.4698 0.86424 0.46469 0.8612 0.34611 0.86204 0.34819 0.80363 0.38563 0.80363 0.38563 0.80144 0.38563 0.80363 0.3066 0.8612 0.34611 0.80363 0.3066 0.86204 0.34403 0.89344 0.55089 0.89188 0.55299 0.86424 0.47711 0.89344 0.55089 0.92218 0.47199 0.92265 0.47711 0.92265 0.55299 0.92265 0.55518 0.89454 0.55518 0.89188 0.55299 0.89234 0.55518 0.86424 0.55299 0.92265 0.59459 0.92265 0.59568 0.89454 0.59459 0.89454 0.55518 0.89454 0.59459 0.89234 0.55518 0.89234 0.59459 0.89234 0.59678 0.86424 0.59459 0.86424 0.55518 0.86424 0.59459 0.86204 0.55518 0.89234 0.59678 0.89344 0.59678 0.89234 0.63618 0.86424 0.59678 0.86424 0.63618 0.86204 0.63618 0.8612 0.59568 0.86204 0.59776 0.80363 0.6352 0.80363 0.6352 0.80144 0.6352 0.80363 0.55617 0.8612 0.59568 0.80363 0.55617 0.86204 0.5936 0.74387 0.34611 0.74303 0.34403 0.80144 0.3066 0.74387 0.34611 0.80144 0.38563 0.74303 0.34819 0.74303 0.38661 0.74084 0.38661 0.74084 0.34721 0.74303 0.34403 0.74084 0.34502 0.74303 0.30561 0.74084 0.34502 0.74084 0.34721 0.71273 0.34502 0.71273 0.30561 0.71273 0.34502 0.71164 0.30561 0.74084 0.38661 0.74084 0.3888 0.71273 0.38661 0.71273 0.34721 0.71273 0.38661 0.71054 0.34721 0.68012 0.08148 0.68011 0.08273 0.65201 0.08133 0.71054 0.38661 0.71007 0.3888 0.68243 0.3888 0.71164 0.39091 0.7132 0.3888 0.74037 0.4698 0.74037 0.4698 0.74037 0.47199 0.6829 0.4698 0.71164 0.39091 0.6829 0.4698 0.71007 0.3888 0.74387 0.59568 0.74303 0.5936 0.80144 0.55617 0.74387 0.59568 0.80144 0.6352 0.74303 0.59776 0.74303 0.63618 0.74084 0.63618 0.74084 0.59678 0.74303 0.5936 0.74084 0.59459 0.74303 0.55518 0.71164 0.55089 0.71007 0.55299 0.6829 0.47199 0.71164 0.55089 0.74037 0.47199 0.7132 0.55299 0.74084 0.55299 0.74084 0.55518 0.71273 0.55518 0.71007 0.55299 0.71054 0.55518 0.68243 0.55299 0.74084 0.59459 0.74084 0.59678 0.71273 0.59459 0.71273 0.55518 0.71273 0.59459 0.71054 0.55518 0.71054 0.59459 0.71054 0.59568 0.68243 0.59459 0.71273 0.59678 0.71273 0.63618 0.71164 0.59678 0.6204 0.0841 0.6215 0.08395 0.6202 0.12138 0.58891 0.01375 0.58891 0.01156 0.61678 0.01474 0.6169 0.05241 0.61678 0.01474 0.61845 0.0524 0.41802 0.10971 0.41803 0.10752 0.43791 0.10797 0.4379 0.11016 0.43945 0.11015 0.43807 0.14784 0.68011 0.08273 0.68121 0.0829 0.67991 0.12001 0.67991 0.12001 0.67992 0.12217 0.6518 0.11985 0.652 0.08258 0.6518 0.11985 0.65091 0.08273 0.51695 0.16271 0.51695 0.16051 0.54482 0.1637 0.54494 0.20137 0.54482 0.1637 0.54649 0.20136 0.48908 0.20136 0.48753 0.20136 0.48891 0.16368 0.48891 0.16368 0.48892 0.16149 0.51679 0.16061 0.58901 0.30344 0.58901 0.26616 0.59011 0.3036 0.51807 0.14819 0.51807 0.14664 0.55574 0.14824 0.46749 0.16324 0.4675 0.16105 0.48737 0.1615 0.43945 0.17024 0.43962 0.20792 0.4379 0.17025 0.43945 0.17024 0.43946 0.16805 0.46732 0.16717 0.71151 0.12187 0.71041 0.1217 0.71171 0.0846 0.71041 0.1217 0.71043 0.12387 0.6823 0.12155 0.68251 0.08428 0.6823 0.12155 0.68141 0.08443 0.59011 0.26632 0.59008 0.26415 0.61822 0.26632 0.61822 0.3036 0.61822 0.26632 0.61931 0.30344 0.64961 0.0841 0.6507 0.08427 0.6494 0.12138 0.6494 0.12138 0.64942 0.12354 0.6213 0.12122 0.55686 0.11882 0.55905 0.11884 0.55574 0.14669 0.54649 0.16383 0.5465 0.16164 0.57436 0.16483 0.57448 0.20249 0.57436 0.16483 0.57603 0.20249 0.43945 0.11015 0.43946 0.10796 0.46732 0.10708 0.48908 0.14895 0.48753 0.14896 0.48891 0.11127 0.48891 0.11127 0.48892 0.10908 0.51679 0.1082 0.46749 0.11083 0.4675 0.10864 0.48737 0.10909 0.41802 0.1698 0.41803 0.16761 0.43791 0.16806 0.57592 0.16264 0.57437 0.16264 0.57603 0.15121 0.58151 0.20249 0.58041 0.20247 0.58041 0.17436 0.43807 0.15664 0.43962 0.15664 0.43791 0.16806 0.68122 0.12387 0.68232 0.12372 0.68251 0.13501 0.57827 0.20249 0.57715 0.20249 0.57827 0.16309 0.71043 0.12387 0.71152 0.12404 0.71171 0.13533 0.71062 0.13516 0.71064 0.13641 0.68251 0.13501 0.58041 0.16309 0.57934 0.16308 0.57934 0.12368 0.55793 0.14826 0.55793 0.14671 0.56935 0.14842 0.57444 0.12083 0.57554 0.12085 0.57554 0.14896 0.48753 0.15008 0.48908 0.15007 0.48737 0.1615 0.61904 0.2527 0.61929 0.26399 0.61794 0.25286 0.57603 0.16309 0.57715 0.16309 0.57603 0.20249 0.59008 0.26415 0.58899 0.26399 0.58873 0.2527 0.58983 0.25286 0.58981 0.25162 0.61794 0.25286 0.57827 0.12368 0.57934 0.12368 0.57934 0.16309 0.54638 0.16151 0.54483 0.16151 0.54649 0.15008 0.58041 0.13495 0.58151 0.13498 0.58151 0.16309 0.48753 0.09767 0.48908 0.09767 0.48737 0.10909 0.65072 0.12217 0.65181 0.12202 0.652 0.13331 0.57603 0.12368 0.57715 0.12368 0.57603 0.16309 0.67992 0.12217 0.68102 0.12234 0.68121 0.13363 0.68011 0.13347 0.68013 0.13471 0.652 0.13331 0.58041 0.20249 0.57934 0.20249 0.57934 0.16309 0.61834 0.01255 0.61679 0.01255 0.61845 0.00112 0.58151 0.13495 0.58261 0.13498 0.58261 0.16309 0.43807 0.09655 0.43962 0.09655 0.43791 0.10797 0.62021 0.12354 0.62131 0.12339 0.6215 0.13468 0.57715 0.12368 0.57827 0.12368 0.57715 0.16309 0.64942 0.12354 0.65051 0.12371 0.6507 0.135 0.64961 0.13484 0.64963 0.13608 0.6215 0.13468 0.57827 0.16309 0.57934 0.16309 0.57934 0.20249 0.31461 0.0011 0.31242 0.0011 0.31461 0 0.92374 0.59957 0.9248 0.59879 0.92481 0.60034 0.41693 0.07503 0.41802 0.07503 0.41693 0.07723 0.31461 0.07503 0.31461 0.07723 0.31242 0.07503 0.21011 0.0011 0.20792 0.0011 0.21011 0 0.21011 0.07503 0.21011 0.07723 0.20792 0.07503 0.41693 0.15116 0.41802 0.15116 0.41693 0.15336 0.31461 0.15116 0.31461 0.15336 0.31242 0.15116 0.21011 0.15116 0.21011 0.15336 0.20792 0.15116 0.1056 0.0011 0.10341 0.0011 0.1056 0 0.1056 0.07503 0.1056 0.07723 0.10341 0.07503 0.0011 0.0011 0 0.0011 0.0011 0 0.0011 0.07503 0.0011 0.07723 0 0.07503 0.1056 0.15116 0.1056 0.15336 0.10341 0.15116 0.0011 0.15116 0.0011 0.15336 0 0.15116 0.41693 0.22729 0.41802 0.22729 0.41693 0.22948 0.31461 0.22729 0.31461 0.22948 0.31242 0.22729 0.21011 0.22729 0.21011 0.22948 0.20792 0.22729 0.94698 0.51894 0.94806 0.51818 0.94805 0.51973 0.31461 0.30342 0.31461 0.30452 0.31242 0.30342 0.21011 0.30342 0.21011 0.30452 0.20792 0.30342 0.1056 0.22729 0.1056 0.22948 0.10341 0.22729 0.0011 0.22729 0.0011 0.22948 0 0.22729 0.1056 0.30342 0.1056 0.30452 0.10341 0.30342 0.0011 0.30342 0.0011 0.30452 0 0.30342 0.93562 0.60027 0.93561 0.59872 0.93748 0.59814 0.93799 0.65252 0.9397 0.65205 0.93977 0.65367 0.94043 0.70632 0.94213 0.70565 0.9405 0.70787 0.94294 0.76167 0.94287 0.76012 0.94456 0.75918 0.95887 0.51826 0.96059 0.51832 0.96072 0.52039 0.96025 0.59219 0.96209 0.59193 0.96213 0.59367 0.96168 0.66613 0.96351 0.66556 0.96171 0.66768 0.96313 0.74161 0.9631 0.74006 0.96492 0.73899 0.0011 0.30452 0.00272 0.30535 0 0.30561 0.93796 0.52633 0.93802 0.52478 0.93987 0.52485 0.94037 0.45239 0.94042 0.45084 0.94221 0.45297 0.0011 0.60904 0 0.60794 0.00272 0.60821 0.94283 0.37691 0.94465 0.37778 0.9446 0.37953 0.7532 0.22948 0.7514 0.2292 0.7514 0.22691 0.7532 0.15336 0.7514 0.15336 0.7532 0.15116 0.7532 0.07503 0.7532 0.07723 0.7514 0.07761 0.77783 0.17048 0.77783 0.17267 0.77603 0.17048 0.77783 0.10632 0.77603 0.10661 0.77783 0.10403 0.77783 0.04006 0.77603 0.04055 0.77587 0.03945 0.77783 0.23682 0.77783 0.23912 0.77603 0.23654 0.77783 0.30308 0.77776 0.30452 0.77587 0.30369 0.98656 0.36887 0.98658 0.36712 0.98841 0.3697 0.98608 0.43181 0.98793 0.43234 0.98607 0.43336 0.98559 0.4963 0.98744 0.49653 0.98557 0.49805 0.9851 0.56065 0.98695 0.56071 0.98529 0.56263 0.96927 0.62016 0.96923 0.61861 0.9711 0.61958 0.9707 0.68306 0.97253 0.68218 0.97074 0.68481 0.9678 0.5557 0.96776 0.55396 0.96964 0.55543 0.96633 0.4914 0.96648 0.48941 0.96817 0.49128 0.99187 0.65621 0.99176 0.65466 0.99355 0.6555 0.99505 0.70148 0.99672 0.70057 0.99517 0.7031 0.98858 0.60939 0.98847 0.60777 0.99028 0.60888 0.41819 0.66725 0.4171 0.66615 0.41818 0.6639 0.48206 0.66725 0.48239 0.66616 0.48472 0.66616 0.54812 0.66725 0.54812 0.66616 0.55031 0.66725 0.61637 0.66725 0.61418 0.66725 0.61371 0.66616 0.68024 0.66725 0.67919 0.66616 0.68025 0.6639 0.68133 0.57766 0.68025 0.57714 0.68025 0.57449 0.68133 0.48698 0.68025 0.48698 0.68133 0.48479 0.68133 0.39411 0.68133 0.3963 0.68025 0.39727 0.68134 0.30561 0.68025 0.30786 0.68024 0.30452 0.4171 0.57766 0.4171 0.57547 0.41818 0.57449 0.4171 0.48698 0.4171 0.48479 0.41818 0.48698 0.4171 0.30561 0.41819 0.30452 0.41818 0.30786 0.4171 0.39411 0.41818 0.39462 0.41818 0.39727 0.76504 0.23873 0.7639 0.2384 0.7639 0.23607 0.76504 0.17267 0.7639 0.17267 0.76504 0.17048 0.76504 0.10442 0.76504 0.10661 0.7639 0.10708 0.54812 0.31841 0.55031 0.31841 0.54812 0.3195 0.48971 0.3195 0.48629 0.31896 0.48938 0.31841 0.42255 0.1506 0.42327 0.14911 0.42327 0.15115 0.03671 0.73709 0.03756 0.73801 0.03783 0.74082 0.42327 0.15488 0.42255 0.15339 0.42327 0.15207 0.03783 0.74082 0.03756 0.73801 0.03845 0.73754 0.42857 0.31841 0.43376 0.3195 0.43034 0.32283 0.42693 0.31986 0.42857 0.31841 0.43034 0.32283 0.42693 0.31986 0.43034 0.32283 0.42801 0.32725 0.57444 0.11877 0.57368 0.1237 0.57048 0.12411 0.57048 0.12411 0.57368 0.1237 0.57071 0.12565 0.57444 0.12841 0.57071 0.12565 0.57368 0.1237 0.41958 0.15052 0.41903 0.15165 0.41905 0.14896 0.60872 0.3195 0.60905 0.31841 0.61214 0.31896 0.41958 0.15052 0.41958 0.15441 0.41903 0.15165 0.04062 0.65187 0.04035 0.64906 0.04118 0.65032 0.41958 0.15441 0.41802 0.15144 0.41903 0.15165 0.66986 0.31841 0.67151 0.31986 0.66809 0.32283 0.66986 0.31841 0.66809 0.32283 0.66468 0.3195 0.67042 0.32725 0.66809 0.32283 0.67151 0.31986 0.58188 0.11446 0.57792 0.10911 0.58112 0.10952 0.57792 0.10911 0.57815 0.10758 0.58112 0.10952 0.58188 0.10481 0.58112 0.10952 0.57815 0.10758 0.47014 0.20722 0.47061 0.2058 0.47061 0.20903 0.42801 0.40379 0.42693 0.40327 0.42747 0.39937 0.47017 0.2023 0.47061 0.2058 0.47014 0.20722 0.03797 0.83922 0.03746 0.83647 0.0383 0.83767 0.46803 0.20238 0.46803 0.20903 0.46749 0.2068 0.42693 0.48479 0.42801 0.48479 0.42693 0.48698 0.42693 0.56849 0.42801 0.56798 0.42747 0.5724 0.42018 0.15089 0.42079 0.14911 0.42079 0.15165 0.42018 0.15089 0.42079 0.15165 0.42033 0.15441 0.04102 0.95692 0.04025 0.95888 0.04062 0.95536 0.46857 0.20903 0.46803 0.20461 0.46857 0.20238 0.42693 0.6519 0.42801 0.64451 0.43034 0.64893 0.42693 0.6519 0.43034 0.64893 0.42857 0.65335 0.43376 0.65226 0.42857 0.65335 0.43034 0.64893 0.57444 0.13931 0.57368 0.14402 0.57071 0.14208 0.57048 0.14361 0.57071 0.14208 0.57368 0.14402 0.57048 0.14361 0.57368 0.14402 0.57444 0.14896 0.67151 0.48479 0.67151 0.48698 0.67042 0.48479 0.67042 0.40379 0.67096 0.39937 0.67151 0.40327 0.46966 0.20412 0.47014 0.20231 0.47014 0.20553 0.46969 0.20903 0.46966 0.20412 0.47014 0.20553 0.79058 0.2441 0.79094 0.24564 0.79012 0.24687 0.46966 0.20903 0.46912 0.20461 0.46966 0.20238 0.41958 0.15263 0.42018 0.15186 0.42018 0.15441 0.67042 0.56798 0.67151 0.56849 0.67096 0.5724 0.41973 0.14909 0.42018 0.15186 0.41958 0.15263 0.79061 0.12788 0.79015 0.12438 0.79097 0.12632 0.46912 0.20238 0.46912 0.20903 0.46857 0.2068 0.66986 0.65335 0.66809 0.64893 0.67151 0.6519 0.67042 0.64451 0.67151 0.6519 0.66809 0.64893 0.66986 0.65335 0.66468 0.65226 0.66809 0.64893 0.57071 0.13655 0.57368 0.13461 0.57444 0.13931 0.57071 0.13655 0.57048 0.13501 0.57368 0.13461 0.57444 0.12967 0.57368 0.13461 0.57048 0.13501 0.77783 0.18441 0.77783 0.18222 0.77917 0.18441 0.77783 0.24315 0.77917 0.24282 0.77876 0.24624 0.77783 0.24315 0.77876 0.24624 0.77783 0.24548 0.77783 0.24548 0.77876 0.24624 0.77917 0.24966 0.77917 0.24282 0.77969 0.24501 0.77876 0.24624 0.77969 0.24501 0.77917 0.24966 0.77876 0.24624 0.77783 0.12348 0.77783 0.12115 0.77876 0.12039 0.77783 0.12348 0.77876 0.12039 0.77917 0.12381 0.77917 0.11697 0.77876 0.12039 0.77783 0.12115 0.77917 0.12381 0.77876 0.12039 0.77969 0.12162 0.77917 0.11697 0.77969 0.12162 0.77876 0.12039 0.78887 0.12381 0.78887 0.12162 0.79012 0.12381 0.80607 0.30561 0.80254 0.30556 0.80363 0.30452 0.80363 0.30452 0.80254 0.30556 0.80144 0.30452 0.80144 0.30452 0.80254 0.30556 0.79901 0.30561 0.80363 0.3066 0.80144 0.3066 0.80254 0.30556 0.80363 0.3066 0.80254 0.30556 0.80607 0.30561 0.80144 0.3066 0.79901 0.30561 0.80254 0.30556 0.78887 0.24282 0.79012 0.24282 0.78887 0.24501 0.68134 0.3888 0.68134 0.38661 0.68243 0.3888 0.68134 0.4698 0.68243 0.46469 0.68212 0.4709 0.68134 0.4698 0.68212 0.4709 0.68134 0.47199 0.68134 0.47199 0.68212 0.4709 0.68243 0.47711 0.6829 0.47199 0.68212 0.4709 0.6829 0.4698 0.6829 0.4698 0.68212 0.4709 0.68243 0.46469 0.6829 0.47199 0.68243 0.47711 0.68212 0.4709 0.68134 0.55299 0.68243 0.55299 0.68134 0.55518 0.92374 0.47199 0.92296 0.4709 0.92374 0.4698 0.92374 0.4698 0.92296 0.4709 0.92265 0.46469 0.92374 0.47199 0.92265 0.47711 0.92296 0.4709 0.92265 0.46469 0.92296 0.4709 0.92218 0.4698 0.92218 0.47199 0.92218 0.4698 0.92296 0.4709 0.92218 0.47199 0.92296 0.4709 0.92265 0.47711 0.92374 0.3888 0.92265 0.3888 0.92374 0.38661 0.92374 0.55299 0.92374 0.55518 0.92265 0.55299 0.74303 0.63728 0.74084 0.63728 0.74303 0.63618 0.79901 0.63618 0.80254 0.63624 0.80144 0.63728 0.80363 0.63728 0.80144 0.63728 0.80254 0.63624 0.80363 0.63728 0.80254 0.63624 0.80607 0.63618 0.80363 0.6352 0.80607 0.63618 0.80254 0.63624 0.80144 0.6352 0.80363 0.6352 0.80254 0.63624 0.80144 0.6352 0.80254 0.63624 0.79901 0.63618 0.86204 0.63728 0.86204 0.63618 0.86424 0.63728 0.80607 0.38661 0.80363 0.3888 0.80254 0.38722 0.80144 0.3888 0.80254 0.38722 0.80363 0.3888 0.80144 0.3888 0.79901 0.38661 0.80254 0.38722 0.80363 0.38563 0.80607 0.38661 0.80254 0.38722 0.80363 0.38563 0.80254 0.38722 0.80144 0.38563 0.80144 0.38563 0.80254 0.38722 0.79901 0.38661 0.86204 0.3888 0.86204 0.38661 0.86424 0.3888 0.86424 0.46469 0.86337 0.4709 0.86204 0.4698 0.86204 0.47199 0.86204 0.4698 0.86337 0.4709 0.86204 0.47199 0.86337 0.4709 0.86424 0.47711 0.8647 0.47199 0.86337 0.4709 0.8647 0.4698 0.86424 0.46469 0.8647 0.4698 0.86337 0.4709 0.8647 0.47199 0.86424 0.47711 0.86337 0.4709 0.80363 0.4698 0.80363 0.47199 0.80144 0.4698 0.86204 0.55299 0.86424 0.55299 0.86204 0.55518 0.80607 0.55518 0.80254 0.55458 0.80363 0.55299 0.80144 0.55299 0.80363 0.55299 0.80254 0.55458 0.79901 0.55518 0.80144 0.55299 0.80254 0.55458 0.80144 0.55617 0.80254 0.55458 0.80363 0.55617 0.80363 0.55617 0.80254 0.55458 0.80607 0.55518 0.80144 0.55617 0.79901 0.55518 0.80254 0.55458 0.74303 0.3888 0.74084 0.3888 0.74303 0.38661 0.74303 0.47199 0.7417 0.4709 0.74303 0.4698 0.74084 0.46469 0.74303 0.4698 0.7417 0.4709 0.74084 0.47711 0.7417 0.4709 0.74303 0.47199 0.74084 0.46469 0.7417 0.4709 0.74037 0.4698 0.74037 0.47199 0.74037 0.4698 0.7417 0.4709 0.74037 0.47199 0.7417 0.4709 0.74084 0.47711 0.74303 0.55299 0.74303 0.55518 0.74084 0.55299 0.78879 0.09241 0.78946 0.09241 0.78887 0.09816 0.78887 0.08667 0.78946 0.09241 0.78879 0.09241 0.42211 0.14911 0.42255 0.15374 0.42211 0.15488 0.78887 0.09816 0.78946 0.09241 0.79012 0.09351 0.43962 0.20792 0.4404 0.20903 0.43923 0.20844 0.43807 0.20793 0.43962 0.20792 0.43923 0.20844 0.78887 0.27996 0.78879 0.27422 0.78946 0.27422 0.78887 0.26848 0.78946 0.27422 0.78879 0.27422 0.78887 0.26848 0.79012 0.27312 0.78946 0.27422 0.42123 0.15374 0.42167 0.14911 0.42167 0.15488 0.54494 0.20137 0.54533 0.20189 0.54417 0.20249 0.54649 0.20136 0.54533 0.20189 0.54494 0.20137 0.68134 0.34611 0.68188 0.34611 0.68134 0.35386 0.68134 0.34611 0.68134 0.33836 0.68188 0.34611 0.51789 0.11213 0.51835 0.111 0.51835 0.11877 0.68134 0.35386 0.68188 0.34611 0.68243 0.34721 0.68011 0.08273 0.68012 0.08148 0.68066 0.08221 0.68121 0.0829 0.68011 0.08273 0.68066 0.08221 0.68134 0.59568 0.68188 0.59568 0.68134 0.60343 0.68134 0.59568 0.68134 0.58793 0.68188 0.59568 0.68134 0.58793 0.68243 0.59459 0.68188 0.59568 0.51882 0.111 0.51882 0.11877 0.51835 0.11764 0.4373 0.14896 0.43807 0.14784 0.43846 0.14837 0.43962 0.14783 0.43846 0.14837 0.43807 0.14784 0.92374 0.33836 0.92374 0.34611 0.92319 0.34611 0.92374 0.34611 0.92374 0.35386 0.92319 0.34611 0.92374 0.35386 0.92265 0.34721 0.92319 0.34611 0.51742 0.11764 0.51789 0.111 0.51789 0.11877 0.68251 0.08428 0.68196 0.08375 0.68251 0.08303 0.68251 0.08428 0.68141 0.08443 0.68196 0.08375 0.92374 0.59568 0.92319 0.59568 0.92374 0.58793 0.92374 0.59568 0.92374 0.60343 0.92319 0.59568 0.51695 0.11213 0.51742 0.111 0.51742 0.11877 0.92374 0.58793 0.92319 0.59568 0.92265 0.59459 0.51807 0.14819 0.51695 0.14896 0.51753 0.1478 0.51807 0.14664 0.51807 0.14819 0.51753 0.1478 0.71164 0.63728 0.71164 0.63673 0.71738 0.63728 0.71164 0.63728 0.70589 0.63728 0.71164 0.63673 0.42211 0.15374 0.42167 0.15488 0.42167 0.14911 0.71738 0.63728 0.71164 0.63673 0.71273 0.63618 0.61931 0.08301 0.62041 0.08352 0.6204 0.0841 0.6215 0.08395 0.6204 0.0841 0.62041 0.08352 0.89344 0.63728 0.89344 0.63673 0.89918 0.63728 0.89344 0.63728 0.8877 0.63728 0.89344 0.63673 0.8877 0.63728 0.89234 0.63618 0.89344 0.63673 0.42079 0.15374 0.42123 0.14911 0.42123 0.15488 0.58901 0.30344 0.58901 0.30402 0.58792 0.30452 0.59011 0.3036 0.58901 0.30402 0.58901 0.30344 0.89344 0.34502 0.89344 0.34611 0.89234 0.34502 0.89234 0.34502 0.89344 0.34611 0.89234 0.34721 0.71062 0.08443 0.71062 0.08318 0.71171 0.08389 0.89454 0.34721 0.89234 0.34721 0.89344 0.34611 0.89454 0.34611 0.89344 0.34611 0.89344 0.34502 0.86424 0.34502 0.86424 0.34721 0.86272 0.34611 0.86204 0.34403 0.86424 0.34502 0.86272 0.34611 0.86204 0.34819 0.86272 0.34611 0.86424 0.34721 0.8612 0.34611 0.86272 0.34611 0.86204 0.34819 0.8612 0.34611 0.86204 0.34403 0.86272 0.34611 0.89501 0.3888 0.89344 0.38876 0.89454 0.38661 0.89454 0.38661 0.89344 0.38876 0.89234 0.38661 0.89188 0.3888 0.89234 0.38661 0.89344 0.38876 0.89501 0.3888 0.89344 0.39091 0.89344 0.38876 0.89188 0.3888 0.89344 0.38876 0.89344 0.39091 0.89344 0.55089 0.89344 0.55304 0.89188 0.55299 0.89344 0.55089 0.89501 0.55299 0.89344 0.55304 0.89501 0.55299 0.89454 0.55518 0.89344 0.55304 0.89188 0.55299 0.89344 0.55304 0.89234 0.55518 0.89454 0.55518 0.89234 0.55518 0.89344 0.55304 0.42327 0.15378 0.42406 0.15324 0.42406 0.15488 0.89454 0.59459 0.89344 0.59568 0.89234 0.59459 0.89234 0.59459 0.89344 0.59568 0.89234 0.59678 0.42075 0.15552 0.41939 0.15549 0.42075 0.15456 0.42482 0.15324 0.42404 0.15246 0.42482 0.15169 0.86424 0.59459 0.86424 0.59678 0.86272 0.59568 0.86204 0.5936 0.86424 0.59459 0.86272 0.59568 0.86204 0.59776 0.86272 0.59568 0.86424 0.59678 0.8612 0.59568 0.86272 0.59568 0.86204 0.59776 0.8612 0.59568 0.86204 0.5936 0.86272 0.59568 0.74387 0.34611 0.74236 0.34611 0.74303 0.34403 0.74387 0.34611 0.74303 0.34819 0.74236 0.34611 0.74303 0.34819 0.74084 0.34721 0.74236 0.34611 0.74303 0.34403 0.74236 0.34611 0.74084 0.34502 0.74084 0.34502 0.74236 0.34611 0.74084 0.34721 0.71273 0.34502 0.71273 0.34721 0.71164 0.34611 0.71164 0.34502 0.71273 0.34502 0.71164 0.34611 0.71273 0.34721 0.71054 0.34721 0.71164 0.34611 0.652 0.08258 0.65091 0.08203 0.65201 0.08133 0.71054 0.34611 0.71164 0.34502 0.71164 0.34611 0.7132 0.3888 0.71164 0.38876 0.71273 0.38661 0.71273 0.38661 0.71164 0.38876 0.71054 0.38661 0.71054 0.38661 0.71164 0.38876 0.71007 0.3888 0.7132 0.3888 0.71164 0.39091 0.71164 0.38876 0.71164 0.39091 0.71007 0.3888 0.71164 0.38876 0.74387 0.59568 0.74236 0.59568 0.74303 0.5936 0.74387 0.59568 0.74303 0.59776 0.74236 0.59568 0.74303 0.59776 0.74084 0.59678 0.74236 0.59568 0.74303 0.5936 0.74236 0.59568 0.74084 0.59459 0.74084 0.59459 0.74236 0.59568 0.74084 0.59678 0.71164 0.55089 0.71164 0.55304 0.71007 0.55299 0.71164 0.55089 0.7132 0.55299 0.71164 0.55304 0.7132 0.55299 0.71273 0.55518 0.71164 0.55304 0.71007 0.55299 0.71164 0.55304 0.71054 0.55518 0.71273 0.55518 0.71054 0.55518 0.71164 0.55304 0.71273 0.59459 0.71273 0.59678 0.71164 0.59568 0.71273 0.59459 0.71164 0.59568 0.71054 0.59459 0.41939 0.15552 0.41802 0.15547 0.41939 0.15456 0.42423 0.14979 0.42423 0.15115 0.42327 0.15111 0.42404 0.15324 0.42327 0.15246 0.42404 0.15169 0.6202 0.12138 0.6213 0.12122 0.62131 0.12339 0.61678 0.01474 0.61679 0.01255 0.61834 0.01255 0.4379 0.11016 0.43791 0.10797 0.43946 0.10796 0.67991 0.12001 0.681 0.12017 0.68102 0.12234 0.6518 0.11985 0.65181 0.12202 0.6507 0.12001 0.54482 0.1637 0.54483 0.16151 0.54638 0.16151 0.48891 0.16368 0.48736 0.16369 0.48892 0.16149 0.58901 0.26616 0.58899 0.26399 0.59011 0.26632 0.55574 0.14824 0.55574 0.14669 0.55793 0.14826 0.43945 0.17024 0.4379 0.17025 0.43946 0.16805 0.71151 0.12187 0.71152 0.12404 0.71041 0.1217 0.6823 0.12155 0.68232 0.12372 0.68121 0.12171 0.61822 0.26632 0.61819 0.26415 0.61931 0.26616 0.6494 0.12138 0.6505 0.12154 0.65051 0.12371 0.57436 0.16483 0.57437 0.16264 0.57592 0.16264 0.48891 0.11127 0.48736 0.11128 0.48892 0.10908 0.57603 0.15121 0.57448 0.15122 0.57526 0.15009 0.43807 0.15664 0.43886 0.15552 0.43962 0.15664 0.68141 0.13517 0.68251 0.13501 0.68253 0.13626 0.71062 0.13516 0.71171 0.13533 0.71064 0.13641 0.56935 0.14842 0.56935 0.14687 0.57048 0.14766 0.48753 0.15008 0.48832 0.14896 0.48908 0.15007 0.61904 0.2527 0.61794 0.25286 0.61791 0.25162 0.58983 0.25286 0.58873 0.2527 0.58981 0.25162 0.54649 0.15008 0.54494 0.15009 0.54572 0.14896 0.48753 0.09767 0.48832 0.09655 0.48908 0.09767 0.65091 0.13347 0.652 0.13331 0.65202 0.13456 0.68011 0.13347 0.68121 0.13363 0.68013 0.13471 0.61845 0.00112 0.6169 0.00113 0.61768 0 0.43807 0.09655 0.43886 0.09543 0.43962 0.09655 0.6204 0.13484 0.6215 0.13468 0.62152 0.13593 0.64961 0.13484 0.6507 0.135 0.64963 0.13608 0.37981 0.77877 0.35197 0.7772 0.37166 0.75847 0.62152 0.13593 0.64963 0.13608 0.62718 0.15654 0.58749 0.06754 0.58749 0.09543 0.5676 0.06996 0.58594 0.04772 0.58749 0.06754 0.56669 0.05828 0.4171 0.77917 0.38925 0.77778 0.40986 0.7585 0.61791 0.25162 0.58981 0.25162 0.61273 0.23067 0.41802 0.28465 0.41893 0.25678 0.43844 0.28305 0.41893 0.30452 0.41802 0.28465 0.43901 0.29558 0.7514 0.30452 0.72354 0.30334 0.74614 0.28459 0.68253 0.13626 0.71064 0.13641 0.68632 0.15643 0.41802 0.23691 0.41893 0.20903 0.43782 0.23567 0.41893 0.25678 0.41802 0.23691 0.43847 0.25003 0.03671 0.78015 0.00887 0.77864 0.02922 0.75851 0.65202 0.13456 0.68013 0.13471 0.65733 0.1565 0.58891 0.01982 0.58891 0.04772 0.56762 0.0222 0.58736 0 0.58891 0.01982 0.56667 0.01003 0.01213 0.75758 0 0.75626 0.01676 0.70059 0.56762 0.0222 0.56762 0.03932 0.51052 0.02442 0.65733 0.1565 0.67458 0.15659 0.65702 0.21306 0.02922 0.75851 0.01213 0.75758 0.03386 0.70152 0.72601 0.28374 0.71171 0.28236 0.72996 0.2267 0.43782 0.23567 0.43847 0.21553 0.49496 0.2353 0.68632 0.15643 0.70663 0.15654 0.68601 0.21299 0.74614 0.28459 0.72601 0.28374 0.7501 0.22755 0.39228 0.75763 0.37981 0.75633 0.39668 0.70062 0.43844 0.28305 0.43901 0.26545 0.49559 0.28267 0.61273 0.23067 0.59499 0.23067 0.61273 0.1741 0.40986 0.7585 0.39228 0.75763 0.41425 0.7015 0.35526 0.75755 0.34362 0.75626 0.36001 0.70057 0.5676 0.06996 0.5676 0.0864 0.51049 0.07218 0.62718 0.15654 0.64374 0.15663 0.62687 0.21311 0.37166 0.75847 0.35526 0.75755 0.37641 0.70149 0.51049 0.07218 0.41866 0.07647 0.50958 0.0605 0.51049 0.08862 0.41866 0.08795 0.51049 0.07218 0.64343 0.2132 0.64043 0.30452 0.62687 0.21311 0.36001 0.70057 0.36835 0.60904 0.37641 0.70149 0.5617 0.11446 0.5617 0.10289 0.57792 0.11446 0.49559 0.28267 0.58751 0.28137 0.49616 0.29521 0.49616 0.26508 0.58792 0.2687 0.49559 0.28267 0.59499 0.1741 0.59748 0.08277 0.61273 0.1741 0.39668 0.70062 0.40445 0.60904 0.41425 0.7015 0.54985 0.11446 0.53708 0.11446 0.53708 0.09655 0.49496 0.2353 0.58692 0.23386 0.49562 0.24966 0.49562 0.21515 0.58738 0.21961 0.49496 0.2353 0.70632 0.2131 0.70285 0.30452 0.68601 0.21299 0.72996 0.2267 0.73716 0.13505 0.7501 0.22755 0.51695 0.11092 0.51695 0.09655 0.53708 0.11092 0.51052 0.02442 0.41868 0.02877 0.50957 0.01225 0.51052 0.04155 0.41868 0.04052 0.51052 0.02442 0.67427 0.21315 0.67107 0.30452 0.65702 0.21306 0.01676 0.70059 0.02498 0.60904 0.03386 0.70152 0.5617 0.11446 0.54985 0.11446 0.5617 0.09785 0.41693 0.0011 0.41693 0.07503 0.31461 0.07503 0.31242 0.0011 0.31242 0.07503 0.21011 0.07503 0.41693 0.07723 0.41693 0.15116 0.31461 0.15116 0.31242 0.07723 0.31242 0.15116 0.21011 0.15116 0.20792 0.0011 0.20792 0.07503 0.1056 0.07503 0.10341 0.0011 0.10341 0.07503 0.0011 0.07503 0.20792 0.07723 0.20792 0.15116 0.1056 0.15116 0.0011 0.15116 0.0011 0.07723 0.10341 0.15116 0.41693 0.15336 0.41693 0.22729 0.31461 0.22729 0.31242 0.15336 0.31242 0.22729 0.21011 0.22729 0.41693 0.22948 0.41693 0.30342 0.31461 0.30342 0.31242 0.22948 0.31242 0.30342 0.21011 0.30342 0.20792 0.15336 0.20792 0.22729 0.1056 0.22729 0.10341 0.15336 0.10341 0.22729 0.0011 0.22729 0.20792 0.22948 0.20792 0.30342 0.1056 0.30342 0.10341 0.22948 0.10341 0.30342 0.0011 0.30342 0.95552 0.30452 0.96633 0.3046 0.96451 0.35686 0.95364 0.35832 0.96445 0.35841 0.96263 0.41066 0.94989 0.46592 0.9607 0.46601 0.95887 0.51826 0.95176 0.41212 0.96258 0.41221 0.96075 0.46446 0.94805 0.51973 0.95886 0.51981 0.96025 0.59219 0.94947 0.59366 0.96028 0.59375 0.96168 0.66613 0.95232 0.74153 0.96313 0.74161 0.96452 0.814 0.95089 0.66759 0.96171 0.66768 0.9631 0.74006 0.92716 0.5264 0.93796 0.52633 0.93561 0.59872 0.92956 0.45246 0.94037 0.45239 0.93802 0.52478 0.93437 0.30459 0.94518 0.30452 0.94283 0.37691 0.93197 0.37853 0.94278 0.37846 0.94042 0.45084 0.7639 0.30342 0.7532 0.30342 0.7532 0.22948 0.7639 0.22729 0.7532 0.22729 0.7532 0.15336 0.7639 0.07503 0.7532 0.07503 0.7532 0.0011 0.7639 0.15116 0.7532 0.15116 0.7532 0.07723 0.02672 0.52203 0.00093 0.53142 0.02672 0.45787 0.02672 0.58829 0.00093 0.60708 0.02672 0.52432 0.00093 0.38213 0.02672 0.39153 0.02672 0.45568 0.00093 0.30648 0.02672 0.32527 0.02672 0.38923 0.10631 0.60821 0.119 0.58973 0.20792 0.58973 0.00272 0.60821 0.02809 0.58973 0.11653 0.58973 0.29903 0.58973 0.31171 0.60821 0.21011 0.58973 0.38993 0.58973 0.41531 0.60821 0.3015 0.58973 0.119 0.32383 0.10631 0.30535 0.20792 0.32383 0.02809 0.32383 0.00272 0.30535 0.11653 0.32383 0.31171 0.30535 0.29903 0.32383 0.21011 0.32383 0.41531 0.30535 0.38993 0.32383 0.3015 0.32383 0.3913 0.39153 0.4171 0.38213 0.3913 0.45568 0.3913 0.32527 0.4171 0.30648 0.3913 0.38923 0.4171 0.53142 0.3913 0.52203 0.3913 0.45787 0.4171 0.60708 0.3913 0.58829 0.3913 0.52432 0.97399 0.30452 0.9851 0.30457 0.98368 0.34971 0.97252 0.35121 0.98363 0.35126 0.98222 0.3964 0.9696 0.44459 0.9807 0.44464 0.97929 0.48978 0.97106 0.3979 0.98217 0.39795 0.98075 0.44309 0.96817 0.49128 0.97928 0.49133 0.98071 0.55393 0.96964 0.55543 0.98074 0.55548 0.98217 0.61808 0.97256 0.68373 0.98367 0.68378 0.9851 0.74637 0.9711 0.61958 0.98221 0.61963 0.98363 0.68223 0.98743 0.49808 0.99853 0.49773 0.99805 0.56037 0.98792 0.43389 0.99902 0.43354 0.99854 0.49618 0.9889 0.30551 1 0.30516 0.99952 0.3678 0.98841 0.3697 0.99951 0.36935 0.99903 0.43199 0.77603 0.30259 0.76504 0.30259 0.76504 0.23873 0.77603 0.23654 0.76504 0.23654 0.76504 0.17267 0.77603 0.10442 0.76504 0.10442 0.76504 0.04055 0.77603 0.17048 0.76504 0.17048 0.76504 0.10661 0.48938 0.31841 0.48472 0.30561 0.54812 0.31841 0.42857 0.31841 0.41925 0.30561 0.48705 0.31841 0.61371 0.30561 0.60905 0.31841 0.55031 0.31841 0.67919 0.30561 0.66986 0.31841 0.61138 0.31841 0.41818 0.39727 0.42693 0.40327 0.42693 0.48479 0.41818 0.30786 0.42693 0.31986 0.42693 0.40062 0.42693 0.56849 0.41818 0.57449 0.42693 0.48698 0.42693 0.6519 0.41818 0.6639 0.42693 0.57115 0.67151 0.40327 0.68025 0.39727 0.67151 0.48479 0.67151 0.31986 0.68025 0.30786 0.67151 0.40062 0.68025 0.57449 0.67151 0.56849 0.67151 0.48698 0.68025 0.6639 0.67151 0.6519 0.67151 0.57115 0.60905 0.65335 0.61371 0.66616 0.55031 0.65335 0.66986 0.65335 0.67919 0.66616 0.61138 0.65335 0.48472 0.66616 0.48938 0.65335 0.54812 0.65335 0.41925 0.66616 0.42857 0.65335 0.48705 0.65335 0.77917 0.12381 0.78887 0.12381 0.78887 0.18222 0.77917 0.18441 0.78887 0.18441 0.78887 0.24282 0.79061 0.12788 0.80041 0.1275 0.80039 0.18484 0.7906 0.18677 0.80039 0.18639 0.80038 0.24372 0.03931 0.89807 0.04912 0.89811 0.05043 0.95541 0.03797 0.83922 0.04778 0.83926 0.04908 0.89656 0.04062 0.65187 0.05042 0.65191 0.04913 0.69319 0.03928 0.6947 0.04908 0.69474 0.04779 0.73603 0.86204 0.3888 0.86204 0.4698 0.80363 0.4698 0.86204 0.47199 0.86204 0.55299 0.80363 0.55299 0.80144 0.3888 0.80144 0.4698 0.74303 0.4698 0.80144 0.47199 0.80144 0.55299 0.74303 0.55299 0.89234 0.30561 0.89234 0.34502 0.86424 0.34502 0.92265 0.34721 0.92265 0.38661 0.89454 0.38661 0.89234 0.34721 0.89234 0.38661 0.86424 0.38661 0.89454 0.59459 0.89454 0.55518 0.92265 0.59459 0.89234 0.55518 0.89234 0.59459 0.86424 0.59459 0.86424 0.63618 0.86424 0.59678 0.89234 0.63618 0.74084 0.30561 0.74084 0.34502 0.71273 0.34502 0.74084 0.34721 0.74084 0.38661 0.71273 0.38661 0.71054 0.34721 0.71054 0.38661 0.68243 0.38661 0.74084 0.55518 0.74084 0.59459 0.71273 0.59459 0.71054 0.55518 0.71054 0.59459 0.68243 0.59459 0.74084 0.59678 0.74084 0.63618 0.71273 0.63618 0.58902 0.05141 0.58891 0.01375 0.61678 0.01474 0.4182 0.14739 0.41802 0.10971 0.4379 0.11016 0.68011 0.08273 0.67991 0.12001 0.6518 0.11985 0.51706 0.20037 0.51695 0.16271 0.54482 0.1637 0.48908 0.20136 0.48891 0.16368 0.51677 0.1628 0.46766 0.20092 0.46749 0.16324 0.48736 0.16369 0.43962 0.20792 0.43945 0.17024 0.46731 0.16936 0.71062 0.08443 0.71041 0.1217 0.6823 0.12155 0.59011 0.3036 0.59011 0.26632 0.61822 0.26632 0.64961 0.0841 0.6494 0.12138 0.6213 0.12122 0.5192 0.11877 0.55686 0.11882 0.55574 0.14669 0.54661 0.2015 0.54649 0.16383 0.57436 0.16483 0.43962 0.14783 0.43945 0.11015 0.46731 0.10927 0.48908 0.14895 0.48891 0.11127 0.51677 0.11039 0.46766 0.14851 0.46749 0.11083 0.48736 0.11128 0.4182 0.20748 0.41802 0.1698 0.4379 0.17025 0.43791 0.16806 0.41803 0.16761 0.43807 0.15664 0.54661 0.15022 0.57448 0.15122 0.57437 0.16264 0.71062 0.13516 0.68251 0.13501 0.68232 0.12372 0.46732 0.16717 0.43946 0.16805 0.46749 0.15575 0.48737 0.1615 0.4675 0.16105 0.48753 0.15008 0.57048 0.119 0.56935 0.14687 0.55793 0.14671 0.58983 0.25286 0.61794 0.25286 0.61819 0.26415 0.51679 0.16061 0.48892 0.16149 0.51695 0.14919 0.48737 0.10909 0.4675 0.10864 0.48753 0.09767 0.51706 0.14909 0.54494 0.15009 0.54483 0.16151 0.68011 0.13347 0.652 0.13331 0.65181 0.12202 0.51679 0.1082 0.48892 0.10908 0.51695 0.09679 0.43791 0.10797 0.41803 0.10752 0.43807 0.09655 0.58902 0.00013 0.6169 0.00113 0.61679 0.01255 0.64961 0.13484 0.6215 0.13468 0.62131 0.12339 0.46732 0.10708 0.43946 0.10796 0.46749 0.09567 0.31461 0.0011 0.31461 0 0.41693 0 0.41693 0.0011 0.41802 0.0011 0.41802 0.07503 0.41693 0.07723 0.31461 0.07723 0.31461 0.07503 0.31461 0.0011 0.31461 0.07503 0.31242 0.07503 0.21011 0.0011 0.21011 0 0.31242 0 0.31242 0.07503 0.31242 0.07723 0.21011 0.07723 0.20792 0.07503 0.20792 0.0011 0.21011 0.0011 0.41693 0.07723 0.41802 0.07723 0.41802 0.15116 0.41693 0.15336 0.31461 0.15336 0.31461 0.15116 0.31461 0.15116 0.31242 0.15116 0.31242 0.07723 0.31242 0.15116 0.31242 0.15336 0.21011 0.15336 0.21011 0.15116 0.20792 0.15116 0.20792 0.07723 0.1056 0.0011 0.1056 0 0.20792 0 0.20792 0.07503 0.20792 0.07723 0.1056 0.07723 0.10341 0.07503 0.10341 0.0011 0.1056 0.0011 0.0011 0.0011 0.0011 0 0.10341 0 0.10341 0.07723 0.0011 0.07723 0.0011 0.07503 0.0011 0.07503 0 0.07503 0 0.0011 0.20792 0.15336 0.1056 0.15336 0.1056 0.15116 0.10341 0.15116 0.10341 0.07723 0.1056 0.07723 0.10341 0.15336 0.0011 0.15336 0.0011 0.15116 0.0011 0.15116 0 0.15116 0 0.07723 0.41693 0.15336 0.41802 0.15336 0.41802 0.22729 0.41693 0.22948 0.31461 0.22948 0.31461 0.22729 0.31242 0.22729 0.31242 0.15336 0.31461 0.15336 0.31242 0.22729 0.31242 0.22948 0.21011 0.22948 0.20792 0.22729 0.20792 0.15336 0.21011 0.15336 0.41693 0.22948 0.41802 0.22948 0.41802 0.30342 0.41693 0.30342 0.41693 0.30452 0.31461 0.30452 0.31461 0.30342 0.31242 0.30342 0.31242 0.22948 0.31242 0.30452 0.21011 0.30452 0.21011 0.30342 0.20792 0.30342 0.20792 0.22948 0.21011 0.22948 0.20792 0.22948 0.1056 0.22948 0.1056 0.22729 0.10341 0.22729 0.10341 0.15336 0.1056 0.15336 0.10341 0.22729 0.10341 0.22948 0.0011 0.22948 0.0011 0.22729 0 0.22729 0 0.15336 0.20792 0.30342 0.20792 0.30452 0.1056 0.30452 0.10341 0.30342 0.10341 0.22948 0.1056 0.22948 0.10341 0.30342 0.10341 0.30452 0.0011 0.30452 0.0011 0.30342 0 0.30342 0 0.22948 0.9248 0.59879 0.93561 0.59872 0.93562 0.60027 0.93799 0.65252 0.93562 0.60027 0.9397 0.65205 0.96451 0.35686 0.96445 0.35841 0.95364 0.35832 0.94043 0.70632 0.93806 0.65407 0.94213 0.70565 0.96263 0.41066 0.96258 0.41221 0.95176 0.41212 0.94994 0.46438 0.96075 0.46446 0.9607 0.46601 0.94463 0.7608 0.94698 0.81264 0.94531 0.81392 0.95887 0.51826 0.95886 0.51981 0.94805 0.51973 0.9422 0.7072 0.94456 0.75918 0.94287 0.76012 0.96025 0.59219 0.95886 0.51981 0.96209 0.59193 0.96025 0.59219 0.96028 0.59375 0.94947 0.59366 0.96168 0.66613 0.96028 0.59375 0.96351 0.66556 0.96168 0.66613 0.96171 0.66768 0.95089 0.66759 0.95229 0.73998 0.9631 0.74006 0.96313 0.74161 0.96496 0.74074 0.96633 0.81228 0.96452 0.814 0.7532 0.30342 0.7639 0.30342 0.76373 0.30452 0.96354 0.66711 0.96492 0.73899 0.9631 0.74006 0.92721 0.52485 0.93802 0.52478 0.93796 0.52633 0.93748 0.59814 0.93561 0.59872 0.93981 0.5266 0.92961 0.45091 0.94042 0.45084 0.94037 0.45239 0.94221 0.45297 0.93987 0.52485 0.93802 0.52478 0.76373 0 0.7639 0.0011 0.7532 0.0011 0.94283 0.37691 0.94518 0.30452 0.94465 0.37778 0.94278 0.37846 0.93197 0.37853 0.93202 0.37697 0.94042 0.45084 0.94278 0.37846 0.94226 0.45142 0.7532 0.30342 0.7514 0.30256 0.7514 0.2292 0.7532 0.22729 0.7639 0.22729 0.7639 0.22948 0.7532 0.22729 0.7514 0.22691 0.7514 0.15336 0.7532 0.15116 0.7639 0.15116 0.7639 0.15336 0.7639 0.07503 0.7639 0.07723 0.7532 0.07723 0.7514 0.07532 0.7514 0.00196 0.7532 0.0011 0.7514 0.07761 0.7532 0.07723 0.7514 0.15116 0.00093 0.45787 0.00093 0.45568 0.02672 0.45568 0.77603 0.10661 0.77783 0.10632 0.77603 0.17048 0.00093 0.53142 0.02672 0.52203 0.00093 0.53372 0.77603 0.10442 0.77603 0.04055 0.77783 0.04006 0.00272 0.60821 0.00093 0.60708 0.02809 0.58973 0.02672 0.38923 0.02672 0.39153 0.00093 0.37984 0.77783 0.23682 0.77603 0.23654 0.77603 0.17267 0.02672 0.32527 0.00093 0.30648 0.02809 0.32383 0.77783 0.30308 0.77603 0.30259 0.77603 0.23873 0.11653 0.58973 0.119 0.58973 0.10384 0.60821 0.98656 0.36887 0.98841 0.3697 0.98793 0.43234 0.21011 0.58973 0.21011 0.60821 0.20792 0.60821 0.98658 0.36712 0.98705 0.30452 0.98842 0.36815 0.98744 0.49653 0.98559 0.4963 0.98792 0.43389 0.31171 0.60821 0.29903 0.58973 0.31418 0.60821 0.98695 0.56071 0.9851 0.56065 0.98743 0.49808 0.41531 0.60821 0.38993 0.58973 0.4171 0.60708 0.21011 0.30535 0.21011 0.32383 0.20792 0.32383 0.9711 0.61958 0.97253 0.68218 0.9707 0.68306 0.119 0.32383 0.11653 0.32383 0.10384 0.30535 0.97399 0.74633 0.97217 0.74737 0.97256 0.68373 0.3015 0.32383 0.29903 0.32383 0.31418 0.30535 0.9678 0.5557 0.96964 0.55543 0.97106 0.61803 0.3913 0.32527 0.38993 0.32383 0.4171 0.30648 0.96633 0.4914 0.96817 0.49128 0.9696 0.55388 0.4171 0.45787 0.3913 0.45787 0.3913 0.45568 0.99355 0.6555 0.99672 0.70057 0.99505 0.70148 0.3913 0.39153 0.3913 0.38923 0.4171 0.37984 0.99683 0.70211 1 0.74718 0.99834 0.74823 0.4171 0.53372 0.3913 0.52432 0.3913 0.52203 0.98858 0.60939 0.99028 0.60888 0.99344 0.65395 0.98529 0.56263 0.987 0.56226 0.99017 0.60733 0.98695 0.56071 0.99805 0.56037 0.9981 0.56192 0.48206 0.66725 0.41819 0.66725 0.48239 0.66616 0.98368 0.34971 0.98363 0.35126 0.97252 0.35121 0.48425 0.66725 0.48472 0.66616 0.54812 0.66616 0.98217 0.39795 0.97106 0.3979 0.97111 0.39635 0.96964 0.44304 0.98075 0.44309 0.9807 0.44464 0.61604 0.66616 0.67919 0.66616 0.68024 0.66725 0.97928 0.49133 0.96817 0.49128 0.96818 0.48973 0.61371 0.66616 0.61418 0.66725 0.55031 0.66616 0.68133 0.66615 0.68025 0.6639 0.68025 0.57714 0.98074 0.55548 0.96964 0.55543 0.9696 0.55388 0.68133 0.57547 0.68025 0.57449 0.68025 0.48698 0.98217 0.61808 0.98221 0.61963 0.9711 0.61958 0.97253 0.68218 0.98363 0.68223 0.98367 0.68378 0.68025 0.39462 0.68025 0.30786 0.68134 0.30561 0.76488 0.30369 0.76504 0.30259 0.77603 0.30259 0.68025 0.48479 0.68025 0.39727 0.68133 0.3963 0.98744 0.49653 0.99854 0.49618 0.99853 0.49773 0.41818 0.57714 0.41818 0.6639 0.4171 0.66615 0.98792 0.43389 0.98793 0.43234 0.99903 0.43199 0.41818 0.48698 0.41818 0.57449 0.4171 0.57547 0.77603 0.04055 0.76504 0.04055 0.76488 0.03945 0.4171 0.39411 0.4171 0.30561 0.41818 0.39462 0.99951 0.36935 0.98841 0.3697 0.98842 0.36815 0.4171 0.48479 0.4171 0.3963 0.41818 0.48479 0.76504 0.23873 0.76504 0.30259 0.7639 0.2384 0.76504 0.23873 0.76504 0.23654 0.77603 0.23654 0.76504 0.17267 0.76504 0.23654 0.7639 0.17267 0.76504 0.17267 0.76504 0.17048 0.77603 0.17048 0.77603 0.10661 0.76504 0.10661 0.76504 0.10442 0.7639 0.10474 0.7639 0.0416 0.76504 0.04055 0.7639 0.17048 0.7639 0.10708 0.76504 0.10661 0.55031 0.30561 0.55031 0.31841 0.54812 0.31841 0.54812 0.3195 0.48971 0.3195 0.48938 0.31841 0.48938 0.31841 0.48705 0.31841 0.48239 0.30561 0.42857 0.31841 0.48705 0.31841 0.43376 0.3195 0.41818 0.30786 0.41925 0.30561 0.42693 0.31986 0.61604 0.30561 0.61138 0.31841 0.60905 0.31841 0.55031 0.31841 0.60905 0.31841 0.55031 0.3195 0.66986 0.31841 0.67919 0.30561 0.67151 0.31986 0.61138 0.31841 0.66986 0.31841 0.61556 0.3195 0.41818 0.39462 0.42693 0.40062 0.42693 0.40327 0.42693 0.48479 0.42693 0.40327 0.42801 0.48479 0.42693 0.48479 0.42693 0.48698 0.41818 0.48698 0.42693 0.40062 0.42693 0.31986 0.42801 0.39494 0.42801 0.48698 0.42801 0.56798 0.42693 0.56849 0.42693 0.56849 0.42693 0.57115 0.41818 0.57714 0.42801 0.57682 0.42801 0.64451 0.42693 0.6519 0.42693 0.6519 0.42857 0.65335 0.41925 0.66616 0.68025 0.48698 0.67151 0.48698 0.67151 0.48479 0.67042 0.48479 0.67042 0.40379 0.67151 0.40327 0.67151 0.40327 0.67151 0.40062 0.68025 0.39462 0.67042 0.39494 0.67042 0.32725 0.67151 0.31986 0.68025 0.57714 0.67151 0.57115 0.67151 0.56849 0.67151 0.48698 0.67151 0.56849 0.67042 0.48698 0.67919 0.66616 0.66986 0.65335 0.67151 0.6519 0.67151 0.57115 0.67151 0.6519 0.67042 0.57682 0.54812 0.66616 0.54812 0.65335 0.55031 0.65335 0.77917 0.18441 0.77917 0.24282 0.77783 0.24315 0.60905 0.65335 0.61138 0.65335 0.61604 0.66616 0.77783 0.30396 0.77783 0.24548 0.77917 0.29878 0.48239 0.66616 0.48705 0.65335 0.48938 0.65335 0.77783 0.18222 0.77783 0.12348 0.77917 0.18222 0.77783 0.06267 0.77917 0.06786 0.77917 0.11697 0.78887 0.12381 0.77917 0.12381 0.78887 0.12162 0.79012 0.12381 0.79012 0.17978 0.78887 0.18222 0.78887 0.18441 0.77917 0.18441 0.77917 0.18222 0.78887 0.24282 0.78887 0.18441 0.79012 0.24282 0.77969 0.24501 0.77917 0.24282 0.78887 0.24501 0.80041 0.1275 0.79061 0.12788 0.80041 0.12595 0.68243 0.3888 0.68243 0.46469 0.68134 0.4698 0.80039 0.18484 0.80039 0.18639 0.7906 0.18677 0.68134 0.55299 0.68134 0.47199 0.68243 0.55299 0.79094 0.24564 0.79058 0.2441 0.80038 0.24528 0.03928 0.89652 0.04908 0.89656 0.04912 0.89811 0.92374 0.3888 0.92374 0.4698 0.92265 0.3888 0.04102 0.95692 0.04062 0.95536 0.05046 0.95696 0.04778 0.83926 0.03797 0.83922 0.04774 0.83771 0.92265 0.55299 0.92265 0.47711 0.92374 0.47199 0.04062 0.65187 0.04118 0.65032 0.05047 0.65036 0.74303 0.63618 0.79901 0.63618 0.80144 0.63728 0.04908 0.69474 0.03928 0.6947 0.03932 0.69315 0.86204 0.63728 0.80363 0.63728 0.86204 0.63618 0.03845 0.73754 0.03798 0.73599 0.04774 0.73758 0.86204 0.3888 0.80363 0.3888 0.86204 0.38661 0.86424 0.3888 0.86424 0.46469 0.86204 0.4698 0.86204 0.47199 0.80363 0.47199 0.80363 0.4698 0.80363 0.4698 0.80144 0.4698 0.80144 0.3888 0.86204 0.55299 0.86204 0.47199 0.86424 0.55299 0.86204 0.55518 0.80607 0.55518 0.80363 0.55299 0.80363 0.55299 0.80144 0.55299 0.80144 0.47199 0.74303 0.38661 0.79901 0.38661 0.80144 0.3888 0.80144 0.47199 0.74303 0.47199 0.74303 0.4698 0.74303 0.4698 0.74084 0.46469 0.74084 0.3888 0.74303 0.55299 0.80144 0.55299 0.74303 0.55518 0.74084 0.47711 0.74303 0.47199 0.74084 0.55299 0.78879 0.09241 0.78887 0.09816 0.77969 0.12162 0.77969 0.06321 0.78887 0.08667 0.78879 0.09241 0.78904 0.06211 0.78887 0.06321 0.77969 0.06211 0.79012 0.09351 0.79012 0.12162 0.78887 0.12162 0.77917 0.29878 0.78879 0.27422 0.77969 0.30342 0.78887 0.26848 0.78879 0.27422 0.77969 0.24501 0.78887 0.24501 0.79012 0.24501 0.79012 0.27312 0.77969 0.30342 0.78887 0.30342 0.77969 0.30452 0.79062 0.12162 0.80037 0.09728 0.79097 0.12632 0.79063 0.0737 0.79099 0.06898 0.80042 0.0918 0.68243 0.34721 0.68243 0.38661 0.68134 0.38661 0.80037 0.27943 0.79093 0.30298 0.79057 0.29828 0.79058 0.25037 0.79094 0.24564 0.80037 0.26846 0.68134 0.58793 0.68134 0.55518 0.68243 0.59459 0.80042 0.30416 0.79115 0.30452 0.79093 0.30298 0.05124 0.99109 0.04232 1.01422 0.04185 1.00951 0.05099 0.98012 0.05107 0.98561 0.04102 0.95692 0.92374 0.35386 0.92374 0.38661 0.92265 0.34721 0.03783 0.83296 0.04704 0.80906 0.0383 0.83767 0.04696 0.80358 0.04704 0.80906 0.03699 0.78037 0.03699 0.78037 0.03715 0.77882 0.04644 0.77886 0.92374 0.55518 0.92374 0.58793 0.92265 0.55518 0.04077 0.64704 0.05104 0.62972 0.04118 0.65032 0.05125 0.62566 0.05104 0.62972 0.04248 0.60904 0.71273 0.63618 0.74084 0.63618 0.74084 0.63728 0.03674 0.77553 0.04701 0.75822 0.03715 0.77882 0.04722 0.75416 0.04701 0.75822 0.03845 0.73754 0.8877 0.63728 0.86424 0.63728 0.89234 0.63618 0.89344 0.30561 0.89344 0.34502 0.89234 0.34502 0.89234 0.34721 0.86424 0.34721 0.86424 0.34502 0.86424 0.34502 0.86204 0.34403 0.86204 0.30561 0.71062 0.08443 0.68251 0.08428 0.68251 0.08303 0.92265 0.3888 0.89501 0.3888 0.89454 0.38661 0.89454 0.38661 0.89234 0.38661 0.89234 0.34721 0.86424 0.38661 0.89234 0.38661 0.86424 0.3888 0.86204 0.34819 0.86424 0.34721 0.86204 0.38661 0.92218 0.4698 0.89344 0.39091 0.92265 0.46469 0.92218 0.47199 0.8647 0.47199 0.8647 0.4698 0.89188 0.3888 0.89344 0.39091 0.86424 0.46469 0.86204 0.34819 0.80607 0.38661 0.80363 0.38563 0.80144 0.38563 0.80144 0.3066 0.80363 0.3066 0.80363 0.3066 0.80607 0.30561 0.86204 0.34403 0.8647 0.47199 0.89344 0.55089 0.86424 0.47711 0.89501 0.55299 0.89344 0.55089 0.92265 0.47711 0.89501 0.55299 0.92265 0.55299 0.89454 0.55518 0.89234 0.55518 0.86424 0.55518 0.86424 0.55299 0.92265 0.59568 0.89454 0.59568 0.89454 0.59459 0.89454 0.59459 0.89234 0.59459 0.89234 0.55518 0.89234 0.59678 0.86424 0.59678 0.86424 0.59459 0.86424 0.59459 0.86204 0.5936 0.86204 0.55518 0.89344 0.59678 0.89344 0.63618 0.89234 0.63618 0.86204 0.59776 0.86424 0.59678 0.86204 0.63618 0.86204 0.59776 0.80607 0.63618 0.80363 0.6352 0.80144 0.6352 0.80144 0.55617 0.80363 0.55617 0.80363 0.55617 0.80607 0.55518 0.86204 0.5936 0.74303 0.34403 0.79901 0.30561 0.80144 0.3066 0.80144 0.38563 0.79901 0.38661 0.74303 0.34819 0.74303 0.34819 0.74303 0.38661 0.74084 0.34721 0.74084 0.34502 0.74084 0.30561 0.74303 0.30561 0.74084 0.34721 0.71273 0.34721 0.71273 0.34502 0.71273 0.34502 0.71164 0.34502 0.71164 0.30561 0.74084 0.3888 0.7132 0.3888 0.71273 0.38661 0.71273 0.38661 0.71054 0.38661 0.71054 0.34721 0.68011 0.08273 0.652 0.08258 0.65201 0.08133 0.68243 0.38661 0.71054 0.38661 0.68243 0.3888 0.7132 0.3888 0.74084 0.46469 0.74037 0.4698 0.74037 0.47199 0.6829 0.47199 0.6829 0.4698 0.6829 0.4698 0.68243 0.46469 0.71007 0.3888 0.74303 0.5936 0.79901 0.55518 0.80144 0.55617 0.80144 0.6352 0.79901 0.63618 0.74303 0.59776 0.74303 0.59776 0.74303 0.63618 0.74084 0.59678 0.74084 0.59459 0.74084 0.55518 0.74303 0.55518 0.71007 0.55299 0.68243 0.47711 0.6829 0.47199 0.74037 0.47199 0.74084 0.47711 0.7132 0.55299 0.7132 0.55299 0.74084 0.55299 0.71273 0.55518 0.71054 0.55518 0.68243 0.55518 0.68243 0.55299 0.74084 0.59678 0.71273 0.59678 0.71273 0.59459 0.71273 0.59459 0.71054 0.59459 0.71054 0.55518 0.71054 0.59568 0.68243 0.59568 0.68243 0.59459 0.71273 0.63618 0.71164 0.63618 0.71164 0.59678 0.6215 0.08395 0.6213 0.12122 0.6202 0.12138 0.58891 0.01156 0.61679 0.01255 0.61678 0.01474 0.61678 0.01474 0.61833 0.01474 0.61845 0.0524 0.4379 0.11016 0.41802 0.10971 0.43791 0.10797 0.43945 0.11015 0.43962 0.14783 0.43807 0.14784 0.68121 0.0829 0.681 0.12017 0.67991 0.12001 0.67992 0.12217 0.65181 0.12202 0.6518 0.11985 0.6518 0.11985 0.6507 0.12001 0.65091 0.08273 0.51695 0.16051 0.54483 0.16151 0.54482 0.1637 0.54482 0.1637 0.54637 0.1637 0.54649 0.20136 0.48753 0.20136 0.48736 0.16369 0.48891 0.16368 0.51677 0.1628 0.48891 0.16368 0.51679 0.16061 0.58901 0.26616 0.59011 0.26632 0.59011 0.3036 0.51807 0.14664 0.55574 0.14669 0.55574 0.14824 0.48736 0.16369 0.46749 0.16324 0.48737 0.1615 0.43962 0.20792 0.43807 0.20793 0.4379 0.17025 0.46731 0.16936 0.43945 0.17024 0.46732 0.16717 0.71041 0.1217 0.71062 0.08443 0.71171 0.0846 0.71043 0.12387 0.68232 0.12372 0.6823 0.12155 0.6823 0.12155 0.68121 0.12171 0.68141 0.08443 0.59008 0.26415 0.61819 0.26415 0.61822 0.26632 0.61822 0.26632 0.61931 0.26616 0.61931 0.30344 0.6507 0.08427 0.6505 0.12154 0.6494 0.12138 0.64942 0.12354 0.62131 0.12339 0.6213 0.12122 0.55905 0.11884 0.55793 0.14671 0.55574 0.14669 0.5465 0.16164 0.57437 0.16264 0.57436 0.16483 0.57436 0.16483 0.57591 0.16483 0.57603 0.20249 0.46731 0.10927 0.43945 0.11015 0.46732 0.10708 0.48753 0.14896 0.48736 0.11128 0.48891 0.11127 0.51677 0.11039 0.48891 0.11127 0.51679 0.1082 0.48736 0.11128 0.46749 0.11083 0.48737 0.10909 0.4379 0.17025 0.41802 0.1698 0.43791 0.16806 0.57437 0.16264 0.57448 0.15122 0.57603 0.15121 0.58151 0.17439 0.58151 0.20249 0.58041 0.17436 0.43962 0.15664 0.43946 0.16805 0.43791 0.16806 0.68141 0.13517 0.68122 0.12387 0.68251 0.13501 0.57715 0.20249 0.57715 0.16309 0.57827 0.16309 0.71062 0.13516 0.71043 0.12387 0.71171 0.13533 0.71064 0.13641 0.68253 0.13626 0.68251 0.13501 0.58041 0.12368 0.58041 0.16309 0.57934 0.12368 0.55793 0.14671 0.56935 0.14687 0.56935 0.14842 0.57444 0.14894 0.57444 0.12083 0.57554 0.14896 0.48908 0.15007 0.48892 0.16149 0.48737 0.1615 0.61929 0.26399 0.61819 0.26415 0.61794 0.25286 0.57715 0.16309 0.57715 0.20249 0.57603 0.20249 0.58983 0.25286 0.59008 0.26415 0.58873 0.2527 0.58981 0.25162 0.61791 0.25162 0.61794 0.25286 0.57827 0.16308 0.57827 0.12368 0.57934 0.16309 0.54483 0.16151 0.54494 0.15009 0.54649 0.15008 0.58041 0.16306 0.58041 0.13495 0.58151 0.16309 0.48908 0.09767 0.48892 0.10908 0.48737 0.10909 0.65091 0.13347 0.65072 0.12217 0.652 0.13331 0.57715 0.12368 0.57715 0.16308 0.57603 0.16309 0.68011 0.13347 0.67992 0.12217 0.68121 0.13363 0.68013 0.13471 0.65202 0.13456 0.652 0.13331 0.58041 0.16309 0.58041 0.20249 0.57934 0.16309 0.61679 0.01255 0.6169 0.00113 0.61845 0.00112 0.58151 0.16306 0.58151 0.13495 0.58261 0.16309 0.43962 0.09655 0.43946 0.10796 0.43791 0.10797 0.6204 0.13484 0.62021 0.12354 0.6215 0.13468 0.57827 0.12368 0.57827 0.16308 0.57715 0.16309 0.64961 0.13484 0.64942 0.12354 0.6507 0.135 0.64963 0.13608 0.62152 0.13593 0.6215 0.13468 0.57827 0.20249 0.57827 0.16309 0.57934 0.20249 0.31242 0.0011 0.31242 0 0.31461 0 0.41802 0.07503 0.41802 0.07723 0.41693 0.07723 0.31461 0.07723 0.31242 0.07723 0.31242 0.07503 0.20792 0.0011 0.20792 0 0.21011 0 0.21011 0.07723 0.20792 0.07723 0.20792 0.07503 0.41802 0.15116 0.41802 0.15336 0.41693 0.15336 0.31461 0.15336 0.31242 0.15336 0.31242 0.15116 0.21011 0.15336 0.20792 0.15336 0.20792 0.15116 0.10341 0.0011 0.10341 0 0.1056 0 0.1056 0.07723 0.10341 0.07723 0.10341 0.07503 0.0011 0.07723 0 0.07723 0 0.07503 0.1056 0.15336 0.10341 0.15336 0.10341 0.15116 0.0011 0.15336 0 0.15336 0 0.15116 0.41802 0.22729 0.41802 0.22948 0.41693 0.22948 0.31461 0.22948 0.31242 0.22948 0.31242 0.22729 0.21011 0.22948 0.20792 0.22948 0.20792 0.22729 0.31461 0.30452 0.31242 0.30452 0.31242 0.30342 0.21011 0.30452 0.20792 0.30452 0.20792 0.30342 0.1056 0.22948 0.10341 0.22948 0.10341 0.22729 0.0011 0.22948 0 0.22948 0 0.22729 0.1056 0.30452 0.10341 0.30452 0.10341 0.30342 0.93735 0.60021 0.93562 0.60027 0.93748 0.59814 0.93806 0.65407 0.93799 0.65252 0.93977 0.65367 0.94213 0.70565 0.9422 0.7072 0.9405 0.70787 0.94463 0.7608 0.94294 0.76167 0.94456 0.75918 0.95886 0.51981 0.95887 0.51826 0.96072 0.52039 0.96028 0.59375 0.96025 0.59219 0.96213 0.59367 0.96351 0.66556 0.96354 0.66711 0.96171 0.66768 0.96496 0.74074 0.96313 0.74161 0.96492 0.73899 0.00272 0.30535 0.00093 0.30648 0 0.30561 0.93981 0.5266 0.93796 0.52633 0.93987 0.52485 0.94042 0.45084 0.94226 0.45142 0.94221 0.45297 0 0.60794 0.00093 0.60708 0.00272 0.60821 0.94278 0.37846 0.94283 0.37691 0.9446 0.37953 0.7532 0.22729 0.7532 0.22948 0.7514 0.22691 0.7514 0.15336 0.7514 0.15116 0.7532 0.15116 0.7514 0.07532 0.7532 0.07503 0.7514 0.07761 0.77783 0.17267 0.77603 0.17267 0.77603 0.17048 0.77603 0.10661 0.77603 0.10442 0.77783 0.10403 0.77776 0.03862 0.77783 0.04006 0.77587 0.03945 0.77783 0.23912 0.77603 0.23873 0.77603 0.23654 0.77603 0.30259 0.77783 0.30308 0.77587 0.30369 0.98658 0.36712 0.98842 0.36815 0.98841 0.3697 0.98793 0.43234 0.98792 0.43389 0.98607 0.43336 0.98744 0.49653 0.98743 0.49808 0.98557 0.49805 0.98695 0.56071 0.987 0.56226 0.98529 0.56263 0.96923 0.61861 0.97106 0.61803 0.9711 0.61958 0.97253 0.68218 0.97256 0.68373 0.97074 0.68481 0.96776 0.55396 0.9696 0.55388 0.96964 0.55543 0.96648 0.48941 0.96818 0.48973 0.96817 0.49128 0.99176 0.65466 0.99344 0.65395 0.99355 0.6555 0.99672 0.70057 0.99683 0.70211 0.99517 0.7031 0.98847 0.60777 0.99017 0.60733 0.99028 0.60888 0.41925 0.66616 0.41819 0.66725 0.41818 0.6639 0.48425 0.66725 0.48206 0.66725 0.48472 0.66616 0.54812 0.66616 0.55031 0.66616 0.55031 0.66725 0.61604 0.66616 0.61637 0.66725 0.61371 0.66616 0.68133 0.66615 0.68024 0.66725 0.68025 0.6639 0.68133 0.57547 0.68133 0.57766 0.68025 0.57449 0.68025 0.48698 0.68025 0.48479 0.68133 0.48479 0.68025 0.39462 0.68133 0.39411 0.68025 0.39727 0.68025 0.30786 0.67919 0.30561 0.68024 0.30452 0.41818 0.57714 0.4171 0.57766 0.41818 0.57449 0.4171 0.48479 0.41818 0.48479 0.41818 0.48698 0.41819 0.30452 0.41925 0.30561 0.41818 0.30786 0.4171 0.3963 0.4171 0.39411 0.41818 0.39727 0.76504 0.23654 0.76504 0.23873 0.7639 0.23607 0.7639 0.17267 0.7639 0.17048 0.76504 0.17048 0.7639 0.10474 0.76504 0.10442 0.7639 0.10708 0.55031 0.31841 0.55031 0.3195 0.54812 0.3195 0.42801 0.48479 0.42801 0.48698 0.42693 0.48698 0.67151 0.48698 0.67042 0.48698 0.67042 0.48479 0.77783 0.18222 0.77917 0.18222 0.77917 0.18441 0.78887 0.12162 0.79012 0.12162 0.79012 0.12381 0.79012 0.24282 0.79012 0.24501 0.78887 0.24501 0.68134 0.38661 0.68243 0.38661 0.68243 0.3888 0.68243 0.55299 0.68243 0.55518 0.68134 0.55518 0.92265 0.3888 0.92265 0.38661 0.92374 0.38661 0.92374 0.55518 0.92265 0.55518 0.92265 0.55299 0.74084 0.63728 0.74084 0.63618 0.74303 0.63618 0.86204 0.63618 0.86424 0.63618 0.86424 0.63728 0.86204 0.38661 0.86424 0.38661 0.86424 0.3888 0.80363 0.47199 0.80144 0.47199 0.80144 0.4698 0.86424 0.55299 0.86424 0.55518 0.86204 0.55518 0.74084 0.3888 0.74084 0.38661 0.74303 0.38661 0.74303 0.55518 0.74084 0.55518 0.74084 0.55299 0.62021 0.12354 0.6202 0.12138 0.62131 0.12339 0.61833 0.01474 0.61678 0.01474 0.61834 0.01255 0.43945 0.11015 0.4379 0.11016 0.43946 0.10796 0.67992 0.12217 0.67991 0.12001 0.68102 0.12234 0.65181 0.12202 0.65072 0.12217 0.6507 0.12001 0.54637 0.1637 0.54482 0.1637 0.54638 0.16151 0.48736 0.16369 0.48737 0.1615 0.48892 0.16149 0.58899 0.26399 0.59008 0.26415 0.59011 0.26632 0.55574 0.14669 0.55793 0.14671 0.55793 0.14826 0.4379 0.17025 0.43791 0.16806 0.43946 0.16805 0.71152 0.12404 0.71043 0.12387 0.71041 0.1217 0.68232 0.12372 0.68122 0.12387 0.68121 0.12171 0.61819 0.26415 0.61929 0.26399 0.61931 0.26616 0.64942 0.12354 0.6494 0.12138 0.65051 0.12371 0.57591 0.16483 0.57436 0.16483 0.57592 0.16264 0.48736 0.11128 0.48737 0.10909 0.48892 0.10908 0.35197 0.7772 0.35526 0.75755 0.37166 0.75847 0.64963 0.13608 0.64374 0.15663 0.62718 0.15654 0.58749 0.09543 0.5676 0.0864 0.5676 0.06996 0.58749 0.06754 0.5676 0.06996 0.56669 0.05828 0.38925 0.77778 0.39228 0.75763 0.40986 0.7585 0.58981 0.25162 0.59499 0.23067 0.61273 0.23067 0.41893 0.25678 0.43901 0.26545 0.43844 0.28305 0.41802 0.28465 0.43844 0.28305 0.43901 0.29558 0.72354 0.30334 0.72601 0.28374 0.74614 0.28459 0.71064 0.13641 0.70663 0.15654 0.68632 0.15643 0.41893 0.20903 0.43847 0.21553 0.43782 0.23567 0.41802 0.23691 0.43782 0.23567 0.43847 0.25003 0.00887 0.77864 0.01213 0.75758 0.02922 0.75851 0.68013 0.13471 0.67458 0.15659 0.65733 0.1565 0.58891 0.04772 0.56762 0.03932 0.56762 0.0222 0.58891 0.01982 0.56762 0.0222 0.56667 0.01003 0 0.75626 0.00463 0.69928 0.01676 0.70059 0.56762 0.03932 0.51052 0.04155 0.51052 0.02442 0.67458 0.15659 0.67427 0.21315 0.65702 0.21306 0.01213 0.75758 0.01676 0.70059 0.03386 0.70152 0.71171 0.28236 0.71567 0.22532 0.72996 0.2267 0.43847 0.21553 0.49562 0.21515 0.49496 0.2353 0.70663 0.15654 0.70632 0.2131 0.68601 0.21299 0.72601 0.28374 0.72996 0.2267 0.7501 0.22755 0.37981 0.75633 0.3842 0.69932 0.39668 0.70062 0.43901 0.26545 0.49616 0.26508 0.49559 0.28267 0.59499 0.23067 0.59499 0.1741 0.61273 0.1741 0.39228 0.75763 0.39668 0.70062 0.41425 0.7015 0.34362 0.75626 0.34837 0.69928 0.36001 0.70057 0.5676 0.0864 0.51049 0.08862 0.51049 0.07218 0.64374 0.15663 0.64343 0.2132 0.62687 0.21311 0.35526 0.75755 0.36001 0.70057 0.37641 0.70149 0.41866 0.07647 0.41802 0.06831 0.50958 0.0605 0.41866 0.08795 0.41866 0.07647 0.51049 0.07218 0.64043 0.30452 0.62886 0.30446 0.62687 0.21311 0.36835 0.60904 0.37981 0.60968 0.37641 0.70149 0.5617 0.10289 0.57792 0.10289 0.57792 0.11446 0.58751 0.28137 0.58792 0.29039 0.49616 0.29521 0.58792 0.2687 0.58751 0.28137 0.49559 0.28267 0.59748 0.08277 0.61025 0.08277 0.61273 0.1741 0.40445 0.60904 0.4171 0.60967 0.41425 0.7015 0.54985 0.09655 0.54985 0.11446 0.53708 0.09655 0.58692 0.23386 0.58738 0.24401 0.49562 0.24966 0.58738 0.21961 0.58692 0.23386 0.49496 0.2353 0.70285 0.30452 0.68849 0.30444 0.68601 0.21299 0.73716 0.13505 0.7514 0.13565 0.7501 0.22755 0.51695 0.09655 0.53708 0.09655 0.53708 0.11092 0.41868 0.02877 0.41802 0.02041 0.50957 0.01225 0.41868 0.04052 0.41868 0.02877 0.51052 0.02442 0.67107 0.30452 0.65922 0.30445 0.65702 0.21306 0.02498 0.60904 0.03671 0.60967 0.03386 0.70152 0.54985 0.11446 0.54985 0.09785 0.5617 0.09785</float_array>
          <technique_common>
            <accessor source="#Cube_001-mesh-map-0-array" count="4692" stride="2">
              <param name="S" type="float"/>
              <param name="T" type="float"/>
            </accessor>
          </technique_common>
        </source>
        <vertices id="Cube_001-mesh-vertices">
          <input semantic="POSITION" source="#Cube_001-mesh-positions"/>
        </vertices>
        <polylist material="Material_001-material" count="1564">
          <input semantic="VERTEX" source="#Cube_001-mesh-vertices" offset="0"/>
          <input semantic="NORMAL" source="#Cube_001-mesh-normals" offset="1"/>
          <input semantic="TEXCOORD" source="#Cube_001-mesh-map-0" offset="2" set="0"/>
          <vcount>3 3 3 3 3 3 3 3 3 3 3 3 3 3 3 3 3 3 3 3 3 3 3 3 3 3 3 3 3 3 3 3 3 3 3 3 3 3 3 3 3 3 3 3 3 3 3 3 3 3 3 3 3 3 3 3 3 3 3 3 3 3 3 3 3 3 3 3 3 3 3 3 3 3 3 3 3 3 3 3 3 3 3 3 3 3 3 3 3 3 3 3 3 3 3 3 3 3 3 3 3 3 3 3 3 3 3 3 3 3 3 3 3 3 3 3 3 3 3 3 3 3 3 3 3 3 3 3 3 3 3 3 3 3 3 3 3 3 3 3 3 3 3 3 3 3 3 3 3 3 3 3 3 3 3 3 3 3 3 3 3 3 3 3 3 3 3 3 3 3 3 3 3 3 3 3 3 3 3 3 3 3 3 3 3 3 3 3 3 3 3 3 3 3 3 3 3 3 3 3 3 3 3 3 3 3 3 3 3 3 3 3 3 3 3 3 3 3 3 3 3 3 3 3 3 3 3 3 3 3 3 3 3 3 3 3 3 3 3 3 3 3 3 3 3 3 3 3 3 3 3 3 3 3 3 3 3 3 3 3 3 3 3 3 3 3 3 3 3 3 3 3 3 3 3 3 3 3 3 3 3 3 3 3 3 3 3 3 3 3 3 3 3 3 3 3 3 3 3 3 3 3 3 3 3 3 3 3 3 3 3 3 3 3 3 3 3 3 3 3 3 3 3 3 3 3 3 3 3 3 3 3 3 3 3 3 3 3 3 3 3 3 3 3 3 3 3 3 3 3 3 3 3 3 3 3 3 3 3 3 3 3 3 3 3 3 3 3 3 3 3 3 3 3 3 3 3 3 3 3 3 3 3 3 3 3 3 3 3 3 3 3 3 3 3 3 3 3 3 3 3 3 3 3 3 3 3 3 3 3 3 3 3 3 3 3 3 3 3 3 3 3 3 3 3 3 3 3 3 3 3 3 3 3 3 3 3 3 3 3 3 3 3 3 3 3 3 3 3 3 3 3 3 3 3 3 3 3 3 3 3 3 3 3 3 3 3 3 3 3 3 3 3 3 3 3 3 3 3 3 3 3 3 3 3 3 3 3 3 3 3 3 3 3 3 3 3 3 3 3 3 3 3 3 3 3 3 3 3 3 3 3 3 3 3 3 3 3 3 3 3 3 3 3 3 3 3 3 3 3 3 3 3 3 3 3 3 3 3 3 3 3 3 3 3 3 3 3 3 3 3 3 3 3 3 3 3 3 3 3 3 3 3 3 3 3 3 3 3 3 3 3 3 3 3 3 3 3 3 3 3 3 3 3 3 3 3 3 3 3 3 3 3 3 3 3 3 3 3 3 3 3 3 3 3 3 3 3 3 3 3 3 3 3 3 3 3 3 3 3 3 3 3 3 3 3 3 3 3 3 3 3 3 3 3 3 3 3 3 3 3 3 3 3 3 3 3 3 3 3 3 3 3 3 3 3 3 3 3 3 3 3 3 3 3 3 3 3 3 3 3 3 3 3 3 3 3 3 3 3 3 3 3 3 3 3 3 3 3 3 3 3 3 3 3 3 3 3 3 3 3 3 3 3 3 3 3 3 3 3 3 3 3 3 3 3 3 3 3 3 3 3 3 3 3 3 3 3 3 3 3 3 3 3 3 3 3 3 3 3 3 3 3 3 3 3 3 3 3 3 3 3 3 3 3 3 3 3 3 3 3 3 3 3 3 3 3 3 3 3 3 3 3 3 3 3 3 3 3 3 3 3 3 3 3 3 3 3 3 3 3 3 3 3 3 3 3 3 3 3 3 3 3 3 3 3 3 3 3 3 3 3 3 3 3 3 3 3 3 3 3 3 3 3 3 3 3 3 3 3 3 3 3 3 3 3 3 3 3 3 3 3 3 3 3 3 3 3 3 3 3 3 3 3 3 3 3 3 3 3 3 3 3 3 3 3 3 3 3 3 3 3 3 3 3 3 3 3 3 3 3 3 3 3 3 3 3 3 3 3 3 3 3 3 3 3 3 3 3 3 3 3 3 3 3 3 3 3 3 3 3 3 3 3 3 3 3 3 3 3 3 3 3 3 3 3 3 3 3 3 3 3 3 3 3 3 3 3 3 3 3 3 3 3 3 3 3 3 3 3 3 3 3 3 3 3 3 3 3 3 3 3 3 3 3 3 3 3 3 3 3 3 3 3 3 3 3 3 3 3 3 3 3 3 3 3 3 3 3 3 3 3 3 3 3 3 3 3 3 3 3 3 3 3 3 3 3 3 3 3 3 3 3 3 3 3 3 3 3 3 3 3 3 3 3 3 3 3 3 3 3 3 3 3 3 3 3 3 3 3 3 3 3 3 3 3 3 3 3 3 3 3 3 3 3 3 3 3 3 3 3 3 3 3 3 3 3 3 3 3 3 3 3 3 3 3 3 3 3 3 3 3 3 3 3 3 3 3 3 3 3 3 3 3 3 3 3 3 3 3 3 3 3 3 3 3 3 3 3 3 3 3 3 3 3 3 3 3 3 3 3 3 3 3 3 3 3 3 3 3 3 3 3 3 3 3 3 3 3 3 3 3 3 3 3 3 3 3 3 3 3 3 3 3 3 3 3 3 3 3 3 3 3 3 3 3 3 3 3 3 3 3 3 3 3 3 3 3 3 3 3 3 3 3 3 3 3 3 3 3 3 3 3 3 3 3 3 3 3 3 3 3 3 3 3 3 3 3 3 3 3 3 3 3 3 3 3 3 3 3 3 3 3 3 3 3 3 3 3 3 3 3 3 3 3 3 3 3 3 3 3 3 3 3 3 3 3 3 3 3 3 3 3 3 3 3 3 3 3 3 3 3 3 3 3 3 3 3 3 3 3 3 3 3 3 3 3 3 3 3 3 3 3 3 3 3 3 3 3 3 3 3 3 3 3 3 3 3 3 3 3 3 3 3 3 3 3 3 3 3 3 3 3 3 3 3 3 3 3 3 3 3 3 3 3 3 3 3 3 3 3 3 3 3 3 3 3 3 3 3 3 3 3 3 3 3 3 3 3 3 3 3 3 3 3 3 3 3 3 3 3 3 3 3 3 3 3 3 3 3 3 3 3 3 3 3 3 3 3 3 3 3 3 3 3 3 3 3 3 3 3 3 3 3 3 3 3 3 3 3 3 3 3 3 3 3 3 3 3 3 3 3 3 3 3 3 3 3 3 3 3 3 3 3 3 3 3 3 3 3 3 3 3 3 3 3 3 3 3 3 3 3 3 3 3 3 3 3 3 3 3 3 3 3 3 3 3 3 3 3 3 3 3 3 3 3 3 3 3 3 3 3 3 3 3 3 3 3 3 3 3 3 3 3 3 3 3 3 3 3 3 3 3 3 3 3 3 3 3 3 3 3 3 3 3 3 3 3 3 3 3 3 3 3 3 3 3 3 3 3 3 3 3 3 3 3 3 3 3 3 3 3 3 3 3 3 3 3 3 3 3 3 3 3 3 3 3 3 3 3 3 3 3 3 3 3 3 3 3 3 3 3 3 3 </vcount>
          <p>0 0 0 1 0 1 3 0 2 4 1 3 5 1 4 7 1 5 8 2 6 9 2 7 11 2 8 12 3 9 13 3 10 15 3 11 16 4 12 17 4 13 19 4 14 20 5 15 21 5 16 23 5 17 24 6 18 25 6 19 27 6 20 28 7 21 29 7 22 30 7 23 32 8 24 33 8 25 35 8 26 36 9 27 37 9 28 39 9 29 40 10 30 41 10 31 43 10 32 44 11 33 45 11 34 47 11 35 48 12 36 49 12 37 51 12 38 52 13 39 53 13 40 55 13 41 56 14 42 57 14 43 59 14 44 60 15 45 61 15 46 63 15 47 64 16 48 65 16 49 67 16 50 68 17 51 69 17 52 71 17 53 72 18 54 73 18 55 75 18 56 76 19 57 77 19 58 79 19 59 80 20 60 81 20 61 83 20 62 84 21 63 85 21 64 87 21 65 88 22 66 89 22 67 91 22 68 92 23 69 93 23 70 95 23 71 96 24 72 97 24 73 99 24 74 100 25 75 101 25 76 103 25 77 104 26 78 105 26 79 107 26 80 108 27 81 109 27 82 111 27 83 112 28 84 113 28 85 115 28 86 116 29 87 117 29 88 119 29 89 120 30 90 121 30 91 123 30 92 124 31 93 125 31 94 127 31 95 128 32 96 129 32 97 130 32 98 132 33 99 133 33 100 134 33 101 136 34 102 137 34 103 139 34 104 140 35 105 141 35 106 143 35 107 144 36 108 145 36 109 147 36 110 148 37 111 149 37 112 151 37 113 152 38 114 153 38 115 154 38 116 156 39 117 157 39 118 158 39 119 160 40 120 161 40 121 162 40 122 164 41 123 165 41 124 166 41 125 168 42 126 169 42 127 171 42 128 172 43 129 173 43 130 175 43 131 176 44 132 177 44 133 178 44 134 180 45 135 181 45 136 182 45 137 184 46 138 185 46 139 187 46 140 188 47 141 189 47 142 191 47 143 192 48 144 193 48 145 195 48 146 196 49 147 197 49 148 199 49 149 200 50 150 201 50 151 203 50 152 204 51 153 205 51 154 207 51 155 208 52 156 209 52 157 211 52 158 212 53 159 213 53 160 215 53 161 216 54 162 217 54 163 219 54 164 220 55 165 221 55 166 223 55 167 224 56 168 225 56 169 227 56 170 228 57 171 229 57 172 231 57 173 232 58 174 233 58 175 235 58 176 236 59 177 237 59 178 239 59 179 240 60 180 241 60 181 243 60 182 244 61 183 245 61 184 247 61 185 248 62 186 249 62 187 251 62 188 252 63 189 253 63 190 255 63 191 256 64 192 257 64 193 258 64 194 260 65 195 261 65 196 262 65 197 264 66 198 265 66 199 267 66 200 268 67 201 269 67 202 271 67 203 272 68 204 273 68 205 275 68 206 276 69 207 277 69 208 279 69 209 280 70 210 281 70 211 282 70 212 284 71 213 285 71 214 286 71 215 288 72 216 289 72 217 290 72 218 292 73 219 293 73 220 294 73 221 296 74 222 297 74 223 299 74 224 300 75 225 301 75 226 303 75 227 304 76 228 305 76 229 306 76 230 308 77 231 309 77 232 310 77 233 312 78 234 313 78 235 315 78 236 316 79 237 317 79 238 319 79 239 320 80 240 321 80 241 323 80 242 324 81 243 325 81 244 327 81 245 328 82 246 329 82 247 331 82 248 332 83 249 333 83 250 335 83 251 336 84 252 337 84 253 339 84 254 340 85 255 341 85 256 343 85 257 344 86 258 345 86 259 347 86 260 348 87 261 349 87 262 351 87 263 352 88 264 353 88 265 355 88 266 356 89 267 357 89 268 359 89 269 360 90 270 361 90 271 363 90 272 364 91 273 365 91 274 367 91 275 368 92 276 369 92 277 370 92 278 371 93 279 372 93 280 373 93 281 374 94 282 375 94 283 376 94 284 377 95 285 378 95 286 379 95 287 380 96 288 381 96 289 382 96 290 383 97 291 609 97 292 384 97 293 385 98 294 386 98 295 387 98 296 388 99 297 389 99 298 390 99 299 391 100 300 392 100 301 393 100 302 394 101 303 395 101 304 396 101 305 397 102 306 398 102 307 399 102 308 400 103 309 401 103 310 402 103 311 403 104 312 404 104 313 405 104 314 406 105 315 407 105 316 408 105 317 409 106 318 599 106 319 410 106 320 411 107 321 412 107 322 413 107 323 596 108 324 414 108 325 415 108 326 416 109 327 417 109 328 418 109 329 419 110 330 420 110 331 421 110 332 422 111 333 423 111 334 424 111 335 425 112 336 426 112 337 427 112 338 428 113 339 429 113 340 430 113 341 431 114 342 432 114 343 433 114 344 434 115 345 435 115 346 436 115 347 437 116 348 438 116 349 440 116 350 441 117 351 442 117 352 444 117 353 445 118 354 446 118 355 448 118 356 449 119 357 450 119 358 451 119 359 452 120 360 453 120 361 454 120 362 455 121 363 456 121 364 457 121 365 458 122 366 459 122 367 460 122 368 461 123 369 462 123 370 463 123 371 464 124 372 465 124 373 466 124 374 467 125 375 468 125 376 469 125 377 470 126 378 471 126 379 472 126 380 473 127 381 474 127 382 475 127 383 476 128 384 477 128 385 478 128 386 480 129 387 481 129 388 483 129 389 484 130 390 485 130 391 486 130 392 488 131 393 489 131 394 490 131 395 491 132 396 492 132 397 493 132 398 494 133 399 495 133 400 496 133 401 497 134 402 498 134 403 499 134 404 500 135 405 501 135 406 502 135 407 503 136 408 504 136 409 505 136 410 506 137 411 507 137 412 509 137 413 510 138 414 511 138 415 513 138 416 514 139 417 515 139 418 517 139 419 518 140 420 519 140 421 520 140 422 521 141 423 522 141 424 523 141 425 524 142 426 525 142 427 526 142 428 527 143 429 528 143 430 529 143 431 530 144 432 531 144 433 532 144 434 533 145 435 534 145 436 535 145 437 536 146 438 537 146 439 538 146 440 539 147 441 540 147 442 541 147 443 542 148 444 543 148 445 544 148 446 545 149 447 546 149 448 548 149 449 549 150 450 550 150 451 552 150 452 553 151 453 554 151 454 556 151 455 557 152 456 558 152 457 560 152 458 561 153 459 562 153 460 564 153 461 565 154 462 566 154 463 568 154 464 569 155 465 570 155 466 572 155 467 573 156 468 574 156 469 576 156 470 577 157 471 578 157 472 580 157 473 581 158 474 582 158 475 584 158 476 585 159 477 586 159 478 588 159 479 435 160 480 589 160 481 591 160 482 592 161 483 422 161 484 594 161 485 595 162 486 596 162 487 598 162 488 599 163 489 600 163 490 602 163 491 401 164 492 603 164 493 605 164 494 606 165 495 388 165 496 608 165 497 609 166 498 610 166 499 612 166 500 613 167 501 371 167 502 615 167 503 616 168 504 617 168 505 618 168 506 620 169 507 621 169 508 623 169 509 624 170 510 625 170 511 627 170 512 628 171 513 629 171 514 630 171 515 636 172 516 637 172 517 638 172 518 640 173 519 641 173 520 643 173 521 644 174 522 645 174 523 647 174 524 648 175 525 649 175 526 650 175 527 656 176 528 657 176 529 658 176 530 660 177 531 661 177 532 663 177 533 664 178 534 665 178 535 667 178 536 668 179 537 669 179 538 670 179 539 676 180 540 677 180 541 678 180 542 680 181 543 681 181 544 683 181 545 684 182 546 685 182 547 687 182 548 688 183 549 689 183 550 690 183 551 1 184 552 0 184 553 96 184 554 2 185 555 1 185 556 64 185 557 2 186 558 9 186 559 3 186 560 5 187 561 0 187 562 6 187 563 5 188 564 4 188 565 100 188 566 7 189 567 6 189 568 12 189 569 7 190 570 18 190 571 4 190 572 10 191 573 9 191 574 68 191 575 10 192 576 33 192 577 11 192 578 8 193 579 11 193 580 13 193 581 15 194 582 14 194 583 36 194 584 12 195 585 15 195 586 25 195 587 17 196 588 16 196 589 108 196 590 19 197 591 18 197 592 24 197 593 19 198 594 22 198 595 16 198 596 21 199 597 20 199 598 104 199 599 22 200 600 29 200 601 23 200 602 20 201 603 23 201 604 120 201 605 26 202 606 49 202 607 27 202 608 27 203 609 30 203 610 24 203 611 30 204 612 53 204 613 31 204 614 28 205 615 31 205 616 124 205 617 34 206 618 33 206 619 76 206 620 34 207 621 41 207 622 35 207 623 35 208 624 38 208 625 32 208 626 39 209 627 38 209 628 44 209 629 39 210 630 50 210 631 36 210 632 42 211 633 41 211 634 72 211 635 43 212 636 42 212 637 80 212 638 40 213 639 43 213 640 45 213 641 46 214 642 85 214 643 47 214 644 47 215 645 58 215 646 44 215 647 50 216 648 57 216 649 51 216 650 51 217 651 54 217 652 48 217 653 55 218 654 54 218 655 60 218 656 52 219 657 55 219 658 116 219 659 59 220 660 58 220 661 92 220 662 59 221 663 62 221 664 56 221 665 63 222 666 62 222 667 88 222 668 60 223 669 63 223 670 112 223 671 65 224 672 96 224 673 66 224 674 66 225 675 189 225 676 188 225 677 64 226 678 67 226 679 69 226 680 70 227 681 185 227 682 184 227 683 68 228 684 71 228 685 77 228 686 73 229 687 76 229 688 74 229 689 74 230 690 181 230 691 75 230 692 72 231 693 75 231 694 81 231 695 78 232 696 177 232 697 79 232 698 82 233 699 173 233 700 172 233 701 80 234 702 83 234 703 85 234 704 86 235 705 169 235 706 168 235 707 84 236 708 87 236 709 93 236 710 89 237 711 92 237 712 90 237 713 90 238 714 165 238 715 91 238 716 91 239 717 114 239 718 88 239 719 94 240 720 161 240 721 95 240 722 97 241 723 100 241 724 98 241 725 99 242 726 98 242 727 157 242 728 101 243 729 108 243 730 102 243 731 102 244 732 153 244 733 103 244 734 106 245 735 105 245 736 123 245 737 106 246 738 149 246 739 148 246 740 107 247 741 110 247 742 104 247 743 110 248 744 145 248 745 144 248 746 115 249 747 114 249 748 140 249 749 115 250 750 118 250 751 112 250 752 119 251 753 118 251 754 136 251 755 119 252 756 126 252 757 116 252 758 122 253 759 121 253 760 127 253 761 122 254 762 133 254 763 123 254 764 127 255 765 126 255 766 129 255 767 130 256 768 129 256 769 139 256 770 131 257 771 130 257 772 253 257 773 131 258 774 134 258 775 133 258 776 134 259 777 249 259 778 135 259 779 132 260 780 135 260 781 150 260 782 138 261 783 137 261 784 140 261 785 139 262 786 138 262 787 244 262 788 141 263 789 164 263 790 167 263 791 143 264 792 142 264 793 240 264 794 146 265 795 145 265 796 148 265 797 147 266 798 146 266 799 236 266 800 147 267 801 154 267 802 144 267 803 150 268 804 233 268 805 232 268 806 155 269 807 154 269 808 229 269 809 155 270 810 158 270 811 157 270 812 159 271 813 158 271 814 225 271 815 159 272 816 190 272 817 189 272 818 161 273 819 168 273 820 162 273 821 162 274 822 221 274 823 163 274 824 160 275 825 163 275 826 165 275 827 167 276 828 166 276 829 217 276 830 170 277 831 169 277 832 172 277 833 171 278 834 170 278 835 212 278 836 174 279 837 173 279 838 180 279 839 175 280 840 174 280 841 208 280 842 177 281 843 184 281 844 178 281 845 178 282 846 205 282 847 179 282 848 176 283 849 179 283 850 181 283 851 182 284 852 201 284 853 183 284 854 185 285 855 188 285 856 186 285 857 187 286 858 186 286 859 196 286 860 191 287 861 190 287 862 192 287 863 193 288 864 224 288 865 194 288 866 194 289 867 317 289 868 316 289 869 192 290 870 195 290 871 197 290 872 199 291 873 198 291 874 312 291 875 199 292 876 206 292 877 196 292 878 201 293 879 204 293 880 202 293 881 202 294 882 309 294 883 203 294 884 203 295 885 210 295 886 200 295 887 207 296 888 206 296 889 305 296 890 211 297 891 210 297 892 300 297 893 211 298 894 214 298 895 208 298 896 215 299 897 214 299 898 296 299 899 212 300 900 215 300 901 221 300 902 217 301 903 220 301 904 218 301 905 218 302 906 293 302 907 219 302 908 216 303 909 219 303 910 241 303 911 222 304 912 289 304 913 223 304 914 225 305 915 228 305 916 226 305 917 226 306 918 285 306 919 227 306 920 230 307 921 229 307 922 239 307 923 230 308 924 281 308 925 231 308 926 233 309 927 248 309 928 234 309 929 234 310 930 277 310 931 276 310 932 235 311 933 238 311 934 232 311 935 238 312 936 273 312 937 272 312 938 242 313 939 269 313 940 268 313 941 240 314 942 243 314 943 245 314 944 246 315 945 265 315 946 264 315 947 244 316 948 247 316 949 253 316 950 249 317 951 252 317 952 250 317 953 250 318 954 261 318 955 251 318 956 254 319 957 257 319 958 255 319 959 257 320 960 264 320 961 258 320 962 258 321 963 349 321 964 259 321 965 256 322 966 259 322 967 261 322 968 262 323 969 430 323 970 429 323 971 260 324 972 263 324 973 278 324 974 265 325 975 268 325 976 266 325 977 266 326 978 345 326 979 344 326 980 269 327 981 292 327 982 295 327 983 270 328 984 421 328 985 420 328 986 273 329 987 276 329 988 274 329 989 274 330 990 341 330 991 340 330 992 272 331 993 275 331 994 281 331 995 278 332 996 413 332 997 412 332 998 282 333 999 337 333 1000 283 333 1001 280 334 1002 283 334 1003 285 334 1004 286 335 1005 405 335 1006 287 335 1007 284 336 1008 287 336 1009 317 336 1010 289 337 1011 296 337 1012 290 337 1013 290 338 1014 333 338 1015 291 338 1016 288 339 1017 291 339 1018 293 339 1019 294 340 1020 396 340 1021 295 340 1022 297 341 1023 300 341 1024 298 341 1025 298 342 1026 329 342 1027 328 342 1028 301 343 1029 308 343 1030 302 343 1031 302 344 1032 387 344 1033 386 344 1034 305 345 1035 312 345 1036 306 345 1037 306 346 1038 325 346 1039 307 346 1040 304 347 1041 307 347 1042 309 347 1043 310 348 1044 379 348 1045 378 348 1046 313 349 1047 316 349 1048 314 349 1049 314 350 1050 321 350 1051 320 350 1052 319 351 1053 318 351 1054 369 351 1055 321 352 1056 376 352 1057 375 352 1058 322 353 1059 461 353 1060 323 353 1061 323 354 1062 326 354 1063 320 354 1064 326 355 1065 505 355 1066 504 355 1067 324 356 1068 327 356 1069 380 356 1070 329 357 1071 393 357 1072 392 357 1073 330 358 1074 521 358 1075 331 358 1076 328 359 1077 331 359 1078 333 359 1079 334 360 1080 544 360 1081 543 360 1082 332 361 1083 335 361 1084 397 361 1085 337 362 1086 340 362 1087 338 362 1088 338 363 1089 457 363 1090 456 363 1091 336 364 1092 339 364 1093 406 364 1094 341 365 1095 418 365 1096 417 365 1097 342 366 1098 470 366 1099 343 366 1100 346 367 1101 345 367 1102 426 367 1103 346 368 1104 530 368 1105 347 368 1106 347 369 1107 350 369 1108 344 369 1109 350 370 1110 496 370 1111 495 370 1112 348 371 1113 351 371 1114 431 371 1115 352 372 1116 466 372 1117 465 372 1118 353 373 1119 452 373 1120 354 373 1121 354 374 1122 357 374 1123 355 374 1124 352 375 1125 355 375 1126 361 375 1127 357 376 1128 475 376 1129 474 376 1130 358 377 1131 491 377 1132 359 377 1133 356 378 1134 359 378 1135 365 378 1136 360 379 1137 500 379 1138 361 379 1139 362 380 1140 365 380 1141 363 380 1142 360 381 1143 363 381 1144 525 381 1145 366 382 1146 535 382 1147 534 382 1148 364 383 1149 367 383 1150 539 383 1151 369 384 1152 368 384 1153 376 384 1154 370 385 1155 373 385 1156 368 385 1157 371 386 1158 613 386 1159 372 386 1160 371 387 1161 373 387 1162 410 387 1163 374 388 1164 438 388 1165 375 388 1166 377 389 1167 383 389 1168 384 389 1169 377 390 1170 379 390 1171 382 390 1172 381 391 1173 380 391 1174 506 391 1175 383 392 1176 610 392 1177 609 392 1178 609 393 1179 388 393 1180 390 393 1181 385 394 1182 391 394 1183 393 394 1184 385 395 1185 387 395 1186 389 395 1187 388 396 1188 606 396 1189 389 396 1190 391 397 1191 514 397 1192 392 397 1193 394 398 1194 400 398 1195 395 398 1196 394 399 1197 396 399 1198 398 399 1199 397 400 1200 549 400 1201 552 400 1202 400 401 1203 603 401 1204 401 401 1205 401 402 1206 422 402 1207 402 402 1208 403 403 1209 409 403 1210 404 403 1211 403 404 1212 405 404 1213 408 404 1214 406 405 1215 443 405 1216 442 405 1217 409 406 1218 600 407 1219 599 408 1220 411 409 1221 416 409 1222 418 409 1223 411 410 1224 413 410 1225 415 410 1226 596 411 1227 595 411 1228 414 411 1229 596 412 1230 415 412 1231 435 412 1232 416 413 1233 478 413 1234 477 413 1235 419 414 1236 425 414 1237 427 414 1238 419 415 1239 421 415 1240 424 415 1241 422 416 1242 592 416 1243 423 416 1244 425 417 1245 556 417 1246 426 417 1247 428 418 1248 434 418 1249 436 418 1250 428 419 1251 430 419 1252 433 419 1253 431 420 1254 487 420 1255 486 420 1256 434 421 1257 589 421 1258 435 421 1259 438 422 1260 582 422 1261 439 422 1262 439 423 1263 446 423 1264 440 423 1265 437 424 1266 440 424 1267 461 424 1268 441 425 1269 586 425 1270 442 425 1271 443 426 1272 456 426 1273 444 426 1274 441 427 1275 444 427 1276 446 427 1277 447 428 1278 453 428 1279 452 428 1280 445 429 1281 448 429 1282 465 429 1283 449 430 1284 455 430 1285 457 430 1286 450 431 1287 469 431 1288 451 431 1289 449 432 1290 451 432 1291 454 432 1292 458 433 1293 464 433 1294 459 433 1295 459 434 1296 499 434 1297 460 434 1298 458 435 1299 460 435 1300 462 435 1301 467 436 1302 473 436 1303 475 436 1304 467 437 1305 469 437 1306 472 437 1307 470 438 1308 477 438 1309 476 438 1310 473 439 1311 481 439 1312 474 439 1313 478 440 1314 578 440 1315 479 440 1316 476 441 1317 479 441 1318 481 441 1319 482 442 1320 485 442 1321 483 442 1322 480 443 1323 483 443 1324 491 443 1325 485 444 1326 574 444 1327 486 444 1328 484 445 1329 487 445 1330 495 445 1331 488 446 1332 494 446 1333 489 446 1334 489 447 1335 529 447 1336 490 447 1337 488 448 1338 490 448 1339 492 448 1340 497 449 1341 503 449 1342 498 449 1343 497 450 1344 499 450 1345 501 450 1346 500 451 1347 512 451 1348 511 451 1349 503 452 1350 508 452 1351 504 452 1352 508 453 1353 511 453 1354 509 453 1355 506 454 1356 509 454 1357 569 454 1358 512 455 1359 525 455 1360 513 455 1361 510 456 1362 513 456 1363 515 456 1364 514 457 1365 566 457 1366 515 457 1367 516 458 1368 522 458 1369 521 458 1370 518 459 1371 524 459 1372 519 459 1373 519 460 1374 538 460 1375 520 460 1376 518 461 1377 520 461 1378 522 461 1379 527 462 1380 533 462 1381 528 462 1382 527 463 1383 529 463 1384 531 463 1385 530 464 1386 555 464 1387 554 464 1388 533 465 1389 547 465 1390 534 465 1391 536 466 1392 542 466 1393 537 466 1394 536 467 1395 538 467 1396 540 467 1397 539 468 1398 546 468 1399 545 468 1400 542 469 1401 550 469 1402 543 469 1403 547 470 1404 554 470 1405 548 470 1406 545 471 1407 548 471 1408 550 471 1409 551 472 1410 562 472 1411 552 472 1412 553 473 1413 556 473 1414 557 473 1415 558 474 1416 592 474 1417 559 474 1418 559 475 1419 680 475 1420 560 475 1421 557 476 1422 560 476 1423 562 476 1424 563 477 1425 676 477 1426 679 477 1427 564 478 1428 604 478 1429 561 478 1430 566 479 1431 606 479 1432 567 479 1433 567 480 1434 664 480 1435 568 480 1436 565 481 1437 568 481 1438 570 481 1439 571 482 1440 660 482 1441 572 482 1442 569 483 1443 572 483 1444 610 483 1445 574 484 1446 577 484 1447 575 484 1448 575 485 1449 648 485 1450 651 485 1451 573 486 1452 576 486 1453 589 486 1454 578 487 1455 595 487 1456 579 487 1457 579 488 1458 636 488 1459 639 488 1460 583 489 1461 582 489 1462 615 489 1463 583 490 1464 628 490 1465 631 490 1466 584 491 1467 587 491 1468 581 491 1469 587 492 1470 624 492 1471 588 492 1472 585 493 1473 588 493 1474 600 493 1475 590 494 1476 644 494 1477 591 494 1478 435 495 1479 591 495 1480 596 495 1481 422 496 1482 401 496 1483 593 496 1484 593 497 1485 684 497 1486 594 497 1487 597 498 1488 640 498 1489 598 498 1490 601 499 1491 620 499 1492 602 499 1493 599 500 1494 602 500 1495 371 500 1496 604 501 1497 688 501 1498 691 501 1499 388 502 1500 609 502 1501 607 502 1502 607 503 1503 668 503 1504 671 503 1505 611 504 1506 656 504 1507 659 504 1508 614 505 1509 616 505 1510 619 505 1511 616 506 1512 623 506 1513 617 506 1514 617 507 1515 633 507 1516 632 507 1517 618 508 1518 629 508 1519 619 508 1520 620 509 1521 627 509 1522 626 509 1523 621 510 1524 634 510 1525 622 510 1526 624 511 1527 631 511 1528 630 511 1529 625 512 1530 635 512 1531 626 512 1532 629 513 1533 632 513 1534 635 513 1535 636 514 1536 643 514 1537 637 514 1538 637 515 1539 653 515 1540 652 515 1541 638 516 1542 649 516 1543 639 516 1544 641 517 1545 640 517 1546 646 517 1547 641 518 1548 654 518 1549 642 518 1550 644 519 1551 651 519 1552 650 519 1553 645 520 1554 655 520 1555 646 520 1556 649 521 1557 652 521 1558 655 521 1559 656 522 1560 663 522 1561 657 522 1562 657 523 1563 673 523 1564 672 523 1565 658 524 1566 669 524 1567 659 524 1568 660 525 1569 667 525 1570 666 525 1571 661 526 1572 674 526 1573 662 526 1574 664 527 1575 671 527 1576 670 527 1577 665 528 1578 675 528 1579 666 528 1580 669 529 1581 672 529 1582 675 529 1583 676 530 1584 683 530 1585 677 530 1586 677 531 1587 693 531 1588 692 531 1589 678 532 1590 689 532 1591 679 532 1592 680 533 1593 687 533 1594 686 533 1595 681 534 1596 694 534 1597 682 534 1598 684 535 1599 691 535 1600 690 535 1601 685 536 1602 695 536 1603 686 536 1604 689 537 1605 692 537 1606 695 537 1607 0 538 1608 5 538 1609 97 538 1610 1 539 1611 96 539 1612 65 539 1613 2 540 1614 64 540 1615 9 540 1616 3 541 1617 8 541 1618 6 541 1619 4 542 1620 17 542 1621 101 542 1622 7 543 1623 12 543 1624 18 543 1625 10 544 1626 68 544 1627 33 544 1628 11 545 1629 32 545 1630 14 545 1631 15 546 1632 36 546 1633 26 546 1634 16 547 1635 21 547 1636 109 547 1637 19 548 1638 24 548 1639 22 548 1640 20 549 1641 120 549 1642 105 549 1643 23 550 1644 28 550 1645 121 550 1646 27 551 1647 48 551 1648 30 551 1649 31 552 1650 52 552 1651 125 552 1652 34 553 1653 76 553 1654 41 553 1655 35 554 1656 40 554 1657 38 554 1658 39 555 1659 44 555 1660 50 555 1661 42 556 1662 72 556 1663 81 556 1664 43 557 1665 80 557 1666 46 557 1667 47 558 1668 84 558 1669 58 558 1670 51 559 1671 56 559 1672 54 559 1673 55 560 1674 60 560 1675 117 560 1676 59 561 1677 92 561 1678 62 561 1679 63 562 1680 88 562 1681 113 562 1682 66 563 1683 99 563 1684 156 563 1685 67 564 1686 188 564 1687 185 564 1688 71 565 1689 184 565 1690 78 565 1691 74 566 1692 79 566 1693 176 566 1694 75 567 1695 180 567 1696 173 567 1697 83 568 1698 172 568 1699 169 568 1700 87 569 1701 168 569 1702 94 569 1703 90 570 1704 95 570 1705 160 570 1706 91 571 1707 164 571 1708 114 571 1709 98 572 1710 103 572 1711 152 572 1712 102 573 1713 111 573 1714 153 573 1715 106 574 1716 123 574 1717 149 574 1718 107 575 1719 148 575 1720 145 575 1721 115 576 1722 140 576 1723 137 576 1724 119 577 1725 136 577 1726 126 577 1727 122 578 1728 127 578 1729 128 578 1730 130 579 1731 139 579 1732 253 579 1733 131 580 1734 252 580 1735 134 580 1736 135 581 1737 248 581 1738 233 581 1739 138 582 1740 143 582 1741 245 582 1742 142 583 1743 167 583 1744 216 583 1745 146 584 1746 151 584 1747 237 584 1748 147 585 1749 236 585 1750 154 585 1751 155 586 1752 228 586 1753 158 586 1754 159 587 1755 224 587 1756 190 587 1757 162 588 1758 171 588 1759 221 588 1760 163 589 1761 220 589 1762 166 589 1763 170 590 1764 175 590 1765 213 590 1766 174 591 1767 183 591 1768 209 591 1769 178 592 1770 187 592 1771 205 592 1772 179 593 1773 204 593 1774 182 593 1775 186 594 1776 191 594 1777 197 594 1778 194 595 1779 227 595 1780 284 595 1781 195 596 1782 316 596 1783 313 596 1784 199 597 1785 312 597 1786 206 597 1787 202 598 1788 207 598 1789 304 598 1790 203 599 1791 308 599 1792 301 599 1793 211 600 1794 300 600 1795 297 600 1796 215 601 1797 296 601 1798 222 601 1799 218 602 1800 223 602 1801 288 602 1802 219 603 1803 292 603 1804 242 603 1805 226 604 1806 231 604 1807 280 604 1808 230 605 1809 239 605 1810 281 605 1811 234 606 1812 251 606 1813 277 606 1814 235 607 1815 276 607 1816 273 607 1817 243 608 1818 268 608 1819 265 608 1820 247 609 1821 264 609 1822 254 609 1823 250 610 1824 255 610 1825 256 610 1826 258 611 1827 267 611 1828 349 611 1829 348 612 1830 696 612 1831 259 612 1832 262 613 1833 259 613 1834 696 613 1835 262 614 1836 696 614 1837 430 614 1838 348 615 1839 433 615 1840 696 615 1841 430 616 1842 696 616 1843 433 616 1844 263 617 1845 429 617 1846 697 617 1847 278 618 1848 263 618 1849 697 618 1850 278 619 1851 697 619 1852 413 619 1853 413 620 1854 697 620 1855 415 620 1856 415 621 1857 697 621 1858 436 621 1859 429 622 1860 436 622 1861 697 622 1862 271 623 1863 698 623 1864 266 623 1865 345 624 1866 266 624 1867 698 624 1868 271 625 1869 420 625 1870 698 625 1871 345 626 1872 698 626 1873 427 626 1874 420 627 1875 427 627 1876 698 627 1877 270 628 1878 295 628 1879 699 628 1880 270 629 1881 699 629 1882 421 629 1883 395 630 1884 699 630 1885 295 630 1886 395 631 1887 402 631 1888 699 631 1889 402 632 1890 424 632 1891 699 632 1892 421 633 1893 699 633 1894 424 633 1895 279 634 1896 700 634 1897 274 634 1898 341 635 1899 274 635 1900 700 635 1901 412 636 1902 700 636 1903 279 636 1904 341 637 1905 700 637 1906 418 637 1907 412 638 1908 418 638 1909 700 638 1910 275 639 1911 340 639 1912 282 639 1913 283 640 1914 336 640 1915 701 640 1916 286 641 1917 283 641 1918 701 641 1919 286 642 1920 701 642 1921 405 642 1922 408 643 1923 701 643 1924 336 643 1925 405 644 1926 701 644 1927 408 644 1928 287 645 1929 404 645 1930 702 645 1931 287 646 1932 702 646 1933 318 646 1934 370 647 1935 318 647 1936 702 647 1937 370 648 1938 702 648 1939 373 648 1940 410 649 1941 373 649 1942 702 649 1943 410 650 1944 702 650 1945 404 650 1946 290 651 1947 299 651 1948 333 651 1949 332 652 1950 703 652 1951 291 652 1952 294 653 1953 291 653 1954 703 653 1955 396 654 1956 294 654 1957 703 654 1958 332 655 1959 399 655 1960 703 655 1961 396 656 1962 703 656 1963 399 656 1964 303 657 1965 704 657 1966 298 657 1967 329 658 1968 298 658 1969 704 658 1970 386 659 1971 704 659 1972 303 659 1973 329 660 1974 704 660 1975 393 660 1976 386 661 1977 393 661 1978 704 661 1979 311 662 1980 705 662 1981 302 662 1982 387 663 1983 302 663 1984 705 663 1985 311 664 1986 378 664 1987 705 664 1988 384 665 1989 705 665 1990 378 665 1991 384 666 1992 390 666 1993 705 666 1994 387 667 1995 705 667 1996 390 667 1997 306 668 1998 315 668 1999 325 668 2000 307 669 2001 324 669 2002 706 669 2003 307 670 2004 706 670 2005 310 670 2006 310 671 2007 706 671 2008 379 671 2009 324 672 2010 382 672 2011 706 672 2012 382 673 2013 379 673 2014 706 673 2015 314 674 2016 319 674 2017 707 674 2018 314 675 2019 707 675 2020 321 675 2021 369 676 2022 707 676 2023 319 676 2024 321 677 2025 707 677 2026 376 677 2027 369 678 2028 376 678 2029 707 678 2030 322 679 2031 375 679 2032 461 679 2033 463 680 2034 708 680 2035 323 680 2036 323 681 2037 708 681 2038 326 681 2039 326 682 2040 708 682 2041 505 682 2042 460 683 2043 498 683 2044 708 683 2045 460 684 2046 708 684 2047 463 684 2048 498 685 2049 505 685 2050 708 685 2051 327 686 2052 504 686 2053 380 686 2054 330 687 2055 392 687 2056 521 687 2057 331 688 2058 523 688 2059 709 688 2060 331 689 2061 709 689 2062 334 689 2063 334 690 2064 709 690 2065 544 690 2066 537 691 2067 709 691 2068 520 691 2069 520 692 2070 709 692 2071 523 692 2072 537 693 2073 544 693 2074 709 693 2075 335 694 2076 543 694 2077 397 694 2078 343 695 2079 710 695 2080 338 695 2081 338 696 2082 710 696 2083 457 696 2084 343 697 2085 472 697 2086 710 697 2087 457 698 2088 710 698 2089 450 698 2090 469 699 2091 450 699 2092 710 699 2093 469 700 2094 710 700 2095 472 700 2096 339 701 2097 456 701 2098 406 701 2099 342 702 2100 417 702 2101 470 702 2102 346 703 2103 426 703 2104 530 703 2105 532 704 2106 711 704 2107 347 704 2108 350 705 2109 347 705 2110 711 705 2111 350 706 2112 711 706 2113 496 706 2114 489 707 2115 496 707 2116 711 707 2117 529 708 2118 489 708 2119 711 708 2120 529 709 2121 711 709 2122 532 709 2123 351 710 2124 495 710 2125 431 710 2126 466 711 2127 352 711 2128 712 711 2129 361 712 2130 712 712 2131 352 712 2132 361 713 2133 502 713 2134 712 713 2135 459 714 2136 466 714 2137 712 714 2138 459 715 2139 712 715 2140 499 715 2141 499 716 2142 712 716 2143 502 716 2144 353 717 2145 465 717 2146 452 717 2147 454 718 2148 713 718 2149 354 718 2150 357 719 2151 354 719 2152 713 719 2153 357 720 2154 713 720 2155 475 720 2156 468 721 2157 713 721 2158 451 721 2159 454 722 2160 451 722 2161 713 722 2162 468 723 2163 475 723 2164 713 723 2165 355 724 2166 356 724 2167 362 724 2168 358 725 2169 474 725 2170 491 725 2171 493 726 2172 714 726 2173 359 726 2174 366 727 2175 359 727 2176 714 727 2177 535 728 2178 366 728 2179 714 728 2180 528 729 2181 714 729 2182 490 729 2183 490 730 2184 714 730 2185 493 730 2186 528 731 2187 535 731 2188 714 731 2189 360 732 2190 525 732 2191 500 732 2192 364 733 2193 715 733 2194 363 733 2195 526 734 2196 363 734 2197 715 734 2198 541 735 2199 715 735 2200 364 735 2201 526 736 2202 715 736 2203 519 736 2204 538 737 2205 519 737 2206 715 737 2207 538 738 2208 715 738 2209 541 738 2210 367 739 2211 534 739 2212 539 739 2213 368 740 2214 716 740 2215 374 740 2216 372 741 2217 716 741 2218 368 741 2219 372 742 2220 613 742 2221 716 742 2222 374 743 2223 716 743 2224 438 743 2225 582 744 2226 438 744 2227 716 744 2228 613 745 2229 582 745 2230 716 745 2231 383 746 2232 377 746 2233 717 746 2234 381 747 2235 717 747 2236 377 747 2237 381 748 2238 506 748 2239 717 748 2240 610 749 2241 383 749 2242 717 749 2243 569 750 2244 717 750 2245 506 750 2246 610 751 2247 717 751 2248 569 751 2249 385 752 2250 718 752 2251 391 752 2252 385 753 2253 389 753 2254 718 753 2255 606 754 2256 718 754 2257 389 754 2258 391 755 2259 718 755 2260 514 755 2261 566 756 2262 514 756 2263 718 756 2264 606 757 2265 566 757 2266 718 757 2267 394 758 2268 719 758 2269 400 758 2270 394 759 2271 398 759 2272 719 759 2273 398 760 2274 552 760 2275 719 760 2276 400 761 2277 719 761 2278 603 761 2279 552 762 2280 561 762 2281 719 762 2282 603 763 2283 719 763 2284 561 763 2285 409 764 2286 403 764 2287 720 764 2288 403 765 2289 407 765 2290 720 765 2291 407 766 2292 442 766 2293 720 766 2294 600 767 2295 409 767 2296 720 767 2297 585 768 2298 720 768 2299 442 768 2300 585 769 2301 600 769 2302 720 769 2303 411 770 2304 721 770 2305 416 770 2306 411 771 2307 414 771 2308 721 771 2309 595 772 2310 721 772 2311 414 772 2312 416 773 2313 721 773 2314 478 773 2315 578 774 2316 478 774 2317 721 774 2318 595 775 2319 578 775 2320 721 775 2321 419 776 2322 722 776 2323 425 776 2324 419 777 2325 423 777 2326 722 777 2327 592 778 2328 722 778 2329 423 778 2330 425 779 2331 722 779 2332 556 779 2333 556 780 2334 722 780 2335 558 780 2336 592 781 2337 558 781 2338 722 781 2339 428 782 2340 723 782 2341 434 782 2342 428 783 2343 432 783 2344 723 783 2345 432 784 2346 486 784 2347 723 784 2348 589 785 2349 434 785 2350 723 785 2351 573 786 2352 723 786 2353 486 786 2354 589 787 2355 723 787 2356 573 787 2357 581 788 2358 724 788 2359 439 788 2360 439 789 2361 724 789 2362 446 789 2363 586 790 2364 441 790 2365 724 790 2366 441 791 2367 446 791 2368 724 791 2369 586 792 2370 724 792 2371 581 792 2372 440 793 2373 445 793 2374 725 793 2375 462 794 2376 440 794 2377 725 794 2378 464 795 2379 725 795 2380 445 795 2381 458 796 2382 725 796 2383 464 796 2384 458 797 2385 462 797 2386 725 797 2387 455 798 2388 726 798 2389 444 798 2390 444 799 2391 726 799 2392 447 799 2393 453 800 2394 447 800 2395 726 800 2396 455 801 2397 449 801 2398 726 801 2399 453 802 2400 726 802 2401 449 802 2402 467 803 2403 727 803 2404 473 803 2405 467 804 2406 471 804 2407 727 804 2408 471 805 2409 476 805 2410 727 805 2411 473 806 2412 727 806 2413 481 806 2414 476 807 2415 481 807 2416 727 807 2417 577 808 2418 728 808 2419 479 808 2420 479 809 2421 728 809 2422 482 809 2423 482 810 2424 728 810 2425 485 810 2426 574 811 2427 485 811 2428 728 811 2429 574 812 2430 728 812 2431 577 812 2432 483 813 2433 484 813 2434 729 813 2435 492 814 2436 483 814 2437 729 814 2438 494 815 2439 729 815 2440 484 815 2441 488 816 2442 729 816 2443 494 816 2444 488 817 2445 492 817 2446 729 817 2447 497 818 2448 730 818 2449 503 818 2450 497 819 2451 501 819 2452 730 819 2453 501 820 2454 511 820 2455 730 820 2456 503 821 2457 730 821 2458 508 821 2459 508 822 2460 730 822 2461 511 822 2462 509 823 2463 510 823 2464 731 823 2465 570 824 2466 509 824 2467 731 824 2468 510 825 2469 515 825 2470 731 825 2471 565 826 2472 731 826 2473 515 826 2474 565 827 2475 570 827 2476 731 827 2477 524 828 2478 732 828 2479 513 828 2480 513 829 2481 732 829 2482 516 829 2483 516 830 2484 732 830 2485 522 830 2486 524 831 2487 518 831 2488 732 831 2489 518 832 2490 522 832 2491 732 832 2492 527 833 2493 733 833 2494 533 833 2495 527 834 2496 531 834 2497 733 834 2498 531 835 2499 554 835 2500 733 835 2501 533 836 2502 733 836 2503 547 836 2504 547 837 2505 733 837 2506 554 837 2507 536 838 2508 734 838 2509 542 838 2510 536 839 2511 540 839 2512 734 839 2513 540 840 2514 545 840 2515 734 840 2516 542 841 2517 734 841 2518 550 841 2519 545 842 2520 550 842 2521 734 842 2522 548 843 2523 553 843 2524 735 843 2525 548 844 2526 735 844 2527 551 844 2528 562 845 2529 551 845 2530 735 845 2531 553 846 2532 557 846 2533 735 846 2534 562 847 2535 735 847 2536 557 847 2537 559 848 2538 594 848 2539 687 848 2540 560 849 2541 683 849 2542 676 849 2543 564 850 2544 679 850 2545 688 850 2546 567 851 2547 608 851 2548 671 851 2549 568 852 2550 667 852 2551 571 852 2552 572 853 2553 663 853 2554 656 853 2555 575 854 2556 580 854 2557 648 854 2558 576 855 2559 651 855 2560 590 855 2561 579 856 2562 598 856 2563 636 856 2564 583 857 2565 615 857 2566 628 857 2567 584 858 2568 631 858 2569 587 858 2570 588 859 2571 627 859 2572 601 859 2573 591 860 2574 647 860 2575 597 860 2576 593 861 2577 605 861 2578 691 861 2579 602 862 2580 623 862 2581 616 862 2582 607 863 2583 612 863 2584 668 863 2585 617 864 2586 622 864 2587 633 864 2588 618 865 2589 632 865 2590 629 865 2591 621 866 2592 626 866 2593 634 866 2594 625 867 2595 630 867 2596 635 867 2597 637 868 2598 642 868 2599 653 868 2600 638 869 2601 652 869 2602 649 869 2603 641 870 2604 646 870 2605 654 870 2606 645 871 2607 650 871 2608 655 871 2609 657 872 2610 662 872 2611 673 872 2612 658 873 2613 672 873 2614 669 873 2615 661 874 2616 666 874 2617 674 874 2618 665 875 2619 670 875 2620 675 875 2621 677 876 2622 682 876 2623 693 876 2624 678 877 2625 692 877 2626 689 877 2627 681 878 2628 686 878 2629 694 878 2630 685 879 2631 690 879 2632 695 879 2633 695 880 2634 692 880 2635 737 880 2636 694 881 2637 695 881 2638 738 881 2639 693 882 2640 694 882 2641 739 882 2642 692 883 2643 693 883 2644 736 883 2645 655 884 2646 652 884 2647 741 884 2648 654 885 2649 655 885 2650 742 885 2651 653 886 2652 654 886 2653 743 886 2654 652 887 2655 653 887 2656 740 887 2657 635 888 2658 632 888 2659 745 888 2660 634 889 2661 635 889 2662 746 889 2663 633 890 2664 634 890 2665 747 890 2666 632 891 2667 633 891 2668 744 891 2669 675 892 2670 672 892 2671 749 892 2672 674 893 2673 675 893 2674 750 893 2675 673 894 2676 674 894 2677 751 894 2678 672 895 2679 673 895 2680 748 895 2681 748 896 2682 751 896 2683 752 896 2684 751 897 2685 750 897 2686 753 897 2687 750 898 2688 749 898 2689 754 898 2690 749 899 2691 748 899 2692 755 899 2693 744 900 2694 747 900 2695 757 900 2696 747 901 2697 746 901 2698 756 901 2699 746 902 2700 745 902 2701 758 902 2702 745 903 2703 744 903 2704 759 903 2705 740 904 2706 743 904 2707 760 904 2708 743 905 2709 742 905 2710 761 905 2711 742 906 2712 741 906 2713 762 906 2714 741 907 2715 740 907 2716 763 907 2717 736 908 2718 739 908 2719 765 908 2720 739 909 2721 738 909 2722 764 909 2723 738 910 2724 737 910 2725 766 910 2726 737 911 2727 736 911 2728 767 911 2729 764 912 2730 769 912 2731 765 912 2732 766 913 2733 770 913 2734 764 913 2735 767 914 2736 771 914 2737 766 914 2738 765 915 2739 768 915 2740 767 915 2741 768 916 2742 769 916 2743 771 916 2744 761 917 2745 773 917 2746 760 917 2747 762 918 2748 774 918 2749 761 918 2750 763 919 2751 775 919 2752 762 919 2753 760 920 2754 772 920 2755 763 920 2756 772 921 2757 773 921 2758 774 921 2759 756 922 2760 777 922 2761 757 922 2762 758 923 2763 778 923 2764 756 923 2765 759 924 2766 779 924 2767 758 924 2768 757 925 2769 776 925 2770 759 925 2771 776 926 2772 777 926 2773 779 926 2774 753 927 2775 781 927 2776 752 927 2777 754 928 2778 782 928 2779 753 928 2780 755 929 2781 783 929 2782 754 929 2783 752 930 2784 780 930 2785 755 930 2786 780 931 2787 781 931 2788 783 931 2789 1 932 2790 2 932 2791 3 932 2792 5 933 2793 6 933 2794 7 933 2795 9 934 2796 10 934 2797 11 934 2798 13 935 2799 14 935 2800 15 935 2801 17 936 2802 18 936 2803 19 936 2804 21 937 2805 22 937 2806 23 937 2807 25 938 2808 26 938 2809 27 938 2810 31 939 2811 28 939 2812 30 939 2813 33 940 2814 34 940 2815 35 940 2816 37 941 2817 38 941 2818 39 941 2819 41 942 2820 42 942 2821 43 942 2822 45 943 2823 46 943 2824 47 943 2825 49 944 2826 50 944 2827 51 944 2828 53 945 2829 54 945 2830 55 945 2831 57 946 2832 58 946 2833 59 946 2834 61 947 2835 62 947 2836 63 947 2837 65 948 2838 66 948 2839 67 948 2840 69 949 2841 70 949 2842 71 949 2843 73 950 2844 74 950 2845 75 950 2846 77 951 2847 78 951 2848 79 951 2849 81 952 2850 82 952 2851 83 952 2852 85 953 2853 86 953 2854 87 953 2855 89 954 2856 90 954 2857 91 954 2858 93 955 2859 94 955 2860 95 955 2861 97 956 2862 98 956 2863 99 956 2864 101 957 2865 102 957 2866 103 957 2867 105 958 2868 106 958 2869 107 958 2870 109 959 2871 110 959 2872 111 959 2873 113 960 2874 114 960 2875 115 960 2876 117 961 2877 118 961 2878 119 961 2879 121 962 2880 122 962 2881 123 962 2882 125 963 2883 126 963 2884 127 963 2885 131 964 2886 128 964 2887 130 964 2888 135 965 2889 132 965 2890 134 965 2891 137 966 2892 138 966 2893 139 966 2894 141 967 2895 142 967 2896 143 967 2897 145 968 2898 146 968 2899 147 968 2900 149 969 2901 150 969 2902 151 969 2903 155 970 2904 152 970 2905 154 970 2906 159 971 2907 156 971 2908 158 971 2909 163 972 2910 160 972 2911 162 972 2912 167 973 2913 164 973 2914 166 973 2915 169 974 2916 170 974 2917 171 974 2918 173 975 2919 174 975 2920 175 975 2921 179 976 2922 176 976 2923 178 976 2924 183 977 2925 180 977 2926 182 977 2927 185 978 2928 186 978 2929 187 978 2930 189 979 2931 190 979 2932 191 979 2933 193 980 2934 194 980 2935 195 980 2936 197 981 2937 198 981 2938 199 981 2939 201 982 2940 202 982 2941 203 982 2942 205 983 2943 206 983 2944 207 983 2945 209 984 2946 210 984 2947 211 984 2948 213 985 2949 214 985 2950 215 985 2951 217 986 2952 218 986 2953 219 986 2954 221 987 2955 222 987 2956 223 987 2957 225 988 2958 226 988 2959 227 988 2960 229 989 2961 230 989 2962 231 989 2963 233 990 2964 234 990 2965 235 990 2966 237 991 2967 238 991 2968 239 991 2969 241 992 2970 242 992 2971 243 992 2972 245 993 2973 246 993 2974 247 993 2975 249 994 2976 250 994 2977 251 994 2978 253 995 2979 254 995 2980 255 995 2981 259 996 2982 256 996 2983 258 996 2984 263 997 2985 260 997 2986 262 997 2987 265 998 2988 266 998 2989 267 998 2990 269 999 2991 270 999 2992 271 999 2993 273 1000 2994 274 1000 2995 275 1000 2996 277 1001 2997 278 1001 2998 279 1001 2999 283 1002 3000 280 1002 3001 282 1002 3002 287 1003 3003 284 1003 3004 286 1003 3005 291 1004 3006 288 1004 3007 290 1004 3008 295 1005 3009 292 1005 3010 294 1005 3011 297 1006 3012 298 1006 3013 299 1006 3014 301 1007 3015 302 1007 3016 303 1007 3017 307 1008 3018 304 1008 3019 306 1008 3020 311 1009 3021 308 1009 3022 310 1009 3023 313 1010 3024 314 1010 3025 315 1010 3026 317 1011 3027 318 1011 3028 319 1011 3029 321 1012 3030 322 1012 3031 323 1012 3032 325 1013 3033 326 1013 3034 327 1013 3035 329 1014 3036 330 1014 3037 331 1014 3038 333 1015 3039 334 1015 3040 335 1015 3041 337 1016 3042 338 1016 3043 339 1016 3044 341 1017 3045 342 1017 3046 343 1017 3047 345 1018 3048 346 1018 3049 347 1018 3050 349 1019 3051 350 1019 3052 351 1019 3053 353 1020 3054 354 1020 3055 355 1020 3056 357 1021 3057 358 1021 3058 359 1021 3059 361 1022 3060 362 1022 3061 363 1022 3062 365 1023 3063 366 1023 3064 367 1023 3065 438 1024 3066 439 1024 3067 440 1024 3068 442 1025 3069 443 1025 3070 444 1025 3071 446 1026 3072 447 1026 3073 448 1026 3074 479 1027 3075 476 1027 3076 478 1027 3077 481 1028 3078 482 1028 3079 483 1028 3080 487 1029 3081 484 1029 3082 486 1029 3083 507 1030 3084 508 1030 3085 509 1030 3086 511 1031 3087 512 1031 3088 513 1031 3089 515 1032 3090 516 1032 3091 517 1032 3092 546 1033 3093 547 1033 3094 548 1033 3095 550 1034 3096 551 1034 3097 552 1034 3098 554 1035 3099 555 1035 3100 556 1035 3101 558 1036 3102 559 1036 3103 560 1036 3104 562 1037 3105 563 1037 3106 564 1037 3107 566 1038 3108 567 1038 3109 568 1038 3110 570 1039 3111 571 1039 3112 572 1039 3113 574 1040 3114 575 1040 3115 576 1040 3116 578 1041 3117 579 1041 3118 580 1041 3119 582 1042 3120 583 1042 3121 584 1042 3122 586 1043 3123 587 1043 3124 588 1043 3125 589 1044 3126 590 1044 3127 591 1044 3128 422 1045 3129 593 1045 3130 594 1045 3131 596 1046 3132 597 1046 3133 598 1046 3134 600 1047 3135 601 1047 3136 602 1047 3137 603 1048 3138 604 1048 3139 605 1048 3140 388 1049 3141 607 1049 3142 608 1049 3143 610 1050 3144 611 1050 3145 612 1050 3146 371 1051 3147 614 1051 3148 615 1051 3149 619 1052 3150 616 1052 3151 618 1052 3152 621 1053 3153 622 1053 3154 623 1053 3155 625 1054 3156 626 1054 3157 627 1054 3158 631 1055 3159 628 1055 3160 630 1055 3161 639 1056 3162 636 1056 3163 638 1056 3164 641 1057 3165 642 1057 3166 643 1057 3167 645 1058 3168 646 1058 3169 647 1058 3170 651 1059 3171 648 1059 3172 650 1059 3173 659 1060 3174 656 1060 3175 658 1060 3176 661 1061 3177 662 1061 3178 663 1061 3179 665 1062 3180 666 1062 3181 667 1062 3182 671 1063 3183 668 1063 3184 670 1063 3185 679 1064 3186 676 1064 3187 678 1064 3188 681 1065 3189 682 1065 3190 683 1065 3191 685 1066 3192 686 1066 3193 687 1066 3194 691 1067 3195 688 1067 3196 690 1067 3197 0 1068 3198 97 1068 3199 96 1068 3200 1 1069 3201 65 1069 3202 64 1069 3203 9 1070 3204 8 1070 3205 3 1070 3206 0 1071 3207 3 1071 3208 6 1071 3209 4 1072 3210 101 1072 3211 100 1072 3212 6 1073 3213 13 1073 3214 12 1073 3215 18 1074 3216 17 1074 3217 4 1074 3218 9 1075 3219 69 1075 3220 68 1075 3221 33 1076 3222 32 1076 3223 11 1076 3224 11 1077 3225 14 1077 3226 13 1077 3227 14 1078 3228 37 1078 3229 36 1078 3230 15 1079 3231 26 1079 3232 25 1079 3233 16 1080 3234 109 1080 3235 108 1080 3236 18 1081 3237 25 1081 3238 24 1081 3239 22 1082 3240 21 1082 3241 16 1082 3242 20 1083 3243 105 1083 3244 104 1083 3245 29 1084 3246 28 1084 3247 23 1084 3248 23 1085 3249 121 1085 3250 120 1085 3251 49 1086 3252 48 1086 3253 27 1086 3254 30 1087 3255 29 1087 3256 24 1087 3257 53 1088 3258 52 1088 3259 31 1088 3260 31 1089 3261 125 1089 3262 124 1089 3263 33 1090 3264 77 1090 3265 76 1090 3266 41 1091 3267 40 1091 3268 35 1091 3269 38 1092 3270 37 1092 3271 32 1092 3272 38 1093 3273 45 1093 3274 44 1093 3275 50 1094 3276 49 1094 3277 36 1094 3278 41 1095 3279 73 1095 3280 72 1095 3281 42 1096 3282 81 1096 3283 80 1096 3284 43 1097 3285 46 1097 3286 45 1097 3287 85 1098 3288 84 1098 3289 47 1098 3290 58 1099 3291 57 1099 3292 44 1099 3293 57 1100 3294 56 1100 3295 51 1100 3296 54 1101 3297 53 1101 3298 48 1101 3299 54 1102 3300 61 1102 3301 60 1102 3302 55 1103 3303 117 1103 3304 116 1103 3305 58 1104 3306 93 1104 3307 92 1104 3308 62 1105 3309 61 1105 3310 56 1105 3311 62 1106 3312 89 1106 3313 88 1106 3314 63 1107 3315 113 1107 3316 112 1107 3317 96 1108 3318 99 1108 3319 66 1108 3320 67 1109 3321 66 1109 3322 188 1109 3323 67 1110 3324 70 1110 3325 69 1110 3326 71 1111 3327 70 1111 3328 184 1111 3329 71 1112 3330 78 1112 3331 77 1112 3332 76 1113 3333 79 1113 3334 74 1113 3335 181 1114 3336 180 1114 3337 75 1114 3338 75 1115 3339 82 1115 3340 81 1115 3341 177 1116 3342 176 1116 3343 79 1116 3344 83 1117 3345 82 1117 3346 172 1117 3347 83 1118 3348 86 1118 3349 85 1118 3350 87 1119 3351 86 1119 3352 168 1119 3353 87 1120 3354 94 1120 3355 93 1120 3356 92 1121 3357 95 1121 3358 90 1121 3359 165 1122 3360 164 1122 3361 91 1122 3362 114 1123 3363 113 1123 3364 88 1123 3365 161 1124 3366 160 1124 3367 95 1124 3368 100 1125 3369 103 1125 3370 98 1125 3371 156 1126 3372 99 1126 3373 157 1126 3374 108 1127 3375 111 1127 3376 102 1127 3377 153 1128 3378 152 1128 3379 103 1128 3380 105 1129 3381 120 1129 3382 123 1129 3383 107 1130 3384 106 1130 3385 148 1130 3386 110 1131 3387 109 1131 3388 104 1131 3389 111 1132 3390 110 1132 3391 144 1132 3392 114 1133 3393 141 1133 3394 140 1133 3395 118 1134 3396 117 1134 3397 112 1134 3398 118 1135 3399 137 1135 3400 136 1135 3401 126 1136 3402 125 1136 3403 116 1136 3404 121 1137 3405 124 1137 3406 127 1137 3407 133 1138 3408 132 1138 3409 123 1138 3410 128 1139 3411 127 1139 3412 129 1139 3413 129 1140 3414 136 1140 3415 139 1140 3416 252 1141 3417 131 1141 3418 253 1141 3419 128 1142 3420 131 1142 3421 133 1142 3422 249 1143 3423 248 1143 3424 135 1143 3425 149 1144 3426 132 1144 3427 150 1144 3428 143 1145 3429 138 1145 3430 140 1145 3431 138 1146 3432 245 1146 3433 244 1146 3434 142 1147 3435 141 1147 3436 167 1147 3437 142 1148 3438 241 1148 3439 240 1148 3440 151 1149 3441 146 1149 3442 148 1149 3443 146 1150 3444 237 1150 3445 236 1150 3446 154 1151 3447 153 1151 3448 144 1151 3449 151 1152 3450 150 1152 3451 232 1152 3452 228 1153 3453 155 1153 3454 229 1153 3455 152 1154 3456 155 1154 3457 157 1154 3458 224 1155 3459 159 1155 3460 225 1155 3461 156 1156 3462 159 1156 3463 189 1156 3464 168 1157 3465 171 1157 3466 162 1157 3467 221 1158 3468 220 1158 3469 163 1158 3470 163 1159 3471 166 1159 3472 165 1159 3473 216 1160 3474 167 1160 3475 217 1160 3476 175 1161 3477 170 1161 3478 172 1161 3479 170 1162 3480 213 1162 3481 212 1162 3482 183 1163 3483 174 1163 3484 180 1163 3485 174 1164 3486 209 1164 3487 208 1164 3488 184 1165 3489 187 1165 3490 178 1165 3491 205 1166 3492 204 1166 3493 179 1166 3494 179 1167 3495 182 1167 3496 181 1167 3497 201 1168 3498 200 1168 3499 183 1168 3500 188 1169 3501 191 1169 3502 186 1169 3503 186 1170 3504 197 1170 3505 196 1170 3506 190 1171 3507 193 1171 3508 192 1171 3509 224 1172 3510 227 1172 3511 194 1172 3512 195 1173 3513 194 1173 3514 316 1173 3515 195 1174 3516 198 1174 3517 197 1174 3518 198 1175 3519 313 1175 3520 312 1175 3521 206 1176 3522 205 1176 3523 196 1176 3524 204 1177 3525 207 1177 3526 202 1177 3527 309 1178 3528 308 1178 3529 203 1178 3530 210 1179 3531 209 1179 3532 200 1179 3533 304 1180 3534 207 1180 3535 305 1180 3536 210 1181 3537 301 1181 3538 300 1181 3539 214 1182 3540 213 1182 3541 208 1182 3542 214 1183 3543 297 1183 3544 296 1183 3545 215 1184 3546 222 1184 3547 221 1184 3548 220 1185 3549 223 1185 3550 218 1185 3551 293 1186 3552 292 1186 3553 219 1186 3554 219 1187 3555 242 1187 3556 241 1187 3557 289 1188 3558 288 1188 3559 223 1188 3560 228 1189 3561 231 1189 3562 226 1189 3563 285 1190 3564 284 1190 3565 227 1190 3566 229 1191 3567 236 1191 3568 239 1191 3569 281 1192 3570 280 1192 3571 231 1192 3572 248 1193 3573 251 1193 3574 234 1193 3575 235 1194 3576 234 1194 3577 276 1194 3578 238 1195 3579 237 1195 3580 232 1195 3581 239 1196 3582 238 1196 3583 272 1196 3584 243 1197 3585 242 1197 3586 268 1197 3587 243 1198 3588 246 1198 3589 245 1198 3590 247 1199 3591 246 1199 3592 264 1199 3593 247 1200 3594 254 1200 3595 253 1200 3596 252 1201 3597 255 1201 3598 250 1201 3599 261 1202 3600 260 1202 3601 251 1202 3602 257 1203 3603 256 1203 3604 255 1203 3605 264 1204 3606 267 1204 3607 258 1204 3608 349 1205 3609 348 1205 3610 259 1205 3611 259 1206 3612 262 1206 3613 261 1206 3614 263 1207 3615 262 1207 3616 429 1207 3617 277 1208 3618 260 1208 3619 278 1208 3620 268 1209 3621 271 1209 3622 266 1209 3623 267 1210 3624 266 1210 3625 344 1210 3626 270 1211 3627 269 1211 3628 295 1211 3629 271 1212 3630 270 1212 3631 420 1212 3632 276 1213 3633 279 1213 3634 274 1213 3635 275 1214 3636 274 1214 3637 340 1214 3638 275 1215 3639 282 1215 3640 281 1215 3641 279 1216 3642 278 1216 3643 412 1216 3644 337 1217 3645 336 1217 3646 283 1217 3647 283 1218 3648 286 1218 3649 285 1218 3650 405 1219 3651 404 1219 3652 287 1219 3653 287 1220 3654 318 1220 3655 317 1220 3656 296 1221 3657 299 1221 3658 290 1221 3659 333 1222 3660 332 1222 3661 291 1222 3662 291 1223 3663 294 1223 3664 293 1223 3665 396 1224 3666 395 1224 3667 295 1224 3668 300 1225 3669 303 1225 3670 298 1225 3671 299 1226 3672 298 1226 3673 328 1226 3674 308 1227 3675 311 1227 3676 302 1227 3677 303 1228 3678 302 1228 3679 386 1228 3680 312 1229 3681 315 1229 3682 306 1229 3683 325 1230 3684 324 1230 3685 307 1230 3686 307 1231 3687 310 1231 3688 309 1231 3689 311 1232 3690 310 1232 3691 378 1232 3692 316 1233 3693 319 1233 3694 314 1233 3695 315 1234 3696 314 1234 3697 320 1234 3698 318 1235 3699 370 1235 3700 369 1235 3701 322 1236 3702 321 1236 3703 375 1236 3704 461 1237 3705 463 1237 3706 323 1237 3707 326 1238 3708 325 1238 3709 320 1238 3710 327 1239 3711 326 1239 3712 504 1239 3713 382 1240 3714 324 1240 3715 380 1240 3716 330 1241 3717 329 1241 3718 392 1241 3719 521 1242 3720 523 1242 3721 331 1242 3722 331 1243 3723 334 1243 3724 333 1243 3725 335 1244 3726 334 1244 3727 543 1244 3728 399 1245 3729 332 1245 3730 397 1245 3731 340 1246 3732 343 1246 3733 338 1246 3734 339 1247 3735 338 1247 3736 456 1247 3737 408 1248 3738 336 1248 3739 406 1248 3740 342 1249 3741 341 1249 3742 417 1249 3743 470 1250 3744 472 1250 3745 343 1250 3746 345 1251 3747 427 1251 3748 426 1251 3749 530 1252 3750 532 1252 3751 347 1252 3752 350 1253 3753 349 1253 3754 344 1253 3755 351 1254 3756 350 1254 3757 495 1254 3758 433 1255 3759 348 1255 3760 431 1255 3761 353 1256 3762 352 1256 3763 465 1256 3764 452 1257 3765 454 1257 3766 354 1257 3767 357 1258 3768 356 1258 3769 355 1258 3770 355 1259 3771 362 1259 3772 361 1259 3773 358 1260 3774 357 1260 3775 474 1260 3776 491 1261 3777 493 1261 3778 359 1261 3779 359 1262 3780 366 1262 3781 365 1262 3782 500 1263 3783 502 1263 3784 361 1263 3785 365 1264 3786 364 1264 3787 363 1264 3788 363 1265 3789 526 1265 3790 525 1265 3791 367 1266 3792 366 1266 3793 534 1266 3794 541 1267 3795 364 1267 3796 539 1267 3797 368 1268 3798 374 1268 3799 376 1268 3800 373 1269 3801 372 1269 3802 368 1269 3803 599 1270 3804 371 1270 3805 410 1270 3806 438 1271 3807 437 1271 3808 375 1271 3809 378 1272 3810 377 1272 3811 384 1272 3812 381 1273 3813 377 1273 3814 382 1273 3815 380 1274 3816 507 1274 3817 506 1274 3818 384 1275 3819 609 1275 3820 390 1275 3821 386 1276 3822 385 1276 3823 393 1276 3824 387 1277 3825 390 1277 3826 389 1277 3827 514 1278 3828 517 1278 3829 392 1278 3830 400 1279 3831 402 1279 3832 395 1279 3833 396 1280 3834 399 1280 3835 398 1280 3836 398 1281 3837 397 1281 3838 552 1281 3839 422 1282 3840 424 1282 3841 402 1282 3842 409 1283 3843 410 1283 3844 404 1283 3845 407 1284 3846 403 1284 3847 408 1284 3848 407 1285 3849 406 1285 3850 442 1285 3851 412 1286 3852 411 1286 3853 418 1286 3854 414 1287 3855 411 1287 3856 415 1287 3857 415 1288 3858 436 1288 3859 435 1288 3860 417 1289 3861 416 1289 3862 477 1289 3863 420 1290 3864 419 1290 3865 427 1290 3866 423 1291 3867 419 1291 3868 424 1291 3869 556 1292 3870 555 1292 3871 426 1292 3872 429 1293 3873 428 1293 3874 436 1293 3875 432 1294 3876 428 1294 3877 433 1294 3878 432 1295 3879 431 1295 3880 486 1295 3881 582 1296 3882 581 1296 3883 439 1296 3884 446 1297 3885 445 1297 3886 440 1297 3887 440 1298 3888 462 1298 3889 461 1298 3890 586 1299 3891 585 1299 3892 442 1299 3893 456 1300 3894 455 1300 3895 444 1300 3896 444 1301 3897 447 1301 3898 446 1301 3899 448 1302 3900 447 1302 3901 452 1302 3902 464 1303 3903 445 1303 3904 465 1303 3905 450 1304 3906 449 1304 3907 457 1304 3908 469 1305 3909 468 1305 3910 451 1305 3911 453 1306 3912 449 1306 3913 454 1306 3914 464 1307 3915 466 1307 3916 459 1307 3917 499 1308 3918 498 1308 3919 460 1308 3920 460 1309 3921 463 1309 3922 462 1309 3923 468 1310 3924 467 1310 3925 475 1310 3926 471 1311 3927 467 1311 3928 472 1311 3929 471 1312 3930 470 1312 3931 476 1312 3932 481 1313 3933 480 1313 3934 474 1313 3935 578 1314 3936 577 1314 3937 479 1314 3938 479 1315 3939 482 1315 3940 481 1315 3941 485 1316 3942 484 1316 3943 483 1316 3944 483 1317 3945 492 1317 3946 491 1317 3947 574 1318 3948 573 1318 3949 486 1318 3950 494 1319 3951 484 1319 3952 495 1319 3953 494 1320 3954 496 1320 3955 489 1320 3956 529 1321 3957 528 1321 3958 490 1321 3959 490 1322 3960 493 1322 3961 492 1322 3962 503 1323 3963 505 1323 3964 498 1323 3965 499 1324 3966 502 1324 3967 501 1324 3968 501 1325 3969 500 1325 3970 511 1325 3971 508 1326 3972 507 1326 3973 504 1326 3974 511 1327 3975 510 1327 3976 509 1327 3977 509 1328 3978 570 1328 3979 569 1328 3980 525 1329 3981 524 1329 3982 513 1329 3983 513 1330 3984 516 1330 3985 515 1330 3986 566 1331 3987 565 1331 3988 515 1331 3989 517 1332 3990 516 1332 3991 521 1332 3992 524 1333 3993 526 1333 3994 519 1333 3995 538 1334 3996 537 1334 3997 520 1334 3998 520 1335 3999 523 1335 4000 522 1335 4001 533 1336 4002 535 1336 4003 528 1336 4004 529 1337 4005 532 1337 4006 531 1337 4007 531 1338 4008 530 1338 4009 554 1338 4010 547 1339 4011 546 1339 4012 534 1339 4013 542 1340 4014 544 1340 4015 537 1340 4016 538 1341 4017 541 1341 4018 540 1341 4019 540 1342 4020 539 1342 4021 545 1342 4022 550 1343 4023 549 1343 4024 543 1343 4025 554 1344 4026 553 1344 4027 548 1344 4028 548 1345 4029 551 1345 4030 550 1345 4031 562 1346 4032 561 1346 4033 552 1346 4034 556 1347 4035 558 1347 4036 557 1347 4037 592 1348 4038 594 1348 4039 559 1348 4040 680 1349 4041 683 1349 4042 560 1349 4043 560 1350 4044 563 1350 4045 562 1350 4046 564 1351 4047 563 1351 4048 679 1351 4049 604 1352 4050 603 1352 4051 561 1352 4052 606 1353 4053 608 1353 4054 567 1353 4055 664 1354 4056 667 1354 4057 568 1354 4058 568 1355 4059 571 1355 4060 570 1355 4061 660 1356 4062 663 1356 4063 572 1356 4064 572 1357 4065 611 1357 4066 610 1357 4067 577 1358 4068 580 1358 4069 575 1358 4070 576 1359 4071 575 1359 4072 651 1359 4073 576 1360 4074 590 1360 4075 589 1360 4076 595 1361 4077 598 1361 4078 579 1361 4079 580 1362 4080 579 1362 4081 639 1362 4082 582 1363 4083 613 1363 4084 615 1363 4085 584 1364 4086 583 1364 4087 631 1364 4088 587 1365 4089 586 1365 4090 581 1365 4091 624 1366 4092 627 1366 4093 588 1366 4094 588 1367 4095 601 1367 4096 600 1367 4097 644 1368 4098 647 1368 4099 591 1368 4100 591 1369 4101 597 1369 4102 596 1369 4103 401 1370 4104 605 1370 4105 593 1370 4106 684 1371 4107 687 1371 4108 594 1371 4109 640 1372 4110 643 1372 4111 598 1372 4112 620 1373 4113 623 1373 4114 602 1373 4115 602 1374 4116 614 1374 4117 371 1374 4118 605 1375 4119 604 1375 4120 691 1375 4121 609 1376 4122 612 1376 4123 607 1376 4124 608 1377 4125 607 1377 4126 671 1377 4127 612 1378 4128 611 1378 4129 659 1378 4130 615 1379 4131 614 1379 4132 619 1379 4133 623 1380 4134 622 1380 4135 617 1380 4136 618 1381 4137 617 1381 4138 632 1381 4139 629 1382 4140 628 1382 4141 619 1382 4142 621 1383 4143 620 1383 4144 626 1383 4145 634 1384 4146 633 1384 4147 622 1384 4148 625 1385 4149 624 1385 4150 630 1385 4151 635 1386 4152 634 1386 4153 626 1386 4154 630 1387 4155 629 1387 4156 635 1387 4157 643 1388 4158 642 1388 4159 637 1388 4160 638 1389 4161 637 1389 4162 652 1389 4163 649 1390 4164 648 1390 4165 639 1390 4166 640 1391 4167 647 1391 4168 646 1391 4169 654 1392 4170 653 1392 4171 642 1392 4172 645 1393 4173 644 1393 4174 650 1393 4175 655 1394 4176 654 1394 4177 646 1394 4178 650 1395 4179 649 1395 4180 655 1395 4181 663 1396 4182 662 1396 4183 657 1396 4184 658 1397 4185 657 1397 4186 672 1397 4187 669 1398 4188 668 1398 4189 659 1398 4190 661 1399 4191 660 1399 4192 666 1399 4193 674 1400 4194 673 1400 4195 662 1400 4196 665 1401 4197 664 1401 4198 670 1401 4199 675 1402 4200 674 1402 4201 666 1402 4202 670 1403 4203 669 1403 4204 675 1403 4205 683 1404 4206 682 1404 4207 677 1404 4208 678 1405 4209 677 1405 4210 692 1405 4211 689 1406 4212 688 1406 4213 679 1406 4214 681 1407 4215 680 1407 4216 686 1407 4217 694 1408 4218 693 1408 4219 682 1408 4220 685 1409 4221 684 1409 4222 690 1409 4223 695 1410 4224 694 1410 4225 686 1410 4226 690 1411 4227 689 1411 4228 695 1411 4229 5 1412 4230 100 1412 4231 97 1412 4232 64 1413 4233 69 1413 4234 9 1413 4235 8 1414 4236 13 1414 4237 6 1414 4238 17 1415 4239 108 1415 4240 101 1415 4241 12 1416 4242 25 1416 4243 18 1416 4244 68 1417 4245 77 1417 4246 33 1417 4247 32 1418 4248 37 1418 4249 14 1418 4250 36 1419 4251 49 1419 4252 26 1419 4253 21 1420 4254 104 1420 4255 109 1420 4256 24 1421 4257 29 1421 4258 22 1421 4259 28 1422 4260 124 1422 4261 121 1422 4262 48 1423 4263 53 1423 4264 30 1423 4265 52 1424 4266 116 1424 4267 125 1424 4268 76 1425 4269 73 1425 4270 41 1425 4271 40 1426 4272 45 1426 4273 38 1426 4274 44 1427 4275 57 1427 4276 50 1427 4277 80 1428 4278 85 1428 4279 46 1428 4280 84 1429 4281 93 1429 4282 58 1429 4283 56 1430 4284 61 1430 4285 54 1430 4286 60 1431 4287 112 1431 4288 117 1431 4289 92 1432 4290 89 1432 4291 62 1432 4292 189 1433 4293 66 1433 4294 156 1433 4295 70 1434 4296 67 1434 4297 185 1434 4298 184 1435 4299 177 1435 4300 78 1435 4301 181 1436 4302 74 1436 4303 176 1436 4304 82 1437 4305 75 1437 4306 173 1437 4307 86 1438 4308 83 1438 4309 169 1438 4310 168 1439 4311 161 1439 4312 94 1439 4313 165 1440 4314 90 1440 4315 160 1440 4316 164 1441 4317 141 1441 4318 114 1441 4319 157 1442 4320 98 1442 4321 152 1442 4322 111 1443 4323 144 1443 4324 153 1443 4325 123 1444 4326 132 1444 4327 149 1444 4328 110 1445 4329 107 1445 4330 145 1445 4331 118 1446 4332 115 1446 4333 137 1446 4334 136 1447 4335 129 1447 4336 126 1447 4337 133 1448 4338 122 1448 4339 128 1448 4340 139 1449 4341 244 1449 4342 253 1449 4343 252 1450 4344 249 1450 4345 134 1450 4346 150 1451 4347 135 1451 4348 233 1451 4349 143 1452 4350 240 1452 4351 245 1452 4352 241 1453 4353 142 1453 4354 216 1453 4355 151 1454 4356 232 1454 4357 237 1454 4358 236 1455 4359 229 1455 4360 154 1455 4361 228 1456 4362 225 1456 4363 158 1456 4364 224 1457 4365 193 1457 4366 190 1457 4367 171 1458 4368 212 1458 4369 221 1458 4370 220 1459 4371 217 1459 4372 166 1459 4373 175 1460 4374 208 1460 4375 213 1460 4376 183 1461 4377 200 1461 4378 209 1461 4379 187 1462 4380 196 1462 4381 205 1462 4382 204 1463 4383 201 1463 4384 182 1463 4385 191 1464 4386 192 1464 4387 197 1464 4388 317 1465 4389 194 1465 4390 284 1465 4391 198 1466 4392 195 1466 4393 313 1466 4394 312 1467 4395 305 1467 4396 206 1467 4397 309 1468 4398 202 1468 4399 304 1468 4400 210 1469 4401 203 1469 4402 301 1469 4403 214 1470 4404 211 1470 4405 297 1470 4406 296 1471 4407 289 1471 4408 222 1471 4409 293 1472 4410 218 1472 4411 288 1472 4412 292 1473 4413 269 1473 4414 242 1473 4415 285 1474 4416 226 1474 4417 280 1474 4418 239 1475 4419 272 1475 4420 281 1475 4421 251 1476 4422 260 1476 4423 277 1476 4424 238 1477 4425 235 1477 4426 273 1477 4427 246 1478 4428 243 1478 4429 265 1478 4430 264 1479 4431 257 1479 4432 254 1479 4433 261 1480 4434 250 1480 4435 256 1480 4436 267 1481 4437 344 1481 4438 349 1481 4439 340 1482 4440 337 1482 4441 282 1482 4442 299 1483 4443 328 1483 4444 333 1483 4445 315 1484 4446 320 1484 4447 325 1484 4448 375 1485 4449 437 1485 4450 461 1485 4451 504 1486 4452 507 1486 4453 380 1486 4454 392 1487 4455 517 1487 4456 521 1487 4457 543 1488 4458 549 1488 4459 397 1488 4460 456 1489 4461 443 1489 4462 406 1489 4463 417 1490 4464 477 1490 4465 470 1490 4466 426 1491 4467 555 1491 4468 530 1491 4469 495 1492 4470 487 1492 4471 431 1492 4472 465 1493 4473 448 1493 4474 452 1493 4475 356 1494 4476 365 1494 4477 362 1494 4478 474 1495 4479 480 1495 4480 491 1495 4481 525 1496 4482 512 1496 4483 500 1496 4484 534 1497 4485 546 1497 4486 539 1497 4487 680 1498 4488 559 1498 4489 687 1498 4490 563 1499 4491 560 1499 4492 676 1499 4493 604 1500 4494 564 1500 4495 688 1500 4496 664 1501 4497 567 1501 4498 671 1501 4499 667 1502 4500 660 1502 4501 571 1502 4502 611 1503 4503 572 1503 4504 656 1503 4505 580 1504 4506 639 1504 4507 648 1504 4508 651 1505 4509 644 1505 4510 590 1505 4511 598 1506 4512 643 1506 4513 636 1506 4514 615 1507 4515 619 1507 4516 628 1507 4517 631 1508 4518 624 1508 4519 587 1508 4520 627 1509 4521 620 1509 4522 601 1509 4523 647 1510 4524 640 1510 4525 597 1510 4526 684 1511 4527 593 1511 4528 691 1511 4529 614 1512 4530 602 1512 4531 616 1512 4532 612 1513 4533 659 1513 4534 668 1513 4535 692 1514 4536 736 1514 4537 737 1514 4538 695 1515 4539 737 1515 4540 738 1515 4541 694 1516 4542 738 1516 4543 739 1516 4544 693 1517 4545 739 1517 4546 736 1517 4547 652 1518 4548 740 1518 4549 741 1518 4550 655 1519 4551 741 1519 4552 742 1519 4553 654 1520 4554 742 1520 4555 743 1520 4556 653 1521 4557 743 1521 4558 740 1521 4559 632 1522 4560 744 1522 4561 745 1522 4562 635 1523 4563 745 1523 4564 746 1523 4565 634 1524 4566 746 1524 4567 747 1524 4568 633 1525 4569 747 1525 4570 744 1525 4571 672 1526 4572 748 1526 4573 749 1526 4574 675 1527 4575 749 1527 4576 750 1527 4577 674 1528 4578 750 1528 4579 751 1528 4580 673 1529 4581 751 1529 4582 748 1529 4583 751 1530 4584 753 1530 4585 752 1530 4586 750 1531 4587 754 1531 4588 753 1531 4589 749 1532 4590 755 1532 4591 754 1532 4592 748 1533 4593 752 1533 4594 755 1533 4595 747 1534 4596 756 1534 4597 757 1534 4598 746 1535 4599 758 1535 4600 756 1535 4601 745 1536 4602 759 1536 4603 758 1536 4604 744 1537 4605 757 1537 4606 759 1537 4607 743 1538 4608 761 1538 4609 760 1538 4610 742 1539 4611 762 1539 4612 761 1539 4613 741 1540 4614 763 1540 4615 762 1540 4616 740 1541 4617 760 1541 4618 763 1541 4619 739 1542 4620 764 1542 4621 765 1542 4622 738 1543 4623 766 1543 4624 764 1543 4625 737 1544 4626 767 1544 4627 766 1544 4628 736 1545 4629 765 1545 4630 767 1545 4631 769 1546 4632 768 1546 4633 765 1546 4634 770 1547 4635 769 1547 4636 764 1547 4637 771 1548 4638 770 1548 4639 766 1548 4640 768 1549 4641 771 1549 4642 767 1549 4643 769 1550 4644 770 1550 4645 771 1550 4646 773 1551 4647 772 1551 4648 760 1551 4649 774 1552 4650 773 1552 4651 761 1552 4652 775 1553 4653 774 1553 4654 762 1553 4655 772 1554 4656 775 1554 4657 763 1554 4658 775 1555 4659 772 1555 4660 774 1555 4661 777 1556 4662 776 1556 4663 757 1556 4664 778 1557 4665 777 1557 4666 756 1557 4667 779 1558 4668 778 1558 4669 758 1558 4670 776 1559 4671 779 1559 4672 759 1559 4673 777 1560 4674 778 1560 4675 779 1560 4676 781 1561 4677 780 1561 4678 752 1561 4679 782 1562 4680 781 1562 4681 753 1562 4682 783 1563 4683 782 1563 4684 754 1563 4685 780 1564 4686 783 1564 4687 755 1564 4688 781 1565 4689 782 1565 4690 783 1565 4691</p>
        </polylist>
      </mesh>
      <extra><technique profile="MAYA"><double_sided>1</double_sided></technique></extra>
    </geometry>
  </library_geometries>
  <library_controllers/>
  <library_visual_scenes>
    <visual_scene id="Scene" name="Scene">
      <node id="Camera_001" name="Camera_001" type="NODE">
        <matrix sid="transform">0.8292074 -0.1904102 0.5255082 8.343702 0.5589408 0.2824799 -0.779609 -13.35666 2.2842e-8 0.9401856 0.3406626 4.203824 0 0 0 1</matrix>
        <instance_camera url="#Camera_001-camera"/>
      </node>
      <node id="Cube" name="Cube" type="NODE">
        <matrix sid="transform">1 0 0 0 0 1 0 -0.4904037 0 0 0.6069271 1.04483 0 0 0 1</matrix>
        <instance_geometry url="#Cube_001-mesh">
          <bind_material>
            <technique_common>
              <instance_material symbol="Material_001-material" target="#Material_001-material">
                <bind_vertex_input semantic="UVMap" input_semantic="TEXCOORD" input_set="0"/>
              </instance_material>
            </technique_common>
          </bind_material>
        </instance_geometry>
      </node>
    </visual_scene>
  </library_visual_scenes>
  <scene>
    <instance_visual_scene url="#Scene"/>
  </scene>
</COLLADA>
