# Blender v2.80 (sub 75) OBJ File: 'FemaleVisitorSit.blend'
# www.blender.org
mtllib FemaleVisitorSit.mtl
o FemaleVisitor.002
v 0.11579 0.12065 0.97389
v 0.10691 0.07614 0.99424
v 0.15677 0.06427 0.96724
v 0.15824 0.09849 0.96089
v 0.12693 0.10499 0.92534
v 0.1213 0.07692 0.90938
v 0.12048 0.06976 0.88444
v 0.11373 0.1235 0.87966
v 0.0738 0.12122 0.6093
v 0.10868 0.09689 0.60998
v 0.12429 0.05646 0.60847
v 0.10892 0.00569 0.60538
v 0.08293 -0.02749 0.60279
v 0.09765 -0.02798 0.80228
v 0.10182 0.00355 0.77341
v 0.11732 0.04714 0.76594
v 0.0939 0.09879 0.76042
v 0.06364 0.11845 0.76079
v -0.00505 0.14466 0.86082
v 0.03194 0.14395 0.86086
v 0.02918 0.12691 0.60853
v 0.03053 0.11983 0.76079
v 0.07341 0.14052 0.86187
v 0.06986 -0.04597 0.84836
v 0.06902 -0.02409 0.76104
v 0.07121 -0.04882 0.79459
v -0.00624 0.12203 0.76081
v -0.00724 -0.04498 0.84489
v -0.00624 -0.02487 0.76069
v -0.00687 -0.04899 0.79471
v -0.00343 -0.04309 0.6002
v -0.00698 0.12972 0.60841
v 0.10751 0.03423 0.97455
v 0.14658 0.03924 0.95727
v 0.10497 0.00929 0.88957
v 0.11462 0.05075 0.92061
v 0.10928 -0.27858 0.48207
v 0.11233 -0.27525 0.45985
v 0.10684 -0.27206 0.42241
v 0.05046 -0.27206 0.42241
v 0.11002 -0.27214 0.43727
v -0.00733 0.11452 0.66671
v 0.02662 0.11247 0.6671
v 0.06395 0.1067 0.66756
v 0.09478 0.08529 0.66821
v 0.10757 0.04198 0.66826
v 0.09475 0.00063 0.6701
v 0.06651 -0.02668 0.669
v 0.03121 0.13413 0.92634
v -0.00138 0.13759 0.92576
v -0.00024 0.12739 0.96237
v 0.0317 0.12028 0.96567
v 0.07043 0.13841 0.92508
v 0.0663 0.12334 0.97171
v 0.14455 0.11443 0.94651
v 0.11145 0.13203 0.92418
v -0.00712 -0.00806 0.92392
v -0.00708 -0.00201 0.93784
v 0.06599 -0.0022 0.9262
v 0.07009 0.03751 0.9801
v 0.10278 0.01663 0.93572
v 0.12546 0.03322 0.93282
v -0.0072 -0.02584 0.88379
v 0.0669 -0.02342 0.88494
v 0.18502 0.09308 0.88661
v 0.16109 0.11678 0.88518
v 0.18457 0.06312 0.88357
v 0.16156 0.04358 0.87801
v 0.1281 0.04658 0.87303
v 0.10554 0.06963 0.87176
v 0.10048 0.10226 0.87423
v 0.1279 0.11972 0.88025
v 0.07512 0.07712 1.00062
v 0.09988 -0.02575 0.84959
v -0.00485 -0.03205 0.66783
v 0.00423 -0.28778 0.50531
v 0.09586 -0.28388 0.51079
v 0.05173 0.10438 1.00476
v 0.05948 0.06759 1.00751
v 0.03117 0.11205 1.00036
v -0.00147 0.12249 0.99453
v 0.05463 0.03564 0.98821
v 0.19452 0.0996 0.82082
v 0.17075 0.12375 0.81943
v 0.19338 0.06956 0.81768
v 0.17077 0.04993 0.81209
v 0.13841 0.05291 0.80731
v 0.11846 0.07544 0.80651
v 0.11377 0.10842 0.80934
v 0.14228 0.12495 0.81508
v -0.1298 0.12215 0.96981
v -0.16945 0.08746 0.94123
v -0.16334 0.05533 0.95814
v -0.11937 0.07896 0.99365
v -0.14992 0.1023 0.91035
v -0.12896 0.12777 0.87436
v -0.13731 0.07958 0.88032
v -0.13858 0.0859 0.90455
v -0.1222 0.08919 0.60397
v -0.08726 0.11784 0.60656
v -0.13447 0.04456 0.60455
v -0.11117 -0.01407 0.60692
v -0.08263 -0.03521 0.60541
v -0.11431 0.00355 0.77341
v -0.11151 -0.02463 0.80368
v -0.10638 0.09879 0.76042
v -0.12981 0.04714 0.76594
v -0.07612 0.11845 0.76079
v -0.04205 0.14488 0.86067
v -0.04294 0.1254 0.60731
v -0.04302 0.11983 0.76079
v -0.08359 0.14249 0.86147
v -0.08436 -0.03892 0.84837
v -0.08518 -0.0422 0.7946
v -0.0815 -0.02409 0.76104
v -0.14476 0.04317 0.95791
v -0.12084 0.03724 0.97409
v -0.13104 0.02592 0.89106
v -0.12333 0.06562 0.92786
v -0.0764 -0.02934 0.66684
v -0.1059 -0.00339 0.66647
v -0.03332 0.14006 0.92515
v -0.03238 0.13007 0.96367
v -0.08084 0.14172 0.92466
v -0.07065 0.13765 0.96932
v -0.16899 0.1046 0.92668
v -0.12216 0.13495 0.92358
v -0.08405 0.0403 0.97951
v -0.08056 -0.00037 0.92582
v -0.12262 0.02446 0.9364
v -0.11639 0.01698 0.9354
v -0.08123 -0.02157 0.88467
v -0.16895 0.05763 0.87105
v -0.1786 0.02996 0.8877
v -0.16374 0.00953 0.90411
v -0.13403 0.00699 0.91137
v -0.10597 0.02493 0.90466
v -0.09722 0.05151 0.88858
v -0.10854 0.07639 0.86992
v -0.14111 0.07541 0.86442
v -0.08761 0.07926 1.00016
v -0.125 -0.00783 0.86387
v -0.11997 0.03832 0.6653
v -0.10844 0.08242 0.66589
v -0.07821 0.10469 0.66593
v -0.04113 0.11149 0.6663
v -0.11373 -0.28842 0.47316
v -0.11075 -0.28602 0.48784
v -0.10719 -0.27513 0.44161
v -0.09676 -0.27206 0.42241
v -0.0479 -0.27206 0.42241
v 0.00126 -0.27206 0.42241
v -0.07357 0.07889 1.00492
v -0.0578 0.11969 1.00142
v -0.03599 0.12278 0.99825
v -0.06942 0.03863 0.98758
v -0.09674 -0.28844 0.5132
v -0.15826 0.02165 0.81577
v -0.16756 -0.00625 0.83267
v -0.15206 -0.02639 0.84902
v -0.12263 -0.02922 0.85633
v -0.09556 -0.01181 0.84983
v -0.08889 0.01324 0.8345
v -0.10077 0.03834 0.8159
v -0.13375 0.03599 0.81082
v 0.1894 0.09825 0.81988
v 0.16859 0.11939 0.81866
v 0.1884 0.07197 0.81713
v 0.16861 0.05479 0.81223
v 0.1403 0.0574 0.80806
v 0.12284 0.07711 0.80736
v 0.11873 0.10596 0.80988
v 0.14369 0.12043 0.81486
v -0.15426 0.01966 0.81784
v -0.1624 -0.00474 0.83263
v -0.14883 -0.02237 0.84694
v -0.12308 -0.02485 0.85333
v -0.09939 -0.00961 0.84765
v -0.09355 0.01231 0.83425
v -0.10396 0.03429 0.818
v -0.13281 0.03221 0.81352
v 0.04741 0.10359 1.0011
v 0.05657 0.06782 1.00323
v 0.02837 0.1097 0.99887
v -0.00228 0.11917 0.99414
v 0.05401 0.04072 0.98434
v -0.07043 0.07927 1.00059
v -0.05497 0.11586 0.99848
v -0.03446 0.11871 0.99702
v -0.06733 0.04224 0.98402
v -0.00109 0.12231 0.96267
v 0.02933 0.11592 0.96577
v 0.06287 0.1178 0.97161
v 0.02665 0.0264 0.95867
v -0.0068 0.02379 0.95348
v 0.06722 0.04006 0.97673
v 0.07058 0.06877 0.99838
v 0.1679 0.00921 0.67124
v 0.15281 0.01586 0.66314
v 0.17249 0.07619 0.6726
v 0.18828 0.07021 0.6811
v 0.17365 0.00419 0.68746
v 0.19342 0.06422 0.69815
v 0.1653 0.00434 0.70216
v 0.18478 0.06392 0.71386
v 0.14875 0.00802 0.71174
v 0.16828 0.06829 0.72008
v 0.13521 0.01408 0.70402
v 0.15447 0.07638 0.70898
v 0.1282 0.01989 0.68615
v 0.1485 0.0831 0.69406
v 0.1382 0.01974 0.6688
v 0.15801 0.08264 0.67817
v 0.04456 0.09881 1.00693
v 0.04582 0.07868 1.00672
v 0.02712 0.10945 1.0003
v -0.00242 0.11899 0.99619
v 0.0187 0.04078 0.98985
v -0.00624 0.0357 0.98448
v 0.03712 0.05853 1.00122
v 0.16091 0.10989 0.88448
v 0.18019 0.08807 0.88566
v 0.18799 0.09354 0.81919
v 0.16937 0.11303 0.81815
v 0.17984 0.06438 0.88326
v 0.1872 0.07257 0.817
v 0.16479 0.04995 0.87915
v 0.17245 0.05976 0.81334
v 0.13395 0.04946 0.87424
v 0.14507 0.0598 0.80905
v 0.11318 0.07003 0.873
v 0.12977 0.07708 0.80845
v 0.10877 0.09836 0.87515
v 0.13258 0.11352 0.88038
v 0.14803 0.11502 0.81501
v 0.1287 0.10115 0.81097
v 0.11891 -0.09284 0.64999
v 0.11165 -0.09337 0.65729
v 0.11093 -0.09509 0.669
v 0.11749 -0.09813 0.68503
v 0.1292 -0.1023 0.68668
v 0.13475 -0.10177 0.67792
v 0.13392 -0.1007 0.6662
v 0.12644 -0.09672 0.6558
v 0.1453 -0.05423 0.6623
v 0.13484 -0.04953 0.6562
v 0.12535 -0.04713 0.66054
v 0.11764 -0.04708 0.67405
v 0.12258 -0.05087 0.68872
v 0.13339 -0.05619 0.69392
v 0.14517 -0.05877 0.68647
v 0.15024 -0.0583 0.67492
v 0.1992 0.10264 0.72881
v 0.18357 0.11984 0.72805
v 0.17609 0.11691 0.7734
v 0.19388 0.09814 0.77436
v 0.19976 0.08584 0.72701
v 0.19311 0.07761 0.77221
v 0.18614 0.07257 0.72345
v 0.17868 0.06506 0.76863
v 0.1667 0.07447 0.72217
v 0.15237 0.06481 0.76449
v 0.15094 0.08709 0.72005
v 0.13891 0.08095 0.76405
v 0.15153 0.10884 0.72026
v 0.13929 0.10382 0.76665
v 0.16615 0.12075 0.7247
v 0.15667 0.11818 0.77046
v -0.00895 -0.02259 1.12653
v -0.00271 -0.02492 1.13222
v -0.00647 -0.03167 1.14934
v -0.01212 -0.02381 1.12731
v 0.01121 -0.02364 1.14814
v 0.00729 -0.0249 1.1339
v 0.02753 -0.01123 1.14292
v 0.01664 -0.02045 1.1321
v 0.03576 -0.00264 1.12303
v 0.02228 -0.01473 1.12693
v 0.0278 -0.01029 1.11742
v 0.01599 -0.01913 1.12275
v 0.00915 -0.02544 1.1115
v 0.00528 -0.02474 1.12172
v -0.00876 -0.02717 1.12144
v -0.00435 -0.02624 1.12362
v -0.01337 -0.0322 1.14926
v -0.016 -0.02812 1.13027
v -0.01554 -0.02752 1.1169
v -0.02017 -0.03152 1.14905
v -0.02044 -0.02941 1.13121
v -0.02077 -0.03216 1.1174
v 0.04968 0.01926 1.12946
v 0.04437 0.01184 1.16268
v 0.04166 0.00485 1.10667
v 0.00599 -0.0246 1.1798
v -0.00844 -0.02839 1.17922
v -0.01902 -0.02889 1.17944
v 0.02288 -0.01397 1.1781
v 0.0281 -0.01078 1.09678
v 0.01046 -0.02232 1.09026
v 0.01879 -0.01467 1.07346
v 0.02817 0.00151 1.07515
v 0.04015 0.02499 1.07814
v 0.01031 -0.0098 1.05242
v 0.02298 0.00362 1.05154
v -0.00568 -0.01583 1.04176
v -0.00184 0.00122 1.04285
v 0.02719 0.02634 1.04987
v 0.00428 0.02194 1.04417
v -0.01122 -0.02735 1.09103
v 0.00562 -0.02148 1.07271
v 0.05596 0.03925 1.1205
v 0.05204 0.03264 1.15963
v 0.00025 -0.02092 1.0615
v -0.00867 -0.02244 1.04953
v -0.02007 -0.0162 1.03866
v -0.01785 0.00179 1.0392
v -0.01546 0.02047 1.03785
v -0.02112 -0.02206 1.0464
v 0.01076 -0.01618 1.19056
v -0.00481 -0.0253 1.1877
v -0.01744 -0.02629 1.19033
v 0.02609 -0.00517 1.19049
v 0.04144 0.00752 1.18285
v -0.02405 -0.03169 1.08814
v -0.02186 -0.03235 1.08827
v -0.022 -0.03548 1.08829
v -0.02447 -0.03526 1.08748
v -0.02129 -0.04198 1.09194
v -0.01888 -0.03776 1.09038
v -0.01853 -0.0394 1.09193
v -0.01451 -0.03633 1.09198
v -0.01644 -0.03591 1.09032
v -0.01815 -0.03001 1.08893
v -0.01216 -0.02769 1.09807
v -0.01521 -0.03594 1.09781
v -0.0188 -0.03978 1.09887
v -0.02126 -0.04299 1.1006
v -0.02567 -0.04345 1.09173
v -0.02185 -0.0388 1.10508
v -0.01661 -0.02795 1.10154
v -0.02573 -0.03957 1.10494
v -0.02545 -0.03302 1.11777
v -0.02614 -0.04438 1.10045
v -0.00077 -0.02599 1.10634
v -0.00445 -0.02556 1.07509
v -0.01296 -0.03072 1.08003
v -0.00083 -0.0228 1.07179
v -0.00394 -0.02291 1.06747
v -0.01126 -0.02492 1.06201
v -0.02557 -0.02949 1.13136
v -0.02671 -0.03088 1.14886
v -0.0276 -0.02793 1.17913
v -0.02803 -0.02621 1.19469
v -0.02357 -0.02976 1.08255
v -0.01937 -0.03137 1.08373
v -0.022 -0.02489 1.05909
v 0.02529 0.04573 1.04519
v 0.04335 0.06481 1.08149
v 0.00285 0.03712 1.03717
v -0.01512 0.03612 1.03226
v -0.0347 0.02679 1.04255
v -0.03204 0.04308 1.03557
v -0.01368 -0.02802 1.06584
v -0.00677 -0.02409 1.0697
v -0.00846 -0.02489 1.07088
v -0.0151 -0.02798 1.06971
v -0.01924 -0.03325 1.07908
v -0.02382 -0.03351 1.07705
v -0.02297 -0.02902 1.07011
v -0.01837 -0.03015 1.07149
v -0.0227 -0.02918 1.06311
v -0.02288 -0.02903 1.06791
v -0.01335 -0.03055 1.07647
v -0.01416 -0.02864 1.07147
v -0.00364 -0.02276 1.07152
v -0.00688 -0.02593 1.07381
v -0.00895 -0.02475 1.0715
v -0.00631 -0.02324 1.07128
v 0.02281 0.05626 1.02749
v 0.00571 0.04614 1.02291
v 0.00993 0.04475 1.00757
v 0.0274 0.05481 1.013
v -0.0126 0.04473 1.02136
v -0.01286 0.04356 1.00488
v 0.03585 0.07208 1.01744
v 0.03481 0.09196 1.02063
v 0.03062 0.09364 1.04437
v 0.03189 0.07232 1.03902
v -0.00016 0.11106 1.01935
v -0.00143 0.11185 1.04167
v 0.01789 0.10396 1.04319
v 0.01923 0.10329 1.0205
v -0.00264 -0.02536 1.12976
v -0.00832 -0.02235 1.1265
v -0.00706 -0.019 1.12628
v -0.00209 -0.02422 1.12932
v 0.00619 -0.02707 1.13144
v 0.00649 -0.02357 1.13095
v 0.01468 -0.02345 1.12914
v 0.01467 -0.01802 1.12874
v 0.0206 -0.01753 1.12691
v 0.02036 -0.01237 1.12707
v 0.0145 -0.01995 1.12419
v 0.01426 -0.01788 1.12453
v 0.00536 -0.02458 1.12281
v 0.00554 -0.02338 1.12324
v -0.00352 -0.02571 1.12447
v -0.00252 -0.02326 1.12503
v 0.01434 -0.01872 1.12729
v 0.00589 -0.02413 1.1283
v -0.00229 -0.02315 1.12809
v 0.08809 -0.17772 0.71154
v 0.0801 -0.17078 0.71266
v 0.08219 -0.17094 0.70739
v 0.0873 -0.17505 0.70808
v 0.10525 -0.1597 0.70672
v 0.10372 -0.1554 0.7132
v 0.09657 -0.16811 0.71511
v 0.09782 -0.17047 0.70917
v 0.08175 -0.15846 0.71024
v 0.08874 -0.16214 0.71593
v 0.09637 -0.14985 0.71406
v 0.08868 -0.14714 0.70875
v 0.0924 -0.16953 0.70461
v 0.09979 -0.15869 0.70185
v 0.08431 -0.16253 0.70344
v 0.09136 -0.15268 0.70127
v 0.12831 -0.12434 0.6486
v 0.12469 -0.12426 0.63975
v 0.11987 -0.12347 0.63821
v 0.12327 -0.15313 0.69686
v 0.11596 -0.15798 0.7011
v 0.11661 -0.16429 0.70072
v 0.12401 -0.16502 0.69836
v 0.10264 -0.15251 0.69527
v 0.1055 -0.16145 0.6964
v 0.114 -0.12175 0.64018
v 0.10754 -0.11993 0.64956
v 0.11167 -0.17147 0.63692
v 0.11651 -0.17183 0.63904
v 0.11417 -0.18027 0.63876
v 0.11005 -0.17775 0.63718
v 0.10676 -0.16916 0.63954
v 0.10726 -0.17619 0.63916
v 0.10091 -0.16713 0.64939
v 0.10635 -0.17717 0.64731
v 0.09888 -0.1657 0.66653
v 0.10318 -0.17702 0.65463
v 0.10303 -0.17732 0.66376
v 0.10365 -0.16644 0.68325
v 0.10395 -0.17711 0.6703
v 0.10683 -0.1771 0.6818
v 0.10839 -0.17576 0.68843
v 0.10819 -0.17099 0.69702
v 0.1148 -0.17345 0.70072
v 0.11972 -0.17712 0.69828
v 0.1249 -0.16919 0.68255
v 0.11762 -0.17885 0.68826
v 0.12334 -0.17066 0.66515
v 0.11687 -0.18206 0.68149
v 0.11311 -0.18157 0.67001
v 0.11995 -0.17177 0.6484
v 0.11288 -0.17981 0.66422
v 0.11424 -0.18099 0.65257
v 0.11346 -0.17842 0.64711
v 0.11306 -0.17599 0.64887
v 0.10814 -0.17581 0.64948
v 0.10961 -0.17751 0.64902
v 0.109 -0.17887 0.6515
v 0.11303 -0.17714 0.66661
v 0.10885 -0.17744 0.66677
v 0.10785 -0.17823 0.66558
v 0.10833 -0.1785 0.66858
v 0.11748 -0.176 0.68382
v 0.11221 -0.17759 0.68488
v 0.11209 -0.17858 0.68325
v 0.11287 -0.17768 0.68697
v 0.08904 -0.20922 0.64297
v 0.08937 -0.20892 0.64741
v 0.08746 -0.20758 0.64846
v 0.08721 -0.20782 0.64242
v 0.06573 -0.21555 0.65944
v 0.06778 -0.21889 0.66086
v 0.06785 -0.2186 0.66556
v 0.06584 -0.2151 0.66683
v 0.06271 -0.21484 0.67775
v 0.06428 -0.21841 0.6792
v 0.06467 -0.2181 0.6838
v 0.06332 -0.21437 0.685
v 0.06811 -0.21115 0.69469
v 0.07067 -0.21307 0.69609
v 0.07096 -0.21267 0.70043
v 0.06856 -0.21058 0.70117
v 0.06817 -0.20691 0.69992
v 0.06784 -0.20719 0.69553
v 0.0622 -0.21069 0.68352
v 0.06181 -0.21099 0.67891
v 0.06512 -0.21215 0.6653
v 0.06505 -0.21244 0.6606
v 0.08612 -0.20584 0.64719
v 0.0859 -0.20605 0.6434
v 0.10738 -0.17588 0.68559
v 0.10283 -0.17716 0.66711
v 0.10426 -0.17614 0.64967
v 0.10772 -0.18502 0.68793
v 0.11381 -0.18773 0.69
v 0.1075 -0.1971 0.69091
v 0.10221 -0.19369 0.68867
v 0.11362 -0.18585 0.69854
v 0.10773 -0.19524 0.69944
v 0.10865 -0.18257 0.70108
v 0.10348 -0.19165 0.70186
v 0.10199 -0.17889 0.69755
v 0.09852 -0.18779 0.6983
v 0.10128 -0.18023 0.68999
v 0.09799 -0.18859 0.69161
v 0.10579 -0.18688 0.67044
v 0.11246 -0.1942 0.67275
v 0.10494 -0.20338 0.67346
v 0.09968 -0.19594 0.67091
v 0.11316 -0.19281 0.68114
v 0.1058 -0.2019 0.68255
v 0.10609 -0.18682 0.68346
v 0.10001 -0.19583 0.68498
v 0.0981 -0.18227 0.68079
v 0.09479 -0.19119 0.68124
v 0.09747 -0.183 0.67347
v 0.09422 -0.19175 0.67447
v 0.10439 -0.18765 0.65337
v 0.11105 -0.19123 0.65503
v 0.10513 -0.20083 0.65551
v 0.09932 -0.19658 0.65392
v 0.1121 -0.19094 0.66377
v 0.10598 -0.20043 0.66487
v 0.10564 -0.18667 0.66637
v 0.1 -0.19558 0.66767
v 0.09847 -0.18254 0.66265
v 0.09471 -0.19072 0.66424
v 0.09823 -0.18288 0.65579
v 0.09488 -0.1912 0.65697
v 0.11053 -0.1856 0.63897
v 0.11188 -0.1854 0.64673
v 0.10856 -0.19069 0.64699
v 0.10751 -0.19105 0.63895
v 0.10745 -0.18308 0.64867
v 0.10404 -0.18826 0.649
v 0.10647 -0.18309 0.63763
v 0.10343 -0.18849 0.63801
v 0.10348 -0.18002 0.6464
v 0.10085 -0.18585 0.64631
v 0.10301 -0.18074 0.63953
v 0.10074 -0.18654 0.64033
v 0.13134 -0.12413 0.65843
v 0.10525 -0.11003 0.68523
v 0.11825 -0.10913 0.68958
v 0.12654 -0.11383 0.68639
v 0.12696 -0.14993 0.66278
v 0.12731 -0.14788 0.67928
v 0.10897 -0.11904 0.66657
v 0.10635 -0.11421 0.67619
v 0.10211 -0.12003 0.69277
v 0.0992 -0.12552 0.68639
v 0.10045 -0.13623 0.69261
v 0.09736 -0.13139 0.69992
v 0.12935 -0.11784 0.68082
v 0.10742 -0.13336 0.70812
v 0.11316 -0.11887 0.69692
v 0.11588 -0.13699 0.7042
v 0.1217 -0.12232 0.69327
v 0.12635 -0.12818 0.68845
v 0.11714 -0.14262 0.69885
v 0.10884 -0.11945 0.65907
v 0.13126 -0.12271 0.67114
v 0.10947 -0.14652 0.69722
v 0.1032 -0.14335 0.67821
v 0.12363 -0.15046 0.64816
v 0.11998 -0.15069 0.63829
v 0.11511 -0.14988 0.6363
v 0.10886 -0.14752 0.6386
v 0.10217 -0.14532 0.64909
v 0.10158 -0.1444 0.66336
v 0.0864 -0.20519 0.69016
v 0.09005 -0.20943 0.69248
v 0.07793 -0.2132 0.69376
v 0.07632 -0.20839 0.69156
v 0.08329 -0.19993 0.69319
v 0.07482 -0.20118 0.69411
v 0.08377 -0.19933 0.69981
v 0.07514 -0.20069 0.69997
v 0.08757 -0.20379 0.70318
v 0.07716 -0.20728 0.70309
v 0.09057 -0.20814 0.70092
v 0.0785 -0.21233 0.70124
v 0.09865 -0.20442 0.69174
v 0.09475 -0.20011 0.68969
v 0.09034 -0.19323 0.69274
v 0.09069 -0.19231 0.69909
v 0.09539 -0.19786 0.70222
v 0.09899 -0.20266 0.69986
v 0.08249 -0.21612 0.67586
v 0.08567 -0.21502 0.68436
v 0.07334 -0.21702 0.68495
v 0.07259 -0.21759 0.67683
v 0.08084 -0.2084 0.67322
v 0.07079 -0.21098 0.67436
v 0.07891 -0.2022 0.67638
v 0.06875 -0.20398 0.67735
v 0.0795 -0.20175 0.6828
v 0.06931 -0.20359 0.68337
v 0.08145 -0.20778 0.68648
v 0.07166 -0.21034 0.68682
v 0.09621 -0.20882 0.6832
v 0.09549 -0.20949 0.67482
v 0.09097 -0.20231 0.67241
v 0.08536 -0.19566 0.67559
v 0.08591 -0.19518 0.68179
v 0.09135 -0.20204 0.68531
v 0.0883 -0.21407 0.65732
v 0.08915 -0.2138 0.66558
v 0.07591 -0.21777 0.66631
v 0.07547 -0.2181 0.65823
v 0.08322 -0.20909 0.65572
v 0.07337 -0.21185 0.65649
v 0.08186 -0.20218 0.65839
v 0.07216 -0.20673 0.65936
v 0.08197 -0.2015 0.66451
v 0.07171 -0.20361 0.66521
v 0.08362 -0.20832 0.66823
v 0.07382 -0.21077 0.6687
v 0.09693 -0.20818 0.66471
v 0.09622 -0.20799 0.65693
v 0.09149 -0.20245 0.6552
v 0.08733 -0.19576 0.65776
v 0.08755 -0.19529 0.66439
v 0.09203 -0.20207 0.66799
v 0.09926 -0.20267 0.64007
v 0.10003 -0.20261 0.64771
v 0.09366 -0.20664 0.6478
v 0.09286 -0.20677 0.6414
v 0.09789 -0.19953 0.63899
v 0.09045 -0.2035 0.64053
v 0.09419 -0.19648 0.64123
v 0.08809 -0.20002 0.64233
v 0.09438 -0.19575 0.64687
v 0.08828 -0.19939 0.64707
v 0.09662 -0.19875 0.64945
v 0.09109 -0.20303 0.64924
v 0.10505 -0.19725 0.64701
v 0.10387 -0.19762 0.63972
v 0.10044 -0.1945 0.63868
v 0.09762 -0.19156 0.64065
v 0.0979 -0.19102 0.64606
v 0.10121 -0.19446 0.64864
v 0.08427 -0.17001 0.71557
v 0.0904 -0.17474 0.71476
v -0.00898 -0.02301 1.07141
v -0.01414 -0.024 1.07109
v -0.02251 -0.02536 1.06998
v -0.00665 -0.02244 1.07035
v -0.0319 0.12468 0.96394
v -0.06844 0.13064 0.9694
v -0.0409 0.02532 0.95825
v -0.08057 0.04193 0.97633
v -0.08398 0.07916 0.99606
v -0.05821 0.08372 1.00546
v -0.05399 0.10762 1.00485
v -0.03365 0.11722 0.99871
v -0.03202 0.04049 0.98983
v -0.05075 0.06 1.0008
v -0.04668 -0.01984 1.12791
v -0.04021 -0.01836 1.12518
v -0.03966 -0.01875 1.12525
v -0.04671 -0.01941 1.13038
v -0.05646 -0.0169 1.13122
v -0.05572 -0.01929 1.12884
v -0.06424 -0.0104 1.12869
v -0.0628 -0.01374 1.12588
v -0.06801 -0.00432 1.12314
v -0.067 -0.00712 1.12324
v -0.06255 -0.00962 1.11947
v -0.06141 -0.01064 1.12102
v -0.05346 -0.01735 1.11928
v -0.05359 -0.01716 1.12034
v -0.04473 -0.02117 1.12194
v -0.04547 -0.02044 1.12272
v -0.03689 -0.02001 1.12626
v -0.03403 -0.02289 1.12959
v -0.03996 -0.02888 1.14815
v -0.04663 -0.02667 1.14767
v -0.04055 -0.02319 1.12011
v -0.03359 -0.02527 1.11615
v -0.03049 -0.02815 1.13079
v -0.0332 -0.0299 1.14851
v -0.02972 -0.03104 1.11703
v -0.07388 0.00083 1.13864
v -0.08837 0.02697 1.15754
v -0.08651 0.03018 1.12367
v -0.0781 0.00813 1.11823
v -0.08066 0.01536 1.10148
v -0.07166 0.00002 1.11325
v -0.04625 -0.0237 1.17821
v -0.0593 -0.01647 1.17753
v -0.03615 -0.02675 1.17873
v -0.07286 -0.00204 1.17413
v -0.06162 -0.01455 1.14509
v -0.05653 -0.01722 1.10879
v -0.06904 -0.00635 1.09261
v -0.06539 0.01207 1.07128
v -0.06008 -0.00484 1.07018
v -0.05522 -0.0141 1.08756
v -0.07188 0.03493 1.07338
v -0.05789 0.0136 1.04819
v -0.04897 -0.00242 1.04997
v -0.03383 0.00502 1.0415
v -0.03413 -0.01229 1.04058
v -0.05717 0.03773 1.04609
v -0.04895 -0.01467 1.07045
v -0.03562 -0.02431 1.09002
v -0.08596 0.04826 1.11442
v -0.08731 0.04926 1.154
v -0.04271 -0.01556 1.05972
v -0.03349 -0.01935 1.0485
v -0.04997 -0.01987 1.1925
v -0.06337 -0.0123 1.18776
v -0.03812 -0.02384 1.1939
v -0.07618 0.00236 1.18166
v -0.08465 0.02342 1.17712
v -0.02697 -0.03486 1.08808
v -0.02633 -0.03179 1.08809
v -0.02954 -0.04095 1.0916
v -0.03158 -0.03778 1.09138
v -0.03072 -0.03629 1.08989
v -0.03472 -0.03382 1.09114
v -0.0294 -0.02861 1.08846
v -0.03262 -0.03389 1.08965
v -0.03442 -0.03355 1.09701
v -0.03536 -0.02479 1.09711
v -0.03053 -0.04184 1.10022
v -0.03198 -0.03814 1.09832
v -0.0293 -0.03788 1.10478
v -0.03142 -0.0261 1.10092
v -0.0466 -0.02024 1.10445
v -0.04044 -0.02105 1.07351
v -0.03411 -0.02788 1.07828
v -0.03964 -0.01846 1.06599
v -0.04297 -0.01755 1.07004
v -0.03262 -0.02226 1.06112
v -0.02813 -0.03027 1.08337
v -0.06485 0.08609 1.07608
v -0.05105 0.0588 1.04176
v -0.03135 -0.02582 1.06511
v -0.03029 -0.02609 1.06908
v -0.03603 -0.02145 1.06974
v -0.03738 -0.02028 1.06842
v -0.02834 -0.03212 1.0787
v -0.0278 -0.02897 1.0711
v -0.03321 -0.02803 1.07546
v -0.0315 -0.02647 1.07075
v -0.04023 -0.0182 1.07
v -0.03774 -0.01933 1.06997
v -0.03558 -0.02143 1.0704
v -0.03806 -0.02204 1.07252
v -0.02997 0.05185 1.02143
v -0.04313 0.06639 1.0247
v -0.04554 0.06991 1.00947
v -0.03286 0.0531 1.00564
v -0.04696 0.08839 1.01361
v -0.03897 0.10681 1.01721
v -0.04724 0.08605 1.03959
v -0.03768 0.10799 1.04099
v -0.02077 0.11199 1.01858
v -0.02186 0.11316 1.04116
v -0.04689 -0.01861 1.12744
v -0.04058 -0.0148 1.12488
v -0.05512 -0.01584 1.12836
v -0.06149 -0.00861 1.12556
v -0.06561 -0.00251 1.12348
v -0.06072 -0.00877 1.1214
v -0.0535 -0.01596 1.12077
v -0.04589 -0.01781 1.12322
v -0.06122 -0.00943 1.12414
v -0.05445 -0.01655 1.12577
v -0.04633 -0.01763 1.12624
v -0.03035 -0.02198 1.07042
v -0.03512 -0.01975 1.07033
v -0.03714 -0.01863 1.06908
v -0.02216 -0.0325 1.09479
v -0.02235 -0.03726 1.09467
v -0.01908 -0.03787 1.0948
v -0.01664 -0.03602 1.09495
v -0.01872 -0.03261 1.09494
v -0.02759 -0.0366 1.09445
v -0.02662 -0.03195 1.09461
v -0.03091 -0.03639 1.09431
v -0.02998 -0.0312 1.09448
v -0.03282 -0.034 1.09428
v -0.07709 -0.14083 0.77169
v -0.11566 -0.0944 0.74772
v -0.10633 -0.09541 0.73181
v -0.06828 -0.14125 0.75558
v -0.07615 -0.13261 0.7876
v -0.11381 -0.0861 0.76474
v -0.06505 -0.12099 0.79286
v -0.10211 -0.07398 0.77091
v -0.04931 -0.11021 0.78898
v -0.08662 -0.06488 0.76439
v -0.04155 -0.11086 0.77418
v -0.07909 -0.06575 0.74659
v -0.04209 -0.11969 0.75618
v -0.0807 -0.07214 0.73028
v -0.05534 -0.13338 0.75001
v -0.0937 -0.08555 0.72454
v -0.16547 0.05297 0.87481
v -0.15187 0.01492 0.82145
v -0.15889 -0.00732 0.83501
v -0.17364 0.02787 0.89002
v -0.14806 -0.02139 0.84643
v -0.16189 0.01172 0.903
v -0.12886 -0.02324 0.85119
v -0.13994 0.00984 0.90836
v -0.10475 -0.01021 0.84705
v -0.11252 0.02414 0.90397
v -0.09964 0.009 0.83532
v -0.10414 0.04816 0.88951
v -0.11396 0.06979 0.8733
v -0.11042 0.02625 0.82215
v -0.13403 0.02643 0.81715
v -0.14225 0.06892 0.86854
v -0.00032 -0.20967 0.79717
v 0.00629 -0.21758 0.80367
v -0.00442 -0.224 0.80484
v -0.00951 -0.21596 0.80085
v 0.00906 -0.1999 0.80302
v 0.01492 -0.20725 0.81078
v 0.00972 -0.19289 0.81682
v 0.01838 -0.2024 0.82285
v 0.00414 -0.19221 0.82792
v 0.01004 -0.20101 0.83233
v -0.00523 -0.19953 0.82753
v 0.00318 -0.20805 0.83182
v -0.01211 -0.20794 0.82242
v -0.00472 -0.21617 0.82625
v -0.01325 -0.21417 0.81081
v -0.00707 -0.22233 0.81315
v -0.02913 -0.18873 0.78489
v -0.03508 -0.18814 0.79642
v -0.02051 -0.18321 0.78176
v -0.01023 -0.1726 0.78665
v -0.00944 -0.16464 0.80043
v -0.01569 -0.16515 0.81196
v -0.02707 -0.17327 0.8143
v -0.0347 -0.18189 0.80911
v -0.14226 -0.05593 0.75926
v -0.13679 -0.03668 0.74744
v -0.13252 -0.06683 0.76759
v -0.11482 -0.06566 0.77247
v -0.09744 -0.05523 0.76806
v -0.09285 -0.04192 0.7579
v -0.10265 -0.03047 0.74637
v -0.12176 -0.02828 0.74372
v 0.08159 -0.27242 0.81492
v 0.07776 -0.2709 0.81324
v 0.07705 -0.26598 0.80892
v 0.08217 -0.26354 0.80908
v 0.07365 -0.26937 0.82391
v 0.0782 -0.26496 0.82542
v 0.0746 -0.25366 0.81142
v 0.07887 -0.2571 0.81946
v 0.07094 -0.26852 0.81739
v 0.06979 -0.26036 0.81062
v 0.04776 -0.25571 0.8371
v 0.05266 -0.26602 0.83756
v 0.05777 -0.2643 0.83207
v 0.05381 -0.26095 0.83068
v 0.05778 -0.26111 0.82066
v 0.05479 -0.25343 0.81805
v 0.00723 -0.28476 0.7999
v 0.01117 -0.29051 0.79725
v 0.01344 -0.29456 0.79902
v 0.0074 -0.28548 0.80482
v 0.01086 -0.28107 0.79682
v 0.01265 -0.28743 0.79693
v 0.02233 -0.27551 0.79761
v 0.02073 -0.28491 0.7994
v 0.03568 -0.27079 0.8014
v 0.03372 -0.27784 0.8027
v 0.02654 -0.28035 0.80066
v 0.04757 -0.26866 0.81296
v 0.04718 -0.27411 0.81143
v 0.03996 -0.2774 0.80671
v 0.05758 -0.27136 0.82161
v 0.05257 -0.27415 0.81615
v 0.06121 -0.27523 0.82566
v 0.06032 -0.28176 0.82592
v 0.03938 -0.27464 0.83062
v 0.05259 -0.28462 0.823
v 0.02579 -0.27918 0.82194
v 0.04232 -0.29235 0.81109
v 0.04967 -0.28973 0.81596
v 0.01577 -0.28368 0.81266
v 0.02653 -0.29296 0.80668
v 0.03305 -0.28991 0.81294
v 0.01911 -0.29125 0.80528
v 0.02218 -0.28696 0.80385
v 0.02248 -0.28423 0.80381
v 0.01976 -0.28692 0.80798
v 0.02498 -0.28728 0.80256
v 0.03614 -0.28371 0.80829
v 0.03536 -0.28304 0.8119
v 0.03141 -0.28467 0.8167
v 0.03885 -0.28339 0.80926
v 0.05015 -0.28103 0.81586
v 0.0505 -0.27991 0.81711
v 0.04526 -0.28032 0.82456
v 0.05136 -0.28014 0.81796
v 0.03298 -0.28543 0.76655
v 0.03136 -0.28376 0.76697
v 0.03629 -0.28176 0.76985
v 0.03716 -0.28683 0.76948
v 0.03575 -0.25709 0.7672
v 0.04149 -0.25394 0.77066
v 0.04258 -0.25502 0.76672
v 0.03893 -0.25702 0.76452
v 0.04599 -0.24727 0.77453
v 0.05187 -0.24457 0.77788
v 0.05273 -0.245 0.77385
v 0.04899 -0.24671 0.77172
v 0.05984 -0.24453 0.78358
v 0.06503 -0.24214 0.78672
v 0.06635 -0.24377 0.78422
v 0.06289 -0.24537 0.78209
v 0.05923 -0.24524 0.78752
v 0.06279 -0.2436 0.78955
v 0.04531 -0.24725 0.77859
v 0.04905 -0.24554 0.78072
v 0.03541 -0.25702 0.77057
v 0.03906 -0.25502 0.77277
v 0.03094 -0.28195 0.76852
v 0.03402 -0.28075 0.7704
v 0.05019 -0.27412 0.81458
v 0.0376 -0.28005 0.80422
v 0.02329 -0.28179 0.80011
v 0.06197 -0.28021 0.8001
v 0.06579 -0.28501 0.80132
v 0.072 -0.28195 0.80661
v 0.07222 -0.27623 0.80776
v 0.06702 -0.27212 0.80664
v 0.06169 -0.27414 0.80301
v 0.05003 -0.28416 0.79221
v 0.05537 -0.28963 0.78829
v 0.06206 -0.28737 0.79438
v 0.06047 -0.28022 0.79755
v 0.0546 -0.27579 0.79706
v 0.04907 -0.27777 0.79361
v 0.03665 -0.28958 0.78493
v 0.0403 -0.29507 0.7855
v 0.04821 -0.2925 0.78994
v 0.04773 -0.28521 0.79188
v 0.04206 -0.28047 0.79149
v 0.03617 -0.28315 0.78815
v 0.02058 -0.29613 0.78827
v 0.02718 -0.29445 0.79268
v 0.029 -0.28882 0.79261
v 0.01887 -0.29185 0.78671
v 0.02484 -0.28598 0.79024
v 0.02009 -0.28799 0.78714
v 0.03044 -0.25396 0.8321
v 0.01677 -0.25951 0.82444
v 0.04456 -0.22642 0.82251
v 0.05256 -0.23482 0.82273
v 0.04656 -0.24178 0.82135
v 0.04252 -0.23131 0.81608
v 0.05552 -0.23764 0.83569
v 0.04137 -0.22576 0.83476
v 0.04911 -0.24354 0.83941
v 0.03489 -0.22969 0.83804
v 0.03186 -0.23446 0.83708
v 0.04549 -0.25026 0.83641
v 0.04969 -0.25156 0.8285
v 0.03861 -0.24729 0.81035
v 0.00563 -0.26285 0.81495
v -0.0013 -0.26498 0.80735
v -0.00115 -0.26407 0.80214
v 0.00295 -0.26042 0.79748
v 0.0144 -0.25522 0.79617
v 0.02682 -0.25115 0.80199
v 0.06497 -0.26589 0.78553
v 0.06108 -0.25366 0.78368
v 0.06506 -0.2524 0.78005
v 0.06989 -0.26871 0.78388
v 0.06406 -0.26124 0.7904
v 0.06022 -0.25364 0.79142
v 0.06936 -0.25913 0.79384
v 0.06488 -0.2514 0.79426
v 0.07531 -0.2619 0.79262
v 0.07031 -0.24947 0.78936
v 0.07642 -0.26607 0.78876
v 0.07103 -0.2498 0.78388
v 0.05575 -0.26827 0.77312
v 0.05151 -0.25492 0.77041
v 0.05813 -0.25195 0.77419
v 0.06469 -0.26682 0.7757
v 0.05108 -0.26617 0.7764
v 0.04693 -0.25664 0.7757
v 0.05033 -0.26539 0.7833
v 0.04596 -0.25599 0.78338
v 0.05555 -0.26305 0.78628
v 0.05087 -0.2538 0.78616
v 0.06122 -0.26096 0.78212
v 0.05678 -0.25191 0.78121
v 0.04566 -0.28097 0.76769
v 0.04086 -0.26484 0.76313
v 0.04736 -0.26161 0.76672
v 0.0526 -0.27854 0.77165
v 0.04059 -0.27535 0.76919
v 0.03657 -0.26596 0.76831
v 0.03999 -0.2753 0.7767
v 0.03671 -0.26534 0.77427
v 0.04466 -0.27281 0.77984
v 0.04018 -0.26333 0.77957
v 0.05041 -0.27034 0.77514
v 0.04611 -0.2611 0.77429
v 0.03141 -0.28919 0.76908
v 0.03693 -0.2895 0.77311
v 0.02843 -0.28685 0.77079
v 0.02757 -0.28356 0.77384
v 0.03121 -0.28193 0.77648
v 0.03608 -0.28583 0.77533
v 0.02661 -0.29748 0.78081
v 0.03232 -0.29582 0.78517
v 0.02407 -0.29406 0.7809
v 0.02415 -0.29042 0.7826
v 0.02845 -0.28873 0.78548
v 0.03284 -0.29138 0.78584
v 0.08309 -0.26307 0.81412
v 0.08246 -0.26933 0.8187
v -0.14433 -0.01021 0.78437
v -0.15095 -0.03157 0.7974
v -0.14037 -0.04534 0.80857
v -0.12156 -0.04717 0.81324
v -0.09826 -0.03484 0.80943
v -0.09422 -0.01729 0.79858
v -0.10568 -0.00158 0.78627
v -0.12782 -0.00012 0.78073
v 0.06838 -0.33903 0.03837
v 0.03898 -0.33926 0.03829
v 0.03926 -0.29982 0.05194
v 0.05924 -0.31168 0.04786
v 0.00892 -0.33903 0.03837
v 0.01891 -0.31092 0.04812
v 0.04209 -0.36995 0.02772
v 0.05737 -0.36027 0.03105
v 0.02066 -0.35917 0.03143
v 0.04279 -0.28632 0.33829
v 0.08508 -0.29894 0.33993
v 0.07373 -0.32425 0.25705
v 0.04182 -0.31243 0.25544
v 0.09491 -0.33956 0.34655
v 0.08175 -0.3541 0.26191
v 0.00721 -0.34152 0.3478
v 0.0134 -0.30083 0.341
v 0.02217 -0.33063 0.25866
v 0.01812 -0.3553 0.26278
v 0.07833 -0.36275 0.35057
v 0.06909 -0.37288 0.26515
v 0.04489 -0.37421 0.35282
v 0.04332 -0.38338 0.26716
v 0.0185 -0.36359 0.35134
v 0.0268 -0.37341 0.26569
v 0.08512 -0.28248 0.50866
v 0.1021 -0.2779 0.47568
v 0.0545 -0.28478 0.52234
v 0.02144 -0.28316 0.50554
v 0.00376 -0.27977 0.47717
v 0.0163 -0.27488 0.44186
v 0.053 -0.27182 0.42241
v 0.09168 -0.27323 0.43841
v 0.08598 -0.29109 0.43138
v 0.09697 -0.31597 0.46018
v 0.09956 -0.32992 0.42831
v 0.08398 -0.29252 0.41509
v 0.04982 -0.28106 0.42113
v 0.04776 -0.28238 0.41098
v 0.02066 -0.30652 0.44036
v 0.01781 -0.30716 0.41758
v 0.01085 -0.31866 0.4628
v 0.00844 -0.32939 0.42114
v 0.02497 -0.33153 0.48796
v 0.02239 -0.35064 0.43611
v 0.05153 -0.33766 0.49905
v 0.04953 -0.36245 0.44153
v 0.08117 -0.33304 0.49133
v 0.08124 -0.35548 0.43948
v 0.05768 -0.34955 0.14877
v 0.06332 -0.37222 0.15312
v 0.03683 -0.34044 0.14759
v 0.02214 -0.35001 0.14923
v 0.01689 -0.37295 0.15464
v 0.02677 -0.38903 0.16208
v 0.0406 -0.3965 0.1647
v 0.0541 -0.38975 0.15988
v 0.03926 -0.30093 0.06313
v 0.05924 -0.31525 0.0582
v 0.06785 -0.34261 0.04875
v 0.00896 -0.34261 0.04875
v 0.01891 -0.31449 0.05846
v 0.06936 -0.47998 0.01439
v 0.04985 -0.5027 0.01439
v 0.0497 -0.50395 0.00193
v 0.06914 -0.48053 0.00193
v 0.03205 -0.50935 0.01439
v 0.03192 -0.51061 0.00193
v 0.01528 -0.50647 0.01439
v 0.00006 -0.4859 0.01439
v -0.00007 -0.48715 0.00193
v 0.01515 -0.50772 0.00193
v 0.05639 -0.46503 0.03916
v 0.07053 -0.46028 0.03033
v 0.07885 -0.44774 0.00011
v 0.05912 -0.45867 -0.00284
v 0.07859 -0.45189 0.01151
v 0.03821 -0.46804 0.04164
v 0.03956 -0.4618 -0.00417
v 0.00715 -0.45621 0.02553
v 0.02051 -0.46514 0.03872
v 0.00283 -0.44955 0.01243
v 0.0029 -0.44739 0.0005
v 0.0197 -0.46008 -0.00273
v 0.05631 -0.42064 0.07822
v 0.06896 -0.40868 0.05895
v 0.06856 -0.37781 0.07265
v 0.05667 -0.40091 0.10287
v 0.03959 -0.42386 0.08209
v 0.04057 -0.40967 0.10241
v 0.02192 -0.42012 0.07904
v 0.02455 -0.40041 0.10646
v 0.01004 -0.40789 0.05893
v 0.01043 -0.37696 0.07247
v 0.00523 -0.39089 0.01994
v 0.00578 -0.39458 0.03066
v 0.00748 -0.36371 0.04139
v 0.00706 -0.36007 0.03083
v 0.0209 -0.39861 0.01721
v 0.02065 -0.37518 0.02562
v 0.04198 -0.40273 0.01571
v 0.0419 -0.38326 0.02284
v 0.06107 -0.399 0.01699
v 0.05888 -0.376 0.02534
v 0.07772 -0.39084 0.0198
v 0.07275 -0.36007 0.03083
v 0.07752 -0.39505 0.03045
v 0.07237 -0.36406 0.04127
v 0.0128 -0.36444 0.10452
v 0.01055 -0.35298 0.07916
v 0.006 -0.4806 0.02258
v 0.0174 -0.49562 0.03189
v 0.03287 -0.49837 0.03512
v 0.05005 -0.49165 0.03229
v 0.06431 -0.47601 0.02769
v 0.0204 -0.3418 0.11584
v 0.0194 -0.32521 0.08856
v 0.03869 -0.32941 0.12583
v 0.03942 -0.31279 0.09293
v 0.05828 -0.33949 0.11865
v 0.05909 -0.32593 0.08836
v 0.06942 -0.36348 0.10995
v 0.06722 -0.35343 0.08049
v -0.07379 -0.33961 0.03871
v -0.06506 -0.31208 0.04813
v -0.04527 -0.29985 0.05204
v -0.04439 -0.3393 0.03836
v -0.02475 -0.31058 0.04802
v -0.01434 -0.33852 0.03816
v -0.04704 -0.37005 0.0278
v -0.06246 -0.36065 0.03128
v -0.02577 -0.35887 0.03132
v -0.04466 -0.28823 0.33918
v -0.045 -0.31353 0.25603
v -0.07639 -0.32656 0.2584
v -0.08639 -0.30245 0.34184
v -0.08315 -0.35672 0.26316
v -0.0945 -0.34346 0.3483
v -0.00679 -0.34212 0.34715
v -0.01951 -0.35553 0.26229
v -0.0246 -0.33099 0.25853
v -0.01469 -0.30164 0.34094
v -0.0697 -0.37504 0.26586
v -0.07696 -0.36605 0.35163
v -0.04351 -0.38457 0.26706
v -0.04306 -0.37625 0.35284
v -0.01714 -0.36464 0.35076
v -0.02743 -0.37397 0.26524
v -0.08241 -0.28687 0.51008
v -0.10045 -0.2832 0.47754
v -0.05136 -0.28791 0.52292
v -0.01886 -0.28519 0.50521
v -0.00211 -0.28137 0.47634
v -0.01578 -0.2772 0.44066
v -0.05308 -0.2757 0.42291
v -0.09123 -0.27844 0.43997
v -0.08276 -0.29845 0.43074
v -0.09395 -0.32151 0.46144
v -0.04839 -0.28724 0.41843
v -0.01454 -0.31034 0.43834
v -0.00775 -0.32052 0.46233
v -0.0208 -0.33226 0.4897
v -0.04684 -0.3391 0.5017
v -0.07681 -0.33612 0.49417
v -0.09709 -0.33594 0.42974
v -0.07777 -0.35958 0.44028
v -0.0458 -0.36527 0.44101
v -0.01929 -0.35218 0.43461
v -0.00632 -0.33449 0.42467
v -0.01672 -0.30967 0.41785
v -0.04759 -0.29448 0.41179
v -0.08692 -0.30503 0.41733
v -0.06294 -0.33985 0.11891
v -0.07372 -0.36405 0.11031
v -0.04347 -0.32941 0.12591
v -0.02528 -0.3429 0.11465
v -0.01723 -0.36384 0.10425
v -0.02819 -0.40014 0.10634
v -0.04409 -0.40964 0.10233
v -0.06034 -0.40125 0.10308
v -0.04515 -0.30095 0.06323
v -0.0649 -0.31564 0.05848
v -0.0731 -0.34317 0.04909
v -0.01422 -0.34209 0.04855
v -0.02459 -0.31414 0.05837
v -0.07323 -0.48005 0.01443
v -0.07301 -0.4806 0.00197
v -0.05357 -0.50403 0.00197
v -0.05371 -0.50278 0.01443
v -0.03579 -0.51069 0.00197
v -0.03592 -0.50943 0.01443
v -0.01914 -0.50655 0.01443
v -0.01901 -0.5078 0.00197
v -0.0038 -0.48722 0.00197
v -0.00393 -0.48597 0.01443
v -0.07318 -0.45657 0.03494
v -0.05914 -0.46026 0.04364
v -0.06116 -0.46235 0.00251
v -0.08174 -0.45269 0.00251
v -0.08143 -0.45361 0.01461
v -0.04087 -0.46223 0.04658
v -0.04125 -0.46415 0.00251
v -0.02329 -0.45886 0.04335
v -0.01029 -0.45149 0.02876
v -0.00618 -0.44672 0.01461
v -0.00621 -0.44647 0.00251
v -0.02194 -0.46061 0.00251
v -0.05985 -0.42099 0.07841
v -0.0729 -0.40927 0.05926
v -0.04303 -0.42391 0.08212
v -0.02547 -0.41984 0.07891
v -0.014 -0.4074 0.0587
v -0.00987 -0.39032 0.01967
v -0.01025 -0.39402 0.0304
v -0.02542 -0.39833 0.01708
v -0.04643 -0.40284 0.01577
v -0.06558 -0.39947 0.01723
v -0.08234 -0.3916 0.02021
v -0.08197 -0.3958 0.03085
v -0.07293 -0.37838 0.07298
v -0.07197 -0.35397 0.08082
v -0.01242 -0.36317 0.04115
v -0.01217 -0.35953 0.03059
v -0.02552 -0.37489 0.02551
v -0.04664 -0.38337 0.02291
v -0.06373 -0.37641 0.02558
v -0.07784 -0.36074 0.0312
v -0.07729 -0.36471 0.04164
v -0.02127 -0.49569 0.03194
v -0.00987 -0.48067 0.02262
v -0.03674 -0.49844 0.03516
v -0.05391 -0.49172 0.03234
v -0.06818 -0.47607 0.02773
v -0.01534 -0.35248 0.07896
v -0.01484 -0.37646 0.07226
v -0.02461 -0.32486 0.08846
v -0.04481 -0.3128 0.09302
v -0.06428 -0.32631 0.08864
v -0.06705 -0.37314 0.15369
v -0.057 -0.39037 0.16002
v -0.04313 -0.39664 0.16441
v -0.02967 -0.38863 0.16149
v -0.0206 -0.37213 0.15394
v -0.02686 -0.34936 0.14892
v -0.04193 -0.34034 0.14778
v -0.06239 -0.35024 0.14942
v 0.10217 -0.00615 0.46689
v 0.11866 -0.01187 0.51253
v 0.05201 -0.00474 0.44962
v 0.00826 -0.00721 0.46339
v -0.00647 -0.0142 0.51402
v 0.01471 -0.01827 0.54839
v 0.05382 -0.01905 0.55961
v 0.09414 -0.01641 0.54448
v -0.12603 -0.01768 0.51299
v -0.11102 -0.01172 0.46687
v -0.06144 -0.00856 0.44822
v -0.01727 -0.00927 0.4608
v -0.00092 -0.01531 0.51105
v -0.02097 -0.01989 0.54602
v -0.05971 -0.02205 0.55831
v -0.1005 -0.02105 0.54428
v -0.08336 0.06116 1.06872
v -0.08435 0.06573 1.03085
v -0.07215 0.03492 1.03298
v -0.07426 0.02905 1.06709
v 0.03319 0.12297 1.05381
v 0.03264 0.11423 1.10616
v 0.05994 0.08417 1.1122
v 0.06263 0.08047 1.05468
v 0.02792 0.10798 1.18277
v 0.0153 0.09586 1.20854
v 0.02986 0.0527 1.21648
v 0.05222 0.06773 1.18823
v 0.02187 -0.00954 1.20454
v 0.04664 0.00914 1.18636
v -0.05404 -0.00836 1.20798
v -0.01575 -0.01407 1.21581
v -0.01131 0.03562 1.23337
v -0.05207 0.03102 1.22378
v -0.0592 -0.02454 1.19
v -0.03335 -0.03332 1.18723
v 0.0027 -0.03209 1.17797
v 0.03098 -0.01523 1.1697
v -0.00019 0.08128 1.22846
v -0.0528 0.06675 1.22253
v 0.06039 0.04113 1.1106
v 0.06229 0.04139 1.05453
v 0.06025 0.03433 1.15223
v 0.05762 0.07876 1.14735
v 0.03862 -0.00627 1.1462
v 0.04356 -0.00092 1.10933
v 0.03884 0.01061 1.05339
v 0.03385 0.11601 1.14068
v -0.05182 0.12716 1.04299
v -0.07838 0.1012 1.03617
v -0.0789 0.09711 1.07677
v -0.05191 0.13044 1.08884
v -0.08952 0.09774 1.14477
v -0.08852 0.08314 1.17875
v -0.05637 0.11964 1.18633
v -0.05639 0.12724 1.16268
v -0.01199 0.13876 1.17275
v -0.01957 0.12249 1.20097
v -0.05251 0.07504 1.2192
v -0.03133 0.09897 1.21334
v -0.07946 0.07106 1.20237
v -0.06455 0.06593 1.2127
v -0.05724 0.07361 1.21728
v -0.05788 0.09636 1.20305
v -0.00662 0.14019 1.05231
v -0.00974 0.14124 1.09871
v -0.01076 0.14065 1.13605
v -0.08301 0.10409 1.10922
v -0.0561 0.12882 1.1248
v -0.09607 0.04206 1.16758
v -0.09585 0.0521 1.12745
v -0.08537 0.01299 1.12178
v -0.09122 0.00814 1.15167
v -0.0826 0.03316 1.19325
v -0.06406 0.03061 1.20769
v -0.07987 -0.00431 1.17888
v -0.09291 0.05879 1.09315
v -0.08346 0.02296 1.09301
v -0.06367 0.01172 1.03336
v -0.06709 -0.00024 1.068
v 0.03758 0.07618 1.05578
v -0.05584 -0.02032 1.18116
v -0.03825 -0.02878 1.17115
v -0.00587 -0.03401 1.16209
v 0.01299 -0.02544 1.15456
v 0.02043 -0.01959 1.13871
v 0.0272 -0.01431 1.10276
v 0.02337 -0.00632 1.07373
v 0.02196 0.03405 1.05356
v -0.05228 0.08567 1.05238
v -0.07365 -0.00738 1.12253
v -0.0697 -0.01084 1.15059
v -0.06595 -0.01219 1.16445
v -0.07218 -0.00365 1.0942
v -0.05699 0.05661 1.05333
v -0.007 0.01081 0.96986
v -0.00693 0.01649 0.96898
v -0.0473 0.11018 1.07955
v -0.02849 0.13067 1.08212
v -0.00018 0.1273 1.08294
v 0.02517 0.11749 1.08464
v 0.03651 0.09159 1.08368
v -0.08326 0.03955 0.97829
v -0.06427 0.02239 0.99719
v 0.03695 0.1273 1.00891
v 0.08182 0.06525 1.00107
v 0.07178 0.02831 1.01247
v 0.0525 0.01447 1.01045
v -0.06197 0.13054 1.00576
v -0.09086 0.07923 1.0002
v -0.01433 0.1446 1.00941
v -0.05078 0.02579 1.00242
v 0.04179 0.07986 1.01614
v 0.02245 0.00484 1.01161
v 0.02348 0.03358 1.01275
v -0.04449 0.09332 1.01196
v -0.05816 0.04103 0.98917
v 0.07966 0.03535 0.97978
v 0.07103 0.00797 0.9888
v 0.0512 0.00681 0.98696
v 0.03192 0.03333 0.98977
v 0.02433 0.01198 0.98765
v 0.02215 0.01847 0.98743
v 0.07834 0.02246 0.9612
v 0.07507 0.00556 0.96356
v 0.04975 -0.00612 0.96651
v 0.03219 0.02085 0.96458
v 0.0237 -0.00052 0.96714
v 0.01578 0.00713 0.9645
v 0.0592 -0.00185 0.92735
v 0.04626 -0.02067 0.93531
v 0.04328 -0.01596 0.94705
v 0.02897 -0.00877 0.91879
v 0.0214 -0.0119 0.94799
v 0.02105 -0.01282 0.92427
v 0.03725 0.14102 0.97218
v -0.0609 0.14961 0.96969
v -0.0868 0.13255 0.97004
v -0.0152 0.15128 0.97089
v 0.03157 0.13996 0.93197
v -0.05159 0.1523 0.93183
v -0.07958 0.14063 0.94498
v -0.01381 0.15258 0.92799
v 0.03664 0.14215 0.9131
v 0.0091 0.14201 0.90786
v -0.06956 0.14106 0.93042
v -0.0499 0.14637 0.91582
v -0.01824 0.14538 0.90787
v 0.07322 0.12685 0.97131
v 0.06956 0.13308 0.94052
v -0.0458 -0.0445 0.84663
v -0.04387 -0.02448 0.76086
v -0.04602 -0.04818 0.79465
v -0.04314 -0.03933 0.60223
v -0.04384 -0.00421 0.92487
v -0.04556 0.01915 0.95868
v -0.04421 -0.02371 0.88423
v -0.04062 -0.0307 0.66733
v -0.04625 -0.28813 0.52503
v -0.03713 0.02936 0.9765
v -0.03821 0.02472 0.97872
v 0.03131 -0.04548 0.84663
v 0.03139 -0.02448 0.76086
v 0.03217 -0.04887 0.79465
v 0.04398 -0.03821 0.60144
v 0.02943 -0.00513 0.92506
v 0.03122 0.01791 0.95892
v 0.02985 -0.02463 0.88436
v 0.03083 -0.02936 0.66842
v 0.05452 -0.28609 0.52503
v 0.0221 0.02295 0.97902
v 0.02265 0.02815 0.97672
v -0.11264 -0.15287 0.72968
v -0.11287 -0.15691 0.72897
v -0.10946 -0.15905 0.72815
v -0.10582 -0.15714 0.72804
v -0.10559 -0.1531 0.72875
v -0.109 -0.15097 0.72957
v -0.09158 -0.15523 0.8061
v -0.09183 -0.15933 0.80603
v -0.08902 -0.16153 0.80407
v -0.08594 -0.15962 0.80218
v -0.08569 -0.15552 0.80226
v -0.08851 -0.15333 0.80422
v -0.06526 -0.15527 0.82803
v -0.06552 -0.15937 0.82794
v -0.06387 -0.16147 0.82445
v -0.06194 -0.15947 0.82104
v -0.06168 -0.15537 0.82113
v -0.06334 -0.15327 0.82463
v -0.027 -0.15713 0.83313
v -0.02731 -0.16123 0.83303
v -0.02868 -0.1631 0.82946
v -0.02974 -0.16089 0.82598
v -0.02942 -0.15679 0.82607
v -0.02805 -0.15492 0.82964
v 0.00175 -0.16071 0.80842
v 0.00141 -0.1648 0.80834
v -0.00166 -0.16658 0.80637
v -0.00441 -0.16426 0.80447
v -0.00407 -0.16016 0.80454
v -0.001 -0.15839 0.80651
v 0.02511 -0.16275 0.73103
v 0.02478 -0.16679 0.73032
v 0.02114 -0.16839 0.7293
v 0.01784 -0.16597 0.72898
v 0.01817 -0.16194 0.72969
v 0.02181 -0.16033 0.73072
v -0.11409 -0.15612 0.71853
v -0.11411 -0.15731 0.71822
v -0.11055 -0.15818 0.71811
v -0.10696 -0.15787 0.7183
v -0.10694 -0.15669 0.71861
v -0.1105 -0.15581 0.71872
v 0.02635 -0.1663 0.72029
v 0.02621 -0.16747 0.71998
v 0.02259 -0.16783 0.71978
v 0.01909 -0.16702 0.71988
v 0.01923 -0.16585 0.72019
v 0.02286 -0.16548 0.72039
v -0.16961 -0.15587 0.73335
v -0.16687 -0.11682 0.73933
v 0.07945 -0.17386 0.73649
v 0.0822 -0.13481 0.74247
v -0.177 -0.15201 0.54667
v -0.182 -0.16181 0.55521
v -0.17459 -0.05639 0.57138
v -0.1708 -0.06378 0.5602
v 0.09532 -0.18184 0.55871
v 0.092 -0.17144 0.55006
v 0.0982 -0.08322 0.56359
v 0.10273 -0.07643 0.57487
v -0.16264 -0.13571 0.72966
v 0.1034 -0.12945 0.56685
v 0.07554 -0.15292 0.73266
v -0.18267 -0.10878 0.56324
v -0.17815 -0.10759 0.55338
v 0.09935 -0.12764 0.55688
v 0.08102 -0.14571 0.72209
v 0.0806 -0.15603 0.71873
v 0.08326 -0.15662 0.72022
v 0.08367 -0.14626 0.7236
v 0.0936 -0.14841 0.69115
v 0.08654 -0.15642 0.69041
v 0.08858 -0.15825 0.69117
v 0.0956 -0.15025 0.69189
v 0.10375 -0.15708 0.64601
v 0.09697 -0.16565 0.64612
v 0.09898 -0.16732 0.64688
v 0.10576 -0.15874 0.64677
v 0.10686 -0.16768 0.60944
v 0.09814 -0.17348 0.61164
v 0.09961 -0.17562 0.61236
v 0.10831 -0.16984 0.61015
v 0.10295 -0.17974 0.57899
v 0.09452 -0.18226 0.58591
v 0.09558 -0.18474 0.58637
v 0.10401 -0.18222 0.57943
v 0.08649 -0.18663 0.56661
v 0.0832 -0.1873 0.57735
v 0.08367 -0.19 0.57719
v 0.08697 -0.18933 0.56646
v 0.05601 -0.18596 0.57448
v 0.0603 -0.1862 0.58441
v 0.06029 -0.18894 0.58442
v 0.056 -0.18871 0.57449
v 0.02711 -0.18216 0.60449
v 0.0361 -0.18217 0.61108
v 0.03619 -0.18492 0.61098
v 0.0272 -0.1849 0.60439
v 0.00222 -0.17758 0.66471
v 0.0131 -0.17719 0.66768
v 0.01317 -0.17991 0.66761
v 0.0023 -0.1803 0.66465
v -0.0066 -0.17543 0.70852
v 0.00451 -0.17513 0.71027
v 0.00457 -0.17787 0.71008
v -0.00654 -0.17817 0.70835
v -0.00956 -0.17225 0.74029
v 0.00181 -0.17274 0.74055
v 0.00218 -0.17633 0.74213
v -0.00975 -0.17574 0.74165
v -0.00903 -0.16714 0.74061
v 0.00217 -0.16814 0.74059
v 0.00221 -0.16711 0.74313
v -0.00899 -0.16607 0.74313
v -0.00831 -0.16205 0.73367
v 0.0028 -0.16368 0.73434
v 0.00311 -0.1612 0.73545
v -0.008 -0.15956 0.73478
v -0.00657 -0.16023 0.72027
v 0.00447 -0.16202 0.72145
v 0.00487 -0.15934 0.72188
v -0.00617 -0.15755 0.72069
v 0.08154 -0.15226 0.70161
v 0.08127 -0.15175 0.70014
v 0.08263 -0.15052 0.70025
v 0.08284 -0.15135 0.7019
v 0.07626 -0.15111 0.70609
v 0.07512 -0.15048 0.70535
v 0.07551 -0.14915 0.7063
v 0.07669 -0.15007 0.70711
v 0.07591 -0.15615 0.70757
v 0.07466 -0.15692 0.70725
v 0.07492 -0.15757 0.70877
v 0.07623 -0.15652 0.70901
v 0.08111 -0.15831 0.70339
v 0.08082 -0.15908 0.70224
v 0.08192 -0.16064 0.70322
v 0.0823 -0.15908 0.70417
v 0.08183 -0.1574 0.70254
v 0.0821 -0.15377 0.70146
v 0.08204 -0.1541 0.7
v 0.0818 -0.15796 0.7011
v 0.08387 -0.1537 0.69987
v 0.08358 -0.15808 0.70114
v 0.08367 -0.1535 0.70166
v 0.08338 -0.15756 0.70286
v 0.07568 -0.15206 0.70683
v 0.07548 -0.15488 0.70766
v 0.07401 -0.15497 0.70738
v 0.07422 -0.15195 0.7065
v 0.07388 -0.15449 0.70899
v 0.07409 -0.15147 0.7081
v 0.07558 -0.15456 0.70914
v 0.07579 -0.15155 0.70825
v -0.11084 -0.12731 0.73346
v -0.11049 -0.12323 0.7337
v -0.10681 -0.12145 0.73334
v -0.10347 -0.12377 0.73273
v -0.10382 -0.12785 0.73249
v -0.1075 -0.12962 0.73285
v -0.09668 -0.14919 0.8113
v -0.09636 -0.14519 0.81217
v -0.09323 -0.14302 0.81072
v -0.09043 -0.14484 0.8084
v -0.09074 -0.14885 0.80753
v -0.09387 -0.15102 0.80898
v -0.06503 -0.15196 0.82922
v -0.06473 -0.14795 0.83007
v -0.06274 -0.14536 0.82712
v -0.06105 -0.14677 0.82332
v -0.06136 -0.15078 0.82246
v -0.06335 -0.15337 0.82541
v -0.02678 -0.15383 0.83431
v -0.02652 -0.14982 0.83516
v -0.02755 -0.147 0.83213
v -0.02885 -0.14818 0.82825
v -0.0291 -0.15219 0.8274
v -0.02807 -0.15501 0.83043
v 0.00217 -0.15063 0.81043
v 0.00241 -0.14663 0.81131
v -0.00035 -0.14404 0.80984
v -0.00336 -0.14546 0.80751
v -0.0036 -0.14946 0.80663
v -0.00084 -0.15205 0.80809
v 0.02691 -0.13724 0.73481
v 0.02715 -0.13315 0.73504
v 0.02379 -0.13086 0.73448
v 0.02019 -0.13266 0.73367
v 0.01995 -0.13675 0.73343
v 0.02331 -0.13904 0.734
v -0.11164 -0.12142 0.72338
v -0.1115 -0.12021 0.72335
v -0.10785 -0.11983 0.72338
v -0.10434 -0.12067 0.72344
v -0.10449 -0.12189 0.72347
v -0.10814 -0.12226 0.72344
v 0.0288 -0.13154 0.72515
v 0.02883 -0.13031 0.72512
v 0.02529 -0.12941 0.72506
v 0.02172 -0.12973 0.72503
v 0.02169 -0.13095 0.72506
v 0.02523 -0.13186 0.72512
v -0.12929 -0.06095 0.71852
v -0.10655 -0.06373 0.71745
v -0.08988 -0.05351 0.73029
v -0.13463 -0.06976 0.74117
v -0.08725 -0.05273 0.7466
v -0.12951 -0.07092 0.75668
v -0.09256 -0.05726 0.75937
v -0.11406 -0.06501 0.76053
v -0.11184 -0.06447 0.76433
v -0.09874 -0.0537 0.75372
v -0.12463 -0.07351 0.76062
v -0.09515 -0.04713 0.74695
v -0.12937 -0.07811 0.74352
v -0.09845 -0.04219 0.73284
v -0.12017 -0.07605 0.72343
v -0.11654 -0.04784 0.71464
v 0.18464 0.1154 0.68443
v 0.20089 0.09811 0.69524
v 0.19866 0.08152 0.70949
v 0.18671 0.07143 0.71789
v 0.16732 0.07468 0.72032
v 0.15601 0.08312 0.71607
v 0.15462 0.10528 0.70065
v 0.16712 0.11955 0.6833
v 0.00039 -0.06776 0.5595
v -0.09737 -0.06345 0.55829
v -0.14113 -0.06095 0.5379
v -0.15823 -0.05514 0.49998
v -0.14168 -0.04789 0.45972
v -0.09954 -0.04365 0.43524
v -0.04455 -0.04138 0.42503
v -0.00254 -0.04045 0.425
v 0.03946 -0.03855 0.42682
v 0.0948 -0.0388 0.43556
v 0.13784 -0.04156 0.45847
v 0.15624 -0.0488 0.49972
v 0.13836 -0.0555 0.53519
v 0.09769 -0.06056 0.55744
v -0.04849 -0.06553 0.55927
v 0.05094 -0.06335 0.56076
v 0.05461 -0.04511 0.56617
v 0.0479 -0.03651 0.58226
v -0.04446 -0.04156 0.58076
v -0.04764 -0.04951 0.56437
v 0.08884 -0.02694 0.5805
v 0.09238 -0.03714 0.56582
v 0.12375 0.00835 0.57279
v 0.1324 -0.01462 0.54764
v 0.1464 0.02774 0.50789
v 0.13995 0.05218 0.55158
v 0.13113 0.09008 0.53671
v 0.13511 0.05873 0.47884
v 0.08667 0.10007 0.43342
v 0.08448 0.13197 0.51476
v 0.03388 0.13861 0.50839
v 0.03506 0.10329 0.42813
v -0.0045 0.10394 0.42709
v -0.00502 0.13941 0.50742
v -0.04397 0.10166 0.42668
v -0.0438 0.13699 0.5071
v -0.09721 0.1296 0.51085
v -0.0986 0.09401 0.4311
v -0.1383 0.0899 0.53014
v -0.14103 0.05751 0.46956
v -0.14836 0.01721 0.50997
v -0.14561 0.04273 0.54629
v -0.13698 -0.02057 0.54776
v -0.13002 -0.01206 0.57143
v -0.09422 -0.04189 0.56549
v -0.08667 -0.03534 0.58065
v -0.00026 -0.05323 0.56435
v -0.00244 -0.04176 0.5821
v 0.13583 -0.17808 0.47772
v 0.12443 -0.18245 0.50457
v 0.04589 -0.17106 0.42439
v 0.10185 -0.17125 0.42891
v 0.12499 -0.17263 0.44698
v 0.00256 -0.19122 0.52922
v 0.09734 -0.18723 0.5306
v -0.12635 -0.18909 0.50894
v -0.13692 -0.18785 0.48445
v -0.12494 -0.17736 0.45
v -0.09863 -0.17372 0.42893
v -0.04662 -0.17251 0.42367
v -0.00037 -0.17201 0.42347
v -0.09709 -0.19136 0.53175
v -0.04726 -0.1913 0.53951
v 0.05219 -0.18937 0.54011
vt 0.56471 0.47286
vt 0.56134 0.49979
vt 0.54097 0.49778
vt 0.53911 0.47694
vt 0.52724 0.43967
vt 0.51932 0.4225
vt 0.52628 0.40864
vt 0.55734 0.4188
vt 0.57444 0.19898
vt 0.57134 0.14558
vt 0.60083 0.1463
vt 0.60215 0.20007
vt 0.51639 0.19149
vt 0.51423 0.13952
vt 0.54458 0.14406
vt 0.53482 0.19574
vt 0.24307 0.46348
vt 0.26175 0.4729
vt 0.25969 0.47511
vt 0.24202 0.46627
vt 0.53504 0.35486
vt 0.56533 0.35693
vt 0.58528 0.35816
vt 0.58306 0.41379
vt 0.60529 0.41257
vt 0.60382 0.35738
vt 0.62452 0.35709
vt 0.62506 0.41221
vt 0.62373 0.27429
vt 0.62321 0.2149
vt 0.64394 0.2146
vt 0.6437 0.27376
vt 0.22205 0.36176
vt 0.24119 0.3624
vt 0.2413 0.39992
vt 0.22155 0.39974
vt 0.24275 0.34094
vt 0.26317 0.3417
vt 0.26032 0.36305
vt 0.24248 0.43493
vt 0.26387 0.43408
vt 0.27011 0.46902
vt 0.24556 0.45602
vt 0.64401 0.19975
vt 0.6444 0.14589
vt 0.6739 0.1446
vt 0.6747 0.19787
vt 0.52543 0.27696
vt 0.51854 0.21926
vt 0.53594 0.21466
vt 0.55594 0.27297
vt 0.31302 0.48289
vt 0.29242 0.48678
vt 0.28977 0.46289
vt 0.31441 0.46466
vt 0.29005 0.41297
vt 0.32292 0.39897
vt 0.33094 0.41088
vt 0.3225 0.42748
vt 0.27523 0.36657
vt 0.27829 0.3987
vt 0.26105 0.4001
vt 0.60375 0.27414
vt 0.62403 0.3062
vt 0.60412 0.30634
vt 0.3267 0.07034
vt 0.30411 0.07494
vt 0.30485 0.0374
vt 0.3271 0.0314
vt 0.5987 0.09343
vt 0.56935 0.09245
vt 0.56798 0.05593
vt 0.59723 0.0571
vt 0.54044 0.0891
vt 0.53659 0.05093
vt 0.51253 0.08142
vt 0.51304 0.04173
vt 0.57915 0.27325
vt 0.58203 0.30599
vt 0.56028 0.30572
vt 0.5351 0.30655
vt 0.28941 0.25776
vt 0.31322 0.26223
vt 0.30708 0.29242
vt 0.28318 0.29193
vt 0.2621 0.29148
vt 0.28699 0.34853
vt 0.31139 0.3438
vt 0.60764 0.44607
vt 0.62541 0.44575
vt 0.62561 0.46445
vt 0.60852 0.46607
vt 0.58434 0.44695
vt 0.58815 0.47129
vt 0.53744 0.45772
vt 0.56158 0.44761
vt 0.24147 0.41423
vt 0.22108 0.43579
vt 0.22135 0.41502
vt 0.29069 0.43542
vt 0.31695 0.44485
vt 0.24255 0.29128
vt 0.22233 0.34017
vt 0.22299 0.29109
vt 0.51117 0.48473
vt 0.50867 0.46682
vt 0.51278 0.50094
vt 0.34212 0.46787
vt 0.34133 0.48429
vt 0.34412 0.44973
vt 0.34852 0.43306
vt 0.35497 0.41647
vt 0.5036 0.44978
vt 0.49775 0.43369
vt 0.57655 0.50372
vt 0.27622 0.49179
vt 0.26159 0.41343
vt 0.14331 0.41075
vt 0.15747 0.34683
vt 0.16876 0.36517
vt 0.15849 0.39651
vt 0.25189 0.07824
vt 0.22611 0.07816
vt 0.22668 0.04168
vt 0.25242 0.04165
vt 0.27768 0.07832
vt 0.27816 0.04161
vt 0.59684 0.49077
vt 0.5842 0.50715
vt 0.60889 0.48407
vt 0.62579 0.48093
vt 0.26998 0.49476
vt 0.47673 0.49094
vt 0.47336 0.47447
vt 0.47728 0.50626
vt 0.3767 0.47267
vt 0.37607 0.48829
vt 0.37939 0.45675
vt 0.38275 0.44228
vt 0.38832 0.426
vt 0.46986 0.46066
vt 0.4641 0.44437
vt 0.27163 0.2589
vt 0.13337 0.25985
vt 0.127 0.20312
vt 0.14885 0.2101
vt 0.16149 0.25733
vt 0.68668 0.4716
vt 0.71235 0.47517
vt 0.71343 0.49576
vt 0.69064 0.49845
vt 0.72344 0.43765
vt 0.69291 0.41742
vt 0.72376 0.40665
vt 0.731 0.42034
vt 0.17869 0.22292
vt 0.18066 0.2548
vt 0.17504 0.16114
vt 0.17362 0.13042
vt 0.19945 0.13084
vt 0.19981 0.15528
vt 0.27447 0.22295
vt 0.29867 0.21052
vt 0.68369 0.35577
vt 0.71394 0.35312
vt 0.66709 0.41293
vt 0.66376 0.35739
vt 0.64522 0.35697
vt 0.64484 0.41217
vt 0.6974 0.27679
vt 0.71047 0.21418
vt 0.72668 0.21818
vt 0.72204 0.27513
vt 0.2029 0.36189
vt 0.20181 0.3994
vt 0.18206 0.39906
vt 0.18375 0.36203
vt 0.20189 0.34039
vt 0.18146 0.34061
vt 0.19609 0.45537
vt 0.17117 0.46773
vt 0.17835 0.43295
vt 0.19972 0.43437
vt 0.6741 0.21333
vt 0.66828 0.27242
vt 0.12543 0.47988
vt 0.12701 0.46216
vt 0.15169 0.46106
vt 0.14838 0.48486
vt 0.11991 0.42479
vt 0.11192 0.40799
vt 0.12025 0.39631
vt 0.18382 0.29036
vt 0.16268 0.29035
vt 0.22348 0.25958
vt 0.24952 0.25949
vt 0.13319 0.34148
vt 0.13876 0.29025
vt 0.68775 0.30452
vt 0.71295 0.30488
vt 0.66601 0.30519
vt 0.64393 0.30596
vt 0.64318 0.4457
vt 0.64273 0.46572
vt 0.6665 0.4461
vt 0.66322 0.47052
vt 0.71361 0.4559
vt 0.68927 0.44629
vt 0.20126 0.41369
vt 0.12501 0.4423
vt 0.15151 0.43357
vt 0.20341 0.29073
vt 0.74368 0.46493
vt 0.74138 0.48283
vt 0.7409 0.49842
vt 0.09818 0.48119
vt 0.09808 0.46536
vt 0.09643 0.44682
vt 0.09235 0.42946
vt 0.08642 0.41327
vt 0.74793 0.44736
vt 0.75437 0.43146
vt 0.67407 0.50271
vt 0.16296 0.49029
vt 0.18117 0.41237
vt 0.19835 0.4629
vt 0.17942 0.47184
vt 0.14755 0.07402
vt 0.12386 0.0672
vt 0.12412 0.0281
vt 0.14779 0.03688
vt 0.73119 0.07995
vt 0.70415 0.08732
vt 0.70742 0.04905
vt 0.72901 0.04046
vt 0.67507 0.09137
vt 0.67587 0.0548
vt 0.64566 0.09298
vt 0.64653 0.05662
vt 0.62218 0.09309
vt 0.62188 0.05673
vt 0.66795 0.50629
vt 0.65496 0.49018
vt 0.64277 0.48372
vt 0.20037 0.0776
vt 0.17462 0.07704
vt 0.17531 0.04035
vt 0.20099 0.04102
vt 0.17057 0.49347
vt 0.20136 0.22428
vt 0.20201 0.25189
vt 0.7783 0.47127
vt 0.77555 0.48788
vt 0.77529 0.50286
vt 0.06429 0.48376
vt 0.06402 0.46865
vt 0.06195 0.45257
vt 0.05888 0.43803
vt 0.05376 0.42207
vt 0.78695 0.44155
vt 0.78172 0.45744
vt 0.47405 0.4909
vt 0.47097 0.47492
vt 0.47455 0.50505
vt 0.37933 0.47265
vt 0.37877 0.48699
vt 0.38176 0.45713
vt 0.385 0.44314
vt 0.39006 0.42839
vt 0.46762 0.46153
vt 0.4624 0.44679
vt 0.77957 0.47145
vt 0.777 0.48762
vt 0.77696 0.50149
vt 0.0627 0.48237
vt 0.06268 0.4684
vt 0.06066 0.45272
vt 0.05766 0.43862
vt 0.05302 0.42413
vt 0.78781 0.44358
vt 0.78285 0.458
vt 0.59872 0.49303
vt 0.58684 0.5082
vt 0.6099 0.48678
vt 0.62583 0.48388
vt 0.21728 0.45396
vt 0.21725 0.45733
vt 0.19934 0.46572
vt 0.26719 0.49499
vt 0.66533 0.50739
vt 0.65313 0.49247
vt 0.64182 0.48645
vt 0.18143 0.4741
vt 0.17333 0.49376
vt 0.94665 0.40643
vt 0.95306 0.40634
vt 0.95381 0.42853
vt 0.94766 0.42856
vt 0.93985 0.40638
vt 0.94019 0.42856
vt 0.93339 0.40647
vt 0.93284 0.42868
vt 0.92712 0.40651
vt 0.92675 0.42881
vt 0.92221 0.40625
vt 0.921 0.42849
vt 0.91679 0.40592
vt 0.91391 0.42792
vt 0.95796 0.40592
vt 0.95942 0.42803
vt 0.96341 0.40528
vt 0.96646 0.42731
vt 0.94508 0.43864
vt 0.93777 0.43875
vt 0.93213 0.4387
vt 0.92508 0.43856
vt 0.91853 0.4383
vt 0.91457 0.43811
vt 0.96755 0.43734
vt 0.96104 0.43786
vt 0.94795 0.44886
vt 0.94037 0.44913
vt 0.92104 0.27769
vt 0.95495 0.28315
vt 0.93575 0.30114
vt 0.91418 0.29232
vt 0.96812 0.3002
vt 0.95116 0.3115
vt 0.98002 0.31499
vt 0.96358 0.32394
vt 0.85676 0.2551
vt 0.87518 0.25667
vt 0.875 0.27931
vt 0.85771 0.27692
vt 0.90252 0.26234
vt 0.8952 0.28597
vt 0.95986 0.50217
vt 0.94994 0.50294
vt 0.94877 0.47977
vt 0.95781 0.47917
vt 0.94107 0.50322
vt 0.9407 0.48002
vt 0.93203 0.50304
vt 0.93256 0.47991
vt 0.92244 0.50255
vt 0.9238 0.47953
vt 0.91248 0.50179
vt 0.9158 0.47895
vt 0.97956 0.49965
vt 0.9698 0.50117
vt 0.96545 0.47842
vt 0.97373 0.47737
vt 0.95996 0.38212
vt 0.95492 0.38264
vt 0.95357 0.36884
vt 0.95766 0.36858
vt 0.92434 0.38307
vt 0.91941 0.3827
vt 0.92309 0.36948
vt 0.92719 0.36923
vt 0.92914 0.38322
vt 0.93067 0.3695
vt 0.93455 0.3832
vt 0.93432 0.36941
vt 0.93981 0.38313
vt 0.93824 0.36899
vt 0.9457 0.38301
vt 0.94485 0.36864
vt 0.95082 0.38288
vt 0.94878 0.36907
vt 0.95549 0.44835
vt 0.95698 0.4658
vt 0.94825 0.46632
vt 0.94054 0.46657
vt 0.93287 0.449
vt 0.93289 0.46646
vt 0.92616 0.44874
vt 0.92434 0.46616
vt 0.91943 0.44859
vt 0.91719 0.46575
vt 0.91217 0.44804
vt 0.90963 0.46499
vt 0.96125 0.44809
vt 0.96844 0.44746
vt 0.97132 0.46436
vt 0.96381 0.46524
vt 0.36506 0.82912
vt 0.3787 0.84459
vt 0.37116 0.88139
vt 0.35093 0.83394
vt 0.422 0.87156
vt 0.40443 0.84461
vt 0.47377 0.84763
vt 0.43098 0.83411
vt 0.48576 0.79057
vt 0.44497 0.81237
vt 0.45432 0.7691
vt 0.42612 0.80365
vt 0.39452 0.78066
vt 0.39766 0.80675
vt 0.36295 0.80541
vt 0.37654 0.81755
vt 0.34502 0.87998
vt 0.33734 0.83688
vt 0.33873 0.79909
vt 0.32608 0.8799
vt 0.31969 0.8397
vt 0.31752 0.80382
vt 0.52515 0.77275
vt 0.53513 0.85126
vt 0.48229 0.73491
vt 0.3997 0.9284
vt 0.36015 0.93422
vt 0.33211 0.93568
vt 0.45165 0.9106
vt 0.43147 0.72369
vt 0.38617 0.72835
vt 0.40168 0.67188
vt 0.44062 0.65847
vt 0.49224 0.6368
vt 0.3688 0.61459
vt 0.40602 0.60072
vt 0.32633 0.60534
vt 0.34129 0.57388
vt 0.44047 0.56011
vt 0.36388 0.53874
vt 0.34093 0.73546
vt 0.36619 0.68044
vt 0.55964 0.73521
vt 0.58994 0.82346
vt 0.34976 0.65691
vt 0.32732 0.63555
vt 0.29958 0.60445
vt 0.29849 0.56888
vt 0.30043 0.63274
vt 0.41757 0.97045
vt 0.37452 0.97972
vt 0.33951 0.98443
vt 0.47031 0.95483
vt 0.53439 0.93203
vt 0.30336 0.73001
vt 0.3103 0.72998
vt 0.30917 0.73874
vt 0.30357 0.73726
vt 0.31299 0.75089
vt 0.31873 0.74578
vt 0.32002 0.74878
vt 0.3306 0.74393
vt 0.32604 0.74101
vt 0.32212 0.7308
vt 0.34252 0.75683
vt 0.33252 0.75905
vt 0.32193 0.76143
vt 0.31453 0.76265
vt 0.30401 0.75235
vt 0.315 0.78007
vt 0.33117 0.77174
vt 0.30483 0.78057
vt 0.30554 0.80508
vt 0.30433 0.76318
vt 0.36559 0.76805
vt 0.34335 0.69337
vt 0.32717 0.70809
vt 0.35159 0.68132
vt 0.34302 0.67019
vt 0.32501 0.65995
vt 0.30655 0.84089
vt 0.30765 0.88052
vt 0.30919 0.93646
vt 0.31052 0.98651
vt 0.3029 0.71451
vt 0.31339 0.71686
vt 0.3011 0.65491
vt 0.87615 0.34081
vt 0.87669 0.32191
vt 0.88709 0.31455
vt 0.89934 0.33738
vt 0.86617 0.31477
vt 0.87172 0.30561
vt 0.85863 0.30387
vt 0.8565 0.31265
vt 0.84861 0.314
vt 0.84459 0.30507
vt 0.32172 0.66821
vt 0.33857 0.67565
vt 0.33349 0.67811
vt 0.3188 0.67377
vt 0.31378 0.70869
vt 0.30271 0.70773
vt 0.30244 0.69885
vt 0.31386 0.69868
vt 0.30137 0.66408
vt 0.30157 0.67106
vt 0.32616 0.70167
vt 0.32273 0.69516
vt 0.3463 0.68232
vt 0.33919 0.69246
vt 0.33342 0.68967
vt 0.33868 0.68302
vt 0.88947 0.30611
vt 0.8725 0.29959
vt 0.87329 0.29357
vt 0.89185 0.29767
vt 0.85839 0.29878
vt 0.85809 0.29038
vt 0.90801 0.30456
vt 0.92649 0.31737
vt 0.9211 0.33179
vt 0.90367 0.32097
vt 0.95122 0.33718
vt 0.94845 0.34984
vt 0.93451 0.34291
vt 0.93876 0.32893
vt 0.37927 0.83993
vt 0.36681 0.82852
vt 0.37519 0.82744
vt 0.38304 0.8344
vt 0.40185 0.84113
vt 0.40386 0.83506
vt 0.42567 0.83243
vt 0.42504 0.82692
vt 0.4399 0.81508
vt 0.43526 0.8128
vt 0.42262 0.80794
vt 0.42273 0.8109
vt 0.39806 0.80999
vt 0.40047 0.81095
vt 0.37823 0.81906
vt 0.38266 0.8156
vt 0.50556 0.53968
vt 0.4739 0.54089
vt 0.47196 0.51938
vt 0.50486 0.52538
vt 0.43985 0.54265
vt 0.4396 0.5236
vt 0.50645 0.54902
vt 0.52609 0.53519
vt 0.4412 0.54965
vt 0.42156 0.53603
vt 0.47599 0.55595
vt 0.48661 0.31308
vt 0.48435 0.31194
vt 0.48483 0.31112
vt 0.48654 0.31255
vt 0.47593 0.32387
vt 0.47267 0.31984
vt 0.48106 0.31701
vt 0.48324 0.31853
vt 0.47874 0.31059
vt 0.47901 0.3138
vt 0.47068 0.31532
vt 0.47042 0.31063
vt 0.4853 0.31844
vt 0.47862 0.32607
vt 0.48089 0.30849
vt 0.47291 0.30564
vt 0.48421 0.30733
vt 0.47591 0.30134
vt 0.41141 0.34165
vt 0.4247 0.33804
vt 0.42196 0.35304
vt 0.41584 0.35746
vt 0.40741 0.34396
vt 0.41379 0.3586
vt 0.46534 0.3413
vt 0.47062 0.34171
vt 0.47267 0.34552
vt 0.47126 0.34712
vt 0.46575 0.28674
vt 0.45856 0.28663
vt 0.46167 0.28026
vt 0.46686 0.28219
vt 0.40507 0.30256
vt 0.39829 0.29805
vt 0.40597 0.28575
vt 0.41417 0.28933
vt 0.40328 0.28413
vt 0.42748 0.38758
vt 0.43027 0.38675
vt 0.43033 0.39177
vt 0.42779 0.39183
vt 0.41654 0.25401
vt 0.41319 0.25305
vt 0.41327 0.24889
vt 0.41529 0.24864
vt 0.42666 0.25639
vt 0.42077 0.2453
vt 0.44132 0.26267
vt 0.43108 0.24612
vt 0.43934 0.24624
vt 0.45517 0.27013
vt 0.45168 0.25258
vt 0.45907 0.25879
vt 0.46613 0.26859
vt 0.46748 0.27591
vt 0.46977 0.27839
vt 0.47734 0.34823
vt 0.47648 0.35028
vt 0.46524 0.35939
vt 0.47509 0.35725
vt 0.45438 0.37279
vt 0.47045 0.3691
vt 0.46498 0.37622
vt 0.44002 0.38317
vt 0.45528 0.38436
vt 0.44713 0.38882
vt 0.43676 0.39172
vt 0.44088 0.38975
vt 0.44035 0.39305
vt 0.43838 0.39397
vt 0.44363 0.3932
vt 0.4586 0.37974
vt 0.45998 0.38351
vt 0.45896 0.38598
vt 0.46283 0.38272
vt 0.47129 0.36305
vt 0.47425 0.36454
vt 0.47417 0.36743
vt 0.47636 0.36217
vt 0.42512 0.41933
vt 0.42688 0.41966
vt 0.42701 0.41984
vt 0.42473 0.41938
vt 0.46531 0.42922
vt 0.46589 0.42861
vt 0.46777 0.42789
vt 0.46821 0.42806
vt 0.50362 0.40273
vt 0.50399 0.40195
vt 0.50496 0.40029
vt 0.50522 0.40005
vt 0.51967 0.35779
vt 0.51905 0.35737
vt 0.5189 0.3557
vt 0.51946 0.35576
vt 0.5096 0.26439
vt 0.50954 0.26653
vt 0.50901 0.26641
vt 0.50905 0.26505
vt 0.485 0.22043
vt 0.48661 0.22241
vt 0.48609 0.22246
vt 0.48513 0.22126
vt 0.43265 0.20223
vt 0.43523 0.20212
vt 0.43496 0.20254
vt 0.43324 0.20257
vt 0.40045 0.22411
vt 0.40191 0.22318
vt 0.40188 0.22347
vt 0.40087 0.2241
vt 0.4619 0.26455
vt 0.44479 0.25216
vt 0.42672 0.24736
vt 0.42216 0.24363
vt 0.42518 0.24491
vt 0.42693 0.24359
vt 0.44364 0.24471
vt 0.44606 0.2469
vt 0.44901 0.24751
vt 0.46275 0.25952
vt 0.46388 0.26186
vt 0.46635 0.26339
vt 0.48398 0.36144
vt 0.48329 0.35767
vt 0.49125 0.358
vt 0.49181 0.36152
vt 0.48359 0.35151
vt 0.49122 0.35211
vt 0.48408 0.34975
vt 0.49156 0.35051
vt 0.47514 0.27564
vt 0.4741 0.2731
vt 0.48145 0.27169
vt 0.48181 0.274
vt 0.47318 0.26813
vt 0.48084 0.26715
vt 0.47328 0.26364
vt 0.48077 0.26311
vt 0.46886 0.38555
vt 0.47236 0.38097
vt 0.47899 0.38606
vt 0.47565 0.39013
vt 0.47635 0.37552
vt 0.48286 0.38062
vt 0.47887 0.37362
vt 0.48494 0.37884
vt 0.46494 0.25308
vt 0.46169 0.25194
vt 0.4668 0.24543
vt 0.46919 0.24692
vt 0.45795 0.24861
vt 0.46325 0.24211
vt 0.45407 0.24458
vt 0.45973 0.23935
vt 0.44728 0.39866
vt 0.45101 0.39596
vt 0.45382 0.40328
vt 0.45026 0.40536
vt 0.4576 0.39312
vt 0.46021 0.40049
vt 0.46013 0.39294
vt 0.4627 0.40048
vt 0.44174 0.23833
vt 0.43834 0.23969
vt 0.43833 0.23138
vt 0.4409 0.23066
vt 0.4334 0.23966
vt 0.43345 0.23181
vt 0.42884 0.23804
vt 0.42924 0.23111
vt 0.4292 0.39687
vt 0.43482 0.39768
vt 0.43334 0.40291
vt 0.4279 0.40182
vt 0.43591 0.39855
vt 0.43434 0.40351
vt 0.42691 0.39655
vt 0.42576 0.40135
vt 0.41838 0.24042
vt 0.4176 0.24171
vt 0.41416 0.23756
vt 0.41491 0.23658
vt 0.4137 0.24374
vt 0.41104 0.23955
vt 0.41184 0.2446
vt 0.40944 0.24053
vt 0.42854 0.34782
vt 0.43693 0.31224
vt 0.43814 0.31974
vt 0.42688 0.30595
vt 0.4271 0.31301
vt 0.44181 0.3679
vt 0.43865 0.3264
vt 0.44282 0.36067
vt 0.45227 0.34989
vt 0.41443 0.30915
vt 0.42709 0.29655
vt 0.43325 0.30563
vt 0.44593 0.31051
vt 0.44535 0.30384
vt 0.45665 0.30297
vt 0.45678 0.31034
vt 0.43809 0.33225
vt 0.4585 0.31804
vt 0.44604 0.31934
vt 0.45866 0.32406
vt 0.44609 0.32563
vt 0.44761 0.33283
vt 0.46121 0.33029
vt 0.42101 0.29291
vt 0.43541 0.34049
vt 0.46997 0.3337
vt 0.46554 0.29534
vt 0.44322 0.28425
vt 0.4323 0.3689
vt 0.42443 0.3735
vt 0.42218 0.37438
vt 0.41221 0.26873
vt 0.40923 0.26712
vt 0.42141 0.27221
vt 0.43208 0.2771
vt 0.50756 0.36126
vt 0.50706 0.35857
vt 0.51461 0.35829
vt 0.51486 0.36006
vt 0.49634 0.26541
vt 0.49635 0.26212
vt 0.50401 0.2628
vt 0.50382 0.26548
vt 0.49669 0.2695
vt 0.50399 0.26785
vt 0.49698 0.27133
vt 0.50429 0.26914
vt 0.50696 0.35319
vt 0.50722 0.35194
vt 0.51453 0.35351
vt 0.51445 0.35436
vt 0.49919 0.35827
vt 0.49972 0.36146
vt 0.48854 0.26241
vt 0.48871 0.2668
vt 0.48903 0.27047
vt 0.48929 0.27269
vt 0.49943 0.35107
vt 0.49909 0.35275
vt 0.49282 0.39579
vt 0.49613 0.39096
vt 0.50172 0.39596
vt 0.49911 0.39994
vt 0.49027 0.39941
vt 0.49756 0.40251
vt 0.47506 0.23017
vt 0.47248 0.22767
vt 0.47929 0.22302
vt 0.48096 0.22523
vt 0.47786 0.23298
vt 0.48263 0.22706
vt 0.47974 0.23428
vt 0.48407 0.22787
vt 0.49775 0.38946
vt 0.50276 0.39499
vt 0.48934 0.38577
vt 0.48586 0.39072
vt 0.48267 0.39481
vt 0.46581 0.23366
vt 0.46947 0.23674
vt 0.47184 0.23905
vt 0.47431 0.24083
vt 0.49132 0.38392
vt 0.45973 0.41774
vt 0.46509 0.41575
vt 0.46717 0.42295
vt 0.46284 0.42466
vt 0.45642 0.41947
vt 0.46068 0.42593
vt 0.43321 0.21632
vt 0.42961 0.21572
vt 0.43077 0.20776
vt 0.433 0.20823
vt 0.43683 0.21612
vt 0.43593 0.2085
vt 0.43924 0.21521
vt 0.43744 0.20763
vt 0.46748 0.41547
vt 0.46886 0.42275
vt 0.46245 0.40845
vt 0.45689 0.41053
vt 0.45313 0.41249
vt 0.4294 0.22358
vt 0.43371 0.22404
vt 0.43755 0.22384
vt 0.44029 0.22287
vt 0.46528 0.40802
vt 0.42565 0.41162
vt 0.43043 0.41266
vt 0.42842 0.41732
vt 0.42492 0.41664
vt 0.42373 0.41121
vt 0.42358 0.41628
vt 0.40522 0.23138
vt 0.40384 0.23218
vt 0.4014 0.22744
vt 0.40265 0.22695
vt 0.40775 0.22963
vt 0.40435 0.2259
vt 0.40838 0.2288
vt 0.40477 0.22519
vt 0.4313 0.4131
vt 0.42918 0.41747
vt 0.43188 0.40788
vt 0.42685 0.40677
vt 0.42458 0.40626
vt 0.40668 0.2364
vt 0.40833 0.23533
vt 0.41079 0.23363
vt 0.41164 0.23262
vt 0.43292 0.4084
vt 0.48342 0.31295
vt 0.48482 0.3144
vt 0.32913 0.68056
vt 0.31877 0.67739
vt 0.30236 0.69591
vt 0.31944 0.69168
vt 0.30168 0.67484
vt 0.32964 0.68739
vt 0.33246 0.68393
vt 0.7938 0.28127
vt 0.80168 0.29512
vt 0.78079 0.30568
vt 0.76016 0.28957
vt 0.76634 0.31738
vt 0.74853 0.30776
vt 0.75514 0.33091
vt 0.7381 0.32364
vt 0.84039 0.2799
vt 0.83844 0.25752
vt 0.82039 0.28751
vt 0.81143 0.26484
vt 0.2338 0.84405
vt 0.24573 0.83196
vt 0.24751 0.83246
vt 0.23424 0.84696
vt 0.20908 0.85021
vt 0.21146 0.84659
vt 0.18193 0.8412
vt 0.18715 0.83922
vt 0.16672 0.82037
vt 0.17194 0.82278
vt 0.18503 0.8106
vt 0.18877 0.81468
vt 0.21357 0.81206
vt 0.21336 0.81532
vt 0.23547 0.8215
vt 0.23388 0.82309
vt 0.26185 0.83648
vt 0.27558 0.83865
vt 0.2703 0.88209
vt 0.24429 0.88498
vt 0.24824 0.80866
vt 0.27205 0.80099
vt 0.29337 0.84045
vt 0.28921 0.88094
vt 0.29351 0.80451
vt 0.13997 0.85717
vt 0.07893 0.86431
vt 0.08437 0.78551
vt 0.12473 0.80098
vt 0.12496 0.7453
vt 0.15488 0.77777
vt 0.2582 0.93708
vt 0.2184 0.9335
vt 0.28627 0.93696
vt 0.16556 0.91869
vt 0.193 0.87807
vt 0.21527 0.78584
vt 0.17504 0.73117
vt 0.16203 0.66668
vt 0.20172 0.67776
vt 0.22056 0.73318
vt 0.1092 0.64811
vt 0.1931 0.60704
vt 0.23109 0.61867
vt 0.25608 0.57642
vt 0.27293 0.60693
vt 0.15623 0.5686
vt 0.23137 0.5427
vt 0.23766 0.68422
vt 0.2662 0.73777
vt 0.04774 0.75008
vt 0.02262 0.83981
vt 0.25134 0.65926
vt 0.27376 0.63715
vt 0.24627 0.9833
vt 0.20281 0.97647
vt 0.28146 0.98605
vt 0.14934 0.96387
vt 0.08414 0.94476
vt 0.29806 0.73907
vt 0.29642 0.73038
vt 0.29496 0.75142
vt 0.28782 0.74971
vt 0.28893 0.74665
vt 0.27697 0.74549
vt 0.28467 0.73189
vt 0.28135 0.74231
vt 0.27594 0.76069
vt 0.26582 0.75905
vt 0.29411 0.76324
vt 0.28665 0.76245
vt 0.29465 0.78065
vt 0.27802 0.77327
vt 0.24343 0.77158
vt 0.26125 0.69574
vt 0.27795 0.70864
vt 0.26002 0.67254
vt 0.25218 0.68417
vt 0.27742 0.6613
vt 0.29264 0.71758
vt 0.84204 0.34043
vt 0.81929 0.33837
vt 0.82968 0.31482
vt 0.84013 0.32151
vt 0.28129 0.6694
vt 0.28454 0.67481
vt 0.27014 0.67999
vt 0.2649 0.67774
vt 0.29184 0.70948
vt 0.29103 0.69936
vt 0.27895 0.70312
vt 0.28197 0.69638
vt 0.25763 0.68461
vt 0.26528 0.68521
vt 0.27096 0.69153
vt 0.26536 0.69465
vt 0.84374 0.29941
vt 0.82701 0.30674
vt 0.82435 0.29866
vt 0.84291 0.29376
vt 0.80854 0.30665
vt 0.79118 0.32094
vt 0.81392 0.32251
vt 0.79772 0.33482
vt 0.76839 0.34293
vt 0.78003 0.33357
vt 0.78548 0.34711
vt 0.77226 0.35529
vt 0.22658 0.84115
vt 0.2419 0.83187
vt 0.20575 0.84305
vt 0.18334 0.83597
vt 0.17595 0.8236
vt 0.18466 0.818
vt 0.20759 0.81844
vt 0.22701 0.82543
vt 0.11384 0.52971
vt 0.114 0.51421
vt 0.14583 0.50893
vt 0.14462 0.52986
vt 0.1779 0.51536
vt 0.17759 0.53053
vt 0.11322 0.53882
vt 0.09266 0.52732
vt 0.19827 0.52197
vt 0.17649 0.53737
vt 0.14303 0.54454
vt 0.28475 0.67843
vt 0.27461 0.68221
vt 0.28508 0.69272
vt 0.27155 0.68579
vt 0.27463 0.68907
vt 0.31409 0.73244
vt 0.31405 0.73893
vt 0.31764 0.74037
vt 0.32138 0.73955
vt 0.32056 0.73455
vt 0.29321 0.73953
vt 0.29279 0.73306
vt 0.2897 0.74118
vt 0.28644 0.73554
vt 0.28592 0.74059
vt 0.31827 0.7381
vt 0.3161 0.73798
vt 0.31585 0.73519
vt 0.31808 0.735
vt 0.29086 0.73955
vt 0.28869 0.73967
vt 0.28888 0.73657
vt 0.29112 0.73676
vt 0.28726 0.73841
vt 0.3197 0.73684
vt 0.90266 0.50054
vt 0.90747 0.47803
vt 0.86675 0.39033
vt 0.86778 0.41223
vt 0.87403 0.41214
vt 0.87314 0.39021
vt 0.86012 0.39032
vt 0.86037 0.41229
vt 0.85379 0.39039
vt 0.85324 0.41237
vt 0.84742 0.39043
vt 0.84687 0.41243
vt 0.8428 0.39026
vt 0.84119 0.41215
vt 0.838 0.39
vt 0.83457 0.41162
vt 0.87779 0.38987
vt 0.8796 0.4117
vt 0.88618 0.41101
vt 0.88262 0.38936
vt 0.88011 0.48582
vt 0.87828 0.46433
vt 0.86898 0.46498
vt 0.87001 0.48658
vt 0.86082 0.46521
vt 0.86121 0.48685
vt 0.85284 0.46509
vt 0.85252 0.48669
vt 0.84374 0.46469
vt 0.84258 0.4862
vt 0.83565 0.46414
vt 0.83274 0.48542
vt 0.89912 0.48333
vt 0.89407 0.46248
vt 0.88598 0.4636
vt 0.88994 0.4848
vt 0.87323 0.35549
vt 0.8732 0.35241
vt 0.86877 0.35287
vt 0.86909 0.35562
vt 0.87668 0.3554
vt 0.87664 0.35232
vt 0.84474 0.35342
vt 0.84363 0.35621
vt 0.847 0.35601
vt 0.84792 0.35269
vt 0.85082 0.35586
vt 0.85112 0.35276
vt 0.85513 0.35589
vt 0.85479 0.35276
vt 0.85959 0.35591
vt 0.85952 0.35281
vt 0.86487 0.35576
vt 0.86554 0.35265
vt 0.87084 0.36699
vt 0.8657 0.36713
vt 0.87451 0.3668
vt 0.87862 0.3665
vt 0.84521 0.36729
vt 0.84129 0.36711
vt 0.84958 0.36735
vt 0.85518 0.3673
vt 0.86013 0.36723
vt 0.8683 0.42014
vt 0.8746 0.41959
vt 0.85345 0.41998
vt 0.85213 0.42812
vt 0.86047 0.42766
vt 0.86042 0.41997
vt 0.84645 0.41992
vt 0.84426 0.42736
vt 0.84088 0.41971
vt 0.84057 0.42726
vt 0.83393 0.41838
vt 0.83329 0.42514
vt 0.88056 0.41921
vt 0.88153 0.42671
vt 0.88765 0.42454
vt 0.88692 0.41778
vt 0.87518 0.42704
vt 0.86807 0.43266
vt 0.87574 0.43223
vt 0.86865 0.42538
vt 0.03743 0.28544
vt 0.0378 0.28603
vt 0.03885 0.2877
vt 0.039 0.28697
vt 0.04428 0.28879
vt 0.06582 0.29174
vt 0.06489 0.28409
vt 0.04432 0.28578
vt 0.04173 0.28115
vt 0.06424 0.27214
vt 0.05664 0.26809
vt 0.04038 0.28118
vt 0.04254 0.29042
vt 0.06539 0.29888
vt 0.04027 0.29096
vt 0.0565 0.30501
vt 0.06563 0.27838
vt 0.043 0.28267
vt 0.11677 0.26071
vt 0.10692 0.23263
vt 0.10513 0.23316
vt 0.11416 0.2625
vt 0.11319 0.30772
vt 0.09642 0.33417
vt 0.10442 0.33847
vt 0.11961 0.31193
vt 0.06112 0.2603
vt 0.05566 0.2534
vt 0.05392 0.25498
vt 0.05597 0.25938
vt 0.05449 0.31412
vt 0.05243 0.31885
vt 0.05713 0.32125
vt 0.06111 0.31508
vt 0.10653 0.34021
vt 0.10523 0.26962
vt 0.09741 0.2367
vt 0.08592 0.24363
vt 0.10318 0.21873
vt 0.10322 0.21433
vt 0.10146 0.21421
vt 0.10103 0.21922
vt 0.09872 0.35263
vt 0.09922 0.35815
vt 0.10067 0.35819
vt 0.10118 0.35389
vt 0.08963 0.3492
vt 0.09408 0.36059
vt 0.07565 0.3412
vt 0.07577 0.35775
vt 0.08362 0.35883
vt 0.06247 0.33204
vt 0.05727 0.34287
vt 0.06372 0.34981
vt 0.05079 0.32504
vt 0.05127 0.33202
vt 0.04886 0.32242
vt 0.05079 0.24944
vt 0.04957 0.25145
vt 0.06331 0.24206
vt 0.0531 0.24317
vt 0.07598 0.23017
vt 0.0655 0.22563
vt 0.05937 0.23185
vt 0.09162 0.22166
vt 0.08497 0.2152
vt 0.07661 0.21867
vt 0.09582 0.21387
vt 0.0941 0.21171
vt 0.09161 0.21257
vt 0.09123 0.21545
vt 0.08811 0.21177
vt 0.07286 0.21703
vt 0.07126 0.21964
vt 0.07245 0.22316
vt 0.06789 0.22027
vt 0.0555 0.2334
vt 0.05503 0.23657
vt 0.05778 0.23806
vt 0.05245 0.23896
vt 0.10947 0.1885
vt 0.10967 0.18848
vt 0.10826 0.18797
vt 0.10838 0.18813
vt 0.07124 0.17454
vt 0.06925 0.17496
vt 0.06958 0.1751
vt 0.07089 0.17484
vt 0.03095 0.19606
vt 0.02962 0.19765
vt 0.02984 0.19743
vt 0.03065 0.19643
vt 0.01037 0.23791
vt 0.01027 0.2392
vt 0.01076 0.23925
vt 0.01083 0.23817
vt 0.00922 0.33066
vt 0.00963 0.33037
vt 0.00972 0.32954
vt 0.00935 0.32942
vt 0.02765 0.3763
vt 0.02767 0.37584
vt 0.02715 0.37508
vt 0.02681 0.37507
vt 0.07605 0.40053
vt 0.07579 0.40028
vt 0.07476 0.40025
vt 0.07454 0.40053
vt 0.11011 0.38338
vt 0.10991 0.38333
vt 0.10932 0.38364
vt 0.10928 0.38383
vt 0.05509 0.33657
vt 0.07084 0.35123
vt 0.08826 0.35797
vt 0.0923 0.36183
vt 0.08912 0.36026
vt 0.08654 0.36138
vt 0.07131 0.35819
vt 0.06888 0.35549
vt 0.06558 0.35428
vt 0.05389 0.34129
vt 0.05303 0.33849
vt 0.05069 0.33626
vt 0.03701 0.24078
vt 0.03649 0.24551
vt 0.03596 0.24701
vt 0.03622 0.32577
vt 0.03629 0.32779
vt 0.03636 0.33149
vt 0.03603 0.33425
vt 0.05519 0.2118
vt 0.05236 0.2143
vt 0.04858 0.2185
vt 0.04652 0.21991
vt 0.04611 0.35397
vt 0.048 0.35555
vt 0.05058 0.35868
vt 0.05299 0.36081
vt 0.08186 0.1988
vt 0.07934 0.20004
vt 0.0738 0.20184
vt 0.07152 0.20163
vt 0.07279 0.37287
vt 0.07512 0.37261
vt 0.07912 0.37279
vt 0.0819 0.37376
vt 0.03672 0.23852
vt 0.0215 0.23699
vt 0.02175 0.23854
vt 0.10069 0.20317
vt 0.09966 0.20249
vt 0.10604 0.20488
vt 0.10481 0.20442
vt 0.09888 0.36972
vt 0.09972 0.36895
vt 0.10225 0.36784
vt 0.10327 0.36738
vt 0.10641 0.19966
vt 0.10926 0.19077
vt 0.10699 0.19004
vt 0.10281 0.19845
vt 0.07722 0.28426
vt 0.07647 0.29288
vt 0.09444 0.29282
vt 0.09181 0.28443
vt 0.09672 0.27678
vt 0.07801 0.2782
vt 0.10376 0.3002
vt 0.07641 0.29949
vt 0.07611 0.31936
vt 0.07506 0.25327
vt 0.07753 0.271
vt 0.08638 0.32796
vt 0.01477 0.23702
vt 0.01479 0.23794
vt 0.02116 0.33127
vt 0.01417 0.33058
vt 0.014 0.33207
vt 0.0209 0.33325
vt 0.0213 0.32838
vt 0.01425 0.32899
vt 0.02133 0.32695
vt 0.01431 0.32803
vt 0.02143 0.24244
vt 0.0146 0.24064
vt 0.01446 0.24141
vt 0.02108 0.24357
vt 0.04208 0.20514
vt 0.03713 0.20668
vt 0.03464 0.19882
vt 0.03245 0.20145
vt 0.042 0.20129
vt 0.03582 0.19749
vt 0.03768 0.36878
vt 0.03167 0.37289
vt 0.0326 0.37416
vt 0.03918 0.37042
vt 0.03598 0.36652
vt 0.03074 0.37153
vt 0.03473 0.36535
vt 0.0299 0.37074
vt 0.03157 0.20222
vt 0.03567 0.20785
vt 0.07512 0.18533
vt 0.07099 0.18633
vt 0.07298 0.17863
vt 0.06981 0.17946
vt 0.07726 0.18454
vt 0.07429 0.17813
vt 0.07729 0.38786
vt 0.0765 0.39536
vt 0.07773 0.39583
vt 0.0794 0.38865
vt 0.07473 0.38768
vt 0.07468 0.39496
vt 0.07284 0.38812
vt 0.07351 0.39539
vt 0.06845 0.17957
vt 0.06899 0.18642
vt 0.1077 0.20015
vt 0.10992 0.19111
vt 0.1044 0.37234
vt 0.10872 0.38078
vt 0.10936 0.38062
vt 0.10539 0.37185
vt 0.10253 0.37325
vt 0.10762 0.38128
vt 0.10169 0.37399
vt 0.10723 0.38173
vt 0.1063 0.18984
vt 0.10181 0.19787
vt 0.03996 0.28607
vt 0.03903 0.28453
vt 0.87721 0.44894
vt 0.86843 0.4495
vt 0.86069 0.44974
vt 0.85318 0.44963
vt 0.84449 0.4493
vt 0.83748 0.44892
vt 0.83021 0.44819
vt 0.82757 0.4631
vt 0.89112 0.44758
vt 0.88388 0.44841
vt 0.82349 0.48419
vt 0.09697 0.55744
vt 0.08173 0.55757
vt 0.08188 0.5355
vt 0.09245 0.54213
vt 0.06461 0.55744
vt 0.07112 0.54171
vt 0.08193 0.57474
vt 0.0914 0.56802
vt 0.07057 0.56792
vt 0.95545 0.08828
vt 0.94323 0.08971
vt 0.9424 0.06472
vt 0.95247 0.06347
vt 0.93156 0.09016
vt 0.93172 0.06478
vt 0.97789 0.08533
vt 0.96558 0.08692
vt 0.96136 0.06202
vt 0.97203 0.05968
vt 0.92534 0.08992
vt 0.92597 0.06446
vt 0.91296 0.08855
vt 0.91596 0.06314
vt 0.90273 0.08713
vt 0.89599 0.08612
vt 0.90108 0.06072
vt 0.90708 0.0618
vt 0.94117 0.03163
vt 0.94877 0.03083
vt 0.95498 0.02991
vt 0.9636 0.02902
vt 0.9076 0.03007
vt 0.91294 0.03155
vt 0.91964 0.03243
vt 0.92717 0.0321
vt 0.93264 0.03179
vt 0.95167 0.12467
vt 0.93308 0.12555
vt 0.93267 0.11611
vt 0.94356 0.11558
vt 0.95758 0.12431
vt 0.95723 0.11458
vt 0.96848 0.12346
vt 0.96763 0.11376
vt 0.97939 0.12262
vt 0.97903 0.11301
vt 0.90015 0.12374
vt 0.89191 0.12279
vt 0.89308 0.11317
vt 0.90095 0.11414
vt 0.91114 0.12482
vt 0.9114 0.11533
vt 0.92506 0.12549
vt 0.92527 0.11248
vt 0.94161 0.01995
vt 0.94774 0.01972
vt 0.95405 0.0183
vt 0.9622 0.01631
vt 0.90679 0.01744
vt 0.91418 0.02239
vt 0.91987 0.02323
vt 0.92615 0.02249
vt 0.93394 0.01999
vt 0.07926 0.06441
vt 0.06894 0.06851
vt 0.06822 0.03687
vt 0.07314 0.03694
vt 0.37741 0.01278
vt 0.37741 0.02381
vt 0.36972 0.02381
vt 0.36972 0.01278
vt 0.37741 0.03725
vt 0.36972 0.03725
vt 0.37741 0.21611
vt 0.37741 0.23077
vt 0.36972 0.23077
vt 0.36972 0.21611
vt 0.37741 0.24226
vt 0.36972 0.24226
vt 0.37741 0.10104
vt 0.37741 0.11246
vt 0.36972 0.11246
vt 0.36972 0.10104
vt 0.37741 0.12316
vt 0.36972 0.12316
vt 0.37741 0.13202
vt 0.37741 0.14321
vt 0.36972 0.14321
vt 0.36972 0.13202
vt 0.09137 0.59088
vt 0.09773 0.58661
vt 0.09888 0.61793
vt 0.09289 0.62364
vt 0.37077 0.06204
vt 0.37634 0.06214
vt 0.37741 0.08875
vt 0.36972 0.08875
vt 0.05979 0.06928
vt 0.0588 0.03592
vt 0.08189 0.59301
vt 0.08193 0.62616
vt 0.05042 0.06945
vt 0.0392 0.06523
vt 0.0414 0.03607
vt 0.04978 0.03607
vt 0.37741 0.16175
vt 0.37631 0.19033
vt 0.37076 0.19032
vt 0.36972 0.16175
vt 0.06434 0.58656
vt 0.07111 0.59074
vt 0.07057 0.62525
vt 0.06287 0.61878
vt 0.07987 0.03554
vt 0.09041 0.05894
vt 0.08554 0.07782
vt 0.06982 0.08826
vt 0.06031 0.08643
vt 0.05236 0.09008
vt 0.03354 0.07847
vt 0.37741 0.20564
vt 0.36972 0.20564
vt 0.06424 0.56927
vt 0.07057 0.57712
vt 0.08193 0.58224
vt 0.09172 0.5772
vt 0.0974 0.56927
vt 0.36972 0.04738
vt 0.37741 0.04738
vt 0.03788 0.09406
vt 0.02771 0.08808
vt 0.09909 0.63308
vt 0.09309 0.64539
vt 0.08193 0.65094
vt 0.07178 0.65026
vt 0.06383 0.64034
vt 0.04334 0.02297
vt 0.05067 0.01895
vt 0.05831 0.01916
vt 0.06738 0.0223
vt 0.07269 0.02742
vt 0.09762 0.07121
vt 0.02801 0.06111
vt 0.03689 0.03646
vt 0.07593 0.02452
vt 0.06885 0.01544
vt 0.05851 0.01132
vt 0.04952 0.01234
vt 0.04146 0.01993
vt 0.02168 0.07385
vt 0.03383 0.10662
vt 0.0214 0.10027
vt 0.03146 0.11672
vt 0.01669 0.1099
vt 0.09121 0.1144
vt 0.08755 0.10469
vt 0.0998 0.0972
vt 0.10539 0.1064
vt 0.08083 0.09408
vt 0.09176 0.08722
vt 0.01668 0.55846
vt 0.0212 0.54315
vt 0.03177 0.53652
vt 0.03192 0.55859
vt 0.04253 0.54272
vt 0.04904 0.55846
vt 0.03172 0.57576
vt 0.02225 0.56904
vt 0.04308 0.56894
vt 0.79141 0.08819
vt 0.79428 0.06337
vt 0.80436 0.06458
vt 0.80363 0.08957
vt 0.81504 0.06459
vt 0.8153 0.08997
vt 0.76896 0.08534
vt 0.77471 0.05966
vt 0.78539 0.06196
vt 0.78127 0.08688
vt 0.82079 0.06425
vt 0.82152 0.0897
vt 0.83079 0.06289
vt 0.8339 0.08828
vt 0.84412 0.08681
vt 0.83967 0.06151
vt 0.84567 0.0604
vt 0.85086 0.08578
vt 0.93348 0.135
vt 0.94393 0.1347
vt 0.94632 0.21644
vt 0.93181 0.21654
vt 0.79785 0.03071
vt 0.80545 0.03148
vt 0.79163 0.02983
vt 0.78302 0.02897
vt 0.83368 0.03129
vt 0.83902 0.02978
vt 0.82699 0.03219
vt 0.81946 0.0319
vt 0.81398 0.03161
vt 0.43618 0.07875
vt 0.42562 0.07532
vt 0.42995 0.04752
vt 0.43486 0.04713
vt 0.80312 0.13457
vt 0.79939 0.12607
vt 0.81394 0.12537
vt 0.81358 0.13481
vt 0.78912 0.13399
vt 0.78943 0.12425
vt 0.77773 0.13316
vt 0.77853 0.12345
vt 0.76731 0.13227
vt 0.76762 0.12266
vt 0.84771 0.13299
vt 0.84687 0.1234
vt 0.8551 0.12241
vt 0.85632 0.13202
vt 0.83619 0.13401
vt 0.83588 0.12453
vt 0.82221 0.13468
vt 0.82196 0.12527
vt 0.8143 0.11593
vt 0.82169 0.11212
vt 0.83558 0.11505
vt 0.84602 0.11381
vt 0.85389 0.1128
vt 0.76793 0.11304
vt 0.77933 0.11374
vt 0.78974 0.11451
vt 0.80342 0.11545
vt 0.79883 0.0196
vt 0.80497 0.0198
vt 0.79252 0.01821
vt 0.78436 0.01625
vt 0.8324 0.02213
vt 0.83977 0.01715
vt 0.82672 0.023
vt 0.82044 0.02228
vt 0.81264 0.01982
vt 0.35952 0.2421
vt 0.35184 0.2421
vt 0.35184 0.2311
vt 0.35952 0.2311
vt 0.35184 0.21769
vt 0.35952 0.21769
vt 0.35952 0.03915
vt 0.35184 0.03915
vt 0.35184 0.02451
vt 0.35952 0.02451
vt 0.35184 0.01303
vt 0.35952 0.01303
vt 0.35952 0.15408
vt 0.35184 0.15408
vt 0.35184 0.14269
vt 0.35952 0.14269
vt 0.35184 0.13201
vt 0.35952 0.13201
vt 0.35952 0.12317
vt 0.35184 0.12317
vt 0.35184 0.11199
vt 0.35952 0.11199
vt 0.01592 0.58763
vt 0.02228 0.5919
vt 0.02076 0.62466
vt 0.01477 0.61895
vt 0.35845 0.19288
vt 0.3529 0.19297
vt 0.35184 0.16634
vt 0.35952 0.16634
vt 0.44536 0.07893
vt 0.4442 0.04558
vt 0.03176 0.59403
vt 0.03172 0.62718
vt 0.46565 0.07357
vt 0.45472 0.0785
vt 0.45321 0.04514
vt 0.46158 0.04461
vt 0.35184 0.09346
vt 0.35289 0.06492
vt 0.35843 0.06491
vt 0.35952 0.09346
vt 0.04254 0.59175
vt 0.04931 0.58758
vt 0.05078 0.61979
vt 0.04308 0.62626
vt 0.42315 0.04655
vt 0.41414 0.07058
vt 0.42021 0.08911
vt 0.43657 0.09851
vt 0.42595 0.10503
vt 0.41461 0.09889
vt 0.44594 0.09608
vt 0.45411 0.09921
vt 0.35952 0.04962
vt 0.35184 0.04962
vt 0.04941 0.57028
vt 0.04308 0.57814
vt 0.03172 0.58325
vt 0.02193 0.57822
vt 0.01625 0.57028
vt 0.35184 0.20759
vt 0.35952 0.20759
vt 0.02056 0.64641
vt 0.01456 0.6341
vt 0.03172 0.65195
vt 0.04187 0.65127
vt 0.04983 0.64136
vt 0.45123 0.02812
vt 0.4588 0.03166
vt 0.44362 0.02882
vt 0.43477 0.03254
vt 0.4298 0.03798
vt 0.40773 0.08328
vt 0.40295 0.09214
vt 0.47655 0.06873
vt 0.4661 0.04471
vt 0.42637 0.0353
vt 0.43285 0.02578
vt 0.44291 0.02101
vt 0.45194 0.02145
vt 0.46048 0.0285
vt 0.47858 0.09563
vt 0.47214 0.08641
vt 0.48368 0.08104
vt 0.48883 0.08944
vt 0.48566 0.10739
vt 0.49593 0.10143
vt 0.49098 0.11669
vt 0.50168 0.11133
vt 0.40723 0.10936
vt 0.40224 0.11891
vt 0.39127 0.11411
vt 0.39665 0.1039
vt 0.95793 0.13405
vt 0.96202 0.21581
vt 0.96932 0.13316
vt 0.97558 0.21498
vt 0.97974 0.13223
vt 0.99125 0.21364
vt 0.89074 0.13241
vt 0.89935 0.13334
vt 0.89291 0.21486
vt 0.88209 0.21404
vt 0.91088 0.1343
vt 0.90644 0.21572
vt 0.92485 0.13491
vt 0.92227 0.21635
vt 0.81584 0.21628
vt 0.80135 0.21638
vt 0.78559 0.21598
vt 0.77202 0.2152
vt 0.75633 0.21397
vt 0.86541 0.21342
vt 0.85464 0.2143
vt 0.84113 0.21521
vt 0.82537 0.21601
vt 0.74585 0.8389
vt 0.75597 0.79766
vt 0.79055 0.80736
vt 0.78183 0.84474
vt 0.93392 0.68127
vt 0.93064 0.72346
vt 0.90064 0.73004
vt 0.89421 0.68459
vt 0.92767 0.77689
vt 0.92379 0.79591
vt 0.89823 0.79966
vt 0.90028 0.77936
vt 0.8672 0.80855
vt 0.87121 0.79022
vt 0.86895 0.8523
vt 0.8679 0.82936
vt 0.89555 0.8244
vt 0.89578 0.84979
vt 0.8526 0.85934
vt 0.84676 0.8399
vt 0.84469 0.8151
vt 0.85203 0.79416
vt 0.91755 0.81174
vt 0.92039 0.84681
vt 0.8697 0.73701
vt 0.86107 0.69052
vt 0.87579 0.76517
vt 0.9017 0.75441
vt 0.84746 0.77696
vt 0.83802 0.75057
vt 0.82871 0.70154
vt 0.93075 0.74869
vt 0.6674 0.79474
vt 0.71448 0.79509
vt 0.705 0.83886
vt 0.65746 0.84426
vt 0.69603 0.90534
vt 0.70139 0.93685
vt 0.6582 0.93991
vt 0.65501 0.91736
vt 0.96472 0.7783
vt 0.95457 0.80374
vt 0.92695 0.84532
vt 0.94185 0.824
vt 0.7043 0.96112
vt 0.70143 0.97917
vt 0.69015 0.98363
vt 0.67337 0.96164
vt 0.68565 0.98691
vt 0.65096 0.98059
vt 0.62619 0.96156
vt 0.61 0.92958
vt 0.97015 0.68192
vt 0.97 0.71918
vt 0.96877 0.74885
vt 0.6944 0.87171
vt 0.65689 0.88123
vt 0.60793 0.88998
vt 0.61456 0.80034
vt 0.6101 0.84971
vt 0.73861 0.93706
vt 0.74017 0.89952
vt 0.77915 0.90522
vt 0.77217 0.9338
vt 0.73934 0.96432
vt 0.7369 0.98705
vt 0.77648 0.9631
vt 0.79483 0.98737
vt 0.7419 0.86588
vt 0.77827 0.87431
vt 0.92718 0.84968
vt 0.923 0.8585
vt 0.89448 0.8644
vt 0.81591 0.81538
vt 0.81273 0.85454
vt 0.84421 0.85944
vt 0.83479 0.84421
vt 0.83117 0.81717
vt 0.83348 0.79851
vt 0.8295 0.78339
vt 0.82052 0.75356
vt 0.81349 0.72874
vt 0.82398 0.66113
vt 0.8442 0.65435
vt 0.86876 0.64149
vt 0.9322 0.64339
vt 0.62058 0.75543
vt 0.67514 0.75094
vt 0.65911 0.59391
vt 0.69092 0.57497
vt 0.74291 0.64268
vt 0.67641 0.64255
vt 0.80223 0.91264
vt 0.79881 0.94241
vt 0.79664 0.95702
vt 0.8004 0.9784
vt 0.8073 0.88277
vt 0.77863 0.73904
vt 0.79595 0.7698
vt 0.80894 0.77263
vt 0.41994 0.11604
vt 0.4169 0.12597
vt 0.47366 0.11452
vt 0.47668 0.12445
vt 0.46882 0.10225
vt 0.10296 0.07974
vt 0.11 0.09107
vt 0.11603 0.10091
vt 0.00567 0.10524
vt 0.01077 0.09499
vt 0.01709 0.08256
vt 0.80426 0.34869
vt 0.79093 0.36065
vt 0.77614 0.36765
vt 0.94567 0.3625
vt 0.93026 0.35688
vt 0.91572 0.34621
vt 0.95441 0.43828
vt 0.86053 0.43288
vt 0.85323 0.4328
vt 0.8456 0.43258
vt 0.83957 0.43236
vt 0.83268 0.43184
vt 0.88148 0.43187
vt 0.88833 0.43125
vt 0.22528 0.13125
vt 0.25215 0.13151
vt 0.92122 0.90508
vt 0.86052 0.89326
vt 0.92904 0.87677
vt 0.94967 0.87783
vt 0.80006 0.67468
vt 0.79308 0.65542
vt 0.81185 0.64366
vt 0.61711 0.71358
vt 0.66489 0.7081
vt 0.80474 0.75059
vt 0.94891 0.9922
vt 0.9079 0.95513
vt 0.95354 0.91195
vt 0.75543 0.56597
vt 0.75247 0.6174
vt 0.73308 0.75351
vt 0.85392 0.94215
vt 0.97803 0.64789
vt 0.9605 0.88124
vt 0.96493 0.8487
vt 0.9772 0.85293
vt 0.83483 0.63059
vt 0.82591 0.6368
vt 0.81496 0.62223
vt 0.8203 0.61905
vt 0.95239 0.84792
vt 0.99389 0.79275
vt 0.99656 0.79974
vt 0.78313 0.63663
vt 0.80215 0.62678
vt 0.79314 0.60777
vt 0.79332 0.6154
vt 0.77755 0.6202
vt 0.76819 0.59965
vt 0.76969 0.5952
vt 0.79437 0.60078
vt 0.99307 0.83165
vt 0.61191 0.6681
vt 0.65123 0.66992
vt 0.98428 0.61572
vt 0.93976 0.61089
vt 0.94808 0.57789
vt 0.98781 0.58005
vt 0.69058 0.70686
vt 0.90367 0.60726
vt 0.94095 0.56252
vt 0.96385 0.5609
vt 0.91031 0.58238
vt 0.67777 0.68081
vt 0.64327 0.6533
vt 0.66596 0.66608
vt 0.98679 0.56326
vt 0.60793 0.64717
vt 0.29751 0.53719
vt 0.22496 0.15402
vt 0.22393 0.22733
vt 0.25139 0.22658
vt 0.22101 0.44302
vt 0.60248 0.21495
vt 0.2244 0.45405
vt 0.22434 0.45742
vt 0.31926 0.20543
vt 0.7008 0.14246
vt 0.71058 0.19406
vt 0.14649 0.17005
vt 0.14722 0.12807
vt 0.2543 0.15833
vt 0.30253 0.17241
vt 0.30304 0.12957
vt 0.32739 0.12666
vt 0.32229 0.17799
vt 0.62261 0.146
vt 0.62308 0.20017
vt 0.57539 0.21431
vt 0.73186 0.13776
vt 0.73235 0.18893
vt 0.12812 0.17413
vt 0.12214 0.12365
vt 0.27454 0.16483
vt 0.27698 0.13174
vt 0.96889 0.1921
vt 0.82963 0.19258
vt 0.82953 0.18508
vt 0.96719 0.18502
vt 0.96994 0.19936
vt 0.82953 0.19951
vt 0.96979 0.20664
vt 0.82935 0.20629
vt 0.96875 0.21394
vt 0.82934 0.21356
vt 0.96659 0.17789
vt 0.82933 0.17812
vt 0.82917 0.17089
vt 0.96872 0.17076
vt 0.64579 0.18594
vt 0.51888 0.18691
vt 0.51932 0.18051
vt 0.64608 0.17936
vt 0.7685 0.18508
vt 0.76781 0.1775
vt 0.76854 0.19219
vt 0.76791 0.19976
vt 0.76711 0.20738
vt 0.76706 0.21505
vt 0.76701 0.16986
vt 0.70468 0.18555
vt 0.7046 0.17867
vt 0.70469 0.1926
vt 0.70465 0.19946
vt 0.70465 0.20634
vt 0.70455 0.21353
vt 0.70438 0.17152
vt 0.64573 0.19286
vt 0.64603 0.19938
vt 0.64642 0.20586
vt 0.64644 0.21269
vt 0.64632 0.17259
vt 0.51736 0.19327
vt 0.51636 0.19983
vt 0.51646 0.20655
vt 0.5175 0.21317
vt 0.51724 0.17413
vt 0.47253 0.01887
vt 0.33527 0.0191
vt 0.33548 0.02606
vt 0.47313 0.02601
vt 0.98916 0.17487
vt 0.98786 0.18181
vt 0.50019 0.1987
vt 0.49993 0.19239
vt 0.98791 0.20461
vt 0.98741 0.2068
vt 0.50136 0.20677
vt 0.50087 0.20478
vt 0.98856 0.19789
vt 0.98801 0.18879
vt 0.98876 0.19093
vt 0.50063 0.19045
vt 0.50073 0.1841
vt 0.4995 0.17782
vt 0.4829 0.33842
vt 0.45858 0.64424
vt 0.02976 0.64424
vt 0.00544 0.33842
vt 0.59107 0.66948
vt 0.59107 0.68811
vt 0.49918 0.68705
vt 0.51389 0.66789
vt 0.4829 0.68334
vt 0.45858 0.98916
vt 0.02976 0.98916
vt 0.00544 0.68334
vt 0.59107 0.32457
vt 0.59107 0.34319
vt 0.49918 0.34213
vt 0.51389 0.32298
vt 0.94186 0.26533
vt 0.4995 0.26533
vt 0.50627 0.23133
vt 0.93509 0.23133
vt 0.01259 0.66052
vt 0.47575 0.66052
vt 0.01259 0.31561
vt 0.47575 0.31561
vt 0.48322 0.22251
vt 0.00544 0.22251
vt 0.01275 0.1457
vt 0.4759 0.1457
vt 0.68297 0.68705
vt 0.62609 0.98916
vt 0.59107 0.98862
vt 0.68297 0.34213
vt 0.62609 0.64424
vt 0.59107 0.6437
vt 0.55606 0.64424
vt 0.55606 0.98916
vt 0.4759 0.29933
vt 0.01275 0.29933
vt 0.93509 0.29933
vt 0.50627 0.29933
vt 0.66825 0.32298
vt 0.66825 0.66789
vt 0.00785 0.11552
vt 0.00962 0.12051
vt 0.06742 0.12233
vt 0.06695 0.1174
vt 0.01045 0.07232
vt 0.00695 0.09105
vt 0.06607 0.09408
vt 0.0679 0.07559
vt 0.40044 0.07776
vt 0.39907 0.09731
vt 0.51082 0.09891
vt 0.51061 0.07925
vt 0.00544 0.09633
vt 0.06575 0.09891
vt 0.14607 0.11715
vt 0.14399 0.09869
vt 0.14651 0.12176
vt 0.14437 0.09407
vt 0.20696 0.09595
vt 0.20685 0.10038
vt 0.20723 0.12232
vt 0.20694 0.11763
vt 0.14689 0.07546
vt 0.2075 0.07824
vt 0.25555 0.09701
vt 0.25566 0.10085
vt 0.25578 0.12273
vt 0.25579 0.11781
vt 0.2555 0.07948
vt 0.28326 0.09645
vt 0.2833 0.1005
vt 0.28506 0.12332
vt 0.2852 0.11851
vt 0.28515 0.07692
vt 0.33029 0.0963
vt 0.32998 0.10088
vt 0.33199 0.12456
vt 0.33176 0.11948
vt 0.33285 0.07748
vt 0.39839 0.10213
vt 0.39967 0.12615
vt 0.39905 0.12123
vt 0.5095 0.12337
vt 0.51036 0.10373
vt 0.50987 0.12819
vt 0.58642 0.09895
vt 0.58576 0.10308
vt 0.58704 0.12942
vt 0.5863 0.12478
vt 0.58695 0.08022
vt 0.63401 0.12078
vt 0.6345 0.10707
vt 0.63794 0.12597
vt 0.63805 0.10224
vt 0.64831 0.10139
vt 0.64925 0.10521
vt 0.64842 0.1265
vt 0.6488 0.12171
vt 0.63792 0.08126
vt 0.64578 0.0805
vt 0.66346 0.09812
vt 0.66421 0.1023
vt 0.66489 0.12796
vt 0.66521 0.12277
vt 0.65938 0.07801
vt 0.68887 0.09347
vt 0.68981 0.0984
vt 0.69122 0.12925
vt 0.69144 0.12374
vt 0.684 0.07232
vt 0.70688 0.98348
vt 0.70745 0.98091
vt 0.71016 0.9811
vt 0.71026 0.98362
vt 0.74198 0.98058
vt 0.74225 0.97806
vt 0.7456 0.97873
vt 0.74486 0.98052
vt 0.71007 0.98916
vt 0.70682 0.98875
vt 0.70615 0.98621
vt 0.71035 0.98597
vt 0.72771 0.98374
vt 0.72794 0.98166
vt 0.73003 0.98151
vt 0.73029 0.98358
vt 0.74225 0.98313
vt 0.74226 0.9886
vt 0.73031 0.98769
vt 0.73049 0.98562
vt 0.7423 0.9858
vt 0.70988 0.97894
vt 0.72167 0.97983
vt 0.72165 0.98173
vt 0.72366 0.9818
vt 0.72384 0.9799
vt 0.72401 0.98742
vt 0.72146 0.98764
vt 0.72127 0.98569
vt 0.72432 0.98568
vt 0.72144 0.9837
vt 0.72392 0.98377
vt 0.72764 0.98744
vt 0.72734 0.98554
vt 0.72757 0.97965
vt 0.72994 0.97948
vt 0.70093 0.98023
vt 0.70097 0.97806
vt 0.70734 0.97837
vt 0.74565 0.98266
vt 0.7465 0.98869
vt 0.74692 0.9855
vt 0.70008 0.98272
vt 0.70017 0.98913
vt 0.69924 0.98589
vt 0.33558 0.03357
vt 0.47483 0.03309
vt 0.33547 0.0405
vt 0.47589 0.04034
vt 0.33529 0.04728
vt 0.47573 0.04763
vt 0.33529 0.05455
vt 0.47469 0.05493
vt 0.47466 0.01175
vt 0.33512 0.01187
vt 0.15202 0.02035
vt 0.02526 0.0215
vt 0.02483 0.0279
vt 0.15173 0.02692
vt 0.27375 0.01848
vt 0.27445 0.02606
vt 0.27448 0.03318
vt 0.27385 0.04075
vt 0.27305 0.04836
vt 0.273 0.05604
vt 0.27295 0.01084
vt 0.21062 0.02654
vt 0.21054 0.01965
vt 0.21063 0.03359
vt 0.2106 0.04044
vt 0.2106 0.04733
vt 0.21049 0.05451
vt 0.21032 0.0125
vt 0.15167 0.03385
vt 0.15197 0.04037
vt 0.15236 0.04685
vt 0.15238 0.05368
vt 0.15226 0.01357
vt 0.0233 0.03426
vt 0.0223 0.04081
vt 0.0224 0.04754
vt 0.02344 0.05415
vt 0.02318 0.01511
vt 0.4938 0.02279
vt 0.4951 0.01585
vt 0.00588 0.03337
vt 0.00613 0.03969
vt 0.49335 0.04779
vt 0.49385 0.0456
vt 0.00681 0.04577
vt 0.0073 0.04776
vt 0.4945 0.03888
vt 0.49395 0.02978
vt 0.4947 0.03191
vt 0.00657 0.03143
vt 0.00544 0.0188
vt 0.00667 0.02509
vn 0.2789 0.709 0.6477
vn 0.2694 0.0485 0.9618
vn 0.7201 -0.2095 0.6615
vn 0.7198 0.4283 0.5463
vn 0.4149 0.9095 -0.025
vn 0.4516 0.4141 0.7903
vn 0.9999 0.0025 -0.0163
vn 0.7728 0.6147 -0.1579
vn 0.4273 0.519 -0.7403
vn 0.3604 0.0513 -0.9314
vn 0.0802 0.0268 -0.9964
vn 0.0949 0.5513 -0.8289
vn 0.9947 0.1022 -0.0099
vn 0.9975 0.0087 0.0705
vn 0.8003 0.0254 -0.599
vn 0.8485 0.3147 -0.4255
vn -0.3502 -0.0093 0.9366
vn -0.5088 -0.5568 0.6566
vn -0.7276 0.2286 0.6468
vn -0.2786 0.4154 0.8659
vn 0.9986 0.003 -0.0522
vn 0.7838 0.5833 -0.2133
vn 0.3136 0.9304 -0.1896
vn 0.2294 0.9664 -0.1156
vn 0.0381 0.9978 -0.0534
vn 0.0646 0.9854 -0.1572
vn 0.0029 0.988 -0.1544
vn 0.0236 0.9979 -0.0607
vn -0.0235 0.9847 0.1725
vn -0.0175 0.9879 -0.1543
vn -0.1146 0.9814 -0.1538
vn -0.1258 0.9769 0.1727
vn -0.0009 -0.9635 -0.2678
vn -0.0134 -0.9635 -0.2673
vn -0.0018 -0.9568 0.2906
vn -0.0131 -0.9642 0.2647
vn 0.0268 -0.9573 -0.2879
vn 0.4085 -0.8669 -0.2855
vn 0.3338 -0.8905 -0.3092
vn 0.0621 -0.878 0.4746
vn 0.2391 -0.8614 0.4481
vn 0.2028 -0.7393 0.6421
vn 0.209 -0.8775 0.4317
vn -0.0975 0.5468 -0.8316
vn -0.0683 0.0208 -0.9974
vn -0.3689 0.0115 -0.9294
vn -0.4406 0.483 -0.7567
vn 0.9581 0.0852 0.2736
vn 0.976 0.0929 0.197
vn 0.839 0.544 0.014
vn 0.7644 0.605 0.223
vn 0.2623 -0.7192 0.6434
vn 0.4979 -0.7775 0.3841
vn 0.8383 -0.5153 0.1784
vn 0.1991 -0.9719 -0.1258
vn 0.8173 -0.5513 -0.1675
vn 0.8103 -0.5321 0.2455
vn 0.2911 -0.908 0.3013
vn 0.0859 0.979 0.1849
vn -0.0157 0.9964 0.0833
vn 0.091 0.9923 0.084
vn 0.9887 0.1402 0.053
vn 0.8212 0.0774 0.5654
vn 0.9611 0.2589 0.0968
vn 0.8495 -0.2238 0.4778
vn 0.339 0.011 -0.9407
vn 0.0778 0.0433 -0.996
vn -0.0893 0.5231 -0.8476
vn -0.5193 0.0455 -0.8534
vn 0.8561 0.2359 -0.4599
vn 0.6856 0.3514 -0.6376
vn 0.3578 0.91 0.2093
vn 0.3443 0.9343 0.092
vn 0.8126 0.5681 0.1302
vn 0.9945 -0.0164 0.103
vn 0.8476 -0.4765 0.2336
vn 0.8498 -0.5235 0.0611
vn 0.4082 -0.9093 0.0806
vn 0.888 -0.4503 -0.0935
vn 0.0181 0.9773 0.2111
vn 0.0783 0.9776 0.1952
vn 0.1268 0.9643 0.2324
vn 0.0635 0.9574 0.2815
vn 0.0673 0.987 0.1461
vn 0.0581 0.8537 0.5175
vn 0.4917 0.8592 0.1414
vn 0.4679 0.8835 -0.023
vn 0.0326 -0.8985 0.4378
vn -0.0261 -0.8802 0.4738
vn -0.0158 -0.8967 0.4423
vn 0.4982 -0.8254 0.2655
vn 0.3229 -0.9454 -0.0451
vn 0.0807 -0.9923 0.0938
vn -0.0006 -0.9625 -0.2712
vn 0.0093 -0.9937 0.1113
vn 0.9045 0.3584 0.2314
vn 0.3654 0.9158 0.1671
vn 0.905 -0.3866 0.1776
vn 0.3828 -0.9238 -0.0065
vn -0.3929 -0.9074 -0.149
vn -0.9461 -0.3234 -0.0149
vn -0.9242 0.3642 0.1147
vn -0.419 0.8931 0.1639
vn 0.3162 0.163 0.9346
vn 0.2828 -0.8627 0.4192
vn -0.9063 -0.404 0.1245
vn -0.8975 -0.4135 -0.1531
vn -0.7941 -0.5775 -0.1894
vn -0.7802 -0.5792 0.2365
vn 0.2992 -0.1051 0.9484
vn 0.252 -0.08 0.9644
vn 0.0809 0.2931 0.9526
vn -0.4275 0.2924 0.8554
vn 0.1944 -0.2048 0.9593
vn -0.034 -0.2073 0.9777
vn 0.3318 0.6253 0.7064
vn 0.2896 0.2278 0.9296
vn -0.0293 0.8278 0.5602
vn 0.1133 0.9162 0.3845
vn 0.9142 0.3889 0.114
vn 0.411 0.9064 0.0976
vn 0.8996 -0.436 0.0236
vn 0.2978 -0.9486 -0.1068
vn -0.4012 -0.8924 -0.2066
vn -0.8741 -0.4103 -0.26
vn -0.8751 0.4451 -0.1899
vn -0.2316 0.9727 -0.0164
vn 0.4969 -0.8582 0.1287
vn -0.978 -0.0241 0.2073
vn -0.9867 0.041 0.1573
vn -0.8138 -0.474 0.3362
vn -0.7642 -0.6125 0.2022
vn -0.4555 0.6499 0.6084
vn -0.896 0.2756 0.3483
vn -0.7328 -0.2497 0.633
vn -0.3886 0.0718 0.9186
vn -0.6525 0.6425 -0.4018
vn -0.721 0.6617 -0.2055
vn -0.9986 0.0311 -0.0437
vn -0.5414 0.8346 -0.102
vn -0.3327 -0.8935 0.3015
vn -0.3432 -0.9305 0.1281
vn -0.3409 -0.5621 0.7536
vn -0.2823 -0.2231 0.933
vn -0.0152 -0.2483 0.9686
vn -0.0626 -0.6316 0.7727
vn 0.5048 -0.765 0.3998
vn 0.859 -0.3481 0.3755
vn -0.7705 0.627 -0.1149
vn -0.9926 -0.0119 -0.1205
vn -0.1998 0.9709 -0.1321
vn -0.2923 0.9391 -0.1807
vn -0.0637 0.9834 -0.1701
vn -0.0205 0.996 -0.0865
vn -0.8295 0.5113 0.2249
vn -0.8689 0.4949 0.005
vn -0.0793 -0.9657 -0.2472
vn -0.0668 -0.9573 0.2812
vn -0.3287 -0.8986 0.2906
vn -0.3761 -0.8995 -0.2226
vn -0.0318 -0.9643 -0.263
vn -0.4045 -0.882 -0.2418
vn -0.2368 -0.8659 0.4406
vn -0.1854 -0.7236 0.6648
vn -0.2717 -0.8575 0.4369
vn -0.0792 -0.8735 0.4803
vn -0.4473 0.8858 -0.1237
vn -0.4064 0.8941 0.1885
vn -0.3808 -0.689 0.6167
vn -0.3192 -0.6856 0.6543
vn -0.1331 0.3659 0.9211
vn -0.3421 -0.935 0.094
vn -0.8248 -0.5603 0.0766
vn 0.0192 -0.9977 0.0647
vn 0.1498 -0.9876 0.0477
vn -0.9966 -0.0313 0.0765
vn -0.8141 0.5689 0.1166
vn -0.3819 0.9215 0.0701
vn -0.1205 0.99 0.0735
vn 0.0578 0.9893 0.1343
vn 0.0932 0.9723 0.2143
vn -0.1027 0.9916 0.0786
vn -0.0833 0.8965 0.4351
vn -0.7788 0.6233 -0.0706
vn -0.4303 0.9021 0.0331
vn -0.0837 -0.89 0.4482
vn -0.3089 -0.7796 0.5448
vn -0.5472 -0.7392 0.3925
vn -0.0484 -0.9937 0.1009
vn -0.8237 0.4259 -0.3744
vn -0.9939 -0.1088 0.018
vn -0.6522 -0.6334 0.4166
vn 0.0914 -0.8212 0.5633
vn 0.7932 -0.3485 0.4994
vn 0.9265 0.2903 0.2393
vn 0.6024 0.7783 -0.1773
vn -0.1678 0.8356 -0.5231
vn -0.289 0.1147 0.9504
vn -0.2873 -0.8699 0.401
vn -0.211 -0.7234 0.6574
vn -0.1985 -0.8026 0.5625
vn -0.7171 -0.4757 0.5094
vn -0.9907 0.1359 -0.0054
vn -0.9101 0.236 0.3405
vn -0.4843 -0.2286 0.8445
vn -0.9461 -0.0898 -0.3111
vn -0.9847 0.1623 -0.0628
vn -0.3695 0.327 -0.8698
vn -0.7682 0.4348 -0.4699
vn -0.3409 0.0255 -0.9397
vn -0.3895 0.4169 -0.8213
vn -0.2002 -0.198 -0.9595
vn -0.3916 0.4145 -0.8215
vn -0.4504 0.1351 0.8825
vn -0.3127 0.7195 0.6201
vn 0.104 0.8767 0.4696
vn 0.0403 -0.4751 0.879
vn -0.1127 -0.3085 0.9445
vn 0.0242 0.1998 0.9795
vn 0.3843 0.3661 0.8475
vn -0.0883 -0.9583 0.2717
vn -0.0773 -0.9933 0.0854
vn -0.784 0.3951 -0.4787
vn -0.9707 -0.2025 -0.1291
vn -0.5575 -0.7671 0.3174
vn 0.2153 -0.8265 0.5201
vn 0.8027 -0.4536 0.3872
vn 0.9956 0.0889 0.0299
vn 0.5884 0.6706 -0.4517
vn -0.2399 0.7393 -0.6292
vn 0.5623 -0.4049 -0.721
vn 0.361 0.6666 -0.6522
vn 0.0717 -0.5673 -0.8204
vn -0.3768 -0.3288 -0.866
vn -0.5237 0.1099 -0.8448
vn -0.3721 0.4632 -0.8044
vn 0.3202 0.7331 -0.6001
vn 0.5524 0.5027 -0.6649
vn 0.2614 0.1196 -0.9578
vn -0.5288 -0.4867 -0.6953
vn -0.2499 -0.8911 -0.3789
vn 0.2923 -0.9213 -0.2564
vn 0.6549 -0.6641 -0.3607
vn 0.7356 -0.3539 -0.5776
vn 0.5102 0.1278 -0.8505
vn -0.0415 0.0504 -0.9979
vn -0.5482 -0.3922 0.7387
vn -0.8578 -0.1132 0.5013
vn -0.2422 -0.2832 0.928
vn -0.0517 -0.195 0.9794
vn -0.3989 -0.7347 0.5487
vn -0.0175 -0.0727 0.9972
vn 0.2469 -0.027 0.9687
vn 0.7839 -0.1857 0.5924
vn 0.4969 -0.3289 0.803
vn 0.1127 -0.2616 0.9586
vn 0.6439 0.1918 0.7407
vn 0.7234 -0.1433 -0.6754
vn 0.1133 0.0936 -0.9891
vn 0.1926 0.1417 -0.971
vn 0.7564 -0.0861 -0.6484
vn 0.9427 -0.3335 0.0145
vn 0.9396 -0.3416 0.019
vn 0.6241 -0.3493 0.6989
vn 0.5899 -0.3831 0.7108
vn -0.0504 -0.1863 0.9812
vn -0.1195 -0.2376 0.964
vn -0.7652 0.0867 0.6379
vn -0.8125 0.0476 0.5811
vn -0.9688 0.2452 -0.0369
vn -0.9625 0.2649 -0.058
vn -0.6427 0.2644 -0.719
vn -0.549 0.2822 -0.7867
vn 0.9049 0.2275 -0.3597
vn 0.9392 -0.3401 0.0474
vn 0.5092 -0.7168 0.4763
vn -0.4323 -0.7623 0.4817
vn -0.9008 -0.4 0.169
vn -0.9101 0.3649 -0.1965
vn -0.3453 0.7411 -0.5758
vn 0.9333 0.353 0.0658
vn 0.9314 -0.3565 0.0741
vn 0.3856 -0.1529 0.9099
vn 0.2984 0.7833 0.5453
vn 0.4622 0.6127 0.6411
vn 0.5949 -0.0053 0.8038
vn 0.1685 0.9527 0.253
vn 0.2057 0.9172 0.3412
vn 0.1253 0.9795 0.1579
vn 0.1278 0.9672 0.2196
vn 0.0094 -0.9163 0.4003
vn 0.0893 -0.8671 0.4901
vn 0.128 -0.8489 0.5128
vn -0.0119 -0.9042 0.4269
vn 0.1741 -0.6672 0.7242
vn 0.2872 -0.6815 0.6731
vn 0.4661 0.8788 0.1024
vn 0.9107 0.391 0.1336
vn 0.9087 0.3927 0.1414
vn 0.4602 0.8803 0.1155
vn 0.912 -0.4073 0.049
vn 0.9074 -0.4167 0.0546
vn 0.3297 -0.9388 -0.0997
vn 0.3143 -0.9451 -0.0894
vn -0.3368 -0.9184 -0.2077
vn -0.3456 -0.9183 -0.1931
vn -0.8797 -0.3885 -0.2741
vn -0.8925 -0.3719 -0.2553
vn -0.8691 0.4377 -0.2306
vn -0.2499 0.9674 -0.0399
vn -0.2579 0.9659 -0.0215
vn -0.8706 0.447 -0.2055
vn -0.9853 0.1708 -0.0078
vn -0.6617 0.2466 -0.7081
vn -0.8748 0.2283 -0.4273
vn -0.9777 0.2101 0.0039
vn -0.7432 -0.0326 0.6683
vn -0.6421 0.2488 0.7251
vn 0.0919 -0.2168 0.9719
vn 0.3282 -0.0769 0.9415
vn 0.7399 -0.3726 0.5601
vn 0.8996 -0.2549 0.3545
vn 0.9426 -0.3175 -0.1034
vn 0.9672 -0.1388 -0.2128
vn 0.699 -0.1596 -0.6971
vn 0.79 0.0478 -0.6112
vn 0.0356 0.0699 -0.9969
vn -0.0479 0.4319 -0.9007
vn 0.4608 0.8858 0.0557
vn 0.4576 0.8789 0.1345
vn 0.9064 0.3917 0.1579
vn 0.905 -0.4204 0.0649
vn 0.3517 -0.9352 0.042
vn 0.3055 -0.947 -0.0991
vn -0.3476 -0.9275 -0.1378
vn -0.3373 -0.9163 -0.216
vn -0.9054 -0.3222 -0.2766
vn -0.9039 -0.3339 -0.2675
vn -0.8851 0.426 -0.1876
vn -0.8791 0.4431 -0.1758
vn -0.2979 0.9533 -0.0504
vn -0.3224 0.9466 -0.0064
vn -0.014 -0.9999 0.0017
vn 0.1656 -0.9383 -0.3037
vn 0.3198 -0.9472 -0.0256
vn 0.2418 -0.9694 -0.0431
vn 0.5517 -0.8327 0.0476
vn 0.4324 -0.8719 -0.2299
vn 0.7436 -0.6673 0.0424
vn 0.5795 -0.8076 -0.1095
vn 0.8011 -0.5985 0.002
vn 0.6435 -0.7614 -0.0785
vn 0.68 -0.7332 0.0078
vn 0.5698 -0.8218 0.0028
vn 0.4507 -0.8927 -0.0015
vn 0.364 -0.9272 0.0885
vn 0.1322 -0.9684 0.2113
vn 0.0935 -0.9346 0.3432
vn 0.1375 -0.9896 -0.0421
vn 0.3112 -0.9427 -0.1204
vn 0.4263 -0.902 0.0686
vn -0.0439 -0.9988 -0.0212
vn 0.1708 -0.9851 -0.0183
vn 0.5318 -0.8284 0.1761
vn 0.9278 -0.3713 -0.0365
vn 0.8277 -0.5583 0.0569
vn 0.8898 -0.4201 -0.1781
vn 0.4188 -0.8797 0.2253
vn 0.1537 -0.966 0.2078
vn -0.0073 -0.9873 0.1589
vn 0.6505 -0.7406 0.1684
vn 0.7491 -0.6434 -0.1579
vn 0.4554 -0.8795 -0.1383
vn 0.6478 -0.719 -0.2517
vn 0.8357 -0.4579 -0.3031
vn 0.9131 -0.2123 -0.348
vn 0.6024 -0.5468 -0.5814
vn 0.6957 -0.3117 -0.6472
vn 0.3982 -0.4467 -0.8012
vn 0.2741 -0.1001 -0.9565
vn 0.7593 -0.1388 -0.6358
vn 0.2872 -0.1671 -0.9432
vn 0.458 -0.8885 -0.0286
vn 0.4054 -0.8967 -0.1775
vn 0.9441 -0.3106 -0.1107
vn 0.9498 -0.3067 0.0618
vn 0.4725 -0.8485 -0.2384
vn 0.3286 -0.8896 -0.3173
vn -0.0073 -0.3696 -0.9292
vn 0.0429 0.008 -0.999
vn -0.0962 -0.9078 -0.4081
vn 0.497 -0.7803 0.3797
vn 0.2542 -0.9072 0.3352
vn 0.0375 -0.9777 0.2066
vn 0.6975 -0.6914 0.1882
vn 0.7449 -0.6617 0.0849
vn -0.0622 -0.6995 -0.7119
vn 0.3817 -0.8611 -0.3359
vn 0.7574 -0.1065 -0.6442
vn 0.0107 -0.2372 -0.9714
vn 0.4328 -0.823 -0.3679
vn 0.326 0.5328 -0.7809
vn 0.6609 -0.718 -0.2185
vn 0.8332 -0.5296 -0.1592
vn -0.2125 -0.2693 -0.9393
vn 0.4065 -0.8998 -0.1584
vn 0.4044 -0.9075 0.1134
vn 0.8303 -0.4241 0.3615
vn 0.7591 -0.6053 0.2396
vn 0.4897 -0.8086 0.3262
vn -0.0975 -0.9136 -0.3947
vn 0.5935 -0.6507 0.4736
vn 0.5688 -0.7842 0.248
vn -0.1228 -0.7853 0.6068
vn -0.1302 -0.9388 0.3188
vn -0.1295 -0.9488 0.288
vn 0.2179 -0.9746 -0.0522
vn 0.2953 -0.9261 -0.2348
vn 0.4166 -0.9089 0.0189
vn 0.2441 -0.962 -0.1221
vn 0.2708 -0.9578 -0.0961
vn 0.2482 -0.9405 -0.2322
vn -0.1247 -0.9916 0.0347
vn -0.123 -0.9922 -0.0198
vn -0.1169 -0.9855 0.1228
vn -0.1194 -0.9822 0.1452
vn -0.1286 -0.9809 0.1459
vn 0.0911 -0.9891 0.1154
vn -0.0992 -0.9211 -0.3765
vn 0.8275 -0.2585 -0.4984
vn 0.9555 0.0423 -0.292
vn 0.372 -0.5335 -0.7596
vn -0.081 -0.5785 -0.8117
vn 0.0127 -0.2256 -0.9741
vn -0.2502 -0.1246 -0.9601
vn -0.4653 -0.4187 -0.7799
vn 0.3048 -0.9102 -0.2804
vn 0.401 -0.9109 -0.0979
vn 0.2698 -0.7358 0.6212
vn 0.1063 -0.824 0.5566
vn 0.0852 -0.9959 -0.0303
vn -0.1126 -0.972 -0.2063
vn -0.0373 -0.5633 -0.8254
vn 0.197 -0.7275 -0.6572
vn -0.0929 -0.8983 -0.4294
vn -0.1292 -0.8922 0.4328
vn 0.3601 -0.8853 -0.2942
vn 0.2841 -0.6908 -0.6649
vn 0.2251 -0.9198 -0.3214
vn 0.3422 -0.8208 -0.4573
vn 0.2537 -0.5406 -0.8021
vn 0.2899 -0.8722 -0.3939
vn 0.784 -0.6097 -0.1165
vn 0.3451 -0.9222 -0.1747
vn 0.2477 -0.9315 0.2663
vn 0.628 -0.7265 0.2789
vn -0.1461 -0.9591 -0.2424
vn -0.1389 -0.9461 0.2926
vn 0.9064 -0.2611 0.332
vn 0.829 0.4232 0.3654
vn 0.9079 0.4043 -0.1108
vn 0.9903 -0.0866 -0.1087
vn 0.1902 0.9673 0.1675
vn 0.2319 0.94 -0.25
vn 0.5692 0.7999 -0.1901
vn 0.4144 0.8844 0.2147
vn 0.0896 -0.6889 -0.7193
vn 0.3511 -0.8829 0.3118
vn 0.7304 -0.6829 -0.012
vn 0.2327 -0.2285 -0.9453
vn 0.0949 -0.7861 -0.6107
vn -0.0829 -0.1407 -0.9866
vn 0.0604 -0.585 -0.8088
vn -0.2804 -0.0451 -0.9588
vn 0.2491 -0.8395 -0.4829
vn -0.9401 -0.1462 -0.308
vn 0.2038 -0.7044 0.6799
vn -0.2805 -0.127 0.9514
vn 0.2928 -0.7293 0.6184
vn 0.0804 -0.2702 0.9595
vn 0.1572 -0.5259 0.8359
vn 0.2154 -0.2305 0.9489
vn 0.6097 -0.7904 -0.0589
vn 0.2848 -0.9556 -0.0754
vn 0.2843 -0.9488 -0.1378
vn 0.6112 -0.7749 -0.1609
vn -0.2775 -0.9558 -0.0973
vn -0.2892 -0.9511 -0.1087
vn 0.6495 -0.7603 0.0079
vn 0.721 -0.6866 -0.0932
vn -0.1156 -0.9888 -0.0947
vn -0.6291 -0.7695 -0.1105
vn 0.3741 -0.9272 0.0179
vn 0.0451 -0.997 0.0628
vn -0.9408 -0.1283 0.3136
vn -0.6775 -0.309 -0.6675
vn -0.106 -0.6821 -0.7236
vn 0.8103 -0.5811 -0.0758
vn 0.5554 -0.1215 0.8227
vn 0.4555 -0.2611 0.8511
vn 0.7323 -0.6536 -0.191
vn -0.8758 0.435 0.2092
vn -0.1937 0.1818 0.9641
vn -0.1023 0.3382 0.9355
vn -0.8015 0.5375 0.2621
vn 0.1417 -0.4278 -0.8927
vn 0.1335 -0.4182 -0.8985
vn -0.5171 0.0024 -0.8559
vn -0.4991 -0.0057 -0.8666
vn 0.9326 -0.0294 -0.3598
vn 0.8 0.0401 -0.5986
vn 0.1423 0.2115 -0.967
vn 0.8779 0.0507 0.4762
vn -0.117 0.0264 0.9928
vn -0.0533 -0.0153 0.9985
vn 0.9334 -0.117 0.3391
vn -0.9133 -0.04 0.4054
vn -0.8988 -0.0951 0.4279
vn -0.6176 0.2774 -0.736
vn -0.8915 0.2663 -0.3664
vn -0.0431 -0.0361 -0.9984
vn 0.8034 -0.2583 -0.5365
vn 0.7873 -0.4355 -0.4364
vn -0.0234 -0.0206 -0.9995
vn -0.75 -0.0047 -0.6614
vn -0.8253 0.0693 -0.5605
vn -0.9594 -0.016 -0.2818
vn -0.9827 -0.1611 0.0911
vn -0.9965 -0.0232 0.0806
vn -0.9456 -0.0507 -0.3213
vn -0.9609 -0.1887 0.2024
vn -0.9769 -0.1236 0.174
vn -0.9737 -0.2202 -0.0581
vn -0.8316 -0.067 0.5513
vn -0.9473 -0.054 -0.3157
vn -0.7698 0.0958 0.631
vn -0.0468 -0.0018 0.9989
vn 0.8021 -0.4198 0.4247
vn 0.9699 -0.2436 -0.0078
vn 0.7746 -0.5945 -0.2159
vn 0.9326 -0.3473 -0.0981
vn 0.8343 -0.4431 0.3281
vn 0.6426 -0.538 -0.5455
vn 0.9314 -0.316 -0.1804
vn 0.7948 -0.4595 0.3963
vn 0.7243 -0.5728 -0.3837
vn 0.8329 -0.4462 0.3274
vn 0.2586 -0.9268 -0.2723
vn -0.1407 -0.9784 -0.1512
vn 0.1007 -0.2378 0.9661
vn -0.1191 -0.3658 -0.923
vn 0.2037 -0.9544 -0.2183
vn -0.1515 -0.9884 -0.0132
vn -0.0313 -0.4271 0.9037
vn -0.102 -0.5172 -0.8498
vn 0.4683 -0.8322 0.2969
vn -0.1401 -0.9416 0.3061
vn 0.0481 -0.2333 0.9712
vn -0.0596 -0.5042 -0.8615
vn 0.1003 -0.9269 -0.3617
vn 0.1765 -0.8815 0.4379
vn -0.4157 -0.3278 0.8484
vn -0.5634 -0.4311 -0.7048
vn -0.6023 -0.2006 -0.7727
vn -0.2699 -0.8726 -0.4072
vn -0.1974 -0.8085 0.5544
vn -0.4794 -0.1402 0.8663
vn -0.588 -0.1965 -0.7846
vn -0.2794 -0.8682 -0.41
vn -0.211 -0.812 0.5443
vn -0.4733 -0.0961 0.8756
vn -0.6082 -0.2093 -0.7657
vn -0.215 -0.9244 -0.3151
vn -0.1498 -0.8265 0.5426
vn -0.5313 -0.1029 0.8409
vn -0.677 0.4953 0.5444
vn -0.7274 0.4305 -0.5343
vn -0.7166 0.44 0.5412
vn -0.7898 0.3809 -0.4809
vn -0.774 0.4672 0.4273
vn -0.758 0.4268 -0.4933
vn -0.8863 0.1139 0.4489
vn -0.9356 0.0533 -0.3489
vn -0.6711 -0.6797 0.296
vn -0.6526 -0.7474 0.1246
vn -0.682 -0.6057 -0.4099
vn -0.0685 -0.089 -0.9937
vn 0.7347 -0.5116 -0.4455
vn 0.6574 -0.6384 -0.4003
vn -0.0759 -0.0718 -0.9945
vn 0.7488 -0.4315 0.5031
vn 0.666 -0.5384 0.5163
vn -0.0566 0.0915 0.9942
vn 0.0199 0.0618 0.9979
vn -0.7121 0.5099 0.4826
vn -0.5891 0.5427 0.5987
vn -0.7137 0.3892 -0.5824
vn -0.6277 0.4277 -0.6504
vn -0.0895 -0.1238 -0.9883
vn 0.7001 -0.4064 -0.5871
vn 0.506 -0.6368 -0.5818
vn -0.0844 -0.0517 -0.9951
vn 0.7877 -0.3369 0.5158
vn 0.5833 -0.5387 0.6079
vn 0.0155 0.0572 0.9982
vn 0.0321 0.0787 0.9964
vn -0.6238 0.5181 0.5851
vn -0.5037 0.533 0.6799
vn -0.7405 0.434 -0.5131
vn -0.5763 0.453 -0.6803
vn -0.1311 -0.0672 -0.9891
vn 0.7511 -0.3825 -0.5381
vn 0.5832 -0.5756 -0.5732
vn -0.0953 -0.0432 -0.9945
vn 0.8307 -0.2991 0.4695
vn 0.6621 -0.5367 0.523
vn 0.0383 0.0799 0.9961
vn 0.0405 0.0538 0.9977
vn -0.7061 0.4605 0.5379
vn -0.5387 0.5448 0.6426
vn -0.7323 0.3495 -0.5844
vn -0.6186 0.4295 -0.6579
vn 0.7509 -0.4189 -0.5105
vn 0.8279 -0.4164 0.3757
vn 0.7915 -0.455 0.408
vn 0.7094 -0.4412 -0.5496
vn 0.0201 -0.0136 0.9997
vn -0.0867 0.0349 0.9956
vn -0.1122 0 -0.9937
vn -0.1621 -0.0024 -0.9868
vn -0.7844 0.4848 0.3868
vn -0.8002 0.3976 0.449
vn -0.792 0.4605 -0.4008
vn -0.8271 0.3823 -0.4121
vn 0.9826 -0.1286 -0.1343
vn -0.738 0.5582 0.3792
vn 0.0838 0.4195 0.9039
vn 0.6925 0.0541 0.7194
vn 0.9798 -0.1675 -0.1095
vn 0.9853 -0.0821 0.1499
vn -0.9687 0.1907 -0.1592
vn -0.927 0.2773 -0.2525
vn -0.705 0.572 0.4193
vn -0.9633 0.1008 -0.2488
vn -0.9619 -0.0424 -0.2702
vn -0.7848 0.5262 0.3274
vn 0.9419 -0.1171 0.3149
vn 0.008 0.4817 0.8763
vn 0.0141 0.5817 0.8132
vn 0.6796 0.0722 0.73
vn 0.6922 0.1974 0.6942
vn 0.9038 -0.0257 0.4273
vn 0.8036 -0.0789 0.59
vn -0.9796 0.1961 0.0445
vn 0.9861 -0.1411 0.0879
vn -0.0574 -0.9435 0.3263
vn -0.999 0.037 -0.0231
vn 0.9459 -0.1717 -0.2755
vn 0.7877 -0.1295 -0.6023
vn -0.0362 0.0197 -0.9991
vn -0.6852 0.1105 -0.7199
vn -0.9442 0.149 -0.2938
vn -0.9848 0.1676 0.0464
vn -0.1001 -0.0339 -0.9944
vn 0.3528 -0.8587 -0.3717
vn 0.1069 -0.9206 -0.3756
vn -0.2019 -0.043 -0.9785
vn -0.3695 0.6481 -0.6659
vn -0.3794 0.728 -0.571
vn -0.3449 0.7342 0.5848
vn -0.3311 0.8035 0.4947
vn 0.0085 0.0586 0.9982
vn -0.0957 0.0837 0.9919
vn 0.4106 -0.7498 0.5188
vn 0.1697 -0.8357 0.5223
vn 0.5037 -0.7716 -0.3885
vn -0.0881 -0.0236 -0.9958
vn -0.5291 0.6116 -0.5882
vn -0.4903 0.7044 0.5133
vn 0.0076 0.1015 0.9948
vn 0.5344 -0.6641 0.5228
vn 0.2084 -0.813 -0.5437
vn 0.3301 -0.7481 0.5757
vn 0.1069 -0.7789 0.618
vn 0.0315 -0.8436 -0.5361
vn -0.0934 -0.0279 -0.9952
vn -0.2058 -0.0104 -0.9785
vn -0.4011 0.6344 -0.6608
vn -0.4213 0.7201 -0.5513
vn -0.3116 0.7114 0.63
vn -0.3455 0.7825 0.5179
vn 0.0247 0.0982 0.9949
vn -0.0827 0.1024 0.9913
vn 0.4584 -0.6579 0.5975
vn 0.3746 -0.7236 -0.5797
vn -0.1125 -0.0241 -0.9934
vn -0.5085 0.6273 -0.5898
vn -0.4306 0.7043 0.5644
vn 0.0119 0.1112 0.9937
vn 0.3501 -0.7509 -0.56
vn 0.4123 -0.733 0.541
vn 0.1738 -0.7917 0.5856
vn 0.1003 -0.8265 -0.5539
vn -0.0869 -0.0009 -0.9962
vn -0.2005 0.0181 -0.9795
vn -0.4528 0.5736 -0.6826
vn -0.4476 0.6439 -0.6205
vn -0.4208 0.6996 0.5775
vn -0.4129 0.802 0.4315
vn 0.034 0.0319 0.9989
vn -0.0768 0.0779 0.994
vn 0.5379 -0.6593 0.5254
vn 0.4617 -0.6663 -0.5855
vn -0.1182 0.0074 -0.993
vn -0.5511 0.5807 -0.5993
vn -0.5208 0.646 0.5581
vn -0.0042 0.0417 0.9991
vn 0.5031 -0.7085 -0.4949
vn 0.5897 -0.6835 0.4302
vn 0.462 -0.76 0.4571
vn 0.3627 -0.7906 -0.4934
vn -0.0937 -0.0704 -0.9931
vn -0.2679 -0.0467 -0.9623
vn -0.6233 0.5549 -0.551
vn -0.6998 0.5582 -0.4457
vn -0.5645 0.671 0.4807
vn -0.662 0.6321 0.4027
vn -0.0142 0.0917 0.9957
vn -0.1231 0.0401 0.9916
vn 0.7591 -0.5316 0.3757
vn 0.6953 -0.5246 -0.4913
vn -0.1405 -0.0106 -0.99
vn -0.7729 0.4346 -0.4624
vn -0.7483 0.5029 0.4326
vn 0.0035 0.0571 0.9984
vn -0.3299 -0.0632 0.9419
vn 0.2369 -0.5175 0.8223
vn 0.0549 -0.9911 0.121
vn 0.4721 -0.8576 0.2039
vn -0.1233 -0.9923 -0.0152
vn 0.183 -0.9828 0.0246
vn -0.4911 0.0109 0.871
vn -0.491 0.0284 0.8707
vn -0.3914 0.6201 0.68
vn -0.2332 0.7848 0.5743
vn -0.0313 0.9441 0.3282
vn 0.0149 0.9613 0.275
vn -0.1308 -0.8073 0.5755
vn -0.1079 -0.8557 0.5061
vn -0.2457 -0.5758 0.7798
vn -0.2214 -0.6688 0.7097
vn -0.1981 -0.6524 -0.7315
vn -0.5229 -0.8431 0.1259
vn -0.1836 -0.9829 -0.0133
vn -0.3394 -0.8807 -0.3304
vn -0.6028 -0.7445 -0.2868
vn -0.2341 -0.7434 -0.6265
vn -0.7615 -0.6233 -0.178
vn -0.1197 -0.5652 -0.8162
vn -0.7594 -0.6411 -0.1108
vn -0.3671 -0.7936 -0.4853
vn -0.7149 -0.699 -0.018
vn -0.3981 -0.6328 0.6641
vn -0.5772 -0.8139 0.067
vn -0.5042 -0.6287 0.592
vn -0.3551 -0.8762 0.3258
vn -0.3522 -0.4625 0.8137
vn -0.2886 -0.9573 0.0138
vn -0.519 -0.8381 -0.1679
vn -0.3641 -0.9262 -0.0978
vn -0.4979 -0.8642 -0.0725
vn -0.3166 -0.922 0.2228
vn -0.6537 -0.7536 0.069
vn -0.5097 -0.8585 -0.0568
vn -0.2563 -0.9649 -0.0571
vn -0.7599 -0.6352 0.138
vn -0.8558 -0.5173 -0.01
vn -0.9473 -0.3196 -0.0206
vn -0.9847 -0.1257 -0.1205
vn -0.8935 -0.4448 -0.0621
vn -0.9502 -0.2034 -0.236
vn -0.8018 -0.5976 0.0055
vn -0.3838 -0.9157 0.1188
vn -0.6191 -0.7838 0.0489
vn -0.2271 -0.9661 0.1225
vn -0.8162 -0.5778 0.0051
vn -0.7311 -0.6821 -0.0134
vn -0.5917 -0.8059 -0.0217
vn -0.8163 -0.5342 -0.2196
vn -0.8728 -0.2656 -0.4096
vn -0.7521 -0.5628 -0.343
vn -0.5833 -0.7851 -0.2084
vn -0.9078 -0.0167 -0.419
vn -0.685 -0.1521 -0.7125
vn -0.6678 -0.3925 -0.6324
vn -0.2117 -0.0439 -0.9763
vn -0.4281 -0.3444 -0.8355
vn -0.7277 0.0116 -0.6858
vn -0.597 -0.773 -0.2146
vn -0.6681 -0.7418 -0.0583
vn -0.9804 -0.0191 -0.1963
vn -0.9987 0.026 -0.0429
vn -0.6425 -0.7055 -0.2991
vn -0.5113 -0.7826 -0.3551
vn -0.4287 -0.8937 0.132
vn -0.6628 -0.7471 0.0515
vn -0.2621 -0.9542 0.1443
vn -0.8682 -0.4959 0.0157
vn -0.906 -0.4225 0.0268
vn -0.7047 0.0694 -0.7061
vn -0.5862 -0.7256 -0.3604
vn -0.6065 -0.6836 -0.406
vn -0.7864 -0.5524 -0.2764
vn -0.2286 0.6025 -0.7647
vn -0.9265 -0.2929 -0.2364
vn -0.526 -0.8413 -0.1245
vn 0.2183 -0.3297 -0.9185
vn -0.9353 -0.2043 0.2889
vn -0.6278 -0.7762 0.0574
vn -0.6978 -0.6605 0.277
vn -0.9009 -0.3989 0.1709
vn -0.7691 -0.4989 0.3995
vn -0.7607 -0.6191 0.1947
vn -0.4043 -0.9111 -0.0795
vn -0.4868 -0.8322 -0.2654
vn -0.6199 -0.7826 -0.0574
vn -0.4879 -0.8633 -0.1291
vn -0.4622 -0.8738 -0.151
vn -0.4516 -0.8532 -0.2609
vn -0.343 -0.9353 0.0871
vn -0.8592 0.3307 -0.3903
vn -0.8336 0.019 -0.5521
vn -0.4928 -0.8118 -0.3132
vn -0.3544 -0.7661 0.5363
vn -0.4781 -0.6465 0.5946
vn -0.607 -0.7824 -0.1393
vn -0.3221 -0.9456 -0.0451
vn -0.309 -0.665 -0.68
vn -0.5358 -0.7678 -0.3513
vn -0.3872 -0.6017 -0.6986
vn -0.4158 -0.8381 -0.3532
vn -0.4584 -0.7807 -0.4246
vn -0.3049 -0.4657 -0.8308
vn -0.4821 -0.7053 -0.5197
vn -0.6135 -0.7439 -0.2652
vn -0.9316 -0.2764 -0.236
vn -0.786 -0.4327 0.4415
vn -0.4787 -0.7905 0.382
vn -0.9168 0.0557 0.3954
vn -0.6383 0.7154 0.284
vn -0.9227 0.2897 -0.2545
vn -0.694 0.6894 -0.2079
vn -0.094 0.9843 0.1497
vn -0.1841 0.9507 -0.2495
vn -0.2034 -0.1742 -0.9635
vn -0.8726 -0.4819 -0.079
vn 0.1276 -0.1664 -0.9778
vn 0.3416 -0.1219 -0.9319
vn 0.8954 -0.3736 -0.2423
vn 0.1602 -0.1881 0.969
vn -0.2233 -0.2371 0.9455
vn -0.3446 -0.1612 0.9248
vn -0.7601 -0.6417 -0.1029
vn -0.7453 -0.6354 -0.2022
vn -0.4898 -0.8562 -0.1646
vn -0.4985 -0.8598 -0.1109
vn 0.053 -0.994 -0.0954
vn 0.0399 -0.9956 -0.0853
vn -0.7933 -0.6078 -0.0364
vn -0.8308 -0.5403 -0.1339
vn 0.4275 -0.9015 -0.0672
vn -0.1255 -0.9871 -0.0994
vn -0.5861 -0.81 -0.0209
vn -0.3311 -0.8729 0.3584
vn -0.4049 -0.9134 0.0411
vn -0.1666 -0.9825 -0.0829
vn 0.7628 -0.4712 -0.4429
vn 0.8046 0.4004 -0.4385
vn -0.0572 0.8441 -0.5331
vn -0.9458 0.0614 -0.3188
vn -0.3142 -0.7231 -0.6152
vn -0.6435 0.6127 -0.4588
vn -0.8181 -0.2535 -0.5162
vn 0.3088 0.7985 -0.5167
vn 0.2223 -0.7778 -0.5878
vn 0.957 -0.1681 -0.2364
vn -0.7604 -0.6494 -0.0025
vn -0.7652 -0.6433 -0.0271
vn -0.4051 -0.6301 -0.6625
vn -0.3876 -0.6776 -0.625
vn -0.7082 -0.2833 0.6467
vn -0.6808 -0.2728 0.6798
vn -0.2443 0.2364 0.9404
vn -0.2238 0.2993 0.9275
vn 0.3605 0.597 0.7167
vn 0.372 0.6416 0.6708
vn 0.8164 0.5774 0.0074
vn 0.8164 0.5774 0.0082
vn 0.7607 0.1967 -0.6186
vn 0.7045 0.2425 -0.667
vn 0.2886 -0.3085 -0.9064
vn 0.2057 -0.2424 -0.9481
vn -0.8073 0.36 -0.4677
vn -0.812 0.3674 -0.4535
vn -0.9754 -0.1823 -0.1235
vn -0.9717 -0.1909 -0.1393
vn -0.5733 -0.7523 0.3247
vn -0.574 -0.7589 0.3076
vn 0.2022 -0.8234 0.5302
vn 0.1988 -0.8327 0.5168
vn 0.7638 -0.4938 0.4156
vn 0.7614 -0.5066 0.4045
vn 0.992 0.1259 0.009
vn 0.9952 0.0982 0.0051
vn 0.5999 0.641 -0.4789
vn 0.5889 0.661 -0.465
vn -0.2137 0.7468 -0.6297
vn -0.2148 0.7336 -0.6447
vn 0.3553 -0.2868 -0.8897
vn 0.3237 -0.002 -0.9462
vn -0.547 -0.25 -0.799
vn -0.397 -0.6689 -0.6285
vn 0.7767 0.1855 -0.6019
vn 0.7114 0.3151 -0.6282
vn 0.8149 0.5794 0.0153
vn 0.7353 0.6773 -0.026
vn 0.2779 0.5529 0.7855
vn 0.2709 0.5466 0.7924
vn -0.3553 0.1353 0.9249
vn -0.3463 0.0155 0.938
vn -0.7144 -0.3087 0.628
vn -0.6342 -0.2866 0.7181
vn -0.7957 -0.5972 0.101
vn -0.9382 -0.3152 0.1429
vn -0.3823 -0.69 -0.6145
vn -0.7625 -0.6465 0.0232
vn 0.3245 -0.3221 -0.8893
vn 0.7845 0.1487 -0.6021
vn 0.8466 0.5314 0.0301
vn 0.3251 0.5518 0.768
vn -0.2975 0.1832 0.937
vn -0.7138 -0.3114 0.6273
vn -0.7856 -0.6181 -0.0263
vn -0.4408 -0.5367 -0.7195
vn -0.3137 0.539 0.7817
vn -0.0768 -0.313 0.9466
vn -0.6762 -0.6656 0.3158
vn -0.7264 -0.0151 0.6871
vn 0.2622 0.7371 0.6229
vn 0.8337 0.2482 0.4933
vn 0.707 0.6849 0.1764
vn 0.8705 0.4909 0.0349
vn 0.7141 0.4525 -0.5341
vn 0.5906 0.6483 -0.4806
vn 0.2227 -0.049 -0.9736
vn -0.0528 0.4376 -0.8976
vn -0.6414 -0.0846 -0.7625
vn -0.9493 -0.3042 -0.0792
vn -0.8167 0.3388 -0.4672
vn -0.8923 -0.4181 -0.1705
vn 0.4448 -0.8923 -0.0775
vn -0.3159 -0.8206 -0.4762
vn -0.2507 -0.3033 -0.9193
vn 0.6061 0.25 -0.7551
vn 0.401 0.6502 -0.6453
vn 0.5409 0.622 -0.5662
vn 0.6591 0.5274 0.5361
vn 0.7914 0.521 0.3198
vn -0.1436 -0.8782 0.4562
vn 0.0436 -0.2457 0.9684
vn 0.4869 -0.7452 0.4556
vn -0.5963 -0.7239 -0.347
vn -0.4854 -0.218 -0.8467
vn 0.4242 0.2517 -0.8699
vn 0.1737 -0.0266 0.9844
vn 0.6213 -0.2597 0.7393
vn -0.8596 -0.2241 -0.4591
vn -0.9549 -0.2769 0.1069
vn 0.1048 0.1151 -0.9878
vn -0.5051 -0.0412 -0.8621
vn 0.0985 0.1132 0.9887
vn 0.0259 -0.1191 0.9925
vn 0.9067 0.268 0.3258
vn 0.8023 0.5012 0.3242
vn 0.8019 0.2328 -0.5502
vn 0.7474 0.3905 -0.5375
vn -0.666 -0.3095 0.6787
vn -0.4869 -0.2949 0.8221
vn -0.8171 -0.3385 -0.4667
vn -0.8286 -0.3282 -0.4536
vn -0.3689 -0.8942 0.2537
vn -0.6912 -0.5453 0.4742
vn -0.2141 -0.0462 -0.9757
vn -0.2836 0.2953 -0.9123
vn 0.2172 0.0028 -0.9761
vn 0.3642 0.461 -0.8092
vn 0.478 0.099 -0.8728
vn 0.3275 0.218 -0.9194
vn -0.0293 0.1008 -0.9945
vn 0.6048 0.125 -0.7865
vn 0.6377 0.5185 -0.5697
vn 0.2472 0.2348 -0.9401
vn 0.7595 0.5622 -0.3273
vn 0.0736 0.4069 -0.9105
vn 0.8838 0.2026 0.4218
vn 0.4212 -0.7293 0.5392
vn -0.2845 -0.3895 0.876
vn -0.1046 -0.9142 0.3915
vn -0.3711 -0.455 0.8095
vn -0.29 -0.9367 0.1962
vn 0.2811 -0.772 0.5701
vn -0.4594 -0.4801 0.7473
vn -0.3247 -0.8957 0.304
vn 0.1295 -0.7667 0.6288
vn -0.0043 -0.7857 0.6186
vn 0.8842 -0.1233 0.4505
vn 0.1514 -0.6741 -0.723
vn -0.0732 -0.9949 -0.0695
vn -0.7674 -0.3309 -0.5492
vn 0.8837 -0.1796 0.4322
vn 0.2595 -0.828 -0.497
vn 0.1641 -0.8486 0.5029
vn -0.6411 -0.5004 -0.5818
vn 0.8755 0.1985 0.4405
vn 0.7676 -0.4464 -0.4598
vn 0.0037 -0.8236 0.5672
vn -0.7112 -0.461 -0.5308
vn 0.1902 -0.3566 -0.9147
vn -0.4685 0.1709 -0.8668
vn 0.7416 0.6682 -0.0603
vn 0.7756 -0.3786 -0.5051
vn -0.8814 0.2102 -0.423
vn 0.458 0.8383 0.2958
vn 0.5567 0.6835 -0.4721
vn -0.2213 0.3249 -0.9195
vn -0.887 0.1731 -0.428
vn 0.4507 0.8269 0.3364
vn 0.5383 0.6931 -0.4793
vn -0.2382 0.3222 -0.9162
vn -0.8764 0.2235 -0.4265
vn 0.4012 0.8561 0.3258
vn 0.5808 0.643 -0.4993
vn -0.1028 0.3399 -0.9348
vn -0.9409 0.2157 0.2611
vn -0.0822 0.6438 0.7608
vn -0.9253 0.296 0.2372
vn -0.0973 0.6956 0.7119
vn -0.9249 0.2593 0.2782
vn -0.2211 0.6802 0.6989
vn -0.5513 0.7432 -0.379
vn 0.129 0.9903 0.0518
vn 0.6482 -0.1269 -0.7508
vn 0.4537 -0.5735 -0.6821
vn 0.3161 -0.3953 -0.8625
vn 0.0226 -0.8693 -0.4938
vn 0.7994 -0.599 0.0464
vn 0.8707 0.2688 0.4118
vn 0.1153 0.8955 0.4298
vn -0.8541 0.4893 -0.1764
vn -0.7591 -0.3776 -0.5302
vn -0.8206 -0.2985 -0.4874
vn -0.0898 -0.8122 -0.5764
vn 0.8262 -0.5626 0.0296
vn 0.8325 0.2903 0.4719
vn 0.1865 0.8473 0.4972
vn -0.9286 0.3381 -0.1532
vn -0.8311 -0.2784 -0.4814
vn -0.0912 -0.9107 -0.4028
vn 0.7663 -0.6252 0.148
vn 0.825 0.2966 0.481
vn 0.2 0.9122 0.3577
vn -0.7805 0.5354 -0.3228
vn -0.7623 -0.3023 -0.5723
vn 0.1377 -0.3823 -0.9137
vn 0.3975 -0.7809 0.4818
vn 0.8395 0.3753 0.393
vn -0.7877 -0.1115 -0.6059
vn -0.5185 -0.8539 -0.0444
vn 0.1496 0.964 -0.22
vn -0.4147 0.7705 -0.4841
vn -0.1479 -0.8508 -0.5043
vn -0.0785 -0.7887 -0.6098
vn 0.8431 -0.4554 -0.2861
vn 0.7342 -0.6702 0.1085
vn 0.4194 0.653 0.6307
vn 0.6858 0.6352 -0.3553
vn -0.0454 0.0879 0.9951
vn 0.5697 0.3583 -0.7396
vn 0.5456 0.2455 -0.8013
vn -0.3506 -0.2203 0.9103
vn -0.2684 -0.1686 0.9484
vn 0.4232 0.2163 -0.8799
vn -0.8608 -0.2788 -0.4259
vn 0.0754 -0.016 -0.997
vn -0.952 -0.0713 0.2978
vn -0.8514 -0.2047 0.4829
vn 0.0675 0.4223 0.9039
vn -0.0305 0.2059 0.9781
vn 0.8235 0.3672 0.4325
vn 0.7295 0.4789 0.4883
vn 0.8827 -0.2024 -0.4242
vn 0.7583 0.3128 -0.5719
vn -0.0815 -0.4088 -0.909
vn 0.905 -0.0849 -0.4168
vn -0.1456 -0.07 -0.9869
vn 0.7727 0.3822 -0.5069
vn -0.8186 -0.3518 -0.4541
vn -0.8672 -0.3001 -0.3973
vn -0.9586 -0.0587 0.2788
vn -0.8738 -0.1551 0.4608
vn 0.0802 0.4353 0.8967
vn -0.0065 0.2667 0.9638
vn 0.8005 0.3854 0.4589
vn 0.7111 0.4889 0.5053
vn 0.022 -0.592 -0.8057
vn 0.9086 -0.2287 -0.3494
vn -0.0908 -0.1129 -0.9895
vn 0.8021 0.3042 -0.5139
vn -0.817 -0.3522 -0.4565
vn -0.8825 -0.2915 -0.3691
vn -0.977 0.1207 0.1756
vn -0.9161 -0.1268 0.3804
vn 0.0343 0.6006 0.7988
vn -0.1151 0.2735 0.955
vn 0.8572 0.3534 0.3747
vn 0.7383 0.4792 0.4747
vn -0.7893 -0.2298 -0.5694
vn -0.8264 -0.1294 -0.5481
vn -0.7404 0.5631 -0.3671
vn -0.7709 0.6364 -0.0281
vn 0.2125 0.9737 0.0823
vn -0.0526 0.8893 0.4544
vn 0.8556 0.2292 0.4642
vn 0.8483 0.343 0.4035
vn 0.9383 0.3413 0.0556
vn 0.8469 -0.2671 0.4598
vn -0.8196 0.375 -0.4332
vn -0.9772 -0.1902 -0.0944
vn -0.5492 -0.7677 0.3303
vn 0.2234 -0.8387 0.4966
vn 0.7654 -0.52 0.3791
vn 0.9859 0.1646 -0.0304
vn 0.5823 0.684 -0.4395
vn -0.1576 0.7785 -0.6075
vn 0.421 0.398 -0.8151
vn 0 0.3269 -0.9451
vn 0.008 0.656 -0.7547
vn 0.3249 0.5077 -0.7979
vn -0.4214 0.3842 -0.8215
vn -0.3166 0.5133 -0.7977
vn 0.0001 0.3339 -0.9426
vn -0.0064 0.3307 -0.9437
vn 0.006 0.3311 -0.9436
vn -0.0882 0.9805 -0.1754
vn 0.7006 0.691 -0.1782
vn 0.7329 0.6318 -0.2525
vn -0.0677 0.952 -0.2986
vn 0.9921 -0.0958 -0.0816
vn 0.9826 -0.1738 -0.0653
vn -0.9966 -0.0784 -0.0239
vn -0.8333 0.5446 -0.0955
vn -0.8579 0.4807 -0.1814
vn -0.9908 -0.124 -0.055
vn 0.5823 -0.8116 0.0473
vn 0.6224 -0.7817 0.039
vn -0.0105 -0.9941 0.1083
vn 0.0097 -0.9969 0.0777
vn -0.6873 -0.7221 0.0795
vn -0.7092 -0.7032 0.0505
vn 0.7911 0.6103 0.0423
vn -0.1284 0.9856 0.1101
vn -0.8733 0.4871 0.0114
vn -0.9938 -0.092 0.0621
vn -0.754 -0.6365 0.1623
vn -0.0771 -0.9832 0.1655
vn 0.6791 -0.7335 0.0295
vn 0.9863 -0.1628 0.0267
vn 0.8102 0.3835 -0.4433
vn 0.9744 -0.1937 0.1139
vn 0.9921 -0.1249 0.0146
vn 0.6766 0.7263 -0.1212
vn -0.2214 0.6991 -0.6798
vn -0.1488 0.9873 -0.0558
vn -0.8915 0.3579 -0.2779
vn -0.8155 0.5783 0.0243
vn -0.9726 -0.2086 0.1023
vn -0.9969 -0.0319 0.0719
vn -0.6467 -0.5493 0.5293
vn -0.6485 -0.7274 0.2243
vn -0.0593 -0.6935 0.718
vn -0.0326 -0.9601 0.2777
vn 0.6242 -0.5638 0.5408
vn 0.5695 -0.7932 0.2155
vn 0.7656 0.5988 0.2353
vn -0.0613 0.9151 0.3986
vn -0.809 0.5319 0.25
vn -0.9912 -0.0149 0.1314
vn -0.6708 -0.6948 0.2592
vn 0.0361 -0.8933 0.448
vn 0.6907 -0.6793 0.2479
vn 0.9927 0.0281 0.1169
vn 0.9206 -0.1533 0.3591
vn 0.6667 -0.5979 0.445
vn 0.4845 -0.4246 0.7649
vn 0.8642 -0.2626 0.4293
vn 0.0177 0.9469 0.3212
vn 0.837 0.5158 0.1829
vn 0.9752 0.194 0.1061
vn -0.9802 0.1707 0.1006
vn -0.8233 0.5323 0.197
vn 0.8537 -0.4802 0.2014
vn 0.5755 -0.7694 0.2771
vn 0.3057 -0.3818 -0.8723
vn 0.5789 -0.3332 -0.7442
vn 0.0962 -0.9328 0.3474
vn 0.0355 -0.3483 -0.9367
vn -0.5404 -0.7715 0.336
vn -0.9459 -0.2116 0.2461
vn -0.6015 -0.1458 -0.7854
vn -0.2476 -0.3343 -0.9093
vn -0.008 0.3291 -0.9443
vn 0.6798 0.1944 -0.7071
vn 0.5257 0.1669 -0.8342
vn 0.0824 0.0735 -0.9939
vn 0.9833 0.0585 0.1726
vn 0.9646 -0.2023 0.1691
vn 0.0137 -0.7338 0.6792
vn 0.0032 -0.4539 0.8911
vn -0.0048 0.3269 -0.945
vn 0.0042 0.0841 -0.9964
vn -0.5384 -0.5706 0.6201
vn -0.9477 -0.1411 0.2864
vn -0.8991 -0.1043 0.425
vn -0.569 -0.3248 0.7555
vn -0.9893 0.0188 0.1449
vn -0.9939 0.0252 0.107
vn -0.7068 0.3472 -0.6164
vn -0.5305 0.1118 -0.8402
vn 0.0048 0.3256 -0.9455
vn -0.0698 0.0864 -0.9938
vn 0.9827 -0.0926 0.1606
vn -0.9791 -0.1112 0.1703
vn -0.9961 0.0106 0.0874
vn -0.7172 0.2772 -0.6394
vn 0.0069 0.3386 -0.9409
vn -0.0004 0.3417 -0.9398
vn -0.0101 0.3395 -0.9405
vn 0.6679 0.3577 -0.6527
vn 0.9872 0.0698 0.1437
vn -0.986 0.0907 0.1399
vn -0.7995 -0.1206 0.5885
vn -0.4711 -0.401 0.7856
vn 0.0305 -0.5332 0.8455
vn 0.4498 -0.5109 0.7326
vn 0.7385 -0.4154 0.5311
vn -0.8185 0.5128 0.2588
vn 0.0092 0.9123 0.4095
vn 0.8179 0.5317 0.22
vn 0.9892 0.1149 0.0914
vn -0.4357 0.3904 -0.811
vn -0.3415 0.5017 -0.7948
vn -0.0271 0.6557 -0.7545
vn -0.0148 0.3267 -0.945
vn 0.2997 0.519 -0.8005
vn 0.4066 0.3919 -0.8253
vn -0.015 0.3341 -0.9424
vn -0.0084 0.331 -0.9436
vn -0.0209 0.3312 -0.9433
vn 0.0232 0.9919 -0.1253
vn 0.0879 0.9739 -0.2094
vn -0.7558 0.6049 -0.2507
vn -0.7188 0.6845 -0.1216
vn -0.9807 -0.1618 -0.1102
vn -0.9886 -0.1391 -0.0573
vn 0.9974 -0.0494 -0.0519
vn 0.9929 -0.0858 -0.0829
vn 0.8343 0.514 -0.1995
vn 0.7928 0.6022 -0.0938
vn -0.5914 -0.8049 0.0486
vn -0.547 -0.8353 0.0549
vn 0.0302 -0.9973 0.0671
vn 0.0525 -0.9936 0.0997
vn 0.7066 -0.7056 0.0532
vn 0.7363 -0.6762 0.0239
vn 0.9876 -0.1047 0.117
vn 0.7797 0.0464 -0.6244
vn 0.7137 0.0452 -0.699
vn 0.9958 -0.0622 0.067
vn 0.1197 0.9919 0.0414
vn -0.8061 0.5917 0.0104
vn 0.8414 0.5348 0.0775
vn 0.9924 -0.1233 -0.0038
vn 0.7329 -0.6763 0.0736
vn 0.027 -0.9818 0.1882
vn -0.7126 -0.6932 0.1084
vn -0.9882 -0.1515 -0.0221
vn -0.7203 -0.4603 0.519
vn -0.9318 -0.168 0.3217
vn -0.8475 -0.2781 0.4521
vn -0.4709 -0.4581 0.754
vn -0.7927 0.0479 -0.6078
vn -0.7681 0.3934 -0.5052
vn -0.9643 -0.2207 0.1461
vn -0.9835 -0.1419 0.1123
vn -0.0084 0.1816 -0.9833
vn 0.1194 0.6074 -0.7854
vn 0.7611 0.0958 -0.6415
vn 0.8804 0.347 -0.3233
vn 0.9908 -0.0545 0.1237
vn 0.9763 -0.1953 0.0928
vn 0.6962 -0.1816 0.6945
vn 0.6768 -0.5203 0.5208
vn 0.0416 -0.2382 0.9703
vn 0.1073 -0.6785 0.7267
vn -0.6198 -0.2328 0.7494
vn -0.5852 -0.5845 0.562
vn -0.9854 -0.1576 0.0646
vn -0.5271 -0.8181 0.2301
vn 0.0793 -0.9584 0.2742
vn 0.6622 -0.7202 0.2072
vn 0.996 -0.0835 0.0316
vn 0.7899 0.6095 -0.068
vn 0.0741 0.9826 -0.1704
vn -0.7718 0.6212 -0.1355
vn 0.0405 0.9066 0.4201
vn -0.8005 0.5366 0.2671
vn 0.8592 0.4673 0.2084
vn 0.9915 -0.0218 0.1282
vn 0.8331 -0.5332 0.1475
vn -0.0039 -0.8831 0.4691
vn -0.8456 -0.4892 0.2136
vn -0.9955 0.0003 0.0952
vn -0.0321 0.9464 0.3213
vn -0.8447 0.5002 0.1906
vn -0.9776 0.1759 0.1151
vn 0.9778 0.1885 0.0914
vn 0.8154 0.5472 0.1893
vn -0.8515 -0.4781 0.2152
vn -0.5052 -0.2781 -0.8169
vn -0.2603 -0.3262 -0.9088
vn -0.5756 -0.7693 0.2772
vn -0.0318 -0.2887 -0.9569
vn -0.0962 -0.9328 0.3474
vn 0.5404 -0.7714 0.336
vn 0.2133 -0.2925 -0.9322
vn 0.5351 -0.1199 -0.8362
vn 0.9457 -0.2247 0.2349
vn -0.6289 0.2748 -0.7273
vn 0.0093 0.2868 -0.9579
vn 0.0116 0.1129 -0.9935
vn -0.5313 0.1636 -0.8312
vn -0.9801 -0.0336 0.1957
vn -0.9568 -0.2078 0.2033
vn 0.0162 -0.7408 0.6715
vn 0.0152 -0.4995 0.8662
vn -0.0115 0.2729 -0.962
vn -0.0042 0.1074 -0.9942
vn 0.9589 -0.1137 0.26
vn 0.6413 -0.402 0.6536
vn 0.599 -0.3479 0.7212
vn 0.8992 -0.1138 0.4225
vn 0.4896 0.1283 -0.8624
vn 0.6224 0.2844 -0.7292
vn 0.9941 0.0202 0.107
vn 0.9885 0.0223 0.1493
vn -0.0425 0.2847 -0.9577
vn -0.0228 0.1024 -0.9945
vn -0.9793 -0.1106 0.1697
vn -0.9902 0.0966 0.1006
vn 0.9965 0.0288 0.0781
vn 0.706 0.2904 -0.6459
vn -0.0218 0.3386 -0.9407
vn -0.0145 0.3419 -0.9396
vn -0.0047 0.3401 -0.9404
vn -0.6804 0.3454 -0.6463
vn -0.9869 0.0515 0.1528
vn 0.484 -0.4351 0.7592
vn 0.8187 -0.1642 0.5502
vn -0.0243 -0.5684 0.8224
vn -0.4528 -0.5409 0.7088
vn -0.7422 -0.4262 0.5171
vn 0.9845 0.1103 0.1364
vn 0.9824 -0.0926 0.1622
vn 0.813 0.5218 0.2586
vn -0.0145 0.9096 0.4152
vn -0.8255 0.5165 0.2275
vn -0.0267 0.0875 -0.9958
vn 0.0089 0.0906 -0.9958
vn -0.7566 -0.0083 -0.6538
vn -0.7589 0.039 -0.65
vn -0.981 -0.1502 0.1228
vn -0.997 -0.0502 0.0594
vn -0.6677 -0.2207 0.7109
vn -0.6376 -0.1313 0.7591
vn -0.0076 -0.2699 0.9629
vn 0.023 -0.1483 0.9887
vn 0.6573 -0.2159 0.722
vn 0.6416 -0.1287 0.7562
vn -0.9905 -0.0993 0.0948
vn -0.7337 0.0126 -0.6794
vn -0.0431 0.0829 -0.9956
vn 0.7375 0.0628 -0.6724
vn 0.9994 -0.012 0.0335
vn 0.6625 -0.1012 0.7422
vn 0.0095 -0.1413 0.9899
vn -0.6154 -0.1467 0.7744
vn -0.9902 0.0568 -0.1275
vn -0.9634 -0.0265 0.2667
vn -0.9215 -0.3874 -0.0261
vn -0.9598 -0.1492 -0.2377
vn 0.6253 0.6389 0.4481
vn 0.7198 0.6919 0.0562
vn 0.9265 0.3741 0.0407
vn 0.8971 0.2301 0.3772
vn 0.6974 0.5794 0.4218
vn 0.5479 0.4437 0.7092
vn 0.6211 0.0366 0.7829
vn 0.8492 0.2345 0.4731
vn 0.5249 -0.431 0.7339
vn 0.8781 -0.2215 0.4242
vn -0.4526 -0.3664 0.813
vn 0.1318 -0.4618 0.8772
vn 0.1379 -0.1328 0.9815
vn -0.3427 -0.1923 0.9196
vn -0.6147 -0.6914 0.3796
vn -0.0708 -0.9249 0.3735
vn 0.313 -0.887 0.3395
vn 0.7226 -0.6656 0.1866
vn 0.2709 0.206 0.9403
vn -0.235 0.068 0.9696
vn 0.9963 -0.0843 0.0142
vn 0.8861 -0.2699 0.3767
vn 0.9906 -0.0681 0.1188
vn 0.9335 0.3306 0.1388
vn 0.8787 -0.4769 0.0201
vn 0.8871 -0.4615 -0.008
vn 0.6882 -0.6959 0.2052
vn 0.7448 0.6568 0.1175
vn -0.4963 0.7833 0.3744
vn -0.8975 0.312 0.3118
vn -0.9001 0.4254 -0.0943
vn -0.4748 0.8787 -0.0502
vn -0.9071 0.4183 0.0468
vn -0.9093 0.2829 0.3054
vn -0.4999 0.7272 0.4703
vn -0.4953 0.849 0.1842
vn 0.1479 0.9413 0.3034
vn 0.0462 0.7839 0.6191
vn -0.266 0.3883 0.8823
vn -0.1409 0.5761 0.8051
vn -0.8152 0.1226 0.566
vn -0.6316 0.0337 0.7746
vn -0.4219 0.2833 0.8612
vn -0.5104 0.5602 0.6525
vn 0.0412 0.916 0.3992
vn 0.1258 0.992 0.013
vn 0.1471 0.9877 0.054
vn -0.8672 0.4843 -0.116
vn -0.485 0.8745 -0.0063
vn -0.9756 0.0106 0.2191
vn -0.9931 0.1058 -0.0508
vn -0.9701 -0.2023 -0.134
vn -0.9447 -0.2741 0.1799
vn -0.8358 -0.1201 0.5358
vn -0.7124 -0.1908 0.6753
vn -0.7615 -0.4209 0.4929
vn -0.9735 0.1397 -0.181
vn -0.9681 -0.1399 -0.208
vn -0.5183 -0.7835 -0.3428
vn -0.9233 -0.3014 -0.2383
vn -0.4824 -0.8352 -0.2639
vn -0.2219 -0.9588 -0.1773
vn 0.1747 -0.9832 -0.0536
vn 0.5154 -0.8547 -0.0616
vn 0.609 -0.7911 -0.0574
vn 0.6164 -0.7839 -0.0746
vn 0.242 -0.9444 -0.2226
vn 0.3962 -0.8028 0.4457
vn 0.6787 -0.6319 0.3744
vn 0.7994 0.3609 0.4804
vn 0.4905 0.6168 0.6157
vn -0.3252 0.9299 0.1719
vn -0.3033 0.9357 0.1801
vn 0.9675 -0.2401 0.0795
vn 0.9825 -0.1601 0.0948
vn 0.9883 -0.1115 0.1036
vn -0.8194 -0.5565 -0.1373
vn -0.6885 -0.723 -0.0562
vn -0.5714 -0.8047 -0.161
vn -0.8924 -0.3813 -0.2412
vn -0.7444 -0.6585 0.1102
vn -0.4929 -0.7125 -0.4994
vn 0.6806 -0.544 -0.4907
vn -0.697 0.6459 -0.3114
vn -0.2161 0.9082 -0.3584
vn 0.2346 0.9044 -0.3564
vn 0.5947 0.7484 -0.2937
vn 0.9137 0.3551 -0.1975
vn 0.4159 0.6709 -0.6139
vn -0.4329 -0.8663 0.2493
vn 0.2502 -0.9301 0.2689
vn 0.7701 -0.6301 0.0995
vn 0.9939 0.0371 -0.1042
vn 0.5808 0.6879 -0.4352
vn -0.1911 0.7579 -0.6238
vn -0.005 -0.2502 0.9682
vn 0.032 -0.2519 0.9672
vn -0.9643 0.2315 -0.1282
vn -0.9188 0.3775 -0.1152
vn -0.8157 0.4961 -0.2976
vn -0.9738 0.2181 -0.0649
vn -0.5995 -0.7924 -0.113
vn -0.5959 -0.7463 0.2964
vn -0.1112 -0.9064 0.4075
vn -0.2667 0.9563 0.1195
vn -0.0098 0.9769 0.2137
vn 0.4049 -0.4785 -0.7792
vn -0.9869 0.159 -0.0272
vn -0.8994 0.4155 0.136
vn -0.9312 0.3607 -0.0519
vn -0.9878 0.1511 -0.0384
vn -0.5401 -0.6799 0.4961
vn 0.884 -0.2239 0.4104
vn 0.8303 -0.4671 0.3041
vn 0.7807 -0.5372 0.3193
vn 0.8947 -0.3728 0.2458
vn -0.6665 0.6789 -0.3081
vn -0.1055 -0.2328 -0.9668
vn -0.7026 -0.3189 -0.6361
vn -0.1428 -0.8517 0.5042
vn -0.0138 -0.9758 -0.218
vn -0.0417 -0.9924 0.1158
vn -0.598 -0.779 0.1884
vn 0.7556 -0.6322 -0.1715
vn -0.2485 0.9596 -0.132
vn 0.0974 0.9855 -0.1392
vn 0.2544 0.9549 -0.1528
vn -0.1733 0.9836 0.0499
vn -0.5667 0.8145 0.1244
vn 0.2524 0.9265 0.2792
vn 0.0584 0.9881 0.1421
vn 0.1664 0.9748 -0.1482
vn -0.0244 0.998 0.0589
vn -0.3121 0.9172 -0.2475
vn -0.2007 0.9175 -0.3435
vn -0.4739 0.8138 -0.3364
vn 0.0969 0.9515 -0.292
vn 0.011 -0.6036 0.7972
vn 0.0277 -0.9668 0.2542
vn 0.1693 -0.9484 0.2682
vn -0.0309 -0.8819 0.4703
vn 0.0836 0.9852 -0.1494
vn -0.7964 0.0095 -0.6047
vn -0.8619 0.2559 -0.4378
vn -0.8456 -0.2058 0.4926
vn -0.7557 -0.1287 0.6421
vn 0.1092 -0.5974 0.7945
vn 0.814 -0.1786 0.5528
vn 0.7637 -0.1315 0.632
vn 0.0166 0.0152 -0.9997
vn 0.004 0.5592 -0.829
vn 0.4213 0.8998 -0.1129
vn -0.9977 -0.0671 0.0026
vn -0.9986 0.0508 0.0169
vn 0.3792 -0.4765 0.7932
vn 0.3494 -0.2228 0.9101
vn -0.8629 -0.4817 0.1527
vn -0.7564 -0.4498 0.4748
vn -0.7276 0.4888 0.4813
vn -0.7977 0.6006 0.0541
vn -0.0721 -0.9974 -0.0081
vn -0.1124 -0.9923 0.0514
vn 0.8121 -0.5588 -0.1681
vn 0.6723 -0.5886 -0.4489
vn 0.7909 0.5432 -0.2818
vn 0.7139 0.5251 -0.4633
vn 0.0123 0.988 -0.1539
vn -0.0491 0.9976 0.0479
vn 0.7863 0.3811 0.4864
vn 0.8762 0.4771 0.068
vn 0.1384 0.9755 -0.1709
vn 0.1856 0.9815 0.0463
vn -0.3391 0.4828 0.8074
vn 0.0011 0.9969 0.0788
vn -0.3744 -0.4572 0.8067
vn -0.0576 -0.9952 0.0793
vn 0.3201 -0.5468 -0.7737
vn 0.3412 0.5435 -0.767
vn 0.2907 0.4344 0.8525
vn 0.1111 0.9854 0.1289
vn 0.2172 -0.4846 0.8473
vn -0.0508 -0.9921 0.1151
vn -0.2676 -0.5386 -0.7989
vn -0.1651 0.6192 -0.7677
vn 0.6842 -0.5471 0.4823
vn -0.0351 -0.9981 0.0505
vn -0.7565 -0.4714 -0.4533
vn -0.6372 0.6152 -0.4642
vn 0.7782 -0.6013 0.1814
vn -0.0782 -0.9969 0.0034
vn -0.8814 -0.4346 -0.1848
vn -0.6894 0.6505 -0.3187
vn -0.1152 -0.9092 -0.4001
vn -0.1568 -0.9806 -0.1174
vn -0.7518 -0.5178 0.4082
vn -0.8778 -0.4651 -0.1149
vn 0.8593 0.4256 -0.2836
vn 0.0038 0.9335 -0.3587
vn -0.0617 -0.9981 0.0061
vn 0.7099 -0.6956 0.1099
vn 0.7137 -0.6947 -0.0891
vn -0.779 0.5367 -0.3242
vn -0.8001 -0.5908 -0.1045
vn -0.0829 -0.9965 -0.0061
vn -0.8826 0.4665 -0.0578
vn -0.8077 -0.584 0.0808
vn 0.9443 0.3269 -0.038
vn 0.1486 0.9131 -0.3798
vn 0.6054 -0.7247 -0.3291
vn 0.5239 -0.5951 0.6095
vn -0.6191 -0.5125 0.5951
vn -0.6948 -0.6308 -0.3455
vn 0.5792 0.0836 -0.8109
vn 0.9884 -0.0474 -0.1444
vn 0.4295 -0.2484 -0.8683
vn -0.5946 0.7939 -0.127
vn -0.5555 0.3913 0.7337
vn 0.5874 0.3087 0.7481
vn 0.7055 0.7 -0.1107
vn -0.5406 0.1645 -0.825
vn -0.981 0.0949 -0.1692
vn -0.3908 0.4976 -0.7744
vn 0.672 -0.1582 0.7234
vn -0.7057 -0.0587 0.7061
vn 0.4775 0.4348 -0.7635
vn -0.4388 -0.1856 -0.8792
vn 0.4904 -0.8457 0.2104
vn -0.9115 -0.3323 -0.2424
vn -0.9567 -0.1761 -0.2317
vn 0.1722 -0.9676 0.1846
vn -0.1567 0.9812 -0.1127
vn -0.1441 0.9747 -0.1711
vn 0.5972 0.748 0.2897
vn -0.5973 0.6681 -0.4437
vn -0.6942 0.675 -0.2498
vn 0.6533 0.7429 0.1457
vn 0.8716 0.4314 0.233
vn 0.9468 0.2289 0.2264
vn 0.0467 -0.9713 0.2332
vn 0.9901 0.0487 0.1318
vn -0.991 -0.0244 -0.1319
vn 0.0359 0.9732 -0.2273
vn 0.1994 0.9278 -0.3152
vn 0.9901 -0.1401 0.0076
vn -0.981 0.1922 -0.0261
vn -0.1218 -0.943 0.3097
vn 0.3455 0.761 -0.549
vn 0.8591 -0.3835 -0.3391
vn -0.8271 0.5059 0.2448
vn -0.0962 -0.8798 0.4654
vn 0.0411 0.6021 -0.7974
vn 0.2542 -0.6241 -0.7388
vn -0.213 0.7425 0.6351
vn 0.0431 -0.8609 0.5069
vn -0.3563 0.652 -0.6693
vn -0.4092 -0.6476 -0.6428
vn 0.3995 0.7521 0.5242
vn 0.282 -0.7859 0.5503
vn -0.65 -0.6624 -0.3723
vn 0.5247 -0.7428 0.4159
vn 0.6586 -0.7106 0.2476
vn -0.6982 -0.6948 -0.1729
vn -0.7163 0.6814 -0.1504
vn -0.7079 -0.703 -0.0686
vn 0.675 0.7367 0.0406
vn 0.6988 -0.7012 0.141
vn 0.5731 -0.5907 0.568
vn -0.6389 -0.5708 0.5157
vn 0.8689 0.3397 -0.36
vn -0.8726 0.3459 -0.3448
vn -0.8496 -0.1525 -0.5049
vn -0.587 0.3559 0.7271
vn 0.788 -0.3025 -0.5362
vn 0.6296 0.2593 0.7324
vn -0.8348 -0.4689 -0.2884
vn -0.5758 0.7762 0.2568
vn 0.6728 -0.7117 -0.2021
vn 0.7185 0.6044 0.3442
vn -0.7955 -0.5789 -0.1791
vn -0.5915 0.8055 0.0359
vn 0.5898 -0.807 -0.0307
vn 0.7959 0.5766 0.1846
vn 0.7007 0.114 0.7043
vn -0.6801 0.5444 0.491
vn -0.158 0.9874 0.0047
vn 0.6843 0.0051 0.7292
vn -0.3753 -0.7735 0.5108
vn -0.6018 -0.0277 -0.7981
vn -0.6397 -0.1608 -0.7516
vn -0.7362 -0.047 0.6751
vn -0.6488 -0.2225 -0.7277
vn -0.6102 -0.2215 -0.7606
vn 0.6982 -0.4674 -0.5423
vn 0.2429 -0.9697 -0.0265
vn 0.6104 0.2294 0.7582
vn 0.7002 -0.49 -0.5193
vn 0.3269 -0.9413 -0.0842
vn 0.5892 0.3136 0.7446
vn 0.6963 0.3086 0.648
vn -0.7069 -0.0259 -0.7069
vn -0.3493 0.9329 0.0879
vn 0.3795 0.7554 -0.5342
vn -0.7219 -0.2315 -0.6521
vn 0.4588 0.7149 -0.5277
vn 0.7373 0.0386 -0.6745
vn -0.7022 -0.1994 -0.6835
vn -0.4839 -0.6831 0.547
vn -0.7505 0.0028 0.6608
vn 0.5722 0.0649 0.8176
vn 0.6042 0.1382 0.7847
vn -0.6962 -0.1114 -0.7092
vn -0.719 0.4503 0.5294
vn 0.7016 0.1805 0.6893
vn 0.729 0.0498 -0.6827
vn -0.6996 0.3847 0.6021
vn -0.7875 0.5616 0.2539
vn -0.0507 0.9602 0.2748
vn 0.0837 0.9679 0.2368
vn 0.6912 0.6131 -0.3824
vn 0.8918 0.4525 -0.0048
vn 0.6016 -0.5465 -0.5827
vn 0.7287 -0.5653 -0.3866
vn 0.0176 -0.9887 -0.1491
vn -0.0029 -0.9269 -0.3753
vn 0.7948 -0.6048 -0.05
vn 0.7065 -0.5931 0.3861
vn -0.0167 -0.9925 -0.1211
vn -0.2962 -0.612 0.7333
vn -0.2817 0.3234 0.9034
vn -0.0034 0.9731 0.2304
vn 0.2585 0.665 -0.7006
vn 0.2634 -0.3619 -0.8942
vn 0.223 -0.6363 0.7385
vn -0.0109 -0.9962 -0.0862
vn 0.2668 0.2655 0.9264
vn 0.0698 0.9438 0.323
vn -0.1886 0.7461 -0.6385
vn -0.2326 -0.3862 -0.8926
vn 0.7558 0.3203 0.5711
vn 0.131 0.9607 0.2449
vn -0.66 0.667 -0.3457
vn -0.7243 -0.4015 -0.5605
vn 0.8562 0.425 0.2938
vn 0.0678 0.9738 0.2172
vn -0.809 0.5825 -0.0789
vn -0.7685 -0.4641 -0.4405
vn -0.1201 -0.8175 -0.5633
vn 0.7963 -0.4643 -0.3876
vn 0.7979 0.5462 0.2551
vn 0.0775 0.9687 0.236
vn 0.8047 0.5905 0.0611
vn -0.7084 0.7042 0.0469
vn -0.8406 -0.3344 -0.426
vn 0.0565 0.9729 0.2241
vn -0.9379 -0.3134 -0.149
vn -0.72 0.6563 0.2258
vn 0.8902 -0.4374 -0.1273
vn 0.0265 -0.8131 -0.5815
usemtl FemaleVisitorSit_FemaleVisitor
s 1
f 1/1/1 2/2/2 3/3/3 4/4/4
f 5/5/5 6/6/6 7/7/7 8/8/8
f 1717/9/9 1698/10/10 1697/11/11 1720/12/12
f 1713/13/13 1700/14/14 1699/15/15 1716/16/16
f 1461/17/17 82/18/18 186/19/19 1462/20/20
f 8/8/8 7/7/7 16/21/21 17/22/22
f 18/23/23 23/24/24 8/8/8 17/22/22
f 20/25/25 22/26/26 27/27/27 19/28/28
f 20/25/25 23/24/24 18/23/23 22/26/26
f 32/29/29 1722/30/30 1724/31/31 110/32/32
f 30/33/33 1454/34/34 1452/35/35 28/36/36
f 1453/37/37 25/38/38 26/39/39 1454/34/34
f 1456/40/40 59/41/41 60/42/42 1457/43/43
f 1723/44/44 1695/45/45 1694/46/46 1726/47/47
f 11/48/48 1714/49/49 1715/50/50 10/51/51
f 3/52/3 2/53/2 33/54/52 34/55/53
f 35/56/54 7/57/7 6/58/6 36/59/55
f 26/39/39 14/60/56 74/61/57 24/62/58
f 21/63/59 32/29/29 42/64/60 43/65/61
f 1737/66/62 1738/67/63 37/68/64 38/69/65
f 1739/70/66 1740/71/67 39/72/68 40/73/69
f 1740/71/67 1741/74/70 41/75/71 39/72/68
f 1741/74/70 1737/76/62 38/77/65 41/75/71
f 9/78/72 21/63/59 43/65/61 44/79/73
f 10/51/51 9/78/72 44/79/73 45/80/74
f 11/48/48 10/51/51 45/80/74 46/81/75
f 12/82/76 11/83/48 46/84/75 47/85/77
f 25/38/38 48/86/78 47/85/77 15/87/79
f 47/85/77 46/84/75 16/88/21 15/87/79
f 16/21/21 46/81/75 45/80/74 17/22/22
f 45/80/74 44/79/73 18/23/23 17/22/22
f 44/79/73 43/65/61 22/26/26 18/23/23
f 22/26/26 43/65/61 42/64/60 27/27/27
f 49/89/80 50/90/81 51/91/82 52/92/83
f 53/93/84 49/89/80 52/92/83 54/94/85
f 55/95/86 56/96/87 1/1/1 4/4/4
f 1458/97/88 1456/40/40 57/98/89 63/99/90
f 33/54/52 61/100/91 62/101/92 34/55/53
f 1459/102/93 1453/37/37 29/103/94 75/104/95
f 36/59/55 62/101/92 61/100/91 35/56/54
f 5/5/5 8/8/8 56/96/87 55/95/86
f 23/24/24 20/25/25 49/89/80 53/93/84
f 20/25/25 19/28/28 50/90/81 49/89/80
f 55/95/86 4/4/4 65/105/96 66/106/97
f 4/4/4 3/3/3 67/107/98 65/105/96
f 3/52/3 34/55/53 68/108/99 67/109/98
f 34/55/53 62/101/92 69/110/100 68/108/99
f 62/101/92 36/59/55 70/111/101 69/110/100
f 36/59/55 6/58/6 71/112/102 70/111/101
f 5/5/5 55/95/86 66/106/97 72/113/103
f 6/6/6 5/5/5 72/113/103 71/114/102
f 56/96/87 8/8/8 23/24/24 53/93/84
f 1/1/1 56/96/87 53/93/84 54/94/85
f 54/94/85 73/115/104 2/2/2 1/1/1
f 33/54/52 2/53/2 73/116/104 60/42/42
f 59/41/41 61/100/91 33/54/52 60/42/42
f 35/56/54 61/100/91 59/41/41 64/117/105
f 118/118/106 104/119/107 105/120/108 142/121/109
f 1452/35/35 24/62/58 64/117/105 1458/97/88
f 35/56/54 64/117/105 24/62/58 74/61/57
f 1752/122/110 1742/123/111 76/124/112 1460/125/113
f 15/87/79 14/60/56 26/39/39 25/38/38
f 1461/17/17 1457/43/43 60/42/42 82/18/18
f 1738/67/63 1743/126/114 77/127/115 37/68/64
f 73/115/104 54/94/85 78/128/116 79/129/117
f 54/94/85 52/92/83 80/130/118 78/128/116
f 52/92/83 51/91/82 81/131/119 80/130/118
f 24/62/58 1452/35/35 1454/34/34 26/39/39
f 60/42/42 73/116/104 79/132/117 82/18/18
f 66/106/97 65/105/96 83/133/120 84/134/121
f 65/105/96 67/107/98 85/135/122 83/133/120
f 67/109/98 68/108/99 86/136/123 85/137/122
f 68/108/99 69/110/100 87/138/124 86/136/123
f 69/110/100 70/111/101 88/139/125 87/138/124
f 70/111/101 71/112/102 89/140/126 88/139/125
f 71/114/102 72/113/103 90/141/127 89/142/126
f 72/113/103 66/106/97 84/134/121 90/141/127
f 12/82/76 47/85/77 48/86/78 13/143/128
f 101/144/129 1730/145/130 1732/146/131 102/147/132
f 91/148/133 92/149/134 93/150/135 94/151/136
f 95/152/137 96/153/138 97/154/139 98/155/140
f 102/147/132 1732/146/131 1734/156/141 103/157/142
f 1733/158/143 1690/159/144 1703/160/145 1708/161/146
f 13/143/128 1709/162/147 1711/163/148 12/82/76
f 96/153/138 106/164/149 107/165/150 97/154/139
f 106/164/149 96/153/138 112/166/151 108/167/152
f 19/28/28 27/27/27 111/168/153 109/169/154
f 109/169/154 111/168/153 108/167/152 112/166/151
f 99/170/155 1727/171/156 1730/172/130 101/173/129
f 1443/174/157 1441/175/158 113/176/159 114/177/160
f 1442/178/161 1443/174/157 114/177/160 115/179/162
f 1446/180/163 128/181/164 129/182/165 1445/183/166
f 110/32/32 1724/31/31 1725/184/167 100/185/168
f 93/186/135 116/187/169 117/188/170 94/189/136
f 118/118/106 119/190/171 98/191/140 97/192/139
f 114/177/160 113/176/159 142/121/109 105/120/108
f 102/147/132 103/157/142 120/193/172 121/194/173
f 1459/102/93 75/104/95 31/195/174 1455/196/175
f 104/119/107 118/118/106 97/192/139 107/197/150
f 104/119/107 121/194/173 120/193/172 115/179/162
f 121/194/173 104/119/107 107/197/150 143/198/176
f 106/164/149 144/199/177 143/200/176 107/165/150
f 144/199/177 106/164/149 108/167/152 145/201/178
f 145/201/178 108/167/152 111/168/153 146/202/179
f 27/27/27 42/64/60 146/202/179 111/168/153
f 122/203/180 123/204/181 51/91/82 50/90/81
f 124/205/182 125/206/183 123/204/181 122/203/180
f 126/207/184 92/149/134 91/148/133 127/208/185
f 1447/209/186 63/99/90 57/98/89 1445/183/166
f 117/188/170 116/187/169 130/210/187 131/211/188
f 1442/178/161 1448/212/189 75/104/95 29/103/94
f 119/190/171 118/118/106 131/211/188 130/210/187
f 95/152/137 126/207/184 127/208/185 96/153/138
f 112/166/151 124/205/182 122/203/180 109/169/154
f 109/169/154 122/203/180 50/90/81 19/28/28
f 126/207/184 133/213/190 134/214/191 92/149/134
f 92/149/134 134/214/191 135/215/192 93/150/135
f 93/186/135 135/216/192 136/217/193 116/187/169
f 116/187/169 136/217/193 137/218/194 130/210/187
f 130/210/187 137/218/194 138/219/195 119/190/171
f 119/190/171 138/219/195 139/220/196 98/191/140
f 95/152/137 140/221/197 133/213/190 126/207/184
f 98/155/140 139/222/196 140/221/197 95/152/137
f 127/208/185 124/205/182 112/166/151 96/153/138
f 91/148/133 125/206/183 124/205/182 127/208/185
f 125/206/183 91/148/133 94/151/136 141/223/198
f 117/188/170 128/181/164 141/224/198 94/189/136
f 129/182/165 128/181/164 117/188/170 131/211/188
f 118/118/106 132/225/199 129/182/165 131/211/188
f 30/33/33 28/36/36 1441/175/158 1443/174/157
f 1441/175/158 1447/209/186 132/225/199 113/176/159
f 118/118/106 142/121/109 113/176/159 132/225/199
f 1446/180/163 1451/226/200 156/227/201 128/181/164
f 104/119/107 115/179/162 114/177/160 105/120/108
f 1744/228/202 1745/229/203 147/230/204 148/231/205
f 1745/232/203 1746/233/206 149/234/207 147/235/204
f 1746/233/206 1747/236/208 150/237/209 149/234/207
f 1747/236/208 1748/238/210 151/239/211 150/237/209
f 1748/238/210 1749/240/212 152/241/213 151/239/211
f 141/223/198 153/242/214 154/243/215 125/206/183
f 125/206/183 154/243/215 155/244/216 123/204/181
f 123/204/181 155/244/216 81/131/119 51/91/82
f 1751/245/217 1750/246/218 157/247/219 1449/248/220
f 128/181/164 156/227/201 153/249/214 141/224/198
f 103/157/142 1734/156/141 1707/250/221 1444/251/222
f 1750/246/218 1744/228/202 148/231/205 157/247/219
f 133/213/190 158/252/223 159/253/224 134/214/191
f 134/214/191 159/253/224 160/254/225 135/215/192
f 135/216/192 160/255/225 161/256/226 136/217/193
f 136/217/193 161/256/226 162/257/227 137/218/194
f 137/218/194 162/257/227 163/258/228 138/219/195
f 138/219/195 163/258/228 164/259/229 139/220/196
f 139/222/196 164/260/229 165/261/230 140/221/197
f 140/221/197 165/261/230 158/252/223 133/213/190
f 102/147/132 121/194/173 143/198/176 101/144/129
f 101/173/129 143/200/176 144/199/177 99/170/155
f 99/170/155 144/199/177 145/201/178 100/185/168
f 100/185/168 145/201/178 146/202/179 110/32/32
f 110/32/32 146/202/179 42/64/60 32/29/29
f 1749/240/212 1739/70/66 40/73/69 152/241/213
f 84/134/121 83/133/120 166/262/231 167/263/232
f 83/133/120 85/135/122 168/264/233 166/262/231
f 85/137/122 86/136/123 169/265/234 168/266/233
f 86/136/123 87/138/124 170/267/235 169/265/234
f 87/138/124 88/139/125 171/268/236 170/267/235
f 88/139/125 89/140/126 172/269/237 171/268/236
f 89/142/126 90/141/127 173/270/238 172/271/237
f 90/141/127 84/134/121 167/263/232 173/270/238
f 159/253/224 158/252/223 174/272/239 175/273/240
f 160/254/225 159/253/224 175/273/240 176/274/241
f 161/256/226 160/255/225 176/275/241 177/276/242
f 162/257/227 161/256/226 177/276/242 178/277/243
f 163/258/228 162/257/227 178/277/243 179/278/244
f 164/259/229 163/258/228 179/278/244 180/279/245
f 165/261/230 164/260/229 180/280/245 181/281/246
f 158/252/223 165/261/230 181/281/246 174/272/239
f 79/129/117 78/128/116 182/282/247 183/283/248
f 78/128/116 80/130/118 184/284/249 182/282/247
f 80/130/118 81/131/119 185/285/250 184/284/249
f 1451/226/200 1386/286/251 1387/287/252 1450/288/253
f 82/18/18 79/132/117 183/289/248 186/19/19
f 154/243/215 153/242/214 187/290/254 188/291/255
f 155/244/216 154/243/215 188/291/255 189/292/256
f 81/131/119 155/244/216 189/292/256 185/285/250
f 153/249/214 156/227/201 190/293/257 187/294/254
f 1448/212/189 120/193/172 103/157/142 1444/251/222
f 198/295/258 199/296/259 200/297/260 201/298/261
f 202/299/262 198/295/258 201/298/261 203/300/263
f 204/301/264 202/299/262 203/300/263 205/302/265
f 206/303/266 204/301/264 205/302/265 207/304/267
f 208/305/268 206/303/266 207/304/267 209/306/269
f 210/307/270 208/305/268 209/306/269 211/308/271
f 199/296/259 212/309/272 213/310/273 200/297/260
f 212/309/272 210/311/270 211/312/271 213/310/273
f 1682/313/274 1683/314/275 203/300/263 201/298/261
f 1683/314/275 1684/315/276 205/302/265 203/300/263
f 1684/315/276 1685/316/277 207/304/267 205/302/265
f 1685/316/277 1686/317/278 209/306/269 207/304/267
f 1686/317/278 1687/318/279 211/308/271 209/306/269
f 1687/319/279 1688/320/280 213/310/273 211/312/271
f 1683/314/275 1682/313/274 253/321/281 257/322/282
f 197/323/283 193/324/284 214/325/285 215/326/286
f 193/324/284 192/327/287 216/328/288 214/325/285
f 192/327/287 191/329/289 217/330/290 216/328/288
f 195/331/291 194/332/292 218/333/293 219/334/294
f 194/332/292 196/335/295 220/336/296 218/333/293
f 196/335/295 197/323/283 215/326/286 220/336/296
f 221/337/297 222/338/298 223/339/299 224/340/300
f 222/338/298 225/341/301 226/342/302 223/339/299
f 225/341/301 227/343/303 228/344/304 226/342/302
f 227/343/303 229/345/305 230/346/306 228/344/304
f 229/345/305 231/347/307 232/348/308 230/346/306
f 233/349/309 234/350/310 235/351/311 236/352/312
f 234/350/310 221/337/297 224/340/300 235/351/311
f 248/353/313 247/354/314 238/355/315 239/356/316
f 249/357/317 248/358/313 239/359/316 240/360/318
f 250/361/319 249/357/317 240/360/318 241/362/320
f 251/363/321 250/361/319 241/362/320 242/364/322
f 252/365/323 251/363/321 242/364/322 243/366/324
f 245/367/325 252/365/323 243/366/324 244/368/326
f 246/369/327 245/367/325 244/368/326 237/370/328
f 199/296/259 198/295/258 245/367/325 246/369/327
f 212/309/272 199/296/259 246/369/327 247/354/314
f 210/311/270 212/309/272 247/354/314 248/353/313
f 208/305/268 210/307/270 248/358/313 249/357/317
f 206/303/266 208/305/268 249/357/317 250/361/319
f 204/301/264 206/303/266 250/361/319 251/363/321
f 202/299/262 204/301/264 251/363/321 252/365/323
f 198/295/258 202/299/262 252/365/323 245/367/325
f 253/321/281 254/371/329 255/372/330 256/373/331
f 257/322/282 253/321/281 256/373/331 258/374/332
f 259/375/333 257/322/282 258/374/332 260/376/334
f 261/377/335 259/375/333 260/376/334 262/378/336
f 263/379/337 261/377/335 262/378/336 264/380/338
f 265/381/339 263/379/337 264/380/338 266/382/340
f 267/383/341 265/384/339 266/385/340 268/386/342
f 254/371/329 267/383/341 268/386/342 255/372/330
f 269/387/343 270/388/344 271/389/345 272/390/346
f 273/391/347 271/389/345 270/388/344 274/392/348
f 275/393/349 273/391/347 274/392/348 276/394/350
f 277/395/351 275/393/349 276/394/350 278/396/352
f 279/397/353 277/395/351 278/396/352 280/398/354
f 281/399/355 279/397/353 280/398/354 282/400/356
f 283/401/357 281/399/355 282/400/356 284/402/358
f 272/390/346 283/401/357 284/402/358 269/387/343
f 272/390/346 271/389/345 285/403/359 286/404/360
f 283/401/357 272/390/346 286/404/360 287/405/361
f 286/404/360 285/403/359 288/406/362 289/407/363
f 287/405/361 286/404/360 289/407/363 290/408/364
f 275/393/349 277/395/351 291/409/365 292/410/366
f 277/395/351 279/397/353 293/411/367 291/409/365
f 285/403/359 271/389/345 294/412/368 295/413/369
f 288/406/362 285/403/359 295/413/369 296/414/370
f 271/389/345 273/391/347 297/415/371 294/412/368
f 273/391/347 275/393/349 292/410/366 297/415/371
f 281/399/355 298/416/372 293/411/367 279/397/353
f 298/416/372 299/417/373 300/418/374 301/419/375
f 298/416/372 301/419/375 302/420/376 293/411/367
f 301/419/375 300/418/374 303/421/377 304/422/378
f 304/422/378 303/421/377 305/423/379 306/424/380
f 301/419/375 304/422/378 307/425/381 302/420/376
f 304/422/378 306/424/380 308/426/382 307/425/381
f 300/418/374 299/417/373 309/427/383 310/428/384
f 293/411/367 302/420/376 311/429/385 291/409/365
f 292/410/366 291/409/365 311/429/385 312/430/386
f 303/421/377 300/418/374 310/428/384 313/431/387
f 305/423/379 303/421/377 313/431/387 314/432/388
f 306/424/380 305/423/379 315/433/389 316/434/390
f 305/423/379 314/432/388 318/435/391 315/433/389
f 295/413/369 294/412/368 319/436/392 320/437/393
f 296/414/370 295/413/369 320/437/393 321/438/394
f 294/412/368 297/415/371 322/439/395 319/436/392
f 297/415/371 292/410/366 323/440/396 322/439/395
f 324/441/397 325/442/398 326/443/399 327/444/400
f 328/445/401 326/443/399 329/446/402 330/447/403
f 331/448/404 332/449/405 333/450/406 309/427/383
f 331/448/404 309/427/383 334/451/407 335/452/408
f 330/447/403 336/453/409 337/454/410 328/445/401
f 328/445/401 338/455/411 327/444/400 326/443/399
f 339/456/412 340/457/413 287/405/361 290/408/364
f 341/458/414 339/456/412 290/408/364 342/459/415
f 343/460/416 337/454/410 339/456/412 341/458/414
f 339/456/412 337/454/410 336/453/409 335/452/408
f 334/451/407 340/457/413 339/456/412 335/452/408
f 287/405/361 344/461/417 281/399/355 283/401/357
f 299/417/373 298/416/372 281/399/355 344/461/417
f 340/457/413 334/451/407 344/461/417 287/405/361
f 299/417/373 344/461/417 334/451/407 309/427/383
f 345/462/418 309/427/383 333/450/406 346/463/419
f 310/428/384 347/464/420 348/465/421 313/431/387
f 313/431/387 348/465/421 349/466/422 314/432/388
f 342/459/415 290/408/364 289/407/363 350/467/423
f 350/467/423 289/407/363 288/406/362 351/468/424
f 351/468/424 288/406/362 296/414/370 352/469/425
f 352/469/425 296/414/370 321/438/394 353/470/426
f 325/442/398 324/441/397 354/471/427 355/472/428
f 314/432/388 349/466/422 356/473/429 318/435/391
f 310/428/384 309/427/383 345/462/418 347/464/420
f 355/472/428 346/463/419 333/450/406 325/442/398
f 302/474/376 307/475/381 357/476/430 358/477/431
f 307/475/381 308/478/382 359/479/432 357/476/430
f 360/480/433 317/481/434 361/482/435 362/483/436
f 363/484/437 364/485/438 365/486/439 366/487/440
f 367/488/441 368/489/442 369/490/443 370/491/444
f 371/492/445 363/484/437 366/487/440 372/493/446
f 373/494/447 367/488/441 370/491/444 374/495/448
f 375/496/449 376/497/450 377/498/451 378/499/452
f 376/497/450 373/494/447 374/495/448 377/498/451
f 364/485/438 375/496/449 378/499/452 365/486/439
f 356/473/429 349/466/422 363/484/437 371/492/445
f 349/466/422 348/465/421 364/485/438 363/484/437
f 348/465/421 347/464/420 375/496/449 364/485/438
f 347/464/420 345/462/418 376/497/450 375/496/449
f 345/462/418 346/463/419 373/494/447 376/497/450
f 346/463/419 355/472/428 367/488/441 373/494/447
f 355/472/428 354/471/427 368/489/442 367/488/441
f 338/455/411 328/445/401 337/454/410 343/460/416
f 379/500/453 380/501/454 381/502/455 382/503/456
f 380/501/454 383/504/457 384/505/458 381/502/455
f 382/503/456 381/502/455 218/333/293 220/336/296
f 381/502/455 384/505/458 219/334/294 218/333/293
f 215/326/286 385/506/459 382/503/456 220/336/296
f 386/507/460 385/506/459 215/326/286 214/325/285
f 385/506/459 386/507/460 387/508/461 388/509/462
f 385/506/459 388/509/462 379/500/453 382/503/456
f 389/510/463 390/511/464 391/512/465 392/513/466
f 386/507/460 392/513/466 391/512/465 387/508/461
f 216/328/288 217/330/290 389/510/463 392/513/466
f 214/325/285 216/328/288 392/513/466 386/507/460
f 330/447/403 329/446/402 332/449/405 331/448/404
f 331/448/404 335/452/408 336/453/409 330/447/403
f 393/514/467 394/515/468 395/516/469 396/517/470
f 397/518/471 393/514/467 396/517/470 398/519/472
f 399/520/473 397/518/471 398/519/472 400/521/474
f 401/522/475 399/520/473 400/521/474 402/523/476
f 403/524/477 401/522/475 402/523/476 404/525/478
f 405/526/479 403/524/477 404/525/478 406/527/480
f 407/528/481 405/526/479 406/527/480 408/529/482
f 394/515/468 407/528/481 408/529/482 395/516/469
f 409/530/483 410/531/484 406/532/485 404/533/486
f 410/531/484 411/534/487 408/535/488 406/532/485
f 400/536/489 409/530/483 404/533/486 402/537/490
f 408/535/488 411/534/487 396/538/491 395/539/492
f 400/536/489 398/540/493 410/531/484 409/530/483
f 398/540/493 396/538/491 411/534/487 410/531/484
f 412/541/494 413/542/495 414/543/496 415/544/497
f 416/545/498 417/546/499 418/547/500 419/548/501
f 420/549/502 421/550/503 422/551/504 423/552/505
f 419/548/501 424/553/506 425/554/507 416/545/498
f 426/555/508 420/549/502 423/552/505 427/556/509
f 424/557/506 426/555/508 427/556/509 425/558/507
f 244/559/326 243/560/324 428/561/510 429/562/511
f 237/563/328 244/559/326 429/562/511 430/564/512
f 431/565/513 432/566/514 433/567/515 434/568/516
f 432/569/514 435/570/517 436/571/518 433/572/515
f 238/573/315 237/574/328 437/575/519 438/576/520
f 237/574/328 430/577/512 437/575/519
f 439/578/521 440/579/522 441/580/523 442/581/524
f 443/582/525 439/583/521 442/584/524 444/585/526
f 445/586/527 443/582/525 444/585/526 446/587/528
f 447/588/529 445/586/527 448/589/530 449/590/531
f 450/591/532 447/588/529 451/592/533 452/593/534
f 436/571/518 450/591/532 453/594/535 454/595/536
f 433/572/515 436/571/518 454/595/536 455/596/537
f 434/568/516 433/567/515 455/597/537 456/598/538
f 457/599/539 434/568/516 456/598/538 458/600/540
f 459/601/541 457/599/539 460/602/542 461/603/543
f 462/604/544 459/601/541 463/605/545 464/606/546
f 440/579/522 462/604/544 465/607/547 441/580/523
f 465/607/547 466/608/548 467/609/549 468/610/550
f 466/608/548 464/606/546 469/611/551 467/609/549
f 463/605/545 470/612/552 471/613/553 472/614/554
f 470/612/552 461/603/543 473/615/555 471/613/553
f 460/602/542 474/616/556 475/617/557 476/618/558
f 474/616/556 458/600/540 477/619/559 475/617/557
f 478/620/560 479/621/561 480/622/562 481/623/563
f 482/624/564 483/625/565 484/626/566 485/627/567
f 486/628/568 487/629/569 488/630/570 489/631/571
f 490/632/572 491/633/573 492/634/574 493/635/575
f 490/636/572 493/637/575 494/638/576 495/639/577
f 486/640/568 489/641/571 496/642/578 497/643/579
f 482/644/564 485/645/567 498/646/580 499/647/581
f 481/648/563 480/649/562 500/650/582 501/651/583
f 462/604/544 464/606/546 466/608/548
f 462/604/544 466/608/548 465/607/547
f 459/601/541 461/603/543 470/612/552
f 459/601/541 470/612/552 463/605/545
f 457/599/539 458/600/540 474/616/556
f 457/599/539 474/616/556 460/602/542
f 450/591/532 452/593/534 502/652/584
f 450/591/532 502/652/584 453/594/535
f 447/588/529 449/590/531 503/653/585
f 447/588/529 503/653/585 451/592/533
f 445/586/527 446/587/528 504/654/586
f 445/586/527 504/654/586 448/589/530
f 468/655/550 467/656/549 504/654/586 446/587/528
f 467/656/549 469/657/551 448/589/530 504/654/586
f 472/658/554 471/659/553 503/653/585 449/590/531
f 471/659/553 473/660/555 451/592/533 503/653/585
f 476/661/558 475/662/557 502/652/584 452/593/534
f 475/662/557 477/663/559 453/594/535 502/652/584
f 505/664/587 506/665/588 507/666/589 508/667/590
f 506/665/588 509/668/591 510/669/592 507/666/589
f 509/668/591 511/670/593 512/671/594 510/669/592
f 511/672/593 513/673/595 514/674/596 512/675/594
f 513/673/595 515/676/597 516/677/598 514/674/596
f 515/676/597 505/678/587 508/679/590 516/677/598
f 517/680/599 518/681/600 519/682/601 520/683/602
f 518/681/600 521/684/603 522/685/604 519/682/601
f 521/684/603 523/686/605 524/687/606 522/685/604
f 523/688/605 525/689/607 526/690/608 524/691/606
f 525/689/607 527/692/609 528/693/610 526/690/608
f 527/692/609 517/694/599 520/695/602 528/693/610
f 529/696/611 530/697/612 531/698/613 532/699/614
f 530/697/612 533/700/615 534/701/616 531/698/613
f 533/700/615 535/702/617 536/703/618 534/701/616
f 535/704/617 537/705/619 538/706/620 536/707/618
f 537/705/619 539/708/621 540/709/622 538/706/620
f 539/708/621 529/710/611 532/711/614 540/709/622
f 541/712/623 542/713/624 543/714/625 544/715/626
f 542/713/624 545/716/627 546/717/628 543/714/625
f 547/718/629 541/712/623 544/715/626 548/719/630
f 545/720/627 549/721/631 550/722/632 546/723/628
f 549/721/631 551/724/633 552/725/634 550/722/632
f 551/724/633 547/726/629 548/727/630 552/725/634
f 243/560/324 553/728/635 428/561/510
f 554/729/636 555/730/637 241/731/320 240/732/318
f 421/550/503 418/547/500 417/546/499 422/551/504
f 242/733/322 241/731/320 555/730/637 556/734/638
f 459/601/541 557/735/639 558/736/640 457/599/539
f 239/737/316 559/738/641 560/739/642
f 561/740/643 562/741/644 563/742/645 564/743/646
f 240/732/318 239/737/316 560/739/642 554/729/636
f 242/733/322 556/734/638 565/744/647
f 566/745/648 567/746/649 561/740/643 564/743/646
f 568/747/650 569/748/651 567/746/649 566/745/648
f 558/736/640 431/565/513 434/568/516 457/599/539
f 570/749/652 569/748/651 568/747/650 571/750/653
f 572/751/654 238/573/315 438/576/520
f 243/560/324 242/733/322 565/744/647 573/752/655
f 570/749/652 571/750/653 431/565/513 558/736/640
f 571/750/653 574/753/656 432/566/514 431/565/513
f 574/754/656 563/742/645 435/570/517 432/569/514
f 575/755/657 435/570/517 563/742/645 562/741/644
f 576/756/658 557/735/639 459/601/541 462/604/544
f 577/757/659 576/756/658 462/604/544 440/579/522
f 578/758/660 577/757/659 440/579/522 439/578/521
f 579/759/661 578/760/660 439/583/521 443/582/525
f 580/761/662 579/759/661 443/582/525 445/586/527
f 581/762/663 580/761/662 445/586/527 447/588/529
f 575/755/657 581/762/663 447/588/529 450/591/532
f 243/560/324 573/752/655 553/728/635
f 435/570/517 575/755/657 450/591/532 436/571/518
f 582/763/664 583/764/665 584/765/666 585/766/667
f 586/767/668 582/768/664 585/769/667 587/770/669
f 588/771/670 586/767/668 587/770/669 589/772/671
f 590/773/672 588/771/670 589/772/671 591/774/673
f 592/775/674 590/776/672 591/777/673 593/778/675
f 583/764/665 592/775/674 593/778/675 584/765/666
f 508/667/590 507/666/589 594/779/676 595/780/677
f 516/677/598 508/679/590 595/781/677 596/782/678
f 514/674/596 516/677/598 596/782/678 597/783/679
f 512/675/594 514/674/596 597/783/679 598/784/680
f 510/669/592 512/671/594 598/785/680 599/786/681
f 507/666/589 510/669/592 599/786/681 594/779/676
f 600/787/682 601/788/683 602/789/684 603/790/685
f 604/791/686 600/787/682 603/790/685 605/792/687
f 606/793/688 604/794/686 605/795/687 607/796/689
f 608/797/690 606/793/688 607/796/689 609/798/691
f 610/799/692 608/797/690 609/798/691 611/800/693
f 601/788/683 610/801/692 611/802/693 602/789/684
f 519/682/601 522/685/604 612/803/694 613/804/695
f 520/683/602 519/682/601 613/804/695 614/805/696
f 528/693/610 520/695/602 614/806/696 615/807/697
f 526/690/608 528/693/610 615/807/697 616/808/698
f 524/691/606 526/690/608 616/808/698 617/809/699
f 522/685/604 524/687/606 617/810/699 612/803/694
f 618/811/700 619/812/701 620/813/702 621/814/703
f 622/815/704 618/811/700 621/814/703 623/816/705
f 624/817/706 622/818/704 623/819/705 625/820/707
f 626/821/708 624/817/706 625/820/707 627/822/709
f 628/823/710 626/821/708 627/822/709 629/824/711
f 619/812/701 628/825/710 629/826/711 620/813/702
f 531/698/613 534/701/616 630/827/712 631/828/713
f 532/699/614 531/698/613 631/828/713 632/829/714
f 540/709/622 532/711/614 632/830/714 633/831/715
f 538/706/620 540/709/622 633/831/715 634/832/716
f 536/707/618 538/706/620 634/832/716 635/833/717
f 534/701/616 536/703/618 635/834/717 630/827/712
f 636/835/718 637/836/719 638/837/720 639/838/721
f 640/839/722 636/835/718 639/838/721 641/840/723
f 642/841/724 640/842/722 641/843/723 643/844/725
f 644/845/726 642/841/724 643/844/725 645/846/727
f 646/847/728 644/845/726 645/846/727 647/848/729
f 637/836/719 646/849/728 647/850/729 638/837/720
f 544/715/626 543/714/625 648/851/730 649/852/731
f 548/719/630 544/715/626 649/852/731 650/853/732
f 552/725/634 548/727/630 650/854/732 651/855/733
f 550/722/632 552/725/634 651/855/733 652/856/734
f 546/723/628 550/722/632 652/856/734 653/857/735
f 543/714/625 546/717/628 653/858/735 648/851/730
f 420/549/502 426/555/508 414/543/496 413/542/495
f 426/555/508 424/557/506 415/544/497 414/543/496
f 421/550/503 420/549/502 413/542/495 654/859/736
f 424/553/506 419/548/501 412/541/494 415/544/497
f 419/548/501 418/547/500 655/860/737 412/541/494
f 418/547/500 421/550/503 654/859/736 655/860/737
f 639/838/721 638/837/720 479/621/561 478/620/560
f 638/837/720 647/850/729 480/622/562 479/621/561
f 641/840/723 639/838/721 478/620/560 481/623/563
f 647/848/729 645/846/727 500/650/582 480/649/562
f 645/846/727 643/844/725 501/651/583 500/650/582
f 643/844/725 641/843/723 481/648/563 501/651/583
f 623/816/705 621/814/703 483/625/565 482/624/564
f 621/814/703 620/813/702 484/626/566 483/625/565
f 620/813/702 629/826/711 485/627/567 484/626/566
f 629/824/711 627/822/709 498/646/580 485/645/567
f 627/822/709 625/820/707 499/647/581 498/646/580
f 625/820/707 623/819/705 482/644/564 499/647/581
f 605/792/687 603/790/685 487/629/569 486/628/568
f 603/790/685 602/789/684 488/630/570 487/629/569
f 602/789/684 611/802/693 489/631/571 488/630/570
f 611/800/693 609/798/691 496/642/578 489/641/571
f 609/798/691 607/796/689 497/643/579 496/642/578
f 607/796/689 605/795/687 486/640/568 497/643/579
f 585/766/667 584/765/666 491/633/573 490/632/572
f 584/765/666 593/778/675 492/634/574 491/633/573
f 593/778/675 591/777/673 493/635/575 492/634/574
f 591/774/673 589/772/671 494/638/576 493/637/575
f 589/772/671 587/770/669 495/639/577 494/638/576
f 587/770/669 585/769/667 490/636/572 495/639/577
f 649/852/731 648/851/730 637/836/719 636/835/718
f 650/853/732 649/852/731 636/835/718 640/839/722
f 651/855/733 650/854/732 640/842/722 642/841/724
f 652/856/734 651/855/733 642/841/724 644/845/726
f 653/857/735 652/856/734 644/845/726 646/847/728
f 648/851/730 653/858/735 646/849/728 637/836/719
f 441/580/523 465/607/547 542/713/624 541/712/623
f 465/607/547 468/610/550 545/716/627 542/713/624
f 468/655/550 446/587/528 549/721/631 545/720/627
f 446/587/528 444/585/526 551/724/633 549/721/631
f 444/585/526 442/584/524 547/726/629 551/724/633
f 442/581/524 441/580/523 541/712/623 547/718/629
f 631/828/713 630/827/712 619/812/701 618/811/700
f 632/829/714 631/828/713 618/811/700 622/815/704
f 633/831/715 632/830/714 622/818/704 624/817/706
f 634/832/716 633/831/715 624/817/706 626/821/708
f 635/833/717 634/832/716 626/821/708 628/823/710
f 630/827/712 635/834/717 628/825/710 619/812/701
f 464/606/546 463/605/545 533/700/615 530/697/612
f 463/605/545 472/614/554 535/702/617 533/700/615
f 472/658/554 449/590/531 537/705/619 535/704/617
f 449/590/531 448/589/530 539/708/621 537/705/619
f 448/589/530 469/657/551 529/710/611 539/708/621
f 469/611/551 464/606/546 530/697/612 529/696/611
f 461/603/543 460/602/542 521/684/603 518/681/600
f 460/602/542 476/618/558 523/686/605 521/684/603
f 476/661/558 452/593/534 525/689/607 523/688/605
f 452/593/534 451/592/533 527/692/609 525/689/607
f 451/592/533 473/660/555 517/694/599 527/692/609
f 473/615/555 461/603/543 518/681/600 517/680/599
f 613/804/695 612/803/694 601/788/683 600/787/682
f 614/805/696 613/804/695 600/787/682 604/791/686
f 615/807/697 614/806/696 604/794/686 606/793/688
f 616/808/698 615/807/697 606/793/688 608/797/690
f 617/809/699 616/808/698 608/797/690 610/799/692
f 612/803/694 617/810/699 610/801/692 601/788/683
f 595/780/677 594/779/676 583/764/665 582/763/664
f 596/782/678 595/781/677 582/768/664 586/767/668
f 597/783/679 596/782/678 586/767/668 588/771/670
f 598/784/680 597/783/679 588/771/670 590/773/672
f 599/786/681 598/785/680 590/776/672 592/775/674
f 594/779/676 599/786/681 592/775/674 583/764/665
f 458/600/540 456/598/538 509/668/591 506/665/588
f 456/598/538 455/597/537 511/670/593 509/668/591
f 455/596/537 454/595/536 513/673/595 511/672/593
f 454/595/536 453/594/535 515/676/597 513/673/595
f 453/594/535 477/663/559 505/678/587 515/676/597
f 477/619/559 458/600/540 506/665/588 505/664/587
f 568/747/650 417/546/499 416/545/498 571/750/653
f 422/551/504 417/546/499 568/747/650 566/745/648
f 423/552/505 422/551/504 566/745/648 564/743/646
f 427/556/509 423/552/505 564/743/646 563/742/645
f 425/558/507 427/556/509 563/742/645 574/754/656
f 416/545/498 425/554/507 574/753/656 571/750/653
f 654/859/736 413/542/495 412/541/494 655/860/737
f 565/744/647 556/734/638 569/748/651 570/749/652
f 573/752/655 565/744/647 570/749/652 558/736/640
f 553/728/635 573/752/655 558/736/640 557/735/639
f 428/561/510 553/728/635 557/735/639 576/756/658
f 429/562/511 428/561/510 576/756/658 577/757/659
f 430/564/512 429/562/511 577/757/659 578/758/660
f 437/575/519 430/577/512 578/760/660 579/759/661
f 438/576/520 437/575/519 579/759/661 580/761/662
f 572/751/654 438/576/520 580/761/662 581/762/663
f 559/738/641 572/751/654 581/762/663 575/755/657
f 560/739/642 559/738/641 575/755/657 562/741/644
f 554/729/636 560/739/642 562/741/644 561/740/643
f 567/746/649 555/730/637 554/729/636 561/740/643
f 556/734/638 555/730/637 567/746/649 569/748/651
f 239/737/316 238/573/315 572/751/654 559/738/641
f 366/487/440 365/486/439 656/861/738 657/862/739
f 370/491/444 369/490/443 658/863/740 657/864/739
f 372/493/446 366/487/440 657/862/739 658/865/740
f 374/495/448 370/491/444 657/864/739
f 378/499/452 377/498/451 656/866/738 659/867/741
f 377/498/451 374/495/448 657/864/739 656/866/738
f 365/486/439 378/499/452 659/867/741 656/861/738
f 664/868/742 665/869/743 666/870/744 661/871/745
f 661/871/745 666/870/744 667/872/746 660/873/747
f 660/873/747 667/872/746 217/874/290 191/875/289
f 195/331/291 219/334/294 668/876/748 662/877/749
f 662/877/749 668/876/748 669/878/750 663/879/751
f 663/879/751 669/878/750 665/869/743 664/868/742
f 670/880/752 671/881/753 672/882/754 673/883/755
f 673/883/755 674/884/756 675/885/757 670/880/752
f 674/884/756 676/886/758 677/887/759 675/885/757
f 676/886/758 678/888/760 679/889/761 677/887/759
f 678/888/760 680/890/762 681/891/763 679/889/761
f 680/890/762 682/892/764 683/893/765 681/891/763
f 682/892/764 684/894/766 685/895/767 683/893/765
f 684/894/766 672/882/754 671/881/753 685/895/767
f 686/896/768 687/897/769 688/898/770 689/899/771
f 690/900/772 691/901/773 687/897/769 686/896/768
f 687/897/769 692/902/774 693/903/775 688/898/770
f 691/901/773 694/904/776 692/902/774 687/897/769
f 695/905/777 696/906/778 697/907/779 698/908/780
f 698/908/780 697/907/779 699/909/781 700/910/782
f 688/898/770 701/911/783 702/912/784 689/899/771
f 693/903/775 703/913/785 701/911/783 688/898/770
f 689/899/771 702/912/784 704/914/786 705/915/787
f 705/915/787 704/914/786 696/906/778 695/905/777
f 706/916/788 700/910/782 699/909/781 707/917/789
f 707/917/789 708/918/790 709/919/791 710/920/792
f 707/917/789 699/909/781 711/921/793 708/918/790
f 708/918/790 712/922/794 713/923/795 709/919/791
f 712/922/794 714/924/796 715/925/797 713/923/795
f 708/918/790 711/921/793 716/926/798 712/922/794
f 712/922/794 716/926/798 361/927/435 714/924/796
f 709/919/791 717/928/799 718/929/800 710/920/792
f 699/909/781 697/907/779 719/930/801 711/921/793
f 696/906/778 720/931/802 719/930/801 697/907/779
f 713/923/795 721/932/803 717/928/799 709/919/791
f 715/925/797 722/933/804 721/932/803 713/923/795
f 714/924/796 316/434/390 315/433/389 715/925/797
f 715/925/797 315/433/389 318/435/391 722/933/804
f 701/911/783 723/934/805 724/935/806 702/912/784
f 703/913/785 725/936/807 723/934/805 701/911/783
f 702/912/784 724/935/806 726/937/808 704/914/786
f 704/914/786 726/937/808 727/938/809 696/906/778
f 324/441/397 327/444/400 728/939/810 729/940/811
f 730/941/812 731/942/813 732/943/814 728/939/810
f 733/944/815 718/929/800 734/945/816 735/946/817
f 733/944/815 736/947/818 737/948/819 718/929/800
f 731/942/813 730/941/812 738/949/820 739/950/821
f 730/941/812 728/939/810 327/444/400 338/455/411
f 740/951/822 694/904/776 691/901/773 741/952/823
f 341/458/414 342/459/415 694/904/776 740/951/822
f 343/460/416 341/458/414 740/951/822 738/949/820
f 740/951/822 736/947/818 739/950/821 738/949/820
f 737/948/819 736/947/818 740/951/822 741/952/823
f 691/901/773 690/900/772 706/916/788 742/953/824
f 710/920/792 742/953/824 706/916/788 707/917/789
f 741/952/823 691/901/773 742/953/824 737/948/819
f 710/920/792 718/929/800 737/948/819 742/953/824
f 743/954/825 744/955/826 734/945/816 718/929/800
f 717/928/799 721/932/803 745/956/827 746/957/828
f 721/932/803 722/933/804 747/958/829 745/956/827
f 342/459/415 350/467/423 692/902/774 694/904/776
f 350/467/423 351/468/424 693/903/775 692/902/774
f 351/468/424 352/469/425 703/913/785 693/903/775
f 352/469/425 353/470/426 725/936/807 703/913/785
f 729/940/811 748/959/830 354/471/427 324/441/397
f 722/933/804 318/435/391 356/473/429 747/958/829
f 717/928/799 746/957/828 743/954/825 718/929/800
f 748/959/830 729/940/811 734/945/816 744/955/826
f 711/960/793 749/961/831 750/962/832 716/963/798
f 716/963/798 750/962/832 362/483/436 361/482/435
f 751/964/833 752/965/834 753/966/835 754/967/836
f 755/968/837 756/969/838 369/490/443 368/489/442
f 371/492/445 372/493/446 752/965/834 751/964/833
f 757/970/839 758/971/840 756/969/838 755/968/837
f 759/972/841 760/973/842 761/974/843 762/975/844
f 762/975/844 761/974/843 758/971/840 757/970/839
f 754/967/836 753/966/835 760/973/842 759/972/841
f 356/473/429 371/492/445 751/964/833 747/958/829
f 747/958/829 751/964/833 754/967/836 745/956/827
f 745/956/827 754/967/836 759/972/841 746/957/828
f 746/957/828 759/972/841 762/975/844 743/954/825
f 743/954/825 762/975/844 757/970/839 744/955/826
f 744/955/826 757/970/839 755/968/837 748/959/830
f 748/959/830 755/968/837 368/489/442 354/471/427
f 338/455/411 343/460/416 738/949/820 730/941/812
f 763/976/845 764/977/846 765/978/847 766/979/848
f 383/504/457 763/976/845 766/979/848 384/505/458
f 765/978/847 669/878/750 668/876/748 766/979/848
f 766/979/848 668/876/748 219/334/294 384/505/458
f 665/869/743 669/878/750 765/978/847 767/980/849
f 768/981/850 666/870/744 665/869/743 767/980/849
f 767/980/849 769/982/851 770/983/852 768/981/850
f 767/980/849 765/978/847 764/977/846 769/982/851
f 389/984/463 771/985/853 772/986/854 390/987/464
f 768/981/850 770/983/852 772/986/854 771/985/853
f 667/872/746 771/985/853 389/984/463 217/874/290
f 666/870/744 768/981/850 771/985/853 667/872/746
f 731/942/813 733/944/815 735/946/817 732/943/814
f 733/944/815 731/942/813 739/950/821 736/947/818
f 670/880/752 773/988/855 774/989/856 671/881/753
f 675/885/757 775/990/857 773/988/855 670/880/752
f 677/887/759 776/991/858 775/990/857 675/885/757
f 679/889/761 777/992/859 776/991/858 677/887/759
f 681/891/763 778/993/860 777/992/859 679/889/761
f 683/893/765 779/994/861 778/993/860 681/891/763
f 685/895/767 780/995/862 779/994/861 683/893/765
f 671/881/753 774/989/856 780/995/862 685/895/767
f 781/996/863 778/997/864 779/998/865 782/999/866
f 782/999/866 779/998/865 780/1000/867 783/1001/868
f 776/1002/869 777/1003/870 778/997/864 781/996/863
f 780/1000/867 774/1004/871 773/1005/872 783/1001/868
f 776/1002/869 781/996/863 782/999/866 775/1006/873
f 775/1006/873 782/999/866 783/1001/868 773/1005/872
f 752/965/834 784/1007/874 785/1008/875 753/966/835
f 756/969/838 784/1009/874 658/863/740 369/490/443
f 372/493/446 658/865/740 784/1007/874 752/965/834
f 758/971/840 784/1009/874 756/969/838
f 760/973/842 786/1010/876 785/1011/875 761/974/843
f 761/974/843 785/1011/875 784/1009/874 758/971/840
f 753/966/835 785/1008/875 786/1010/876 760/973/842
f 326/443/399 325/442/398 787/1012/877 788/1013/878
f 329/446/402 326/443/399 788/1013/878 789/1014/879
f 333/450/406 332/449/405 790/1015/880 791/1016/881
f 325/442/398 333/450/406 791/1016/881 787/1012/877
f 332/449/405 329/446/402 789/1014/879 790/1015/880
f 729/940/811 728/939/810 792/1017/882 793/1018/883
f 728/939/810 732/943/814 794/1019/884 792/1017/882
f 735/946/817 734/945/816 795/1020/885 796/1021/886
f 734/945/816 729/940/811 793/1018/883 795/1020/885
f 732/943/814 735/946/817 796/1021/886 794/1019/884
f 789/1022/879 788/1023/878 787/1024/877 791/1025/881
f 792/1026/882 794/1027/884 795/1028/885 793/1029/883
f 794/1027/884 796/1030/886 795/1028/885
f 790/1031/880 789/1022/879 791/1025/881
f 233/1032/309 236/1033/312 232/348/308 231/347/307
f 797/1034/887 798/1035/888 799/1036/889 800/1037/890
f 801/1038/891 802/1039/892 798/1035/888 797/1034/887
f 803/1040/893 804/1041/894 802/1039/892 801/1038/891
f 805/1042/895 806/1043/896 804/1041/894 803/1040/893
f 807/1044/897 808/1045/898 806/1043/896 805/1042/895
f 809/1046/899 810/1047/900 808/1045/898 807/1044/897
f 811/1048/901 812/1049/902 810/1050/900 809/1051/899
f 800/1037/890 799/1036/889 812/1049/902 811/1048/901
f 813/1052/903 814/1053/904 815/1054/905 816/1055/906
f 816/1055/906 815/1054/905 817/1056/907 818/1057/908
f 818/1057/908 817/1056/907 819/1058/909 820/1059/910
f 820/1059/910 819/1058/909 821/1060/911 822/1061/912
f 822/1061/912 821/1060/911 823/1062/913 824/1063/914
f 825/1064/915 826/1065/916 827/1066/917 828/1067/918
f 828/1067/918 827/1066/917 814/1053/904 813/1052/903
f 829/1068/919 830/1069/920 831/1070/921 832/1071/922
f 830/1069/920 829/1068/919 833/1072/923 834/1073/924
f 834/1074/924 833/1075/923 835/1076/925 836/1077/926
f 836/1077/926 835/1076/925 837/1078/927 838/1079/928
f 838/1079/928 837/1078/927 839/1080/929 840/1081/930
f 840/1081/930 839/1080/929 841/1082/931 842/1083/932
f 842/1083/932 841/1082/931 843/1084/933 844/1085/934
f 844/1085/934 843/1084/933 832/1071/922 831/1070/921
f 800/1037/890 845/1086/935 846/1087/936 797/1034/887
f 811/1048/901 847/1088/937 845/1086/935 800/1037/890
f 809/1051/899 848/1089/938 847/1088/937 811/1048/901
f 807/1044/897 849/1090/939 848/1091/938 809/1046/899
f 805/1042/895 850/1092/940 849/1090/939 807/1044/897
f 803/1040/893 851/1093/941 850/1092/940 805/1042/895
f 801/1038/891 852/1094/942 851/1093/941 803/1040/893
f 797/1034/887 846/1087/936 852/1094/942 801/1038/891
f 798/1035/888 1677/1095/943 1679/1096/944 799/1036/889
f 1673/1097/945 1672/1098/946 1670/1099/947 1675/1100/948
f 1671/1101/949 1674/1102/950 1672/1098/946 1673/1097/945
f 1669/1103/951 1676/1104/952 1674/1102/950 1671/1101/949
f 1667/1105/953 1678/1106/954 1676/1104/952 1669/1103/951
f 1666/1107/955 1680/1108/956 1678/1109/954 1667/1110/953
f 1679/1096/944 1665/1111/957 1680/1108/956 1666/1107/955
f 853/1112/958 854/1113/959 1665/1111/957 1668/1114/960
f 861/1115/961 862/1116/962 863/1117/963 864/1118/964
f 867/1119/965 970/1120/966 973/1121/967 868/1122/968
f 865/1123/969 978/1124/970 979/1125/971 869/1126/972
f 870/1127/973 971/1128/974 970/1120/966 867/1119/965
f 869/1129/972 979/1130/971 971/1128/974 870/1127/973
f 868/1122/968 973/1121/967 975/1131/975 866/1132/976
f 831/1133/921 983/1134/977 982/1135/978 844/1136/934
f 830/1137/920 985/1138/979 984/1139/980 831/1140/921
f 871/1141/981 872/1142/982 873/1143/983 874/1144/984
f 874/1145/984 873/1146/983 875/1147/985 876/1148/986
f 831/1140/921 984/1139/980 983/1149/977
f 842/1150/932 981/1151/987 968/1152/988
f 877/1153/989 878/1154/990 879/1155/991 880/1156/992
f 881/1157/993 882/1158/994 878/1159/990 877/1160/989
f 883/1161/995 884/1162/996 882/1158/994 881/1157/993
f 885/1163/997 886/1164/998 887/1165/999 883/1161/995
f 888/1166/1000 889/1167/1001 890/1168/1002 885/1163/997
f 875/1147/985 891/1169/1003 892/1170/1004 888/1166/1000
f 873/1146/983 893/1171/1005 891/1169/1003 875/1147/985
f 872/1142/982 894/1172/1006 893/1173/1005 873/1143/983
f 895/1174/1007 896/1175/1008 894/1172/1006 872/1142/982
f 897/1176/1009 898/1177/1010 899/1178/1011 895/1174/1007
f 900/1179/1012 901/1180/1013 902/1181/1014 897/1176/1009
f 880/1156/992 879/1155/991 903/1182/1015 900/1179/1012
f 903/1182/1015 904/1183/1016 905/1184/1017 906/1185/1018
f 906/1185/1018 905/1184/1017 907/1186/1019 901/1180/1013
f 902/1181/1014 908/1187/1020 909/1188/1021 910/1189/1022
f 910/1189/1022 909/1188/1021 911/1190/1023 898/1177/1010
f 899/1178/1011 912/1191/1024 913/1192/1025 914/1193/1026
f 914/1193/1026 913/1192/1025 915/1194/1027 896/1175/1008
f 916/1195/1028 917/1196/1029 918/1197/1030 919/1198/1031
f 920/1199/1032 921/1200/1033 922/1201/1034 923/1202/1035
f 924/1203/1036 925/1204/1037 926/1205/1038 927/1206/1039
f 928/1207/1040 929/1208/1041 930/1209/1042 931/1210/1043
f 928/1211/1040 932/1212/1044 933/1213/1045 929/1214/1041
f 924/1215/1036 934/1216/1046 935/1217/1047 925/1218/1037
f 920/1219/1032 936/1220/1048 937/1221/1049 921/1222/1033
f 917/1223/1029 938/1224/1050 939/1225/1051 918/1226/1030
f 900/1179/1012 906/1185/1018 901/1180/1013
f 900/1179/1012 903/1182/1015 906/1185/1018
f 897/1176/1009 910/1189/1022 898/1177/1010
f 897/1176/1009 902/1181/1014 910/1189/1022
f 895/1174/1007 914/1193/1026 896/1175/1008
f 895/1174/1007 899/1178/1011 914/1193/1026
f 888/1166/1000 940/1227/1052 889/1167/1001
f 888/1166/1000 892/1170/1004 940/1227/1052
f 885/1163/997 941/1228/1053 886/1164/998
f 885/1163/997 890/1168/1002 941/1228/1053
f 883/1161/995 942/1229/1054 884/1162/996
f 883/1161/995 887/1165/999 942/1229/1054
f 904/1230/1016 884/1162/996 942/1229/1054 905/1231/1017
f 905/1231/1017 942/1229/1054 887/1165/999 907/1232/1019
f 908/1233/1020 886/1164/998 941/1228/1053 909/1234/1021
f 909/1234/1021 941/1228/1053 890/1168/1002 911/1235/1023
f 912/1236/1024 889/1167/1001 940/1227/1052 913/1237/1025
f 913/1237/1025 940/1227/1052 892/1170/1004 915/1238/1027
f 896/1175/1008 944/1239/1055 945/1240/1056 894/1172/1006
f 894/1172/1006 945/1240/1056 946/1241/1057 893/1173/1005
f 893/1171/1005 946/1242/1057 947/1243/1058 891/1169/1003
f 891/1169/1003 947/1243/1058 948/1244/1059 892/1170/1004
f 892/1170/1004 948/1244/1059 943/1245/1060 915/1238/1027
f 911/1190/1023 949/1246/1061 950/1247/1062 898/1177/1010
f 898/1177/1010 950/1247/1062 951/1248/1063 899/1178/1011
f 899/1178/1011 951/1248/1063 952/1249/1064 912/1191/1024
f 912/1236/1024 952/1250/1064 953/1251/1065 889/1167/1001
f 889/1167/1001 953/1251/1065 954/1252/1066 890/1168/1002
f 890/1168/1002 954/1252/1066 949/1253/1061 911/1235/1023
f 907/1186/1019 955/1254/1067 956/1255/1068 901/1180/1013
f 901/1180/1013 956/1255/1068 957/1256/1069 902/1181/1014
f 902/1181/1014 957/1256/1069 958/1257/1070 908/1187/1020
f 908/1233/1020 958/1258/1070 959/1259/1071 886/1164/998
f 886/1164/998 959/1259/1071 960/1260/1072 887/1165/999
f 887/1165/999 960/1260/1072 955/1261/1067 907/1232/1019
f 943/1262/1060 987/1263/1073 990/1264/1074 944/1239/1055
f 903/1182/1015 962/1265/1075 963/1266/1076 904/1183/1016
f 878/1154/990 964/1267/1077 961/1268/1078 879/1155/991
f 904/1230/1016 963/1269/1076 965/1270/1079 884/1162/996
f 884/1162/996 965/1270/1079 966/1271/1080 882/1158/994
f 882/1158/994 966/1271/1080 964/1272/1077 878/1159/990
f 1029/1273/1081 1023/1274/1082 1024/1275/1083 1030/1276/1084
f 974/1277/1085 969/1278/1086 836/1279/926 838/1280/928
f 840/1281/930 976/1282/1087 974/1277/1085 838/1280/928
f 844/1136/934 982/1135/978 981/1151/987 842/1150/932
f 834/1283/924 972/1284/1088 980/1285/1089
f 897/1176/1009 895/1174/1007 967/1286/1090 968/1152/988
f 836/1279/926 969/1278/1086 972/1284/1088 834/1283/924
f 969/1278/1086 970/1120/966 971/1128/974 972/1284/1088
f 840/1281/930 977/1287/1091 976/1282/1087
f 830/1137/920 986/1288/1092 985/1138/979
f 973/1121/967 970/1120/966 969/1278/1086 974/1277/1085
f 975/1131/975 973/1121/967 974/1277/1085 976/1282/1087
f 967/1286/1090 895/1174/1007 872/1142/982 871/1141/981
f 977/1287/1091 978/1124/970 975/1131/975 976/1282/1087
f 842/1150/932 967/1286/1090 977/1287/1091 840/1281/930
f 842/1150/932 968/1152/988 967/1286/1090
f 977/1287/1091 967/1286/1090 871/1141/981 978/1124/970
f 978/1124/970 871/1141/981 874/1144/984 979/1125/971
f 979/1130/971 874/1145/984 876/1148/986 971/1128/974
f 980/1285/1089 972/1284/1088 971/1128/974 876/1148/986
f 981/1151/987 900/1179/1012 897/1176/1009 968/1152/988
f 982/1135/978 880/1156/992 900/1179/1012 981/1151/987
f 983/1134/977 877/1153/989 880/1156/992 982/1135/978
f 984/1139/980 881/1157/993 877/1160/989 983/1149/977
f 985/1138/979 883/1161/995 881/1157/993 984/1139/980
f 986/1288/1092 885/1163/997 883/1161/995 985/1138/979
f 980/1285/1089 888/1166/1000 885/1163/997 986/1288/1092
f 834/1283/924 980/1285/1089 986/1288/1092 830/1137/920
f 876/1148/986 875/1147/985 888/1166/1000 980/1285/1089
f 987/1263/1073 988/1289/1093 989/1290/1094 990/1264/1074
f 991/1291/1095 992/1292/1096 988/1293/1093 987/1294/1073
f 993/1295/1097 994/1296/1098 992/1292/1096 991/1291/1095
f 995/1297/1099 996/1298/1100 994/1296/1098 993/1295/1097
f 997/1299/1101 998/1300/1102 996/1301/1100 995/1302/1099
f 990/1264/1074 989/1290/1094 998/1300/1102 997/1299/1101
f 948/1244/1059 991/1291/1095 987/1294/1073 943/1245/1060
f 947/1243/1058 993/1295/1097 991/1291/1095 948/1244/1059
f 946/1242/1057 995/1297/1099 993/1295/1097 947/1243/1058
f 945/1240/1056 997/1299/1101 995/1302/1099 946/1241/1057
f 944/1239/1055 990/1264/1074 997/1299/1101 945/1240/1056
f 950/1247/1062 999/1303/1103 1002/1304/1104 951/1248/1063
f 999/1303/1103 1000/1305/1105 1001/1306/1106 1002/1304/1104
f 1003/1307/1107 1004/1308/1108 1000/1305/1105 999/1303/1103
f 1005/1309/1109 1006/1310/1110 1004/1311/1108 1003/1312/1107
f 1007/1313/1111 1008/1314/1112 1006/1310/1110 1005/1309/1109
f 1009/1315/1113 1010/1316/1114 1008/1314/1112 1007/1313/1111
f 1002/1304/1104 1001/1306/1106 1010/1317/1114 1009/1318/1113
f 949/1246/1061 1003/1307/1107 999/1303/1103 950/1247/1062
f 954/1252/1066 1005/1309/1109 1003/1312/1107 949/1253/1061
f 953/1251/1065 1007/1313/1111 1005/1309/1109 954/1252/1066
f 952/1250/1064 1009/1315/1113 1007/1313/1111 953/1251/1065
f 951/1248/1063 1002/1304/1104 1009/1318/1113 952/1249/1064
f 956/1255/1068 1011/1319/1115 1014/1320/1116 957/1256/1069
f 1011/1319/1115 1012/1321/1117 1013/1322/1118 1014/1320/1116
f 1015/1323/1119 1016/1324/1120 1012/1321/1117 1011/1319/1115
f 1017/1325/1121 1018/1326/1122 1016/1327/1120 1015/1328/1119
f 1019/1329/1123 1020/1330/1124 1018/1326/1122 1017/1325/1121
f 1021/1331/1125 1022/1332/1126 1020/1330/1124 1019/1329/1123
f 1014/1320/1116 1013/1322/1118 1022/1333/1126 1021/1334/1125
f 955/1254/1067 1015/1323/1119 1011/1319/1115 956/1255/1068
f 960/1260/1072 1017/1325/1121 1015/1328/1119 955/1261/1067
f 959/1259/1071 1019/1329/1123 1017/1325/1121 960/1260/1072
f 958/1258/1070 1021/1331/1125 1019/1329/1123 959/1259/1071
f 957/1256/1069 1014/1320/1116 1021/1334/1125 958/1257/1070
f 1031/1335/1127 1025/1336/1128 1023/1274/1082 1029/1273/1081
f 1032/1337/1129 1026/1338/1130 1025/1339/1128 1031/1340/1127
f 1033/1341/1131 1027/1342/1132 1026/1338/1130 1032/1337/1129
f 1034/1343/1133 1028/1344/1134 1027/1342/1132 1033/1341/1131
f 1030/1276/1084 1024/1275/1083 1028/1345/1134 1034/1346/1133
f 915/1194/1027 943/1262/1060 944/1239/1055 896/1175/1008
f 961/1268/1078 1029/1273/1081 1030/1276/1084 962/1265/1075
f 964/1267/1077 1031/1335/1127 1029/1273/1081 961/1268/1078
f 966/1271/1080 1032/1337/1129 1031/1340/1127 964/1272/1077
f 965/1270/1079 1033/1341/1131 1032/1337/1129 966/1271/1080
f 963/1269/1076 1034/1343/1133 1033/1341/1131 965/1270/1079
f 962/1265/1075 1030/1276/1084 1034/1346/1133 963/1266/1076
f 867/1119/965 864/1118/964 863/1117/963 870/1127/973
f 870/1127/973 863/1117/963 862/1116/962 869/1129/972
f 868/1122/968 1035/1347/1135 864/1118/964 867/1119/965
f 869/1126/972 862/1116/962 861/1115/961 865/1123/969
f 865/1123/969 861/1115/961 1036/1348/1136 866/1132/976
f 866/1132/976 1036/1348/1136 1035/1347/1135 868/1122/968
f 1023/1274/1082 916/1195/1028 919/1198/1031 1024/1275/1083
f 1024/1275/1083 919/1198/1031 918/1197/1030 1028/1345/1134
f 1025/1336/1128 917/1196/1029 916/1195/1028 1023/1274/1082
f 1028/1344/1134 918/1226/1030 939/1225/1051 1027/1342/1132
f 1027/1342/1132 939/1225/1051 938/1224/1050 1026/1338/1130
f 1026/1338/1130 938/1224/1050 917/1223/1029 1025/1339/1128
f 1016/1324/1120 920/1199/1032 923/1202/1035 1012/1321/1117
f 1012/1321/1117 923/1202/1035 922/1201/1034 1013/1322/1118
f 1013/1322/1118 922/1201/1034 921/1200/1033 1022/1333/1126
f 1022/1332/1126 921/1222/1033 937/1221/1049 1020/1330/1124
f 1020/1330/1124 937/1221/1049 936/1220/1048 1018/1326/1122
f 1018/1326/1122 936/1220/1048 920/1219/1032 1016/1327/1120
f 1004/1308/1108 924/1203/1036 927/1206/1039 1000/1305/1105
f 1000/1305/1105 927/1206/1039 926/1205/1038 1001/1306/1106
f 1001/1306/1106 926/1205/1038 925/1204/1037 1010/1317/1114
f 1010/1316/1114 925/1218/1037 935/1217/1047 1008/1314/1112
f 1008/1314/1112 935/1217/1047 934/1216/1046 1006/1310/1110
f 1006/1310/1110 934/1216/1046 924/1215/1036 1004/1311/1108
f 988/1289/1093 928/1207/1040 931/1210/1043 989/1290/1094
f 989/1290/1094 931/1210/1043 930/1209/1042 998/1300/1102
f 998/1300/1102 930/1209/1042 929/1208/1041 996/1301/1100
f 996/1298/1100 929/1214/1041 933/1213/1045 994/1296/1098
f 994/1296/1098 933/1213/1045 932/1212/1044 992/1292/1096
f 992/1292/1096 932/1212/1044 928/1211/1040 988/1293/1093
f 1035/1347/1135 1036/1348/1136 861/1115/961 864/1118/964
f 845/1086/935 847/1088/937 829/1068/919 832/1071/922
f 843/1084/933 846/1087/936 845/1086/935 832/1071/922
f 841/1082/931 852/1094/942 846/1087/936 843/1084/933
f 839/1080/929 851/1093/941 852/1094/942 841/1082/931
f 837/1078/927 850/1092/940 851/1093/941 839/1080/929
f 835/1076/925 849/1090/939 850/1092/940 837/1078/927
f 833/1075/923 848/1091/938 849/1090/939 835/1076/925
f 829/1068/919 847/1088/937 848/1089/938 833/1072/923
f 814/1053/904 1037/1349/1137 1038/1350/1138 815/1054/905
f 815/1054/905 1038/1350/1138 1039/1351/1139 817/1056/907
f 817/1056/907 1039/1351/1139 1040/1352/1140 819/1058/909
f 819/1058/909 1040/1352/1140 1041/1353/1141 821/1060/911
f 821/1060/911 1041/1353/1141 1042/1354/1142 823/1062/913
f 823/1062/913 1042/1354/1142 1043/1355/1143 826/1356/916
f 826/1065/916 1043/1357/1143 1044/1358/1144 827/1066/917
f 827/1066/917 1044/1358/1144 1037/1349/1137 814/1053/904
f 825/1359/915 824/1063/914 823/1062/913 826/1356/916
f 1045/1360/1145 1046/1361/1146 1047/1362/1147 1048/1363/1148
f 1046/1361/1146 1049/1364/1149 1050/1365/1150 1047/1362/1147
f 1051/1366/1151 1046/1361/1146 1045/1360/1145 1052/1367/1152
f 1053/1368/1153 1049/1364/1149 1046/1361/1146 1051/1366/1151
f 1054/1369/1154 1055/1370/1155 1056/1371/1156 1057/1372/1157
f 1055/1370/1155 1058/1373/1158 1059/1374/1159 1056/1371/1156
f 1060/1375/1160 1061/1376/1161 1062/1377/1162 1063/1378/1163
f 1061/1376/1161 1054/1369/1154 1057/1372/1157 1062/1377/1162
f 1058/1373/1158 1064/1379/1164 1065/1380/1165 1059/1374/1159
f 1064/1379/1164 1066/1381/1166 1067/1382/1167 1065/1380/1165
f 1068/1383/1168 1060/1384/1160 1063/1385/1163 1069/1386/1169
f 1066/1381/1166 1068/1383/1168 1069/1386/1169 1067/1382/1167
f 1056/1371/1156 1094/1387/1170 1096/1388/1171 1057/1372/1157
f 1057/1372/1157 1096/1388/1171 1097/1389/1172 1062/1377/1162
f 1062/1377/1162 1097/1389/1172 1098/1390/1173 1063/1378/1163
f 1063/1385/1163 1098/1391/1173 1099/1392/1174 1069/1386/1169
f 1069/1386/1169 1099/1392/1174 1100/1393/1175 1067/1382/1167
f 1067/1382/1167 1100/1393/1175 1101/1394/1176 1065/1380/1165
f 1065/1380/1165 1101/1394/1176 1095/1395/1177 1059/1374/1159
f 1078/1396/1178 1079/1397/1179 1080/1398/1180 1081/1399/1181
f 1082/1400/1182 1078/1396/1178 1081/1399/1181 1083/1401/1183
f 1084/1402/1184 1082/1400/1182 1083/1401/1183 1085/1403/1185
f 1086/1404/1186 1084/1402/1184 1085/1403/1185 1087/1405/1187
f 1088/1406/1188 1086/1407/1186 1087/1408/1187 1089/1409/1189
f 1090/1410/1190 1088/1406/1188 1089/1409/1189 1091/1411/1191
f 1092/1412/1192 1090/1410/1190 1091/1411/1191 1093/1413/1193
f 1079/1397/1179 1092/1412/1192 1093/1413/1193 1080/1398/1180
f 1080/1398/1180 1093/1413/1193 1064/1379/1164 1058/1373/1158
f 1093/1413/1193 1091/1411/1191 1066/1381/1166 1064/1379/1164
f 1091/1411/1191 1089/1409/1189 1068/1383/1168 1066/1381/1166
f 1089/1409/1189 1087/1408/1187 1060/1384/1160 1068/1383/1168
f 1087/1405/1187 1085/1403/1185 1061/1376/1161 1060/1375/1160
f 1085/1403/1185 1083/1401/1183 1054/1369/1154 1061/1376/1161
f 1083/1401/1183 1081/1399/1181 1055/1370/1155 1054/1369/1154
f 1081/1399/1181 1080/1398/1180 1058/1373/1158 1055/1370/1155
f 1094/1387/1170 1164/1414/1194 1162/1415/1195 1096/1388/1171
f 1096/1388/1171 1162/1415/1195 1160/1416/1196 1097/1389/1172
f 1097/1389/1172 1160/1416/1196 1153/1417/1197 1098/1390/1173
f 1098/1391/1173 1153/1418/1197 1136/1419/1198 1099/1392/1174
f 1099/1392/1174 1136/1419/1198 1134/1420/1199 1100/1393/1175
f 1100/1393/1175 1134/1420/1199 1132/1421/1200 1101/1394/1176
f 1101/1394/1176 1132/1421/1200 1166/1422/1201 1095/1395/1177
f 1130/1423/1202 1129/1424/1203 1117/1425/1204 1118/1426/1205
f 1102/1427/1206 1103/1428/1207 1048/1429/1148 1047/1430/1147
f 1103/1428/1207 1104/1431/1208 1045/1432/1145 1048/1429/1148
f 1105/1433/1209 1106/1434/1210 1050/1435/1150 1049/1436/1149
f 1106/1434/1210 1102/1437/1206 1047/1438/1147 1050/1435/1150
f 1107/1439/1211 1108/1440/1212 1109/1441/1213 1110/1442/1214
f 1108/1440/1212 1111/1443/1215 1112/1444/1216 1109/1441/1213
f 1113/1445/1217 1114/1446/1218 1115/1447/1219 1116/1448/1220
f 1111/1443/1215 1113/1445/1217 1116/1448/1220 1112/1444/1216
f 1147/1449/1221 1149/1450/1222 1119/1451/1223 1120/1452/1224
f 1149/1453/1222 1151/1454/1225 1121/1455/1226 1119/1456/1223
f 1129/1424/1203 1133/1457/1227 1122/1458/1228 1117/1425/1204
f 1145/1459/1229 1147/1449/1221 1120/1452/1224 1123/1460/1230
f 1135/1461/1231 1137/1462/1232 1124/1463/1233 1125/1464/1234
f 1126/1465/1235 1140/1466/1236 1139/1467/1237 1127/1468/1238
f 1139/1469/1237 1143/1470/1239 1128/1471/1240 1127/1472/1238
f 1133/1457/1227 1135/1461/1231 1125/1464/1234 1122/1458/1228
f 1143/1470/1239 1145/1459/1229 1123/1460/1230 1128/1471/1240
f 1121/1473/1226 1151/1474/1225 1130/1423/1202 1118/1426/1205
f 1129/1424/1203 1130/1423/1202 1131/1475/1241 1132/1476/1200
f 1133/1457/1227 1129/1424/1203 1132/1476/1200 1134/1477/1199
f 1135/1461/1231 1133/1457/1227 1134/1477/1199 1136/1478/1198
f 1137/1462/1232 1135/1461/1231 1136/1478/1198 1138/1479/1242
f 1139/1467/1237 1140/1466/1236 1141/1480/1243 1142/1481/1244
f 1143/1470/1239 1139/1469/1237 1142/1482/1244 1144/1483/1245
f 1145/1459/1229 1143/1470/1239 1144/1483/1245 1146/1484/1246
f 1147/1449/1221 1145/1459/1229 1146/1484/1246 1148/1485/1247
f 1149/1450/1222 1147/1449/1221 1148/1485/1247 1150/1486/1248
f 1151/1454/1225 1149/1453/1222 1150/1487/1248 1152/1488/1249
f 1138/1479/1242 1136/1478/1198 1153/1489/1197 1154/1490/1250
f 1119/1456/1223 1121/1455/1226 1107/1439/1211 1110/1442/1214
f 1120/1452/1224 1119/1451/1223 1110/1491/1214 1109/1492/1213
f 1123/1460/1230 1120/1452/1224 1109/1492/1213 1112/1493/1216
f 1128/1471/1240 1123/1460/1230 1112/1493/1216 1116/1494/1220
f 1127/1472/1238 1128/1471/1240 1116/1494/1220 1115/1495/1219
f 1114/1446/1218 1126/1465/1235 1127/1468/1238 1115/1447/1219
f 1125/1464/1234 1124/1463/1233 1155/1496/1251 1156/1497/1252
f 1122/1458/1228 1125/1464/1234 1156/1497/1252 1157/1498/1253
f 1117/1425/1204 1122/1458/1228 1157/1498/1253 1158/1499/1254
f 1118/1426/1205 1117/1425/1204 1158/1499/1254 1159/1500/1255
f 1130/1423/1202 1151/1474/1225 1152/1501/1249 1131/1475/1241
f 1137/1462/1232 1140/1502/1236 1126/1503/1235 1124/1463/1233
f 1107/1504/1211 1121/1473/1226 1118/1426/1205 1159/1500/1255
f 1159/1500/1255 1158/1499/1254 1108/1505/1212 1107/1504/1211
f 1158/1499/1254 1157/1498/1253 1111/1506/1215 1108/1505/1212
f 1157/1498/1253 1156/1497/1252 1113/1507/1217 1111/1506/1215
f 1156/1497/1252 1155/1496/1251 1114/1508/1218 1113/1507/1217
f 1124/1463/1233 1126/1503/1235 1114/1508/1218 1155/1496/1251
f 1059/1374/1159 1095/1395/1177 1094/1387/1170 1056/1371/1156
f 1141/1509/1243 1140/1502/1236 1137/1462/1232 1138/1479/1242
f 1153/1489/1197 1160/1510/1196 1161/1511/1256 1154/1490/1250
f 1160/1510/1196 1162/1512/1195 1163/1513/1257 1161/1511/1256
f 1162/1514/1195 1164/1515/1194 1165/1516/1258 1163/1517/1257
f 1164/1515/1194 1166/1518/1201 1167/1519/1259 1165/1516/1258
f 1168/1520/1260 1169/1521/1261 1170/1522/1262 1171/1523/1263
f 1171/1523/1263 1170/1522/1262 1172/1524/1264 1173/1525/1265
f 1174/1526/1266 1175/1527/1267 1168/1520/1260 1171/1523/1263
f 1176/1528/1268 1174/1526/1266 1171/1523/1263 1173/1525/1265
f 1177/1529/1269 1178/1530/1270 1179/1531/1271 1180/1532/1272
f 1180/1532/1272 1179/1531/1271 1181/1533/1273 1182/1534/1274
f 1183/1535/1275 1184/1536/1276 1185/1537/1277 1186/1538/1278
f 1186/1538/1278 1185/1537/1277 1178/1530/1270 1177/1529/1269
f 1182/1534/1274 1181/1533/1273 1187/1539/1279 1188/1540/1280
f 1188/1540/1280 1187/1539/1279 1189/1541/1281 1190/1542/1282
f 1191/1543/1283 1192/1544/1284 1184/1545/1276 1183/1546/1275
f 1190/1542/1282 1189/1541/1281 1192/1544/1284 1191/1543/1283
f 1071/1547/1285 1077/1548/1286 1291/1549/1287 1292/1550/1288
f 1178/1530/1270 1289/1551/1289 1290/1552/1290 1179/1531/1271
f 1185/1537/1277 1288/1553/1291 1289/1551/1289 1178/1530/1270
f 1184/1536/1276 1287/1554/1292 1288/1553/1291 1185/1537/1277
f 1192/1544/1284 1286/1555/1293 1287/1556/1292 1184/1545/1276
f 1189/1541/1281 1285/1557/1294 1286/1555/1293 1192/1544/1284
f 1187/1539/1279 1284/1558/1295 1285/1557/1294 1189/1541/1281
f 1181/1533/1273 1283/1559/1296 1284/1558/1295 1187/1539/1279
f 1252/1560/1297 1253/1561/1298 1240/1562/1299 1241/1563/1300
f 1200/1564/1301 1201/1565/1302 1202/1566/1303 1194/1567/1304
f 1199/1568/1305 1203/1569/1306 1201/1565/1302 1200/1564/1301
f 1198/1570/1307 1204/1571/1308 1203/1569/1306 1199/1568/1305
f 1197/1572/1309 1205/1573/1310 1204/1571/1308 1198/1570/1307
f 1196/1574/1311 1206/1575/1312 1205/1576/1310 1197/1577/1309
f 1195/1578/1313 1207/1579/1314 1206/1575/1312 1196/1574/1311
f 1193/1580/1315 1208/1581/1316 1207/1579/1314 1195/1578/1313
f 1194/1567/1304 1202/1566/1303 1208/1581/1316 1193/1580/1315
f 1209/1582/1317 1182/1534/1274 1188/1540/1280 1210/1583/1318
f 1210/1583/1318 1188/1540/1280 1190/1542/1282 1211/1584/1319
f 1211/1584/1319 1190/1542/1282 1191/1543/1283 1212/1585/1320
f 1212/1585/1320 1191/1543/1283 1183/1546/1275 1213/1586/1321
f 1213/1587/1321 1183/1535/1275 1186/1538/1278 1214/1588/1322
f 1214/1588/1322 1186/1538/1278 1177/1529/1269 1215/1589/1323
f 1215/1589/1323 1177/1529/1269 1180/1532/1272 1216/1590/1324
f 1216/1590/1324 1180/1532/1272 1182/1534/1274 1209/1582/1317
f 1289/1551/1289 1219/1591/1325 1217/1592/1326 1290/1552/1290
f 1288/1553/1291 1220/1593/1327 1219/1591/1325 1289/1551/1289
f 1287/1554/1292 1221/1594/1328 1220/1593/1327 1288/1553/1291
f 1286/1555/1293 1222/1595/1329 1221/1596/1328 1287/1556/1292
f 1285/1557/1294 1223/1597/1330 1222/1595/1329 1286/1555/1293
f 1284/1558/1295 1224/1598/1331 1223/1597/1330 1285/1557/1294
f 1283/1559/1296 1218/1599/1332 1224/1598/1331 1284/1558/1295
f 1179/1531/1271 1290/1552/1290 1283/1559/1296 1181/1533/1273
f 1225/1600/1333 1170/1601/1262 1169/1602/1261 1226/1603/1334
f 1226/1603/1334 1169/1602/1261 1168/1604/1260 1227/1605/1335
f 1228/1606/1336 1173/1607/1265 1172/1608/1264 1229/1609/1337
f 1229/1609/1337 1172/1608/1264 1170/1610/1262 1225/1611/1333
f 1230/1612/1338 1231/1613/1339 1232/1614/1340 1233/1615/1341
f 1233/1615/1341 1232/1614/1340 1234/1616/1342 1235/1617/1343
f 1236/1618/1344 1237/1619/1345 1238/1620/1346 1239/1621/1347
f 1235/1617/1343 1234/1616/1342 1237/1619/1345 1236/1618/1344
f 1262/1622/1348 1261/1623/1349 1242/1624/1350 1243/1625/1351
f 1263/1626/1352 1262/1627/1348 1243/1628/1351 1244/1629/1353
f 1254/1630/1354 1252/1560/1297 1241/1563/1300 1245/1631/1355
f 1261/1623/1349 1260/1632/1356 1246/1633/1357 1242/1624/1350
f 1256/1634/1358 1255/1635/1359 1247/1636/1360 1248/1637/1361
f 1250/1638/1362 1257/1639/1363 1258/1640/1364 1249/1641/1365
f 1259/1642/1366 1257/1643/1363 1250/1644/1362 1251/1645/1367
f 1255/1635/1359 1254/1630/1354 1245/1631/1355 1247/1636/1360
f 1260/1632/1356 1259/1642/1366 1251/1645/1367 1246/1633/1357
f 1244/1646/1353 1240/1562/1299 1253/1561/1298 1263/1647/1352
f 1264/1648/1368 1224/1649/1331 1218/1650/1332 1265/1651/1369
f 1254/1630/1354 1223/1652/1330 1224/1649/1331 1252/1560/1297
f 1255/1635/1359 1222/1653/1329 1223/1652/1330 1254/1630/1354
f 1266/1654/1370 1267/1655/1371 1173/1607/1265 1228/1606/1336
f 1173/1525/1265 1267/1656/1371 1268/1657/1372 1176/1528/1268
f 1176/1528/1268 1268/1657/1372 1269/1658/1373 1174/1526/1266
f 1174/1526/1266 1269/1658/1373 1270/1659/1374 1175/1527/1267
f 1175/1527/1267 1270/1659/1374 1271/1660/1375 1168/1520/1260
f 1168/1604/1260 1271/1661/1375 1272/1662/1376 1227/1605/1335
f 1243/1628/1351 1231/1613/1339 1230/1612/1338 1244/1629/1353
f 1242/1624/1350 1232/1663/1340 1231/1664/1339 1243/1625/1351
f 1246/1633/1357 1234/1665/1342 1232/1663/1340 1242/1624/1350
f 1251/1645/1367 1237/1666/1345 1234/1665/1342 1246/1633/1357
f 1250/1644/1362 1238/1667/1346 1237/1666/1345 1251/1645/1367
f 1239/1621/1347 1238/1620/1346 1250/1638/1362 1249/1641/1365
f 1247/1636/1360 1273/1668/1377 1274/1669/1378 1248/1637/1361
f 1245/1631/1355 1275/1670/1379 1273/1668/1377 1247/1636/1360
f 1241/1563/1300 1276/1671/1380 1275/1670/1379 1245/1631/1355
f 1240/1562/1299 1277/1672/1381 1276/1671/1380 1241/1563/1300
f 1272/1673/1376 1264/1648/1368 1265/1651/1369 1227/1674/1335
f 1258/1675/1364 1256/1634/1358 1248/1637/1361 1249/1676/1365
f 1230/1677/1338 1277/1672/1381 1240/1562/1299 1244/1646/1353
f 1277/1672/1381 1230/1677/1338 1233/1678/1341 1276/1671/1380
f 1276/1671/1380 1233/1678/1341 1235/1679/1343 1275/1670/1379
f 1275/1670/1379 1235/1679/1343 1236/1680/1344 1273/1668/1377
f 1273/1668/1377 1236/1680/1344 1239/1681/1347 1274/1669/1378
f 1248/1637/1361 1274/1669/1378 1239/1681/1347 1249/1676/1365
f 1278/1682/1382 1279/1683/1383 1266/1684/1370 1228/1685/1336
f 1280/1686/1384 1278/1682/1382 1228/1685/1336 1229/1687/1337
f 1281/1688/1385 1280/1686/1384 1229/1687/1337 1225/1689/1333
f 1282/1690/1386 1281/1691/1385 1225/1692/1333 1226/1693/1334
f 1265/1651/1369 1282/1690/1386 1226/1693/1334 1227/1674/1335
f 1077/1548/1286 1076/1694/1387 1293/1695/1388 1291/1549/1287
f 1076/1694/1387 1075/1696/1389 1294/1697/1390 1293/1695/1388
f 1075/1696/1389 1074/1698/1391 1295/1699/1392 1294/1697/1390
f 1074/1700/1391 1073/1701/1393 1296/1702/1394 1295/1703/1392
f 1073/1701/1393 1072/1704/1395 1297/1705/1396 1296/1702/1394
f 1072/1704/1395 1070/1706/1397 1298/1707/1398 1297/1705/1396
f 1070/1706/1397 1071/1547/1285 1292/1550/1288 1298/1707/1398
f 1200/1564/1301 1194/1567/1304 1299/1708/1399 1300/1709/1400
f 1199/1568/1305 1200/1564/1301 1300/1709/1400 1301/1710/1401
f 1198/1570/1307 1199/1568/1305 1301/1710/1401 1302/1711/1402
f 1197/1572/1309 1198/1570/1307 1302/1711/1402 1303/1712/1403
f 1196/1574/1311 1197/1577/1309 1303/1713/1403 1304/1714/1404
f 1195/1578/1313 1196/1574/1311 1304/1714/1404 1305/1715/1405
f 1193/1580/1315 1195/1578/1313 1305/1715/1405 1306/1716/1406
f 1194/1567/1304 1193/1580/1315 1306/1716/1406 1299/1708/1399
f 1307/1717/1407 1308/1718/1408 1309/1719/1409 1310/1720/1410
f 1311/1721/1411 1312/1722/1412 1313/1723/1413 1314/1724/1414
f 1315/1725/1415 1316/1726/1416 1317/1727/1417 1318/1728/1418
f 1319/1729/1419 1320/1730/1420 1318/1728/1418 1317/1727/1417
f 1321/1731/1421 1322/1732/1422 1323/1733/1423 1324/1734/1424
f 1325/1735/1425 1326/1736/1426 1322/1732/1422 1321/1731/1421
f 1327/1737/1427 1328/1738/1428 1320/1730/1420 1319/1729/1419
f 1326/1736/1426 1327/1737/1427 1319/1729/1419 1322/1732/1422
f 1322/1732/1422 1319/1729/1419 1317/1727/1417 1323/1733/1423
f 1329/1739/1429 1330/1740/1430 1324/1734/1424 1323/1733/1423
f 1329/1739/1429 1323/1733/1423 1317/1727/1417 1316/1726/1416
f 1331/1741/1431 1332/1742/1432 1314/1724/1414 1313/1723/1413
f 1318/1728/1418 1320/1730/1420 1333/1743/1433 1334/1744/1434
f 1328/1738/1428 1335/1745/1435 1333/1743/1433 1320/1730/1420
f 1336/1746/1436 1337/1747/1437 1332/1742/1432 1331/1741/1431
f 1335/1745/1435 1336/1746/1436 1331/1741/1431 1333/1743/1433
f 1333/1743/1433 1331/1741/1431 1313/1723/1413 1334/1744/1434
f 1338/1748/1438 1315/1725/1415 1318/1728/1418 1334/1744/1434
f 1338/1748/1438 1334/1744/1434 1313/1723/1413 1312/1722/1412
f 1339/1749/1439 1340/1750/1440 1341/1751/1441 1342/1752/1442
f 1343/1753/1443 1344/1754/1444 1345/1755/1445 1346/1756/1446
f 1316/1726/1416 1315/1725/1415 1347/1757/1447 1348/1758/1448
f 1349/1759/1449 1330/1740/1430 1329/1739/1429 1350/1760/1450
f 1329/1739/1429 1316/1726/1416 1348/1758/1448 1350/1760/1450
f 1351/1761/1451 1352/1762/1452 1353/1763/1453 1354/1764/1454
f 1353/1763/1453 1349/1765/1449 1350/1766/1450 1354/1764/1454
f 1348/1767/1448 1347/1768/1447 1346/1756/1446 1345/1755/1445
f 1354/1764/1454 1350/1766/1450 1348/1767/1448 1345/1755/1445
f 1344/1754/1444 1351/1761/1451 1354/1764/1454 1345/1755/1445
f 1311/1721/1411 1355/1769/1455 1356/1770/1456 1312/1722/1412
f 1357/1771/1457 1347/1757/1447 1315/1725/1415 1338/1748/1438
f 1356/1770/1456 1357/1771/1457 1338/1748/1438 1312/1722/1412
f 1358/1772/1458 1343/1753/1443 1346/1756/1446 1359/1773/1459
f 1346/1756/1446 1347/1768/1447 1357/1774/1457 1359/1773/1459
f 1355/1775/1455 1339/1749/1439 1342/1752/1442 1356/1776/1456
f 1342/1752/1442 1359/1773/1459 1357/1774/1457 1356/1776/1456
f 1341/1751/1441 1358/1772/1458 1359/1773/1459 1342/1752/1442
f 1360/1777/1460 1361/1778/1461 1362/1779/1462 1363/1780/1463
f 1344/1754/1444 1343/1753/1443 1361/1778/1461 1360/1777/1460
f 1352/1762/1452 1351/1761/1451 1364/1781/1464 1365/1782/1465
f 1351/1761/1451 1344/1754/1444 1360/1777/1460 1364/1781/1464
f 1365/1782/1465 1364/1781/1464 1366/1783/1466 1325/1784/1425
f 1364/1781/1464 1360/1777/1460 1363/1780/1463 1366/1783/1466
f 1341/1751/1441 1340/1750/1440 1308/1718/1408 1307/1717/1407
f 1361/1778/1461 1343/1753/1443 1358/1772/1458 1367/1785/1467
f 1358/1772/1458 1341/1751/1441 1307/1717/1407 1367/1785/1467
f 1361/1778/1461 1367/1785/1467 1368/1786/1468 1362/1779/1462
f 1367/1785/1467 1307/1717/1407 1310/1720/1410 1368/1786/1468
f 1330/1740/1430 1349/1759/1449 1353/1787/1453 1352/1788/1452
f 1352/1788/1452 1365/1789/1465 1324/1734/1424 1330/1740/1430
f 1310/1720/1410 1309/1719/1409 1369/1790/1469 1370/1791/1470
f 1326/1736/1426 1325/1735/1425 1372/1792/1471 1373/1793/1472
f 1328/1738/1428 1327/1737/1427 1374/1794/1473 1375/1795/1474
f 1327/1737/1427 1326/1736/1426 1373/1793/1472 1374/1794/1473
f 1335/1745/1435 1328/1738/1428 1375/1795/1474 1376/1796/1475
f 1337/1747/1437 1336/1746/1436 1377/1797/1476 1378/1798/1477
f 1332/1742/1432 1337/1747/1437 1398/1799/1478 1397/1800/1479
f 1336/1746/1436 1335/1745/1435 1376/1796/1475 1377/1797/1476
f 1314/1724/1414 1332/1742/1432 1397/1800/1479 1396/1801/1480
f 1311/1721/1411 1314/1724/1414 1396/1801/1480 1395/1802/1481
f 1339/1749/1439 1355/1775/1455 1401/1803/1482 1399/1804/1483
f 1380/1805/1484 1385/1806/1485 1407/1807/1486 1406/1808/1484
f 1363/1780/1463 1362/1779/1462 1381/1809/1487 1382/1810/1488
f 1325/1784/1425 1366/1783/1466 1383/1811/1489 1372/1812/1471
f 1366/1783/1466 1363/1780/1463 1382/1810/1488 1383/1811/1489
f 1362/1779/1462 1368/1786/1468 1384/1813/1490 1381/1809/1487
f 1309/1719/1409 1308/1718/1408 1393/1814/1491 1394/1815/1492
f 1368/1786/1468 1310/1720/1410 1370/1791/1470 1384/1813/1490
f 1369/1790/1469 1309/1719/1409 1394/1815/1492 1402/1816/1493
f 1365/1789/1465 1325/1735/1425 1321/1731/1421 1324/1734/1424
f 276/394/350 274/392/348 397/518/471 399/520/473
f 278/396/352 276/394/350 399/520/473 401/522/475
f 280/398/354 278/396/352 401/522/475 403/524/477
f 282/400/356 280/398/354 403/524/477 405/526/479
f 284/402/358 282/400/356 405/526/479 407/528/481
f 269/387/343 284/402/358 407/528/481 394/515/468
f 393/514/467 270/388/344 269/387/343 394/515/468
f 274/392/348 270/388/344 393/514/467 397/518/471
f 695/905/777 676/886/758 674/884/756 705/915/787
f 698/908/780 678/888/760 676/886/758 695/905/777
f 700/910/782 680/890/762 678/888/760 698/908/780
f 706/916/788 682/892/764 680/890/762 700/910/782
f 690/900/772 684/894/766 682/892/764 706/916/788
f 686/896/768 672/882/754 684/894/766 690/900/772
f 673/883/755 672/882/754 686/896/768 689/899/771
f 705/915/787 674/884/756 673/883/755 689/899/771
f 1217/1817/1326 1282/1690/1386 1265/1651/1369 1218/1650/1332
f 1219/1818/1325 1281/1691/1385 1282/1690/1386 1217/1817/1326
f 1220/1819/1327 1280/1686/1384 1281/1688/1385 1219/1820/1325
f 1221/1821/1328 1278/1682/1382 1280/1686/1384 1220/1819/1327
f 1256/1634/1358 1279/1683/1383 1222/1653/1329 1255/1635/1359
f 1165/1516/1258 1167/1519/1259 1104/1822/1208 1103/1823/1207
f 1163/1517/1257 1165/1516/1258 1103/1823/1207 1102/1824/1206
f 1161/1511/1256 1163/1513/1257 1102/1825/1206 1106/1826/1210
f 1154/1490/1250 1161/1511/1256 1106/1826/1210 1105/1827/1209
f 360/480/433 359/479/432 308/478/382 317/481/434
f 357/476/430 359/479/432 380/501/454 379/500/453
f 359/479/432 360/480/433 383/504/457 380/501/454
f 362/483/436 763/976/845 383/504/457 360/480/433
f 750/962/832 764/977/846 763/976/845 362/483/436
f 769/982/851 764/977/846 750/962/832 749/961/831
f 770/983/852 769/982/851 749/961/831 1388/1828/1494
f 772/986/854 770/983/852 1388/1828/1494 1389/1829/1495
f 390/987/464 772/986/854 1389/1829/1495 1390/1830/1496
f 391/512/465 390/511/464 1390/1831/1496 1391/1832/1497
f 387/508/461 391/512/465 1391/1832/1497 1392/1833/1498
f 388/509/462 387/508/461 1392/1833/1498 358/477/431
f 379/500/453 388/509/462 358/477/431 357/476/430
f 1681/1834/1499 1682/313/274 201/298/261 200/297/260
f 1681/1834/1499 200/297/260 213/310/273 1688/320/280
f 1688/320/280 1687/319/279 265/384/339 267/383/341
f 1687/318/279 1686/317/278 263/379/337 265/381/339
f 1686/317/278 1685/316/277 261/377/335 263/379/337
f 1685/316/277 1684/315/276 259/375/333 261/377/335
f 1684/315/276 1683/314/275 257/322/282 259/375/333
f 224/340/300 223/339/299 256/373/331 255/372/330
f 223/339/299 226/342/302 258/374/332 256/373/331
f 226/342/302 228/344/304 260/376/334 258/374/332
f 228/344/304 230/346/306 262/378/336 260/376/334
f 230/346/306 232/348/308 264/380/338 262/378/336
f 232/348/308 236/1033/312 266/382/340 264/380/338
f 236/352/312 235/351/311 268/386/342 266/385/340
f 235/351/311 224/340/300 255/372/330 268/386/342
f 853/1112/958 1038/1350/1138 1037/1349/1137 854/1113/959
f 855/1835/1500 1039/1351/1139 1038/1350/1138 853/1112/958
f 856/1836/1501 1040/1352/1140 1039/1351/1139 855/1835/1500
f 857/1837/1502 1041/1353/1141 1040/1352/1140 856/1836/1501
f 858/1838/1503 1042/1354/1142 1041/1353/1141 857/1837/1502
f 859/1839/1504 1043/1355/1143 1042/1354/1142 858/1838/1503
f 860/1840/1505 1044/1358/1144 1043/1357/1143 859/1841/1504
f 854/1113/959 1037/1349/1137 1044/1358/1144 860/1840/1505
f 1071/1547/1285 1070/1706/1397 1092/1412/1192 1079/1397/1179
f 1070/1706/1397 1072/1704/1395 1090/1410/1190 1092/1412/1192
f 1072/1704/1395 1073/1701/1393 1088/1406/1188 1090/1410/1190
f 1073/1701/1393 1074/1700/1391 1086/1407/1186 1088/1406/1188
f 1074/1698/1391 1075/1696/1389 1084/1402/1184 1086/1404/1186
f 1075/1696/1389 1076/1694/1387 1082/1400/1182 1084/1402/1184
f 1076/1694/1387 1077/1548/1286 1078/1396/1178 1082/1400/1182
f 1077/1548/1286 1071/1547/1285 1079/1397/1179 1078/1396/1178
f 1208/1581/1316 1202/1566/1303 1209/1582/1317 1210/1583/1318
f 1207/1579/1314 1208/1581/1316 1210/1583/1318 1211/1584/1319
f 1206/1575/1312 1207/1579/1314 1211/1584/1319 1212/1585/1320
f 1205/1576/1310 1206/1575/1312 1212/1585/1320 1213/1586/1321
f 1204/1571/1308 1205/1573/1310 1213/1587/1321 1214/1588/1322
f 1203/1569/1306 1204/1571/1308 1214/1588/1322 1215/1589/1323
f 1201/1565/1302 1203/1569/1306 1215/1589/1323 1216/1590/1324
f 1202/1566/1303 1201/1565/1302 1216/1590/1324 1209/1582/1317
f 1675/1100/948 1670/1099/947 1668/1114/960 1677/1095/943
f 860/1840/1505 859/1841/1504 1678/1109/954 1680/1108/956
f 859/1839/1504 858/1838/1503 1676/1104/952 1678/1106/954
f 858/1838/1503 857/1837/1502 1674/1102/950 1676/1104/952
f 857/1837/1502 856/1836/1501 1672/1098/946 1674/1102/950
f 856/1836/1501 855/1835/1500 1670/1099/947 1672/1098/946
f 855/1835/1500 853/1112/958 1668/1114/960 1670/1099/947
f 1689/1842/1506 1742/123/111 1752/122/110 1704/1843/1507
f 1266/1684/1370 1279/1683/1383 1256/1634/1358 1258/1675/1364
f 1257/1639/1363 1267/1655/1371 1266/1654/1370 1258/1640/1364
f 1259/1642/1366 1268/1657/1372 1267/1656/1371 1257/1643/1363
f 1260/1632/1356 1269/1658/1373 1268/1657/1372 1259/1642/1366
f 1261/1623/1349 1270/1659/1374 1269/1658/1373 1260/1632/1356
f 1262/1622/1348 1271/1660/1375 1270/1659/1374 1261/1623/1349
f 1263/1626/1352 1272/1662/1376 1271/1661/1375 1262/1627/1348
f 1253/1561/1298 1264/1648/1368 1272/1673/1376 1263/1647/1352
f 1141/1509/1243 1138/1479/1242 1154/1490/1250 1105/1827/1209
f 1142/1481/1244 1141/1480/1243 1105/1433/1209 1049/1436/1149
f 1049/1364/1149 1053/1368/1153 1144/1483/1245 1142/1482/1244
f 1053/1368/1153 1051/1366/1151 1146/1484/1246 1144/1483/1245
f 1051/1366/1151 1052/1367/1152 1148/1485/1247 1146/1484/1246
f 1052/1367/1152 1045/1360/1145 1150/1486/1248 1148/1485/1247
f 1045/1432/1145 1104/1431/1208 1152/1488/1249 1150/1487/1248
f 1131/1475/1241 1152/1501/1249 1104/1822/1208 1167/1519/1259
f 1252/1560/1297 1224/1649/1331 1264/1648/1368 1253/1561/1298
f 1132/1476/1200 1131/1475/1241 1167/1519/1259 1166/1518/1201
f 1222/1653/1329 1279/1683/1383 1278/1682/1382 1221/1821/1328
f 1405/1844/1508 1403/1845/1509 1411/1846/1510 1413/1847/1511
f 1398/1799/1478 1404/1848/1512 1412/1849/1513 1410/1850/1514
f 1399/1804/1483 1401/1803/1482 1429/1851/1515 1427/1852/1516
f 1407/1853/1517 1402/1816/1493 1394/1815/1492 1393/1814/1491
f 1378/1854/1477 1379/1855/1518 1405/1844/1508 1404/1856/1512
f 1385/1806/1485 1369/1857/1469 1402/1858/1493 1407/1807/1486
f 1340/1750/1440 1339/1749/1439 1399/1804/1483 1400/1859/1519
f 1308/1718/1408 1340/1750/1440 1400/1859/1519 1393/1814/1491
f 1379/1855/1518 1371/1860/1520 1403/1845/1509 1405/1844/1508
f 1355/1769/1455 1311/1721/1411 1395/1802/1481 1401/1861/1482
f 1337/1747/1437 1378/1798/1477 1404/1848/1512 1398/1799/1478
f 1412/1862/1513 1413/1847/1511 1419/1863/1521 1418/1864/1522
f 1408/1865/1523 1409/1866/1524 1415/1867/1525 1414/1868/1526
f 1396/1801/1480 1397/1800/1479 1409/1866/1524 1408/1865/1523
f 1404/1856/1512 1405/1844/1508 1413/1847/1511 1412/1862/1513
f 1397/1800/1479 1398/1799/1478 1410/1850/1514 1409/1866/1524
f 1419/1863/1521 1417/1869/1527 1423/1870/1528 1425/1871/1529
f 1410/1850/1514 1412/1849/1513 1418/1872/1522 1416/1873/1530
f 1409/1866/1524 1410/1850/1514 1416/1873/1530 1415/1867/1525
f 1413/1847/1511 1411/1846/1510 1417/1869/1527 1419/1863/1521
f 1421/1874/1531 1422/1875/1532 1424/1876/1533 1425/1877/1529
f 1425/1877/1529 1423/1878/1528 1420/1879/1534 1421/1874/1531
f 1414/1868/1526 1415/1867/1525 1421/1874/1531 1420/1879/1534
f 1418/1864/1522 1419/1863/1521 1425/1871/1529 1424/1880/1533
f 1416/1873/1530 1418/1872/1522 1424/1876/1533 1422/1875/1532
f 1415/1867/1525 1416/1873/1530 1422/1875/1532 1421/1874/1531
f 1427/1852/1516 1429/1851/1515 1433/1881/1535 1431/1882/1536
f 1429/1883/1515 1426/1884/1537 1430/1885/1538 1433/1886/1535
f 1400/1859/1519 1399/1804/1483 1427/1852/1516 1428/1887/1539
f 1395/1802/1481 1396/1801/1480 1439/1888/1540 1426/1884/1537
f 1401/1861/1482 1395/1802/1481 1426/1884/1537 1429/1883/1515
f 1434/1889/1541 1435/1890/1542 1430/1885/1538 1440/1891/1543
f 1432/1892/1544 1431/1882/1536 1437/1893/1545 1436/1894/1546
f 1433/1886/1535 1430/1885/1538 1435/1890/1542 1438/1895/1547
f 1431/1882/1536 1433/1881/1535 1438/1896/1547 1437/1893/1545
f 1426/1884/1537 1439/1888/1540 1440/1891/1543 1430/1885/1538
f 1428/1887/1539 1427/1852/1516 1431/1882/1536 1432/1892/1544
f 308/426/382 306/424/380 316/434/390 714/924/796 361/927/435 317/1897/434
f 1703/160/145 1689/1842/1506 1735/1898/1548 1708/161/146
f 16/88/21 7/57/7 35/56/54 15/87/79
f 75/104/95 1448/212/189 1444/251/222 31/195/174
f 156/227/201 1451/226/200 1450/288/253 190/293/257
f 31/195/174 1736/1899/1549 1706/1900/1550 1455/196/175
f 1742/123/111 1751/245/217 1449/248/220 76/124/112
f 58/1901/1551 1386/286/251 1451/226/200 1446/180/163
f 28/36/36 63/99/90 1447/209/186 1441/175/158
f 115/179/162 120/193/172 1448/212/189 1442/178/161
f 132/225/199 1447/209/186 1445/183/166 129/182/165
f 58/1901/1551 1446/180/163 1445/183/166 57/98/89
f 29/103/94 30/33/33 1443/174/157 1442/178/161
f 48/86/78 1459/102/93 1455/196/175 13/143/128
f 21/63/59 1719/1902/1552 1722/30/30 32/29/29
f 1386/1903/251 58/1901/1551 1457/43/43 1461/17/17
f 1743/126/114 1752/122/110 1460/125/113 77/127/115
f 28/36/36 1452/35/35 1458/97/88 63/99/90
f 48/86/78 25/38/38 1453/37/37 1459/102/93
f 64/117/105 59/41/41 1456/40/40 1458/97/88
f 57/98/89 1456/40/40 1457/43/43 58/1901/1551
f 29/103/94 1453/37/37 1454/34/34 30/33/33
f 1386/1903/251 1461/17/17 1462/20/20 1387/1904/252
f 804/1041/894 1673/1097/945 1675/1100/948 802/1039/892
f 806/1043/896 1671/1101/949 1673/1097/945 804/1041/894
f 808/1045/898 1669/1103/951 1671/1101/949 806/1043/896
f 810/1047/900 1667/1105/953 1669/1103/951 808/1045/898
f 812/1049/902 1666/1107/955 1667/1110/953 810/1050/900
f 799/1036/889 1679/1096/944 1666/1107/955 812/1049/902
f 802/1039/892 1675/1100/948 1677/1095/943 798/1035/888
f 1677/1095/943 1668/1114/960 1665/1111/957 1679/1096/944
f 854/1113/959 860/1840/1505 1680/1108/956 1665/1111/957
f 1681/1834/1499 1688/320/280 267/383/341 254/371/329
f 1682/313/274 1681/1834/1499 254/371/329 253/321/281
f 1095/1395/1177 1166/1422/1201 1164/1414/1194 1094/1387/1170
f 1290/1552/1290 1217/1592/1326 1218/1599/1332 1283/1559/1296
f 12/82/76 1711/163/148 1714/1905/49 11/83/48
f 1707/250/221 1736/1899/1549 31/195/174 1444/251/222
f 1726/47/47 1694/46/46 1693/1906/1553 1728/1907/1554
f 100/185/168 1725/184/167 1727/171/156 99/170/155
f 1731/1908/1555 1691/1909/1556 1690/159/144 1733/158/143
f 1735/1898/1548 1689/1842/1506 1704/1843/1507 1705/1910/1557
f 1716/16/16 1699/15/15 1698/10/10 1717/9/9
f 1712/1911/1558 1701/1912/1559 1700/1913/14 1713/1914/13
f 1720/12/12 1697/11/11 1696/1915/1560 1721/1916/1561
f 1721/1916/1561 1696/1915/1560 1695/45/45 1723/44/44
f 10/51/51 1715/50/50 1718/1917/1562 9/78/72
f 1728/1907/1554 1693/1906/1553 1692/1918/1563 1729/1919/1564
f 1729/1920/1564 1692/1921/1563 1691/1909/1556 1731/1908/1555
f 1710/1922/1565 1702/1923/1566 1701/1912/1559 1712/1911/1558
f 1705/1910/1557 1704/1843/1507 1702/1923/1566 1710/1922/1565
f 9/78/72 1718/1917/1562 1719/1902/1552 21/63/59
f 1716/16/16 1717/9/9 1718/1917/1562 1715/50/50
f 1712/1911/1558 1713/1914/13 1714/1905/49 1711/163/148
f 1720/12/12 1721/1916/1561 1722/30/30 1719/1902/1552
f 1721/1916/1561 1723/44/44 1724/31/31 1722/30/30
f 1713/13/13 1716/16/16 1715/50/50 1714/49/49
f 1728/1907/1554 1729/1919/1564 1730/172/130 1727/171/156
f 1729/1920/1564 1731/1908/1555 1732/146/131 1730/145/130
f 1736/1899/1549 1707/250/221 1708/161/146 1735/1898/1548
f 1710/1922/1565 1712/1911/1558 1711/163/148 1709/162/147
f 1726/47/47 1728/1907/1554 1727/171/156 1725/184/167
f 1723/44/44 1726/47/47 1725/184/167 1724/31/31
f 1731/1908/1555 1733/158/143 1734/156/141 1732/146/131
f 1735/1898/1548 1705/1910/1557 1706/1900/1550 1736/1899/1549
f 1733/158/143 1708/161/146 1707/250/221 1734/156/141
f 1705/1910/1557 1710/1922/1565 1709/162/147 1706/1900/1550
f 1717/9/9 1720/12/12 1719/1902/1552 1718/1917/1562
f 1455/196/175 1706/1900/1550 1709/162/147 13/143/128
f 246/369/327 237/370/328 238/355/315 247/354/314
f 35/56/54 74/61/57 14/60/56 15/87/79
f 1701/1912/1559 1702/1923/1566 1743/126/114 1738/67/63
f 1690/159/144 1750/246/218 1751/245/217 1703/160/145
f 1697/11/11 1739/70/66 1749/240/212 1696/1915/1560
f 1703/160/145 1751/245/217 1742/123/111 1689/1842/1506
f 1691/1909/1556 1744/228/202 1750/246/218 1690/159/144
f 1695/45/45 1696/1915/1560 1749/240/212 1748/238/210
f 1694/46/46 1695/45/45 1748/238/210 1747/236/208
f 1693/1906/1553 1694/46/46 1747/236/208 1746/233/206
f 1692/1918/1563 1693/1906/1553 1746/233/206 1745/232/203
f 1691/1909/1556 1692/1921/1563 1745/229/203 1744/228/202
f 1702/1923/1566 1704/1843/1507 1752/122/110 1743/126/114
f 1700/14/14 1737/76/62 1741/74/70 1699/15/15
f 1699/15/15 1741/74/70 1740/71/67 1698/10/10
f 1698/10/10 1740/71/67 1739/70/66 1697/11/11
f 1701/1912/1559 1738/67/63 1737/66/62 1700/1913/14
f 879/1155/991 961/1268/1078 962/1265/1075 903/1182/1015
f 975/1131/975 978/1124/970 865/1123/969 866/1132/976
usemtl FemaleVisitorSit_Handbag
f 1464/1924/1567 1470/1925/1568 1469/1926/1569 1463/1927/1570
f 1465/1928/1571 1471/1929/1572 1470/1925/1568 1464/1924/1567
f 1466/1930/1573 1472/1931/1574 1471/1929/1572 1465/1928/1571
f 1467/1932/1575 1473/1933/1576 1472/1931/1574 1466/1930/1573
f 1468/1934/1577 1474/1935/1578 1473/1936/1576 1467/1937/1575
f 1487/1938/1579 1493/1939/1580 1498/1940/1581 1492/1941/1582
f 1469/1926/1569 1475/1942/1583 1480/1943/1584 1474/1935/1578
f 1470/1925/1568 1476/1944/1585 1475/1942/1583 1469/1926/1569
f 1471/1929/1572 1477/1945/1586 1476/1944/1585 1470/1925/1568
f 1472/1931/1574 1478/1946/1587 1477/1945/1586 1471/1929/1572
f 1473/1933/1576 1479/1947/1588 1478/1946/1587 1472/1931/1574
f 1474/1935/1578 1480/1943/1584 1479/1948/1588 1473/1936/1576
f 1481/1949/1589 1487/1938/1579 1492/1941/1582 1486/1950/1590
f 1475/1942/1583 1481/1949/1589 1486/1950/1590 1480/1943/1584
f 1476/1944/1585 1482/1951/1591 1481/1949/1589 1475/1942/1583
f 1477/1945/1586 1483/1952/1592 1482/1951/1591 1476/1944/1585
f 1478/1946/1587 1484/1953/1593 1483/1952/1592 1477/1945/1586
f 1479/1947/1588 1485/1954/1594 1484/1953/1593 1478/1946/1587
f 1480/1943/1584 1486/1950/1590 1485/1955/1594 1479/1948/1588
f 1482/1951/1591 1488/1956/1595 1487/1938/1579 1481/1949/1589
f 1483/1952/1592 1489/1957/1596 1488/1956/1595 1482/1951/1591
f 1484/1953/1593 1490/1958/1597 1489/1957/1596 1483/1952/1592
f 1485/1954/1594 1491/1959/1598 1490/1958/1597 1484/1953/1593
f 1486/1950/1590 1492/1941/1582 1491/1960/1598 1485/1955/1594
f 1488/1956/1595 1494/1961/1599 1493/1939/1580 1487/1938/1579
f 1489/1957/1596 1495/1962/1600 1494/1961/1599 1488/1956/1595
f 1490/1958/1597 1496/1963/1601 1495/1962/1600 1489/1957/1596
f 1491/1959/1598 1497/1964/1602 1496/1963/1601 1490/1958/1597
f 1492/1941/1582 1498/1940/1581 1497/1965/1602 1491/1960/1598
f 1622/1966/1603 1628/1967/1604 1623/1968/1605 1617/1969/1606
f 1468/1934/1577 1467/1937/1575 1503/1970/1607 1504/1971/1608
f 1494/1961/1599 1495/1962/1600 1507/1972/1609 1506/1973/1610
f 1467/1932/1575 1466/1930/1573 1502/1974/1611 1503/1975/1607
f 1496/1963/1601 1497/1964/1602 1509/1976/1612 1508/1977/1613
f 1466/1930/1573 1465/1928/1571 1501/1978/1614 1502/1974/1611
f 1463/1927/1570 1468/1934/1577 1504/1971/1608 1499/1979/1615
f 1465/1928/1571 1464/1924/1567 1500/1980/1616 1501/1978/1614
f 1493/1939/1580 1494/1961/1599 1506/1973/1610 1505/1981/1617
f 1497/1965/1602 1498/1940/1581 1510/1982/1618 1509/1983/1612
f 1464/1924/1567 1463/1927/1570 1499/1979/1615 1500/1980/1616
f 1498/1940/1581 1493/1939/1580 1505/1981/1617 1510/1982/1618
f 1495/1962/1600 1496/1963/1601 1508/1977/1613 1507/1972/1609
f 1519/1984/1619 1513/1985/1620 1511/1986/1621 1516/1987/1622
f 1528/1988/1623 1524/1989/1624 1519/1990/1619 1520/1991/1625
f 1517/1992/1626 1512/1993/1627 1514/1994/1628 1522/1995/1629
f 1527/1996/1630 1526/1997/1631 1517/1998/1626 1518/1999/1632
f 1525/2000/1633 1523/2001/1634 1511/2002/1621 1513/2003/1620
f 1521/2004/1635 1518/2005/1632 1517/1992/1626 1522/1995/1629
f 1515/2006/1636 1520/2007/1625 1519/1984/1619 1516/1987/1622
f 1527/2008/1630 1528/2009/1623 1520/2010/1625 1515/2011/1636
f 1524/1989/1624 1522/2012/1629 1514/2013/1628 1525/2014/1633
f 1526/1997/1631 1516/2015/1622 1511/2016/1621 1523/2017/1634
f 1517/1998/1626 1526/1997/1631 1523/2017/1634 1512/2018/1627
f 1519/1990/1619 1524/1989/1624 1525/2014/1633 1513/2019/1620
f 1518/2020/1632 1521/2021/1635 1528/2009/1623 1527/2008/1630
f 1514/2022/1628 1512/2023/1627 1523/2001/1634 1525/2000/1633
f 1515/2024/1636 1516/2015/1622 1526/1997/1631 1527/1996/1630
f 1521/2025/1635 1522/2012/1629 1524/1989/1624 1528/1988/1623
f 1531/2026/1637 1530/2027/1638 1534/2028/1639 1535/2029/1640
f 1530/2030/1638 1529/2031/1641 1533/2032/1642 1534/2033/1639
f 1558/2034/1643 1557/2035/1644 1561/2036/1645 1562/2037/1646
f 1532/2038/1647 1531/2026/1637 1535/2029/1640 1536/2039/1648
f 1536/2039/1648 1535/2029/1640 1539/2040/1649 1540/2041/1650
f 1535/2029/1640 1534/2028/1639 1538/2042/1651 1539/2040/1649
f 1537/2043/1652 1533/2032/1642 1536/2039/1648 1540/2041/1650
f 1541/2044/1653 1537/2043/1652 1540/2041/1650 1544/2045/1654
f 1539/2040/1649 1538/2042/1651 1542/2046/1655 1543/2047/1656
f 1538/2048/1651 1537/2043/1652 1541/2044/1653 1542/2049/1655
f 1545/2050/1657 1541/2044/1653 1544/2045/1654 1548/2051/1658
f 1540/2041/1650 1539/2040/1649 1543/2047/1656 1544/2045/1654
f 1543/2047/1656 1542/2046/1655 1546/2052/1659 1547/2053/1660
f 1542/2049/1655 1541/2044/1653 1545/2050/1657 1546/2054/1659
f 1549/2055/1661 1545/2050/1657 1548/2051/1658 1552/2056/1662
f 1544/2045/1654 1543/2047/1656 1547/2053/1660 1548/2051/1658
f 1547/2053/1660 1546/2052/1659 1550/2057/1663 1551/2058/1664
f 1546/2054/1659 1545/2050/1657 1549/2055/1661 1550/2059/1663
f 1553/2060/1665 1549/2055/1661 1552/2056/1662 1556/2061/1666
f 1548/2051/1658 1547/2053/1660 1551/2058/1664 1552/2056/1662
f 1551/2058/1664 1550/2057/1663 1554/2062/1667 1555/2063/1668
f 1550/2059/1663 1549/2055/1661 1553/2060/1665 1554/2064/1667
f 1557/2035/1644 1553/2060/1665 1556/2061/1666 1560/2065/1669
f 1552/2056/1662 1551/2058/1664 1555/2063/1668 1556/2061/1666
f 1555/2063/1668 1554/2062/1667 1558/2066/1643 1559/2067/1670
f 1554/2064/1667 1553/2060/1665 1557/2035/1644 1558/2034/1643
f 1556/2061/1666 1555/2063/1668 1559/2067/1670 1560/2065/1669
f 1560/2065/1669 1559/2067/1670 1563/2068/1671 1564/2069/1672
f 1559/2067/1670 1558/2066/1643 1562/2070/1646 1563/2068/1671
f 1561/2036/1645 1557/2035/1644 1560/2065/1669 1564/2069/1672
f 1565/2071/1673 1561/2036/1645 1564/2069/1672 1568/2072/1674
f 1563/2068/1671 1562/2070/1646 1566/2073/1675 1567/2074/1676
f 1562/2037/1646 1561/2036/1645 1565/2071/1673 1566/2075/1675
f 1564/2069/1672 1563/2068/1671 1567/2074/1676 1568/2072/1674
f 1568/2072/1674 1567/2074/1676 1571/2076/1677 1572/2077/1678
f 1570/2078/1679 1571/2076/1677 1567/2074/1676 1566/2073/1675
f 1569/2079/1680 1565/2071/1673 1568/2072/1674 1572/2077/1678
f 1573/2080/1681 1569/2079/1680 1572/2077/1678 1576/2081/1682
f 1571/2076/1677 1570/2078/1679 1574/2082/1683 1575/2083/1684
f 1570/2084/1679 1569/2079/1680 1573/2080/1681 1574/2085/1683
f 1577/2086/1685 1573/2080/1681 1576/2081/1682 1580/2087/1686
f 1572/2077/1678 1571/2076/1677 1575/2083/1684 1576/2081/1682
f 1575/2083/1684 1574/2082/1683 1578/2088/1687 1579/2089/1688
f 1574/2085/1683 1573/2080/1681 1577/2086/1685 1578/2090/1687
f 1581/2091/1689 1577/2086/1685 1580/2087/1686 1584/2092/1690
f 1576/2081/1682 1575/2083/1684 1579/2089/1688 1580/2087/1686
f 1579/2089/1688 1578/2088/1687 1582/2093/1691 1583/2094/1692
f 1578/2090/1687 1577/2086/1685 1581/2091/1689 1582/2095/1691
f 1580/2087/1686 1579/2089/1688 1583/2094/1692 1584/2092/1690
f 1533/2032/1642 1529/2031/1641 1532/2038/1647 1536/2039/1648
f 1534/2033/1639 1533/2032/1642 1537/2043/1652 1538/2048/1651
f 1566/2075/1675 1565/2071/1673 1569/2079/1680 1570/2084/1679
f 1608/2096/1693 1601/2097/1694 1597/2098/1695 1600/2099/1696
f 1585/2100/1697 1586/2101/1698 1603/2102/1699 1602/2103/1700
f 1598/2104/1701 1604/2105/1702 1606/2106/1703 1599/2107/1704
f 1599/2107/1704 1606/2106/1703 1608/2096/1693 1600/2099/1696
f 1616/2108/1705 1609/2109/1706 1589/2110/1707 1592/2111/1708
f 1592/2111/1708 1589/2110/1707 1585/2100/1697 1588/2112/1709
f 1586/2113/1698 1590/2114/1710 1591/2115/1711 1587/2116/1712
f 1587/2116/1712 1591/2115/1711 1592/2111/1708 1588/2112/1709
f 1597/2098/1695 1598/2117/1701 1594/2118/1713 1593/2119/1714
f 1610/2120/1715 1593/2119/1714 1594/2118/1713 1611/2121/1716
f 1611/2122/1716 1594/2123/1713 1595/2124/1717 1613/2125/1718
f 1613/2125/1718 1595/2124/1717 1596/2126/1719 1615/2127/1720
f 1615/2127/1720 1596/2126/1719 1593/2119/1714 1610/2120/1715
f 1590/2114/1710 1612/2128/1721 1614/2129/1722 1591/2115/1711
f 1591/2115/1711 1614/2129/1722 1616/2108/1705 1592/2111/1708
f 1609/2109/1706 1612/2130/1721 1590/2131/1710 1589/2110/1707
f 1600/2099/1696 1597/2098/1695 1593/2119/1714 1596/2126/1719
f 1594/2123/1713 1598/2104/1701 1599/2107/1704 1595/2124/1717
f 1595/2124/1717 1599/2107/1704 1600/2099/1696 1596/2126/1719
f 1602/2132/1700 1603/2133/1699 1604/2134/1702 1601/2097/1694
f 1607/2135/1723 1588/2112/1709 1585/2100/1697 1602/2103/1700
f 1603/2136/1699 1586/2113/1698 1587/2116/1712 1605/2137/1724
f 1605/2137/1724 1587/2116/1712 1588/2112/1709 1607/2135/1723
f 1601/2097/1694 1608/2096/1693 1607/2138/1723 1602/2132/1700
f 1603/2139/1699 1605/2140/1724 1606/2106/1703 1604/2105/1702
f 1605/2140/1724 1607/2138/1723 1608/2096/1693 1606/2106/1703
f 1610/2120/1715 1611/2121/1716 1612/2130/1721 1609/2109/1706
f 1609/2109/1706 1616/2108/1705 1615/2127/1720 1610/2120/1715
f 1611/2122/1716 1613/2125/1718 1614/2129/1722 1612/2128/1721
f 1613/2125/1718 1615/2127/1720 1616/2108/1705 1614/2129/1722
f 1597/2098/1695 1601/2097/1694 1604/2134/1702 1598/2117/1701
f 1589/2110/1707 1590/2131/1710 1586/2101/1698 1585/2100/1697
f 1617/1969/1606 1623/1968/1605 1624/2141/1725 1618/2142/1726
f 1618/2142/1726 1624/2141/1725 1625/2143/1727 1619/2144/1728
f 1619/2144/1728 1625/2143/1727 1626/2145/1729 1620/2146/1730
f 1620/2146/1730 1626/2145/1729 1627/2147/1731 1621/2148/1732
f 1621/2149/1732 1627/2150/1731 1628/1967/1604 1622/1966/1603
f 1646/2151/1733 1652/2152/1734 1647/2153/1735 1641/2154/1736
f 1623/1968/1605 1628/1967/1604 1634/2155/1737 1629/2156/1738
f 1624/2141/1725 1623/1968/1605 1629/2156/1738 1630/2157/1739
f 1625/2143/1727 1624/2141/1725 1630/2157/1739 1631/2158/1740
f 1626/2145/1729 1625/2143/1727 1631/2158/1740 1632/2159/1741
f 1627/2147/1731 1626/2145/1729 1632/2159/1741 1633/2160/1742
f 1628/1967/1604 1627/2150/1731 1633/2161/1742 1634/2155/1737
f 1635/2162/1743 1640/2163/1744 1646/2151/1733 1641/2154/1736
f 1629/2156/1738 1634/2155/1737 1640/2163/1744 1635/2162/1743
f 1630/2157/1739 1629/2156/1738 1635/2162/1743 1636/2164/1745
f 1631/2158/1740 1630/2157/1739 1636/2164/1745 1637/2165/1746
f 1632/2159/1741 1631/2158/1740 1637/2165/1746 1638/2166/1747
f 1633/2160/1742 1632/2159/1741 1638/2166/1747 1639/2167/1748
f 1634/2155/1737 1633/2161/1742 1639/2168/1748 1640/2163/1744
f 1636/2164/1745 1635/2162/1743 1641/2154/1736 1642/2169/1749
f 1637/2165/1746 1636/2164/1745 1642/2169/1749 1643/2170/1750
f 1638/2166/1747 1637/2165/1746 1643/2170/1750 1644/2171/1751
f 1639/2167/1748 1638/2166/1747 1644/2171/1751 1645/2172/1752
f 1640/2163/1744 1639/2168/1748 1645/2173/1752 1646/2151/1733
f 1641/2154/1736 1647/2153/1735 1648/2174/1753 1642/2169/1749
f 1642/2169/1749 1648/2174/1753 1649/2175/1754 1643/2170/1750
f 1643/2170/1750 1649/2175/1754 1650/2176/1755 1644/2171/1751
f 1644/2171/1751 1650/2176/1755 1651/2177/1756 1645/2172/1752
f 1645/2173/1752 1651/2178/1756 1652/2152/1734 1646/2151/1733
f 1622/1966/1603 1658/2179/1757 1657/2180/1758 1621/2149/1732
f 1648/2174/1753 1660/2181/1759 1661/2182/1760 1649/2175/1754
f 1621/2148/1732 1657/2183/1758 1656/2184/1761 1620/2146/1730
f 1650/2176/1755 1662/2185/1762 1663/2186/1763 1651/2177/1756
f 1620/2146/1730 1656/2184/1761 1655/2187/1764 1619/2144/1728
f 1617/1969/1606 1653/2188/1765 1658/2179/1757 1622/1966/1603
f 1619/2144/1728 1655/2187/1764 1654/2189/1766 1618/2142/1726
f 1647/2153/1735 1659/2190/1767 1660/2181/1759 1648/2174/1753
f 1651/2178/1756 1663/2191/1763 1664/2192/1768 1652/2152/1734
f 1618/2142/1726 1654/2189/1766 1653/2188/1765 1617/1969/1606
f 1652/2152/1734 1664/2192/1768 1659/2190/1767 1647/2153/1735
f 1649/2175/1754 1661/2182/1760 1662/2185/1762 1650/2176/1755
f 1463/1927/1570 1469/1926/1569 1474/1935/1578 1468/1934/1577
